id,parent_id,name,url,level,path
2147483639,,"Anne, Bebek, Oyuncak",https://www.hepsiburada.com/anne-bebek-oyuncak-c-2147483639,1,"Anne, Bebek, Oyuncak"
2147483638,,Elektronik,https://www.hepsiburada.com/ev-elektronik-urunleri-c-2147483638,1,Elektronik
60002028,,"Ev, Yasam, Kirtasiye, Ofis",https://www.hepsiburada.com/ev-dekorasyon-c-60002028,1,"Ev, Yasam, Kirtasiye, Ofis"
60001501,,"Kitap, Muzik, Film, Hobi",https://www.hepsiburada.com/kitaplar-filmler-muzikler-c-60001501,1,"Kitap, Muzik, Film, Hobi"
60001547,,"Kozmetik, Kisisel Bakim",https://www.hepsiburada.com/kozmetik-kisisel-bakim-urunleri-c-60001547,1,"Kozmetik, Kisisel Bakim"
2147483636,,Moda,https://www.hepsiburada.com/giyim-ayakkabi-c-2147483636,1,Moda
60002705,,"Oto, Bahce, Yapi Market",https://www.hepsiburada.com/yapi-market-bahce-oto-c-60002705,1,"Oto, Bahce, Yapi Market"
60001546,,"Spor, Outdoor",https://www.hepsiburada.com/spor-outdoor-urunleri-c-60001546,1,"Spor, Outdoor"
2147483619,,"Supermarket, Pet Shop",https://www.hepsiburada.com/supermarket-c-2147483619,1,"Supermarket, Pet Shop"
60006532,2147483639,3 tekerlekli bisiklet,https://www.hepsiburada.com/3-tekerlekli-bisiklet-c-60006532,2,"Anne, Bebek, Oyuncak > 3 tekerlekli bisiklet"
60002062,2147483639,Bebek Aktivite ve Eğlence,https://www.hepsiburada.com/bebek-aktivite-oyun-malzemeleri-c-60002062,2,"Anne, Bebek, Oyuncak > Bebek Aktivite ve Eğlence"
305668,2147483639,Bebek Arabası,https://www.hepsiburada.com/bebek-arabasi-pusetleri-c-305668,2,"Anne, Bebek, Oyuncak > Bebek Arabası"
60002069,2147483639,Bebek Arabası Aksesuarları,https://www.hepsiburada.com/bebek-arabasi-aksesuarlari-c-60002069,2,"Anne, Bebek, Oyuncak > Bebek Arabası Aksesuarları"
80383015,2147483639,Bebek Bakım ve Sağlık,https://www.hepsiburada.com/bebek-bakim-ve-saglik-c-80383015,2,"Anne, Bebek, Oyuncak > Bebek Bakım ve Sağlık"
80383031,2147483639,Bebek Banyo ve Tuvalet,https://www.hepsiburada.com/bebek-banyo-ve-tuvalet-c-80383031,2,"Anne, Bebek, Oyuncak > Bebek Banyo ve Tuvalet"
60002072,2147483639,Bebek Beslenme,https://www.hepsiburada.com/bebek-beslenme-urunleri-c-60002072,2,"Anne, Bebek, Oyuncak > Bebek Beslenme"
301128,2147483639,Bebek Güvenlik,https://www.hepsiburada.com/bebek-guvenlik-malzemeleri-c-301128,2,"Anne, Bebek, Oyuncak > Bebek Güvenlik"
305641,2147483639,Bebek Hediyelik,https://www.hepsiburada.com/bebek-hediyelikleri-c-305641,2,"Anne, Bebek, Oyuncak > Bebek Hediyelik"
301127,2147483639,Bebek Odası ve Tekstili,https://www.hepsiburada.com/bebek-cocuk-odalari-c-301127,2,"Anne, Bebek, Oyuncak > Bebek Odası ve Tekstili"
80383003,2147483639,Bebek Taşıma,https://www.hepsiburada.com/bebek-tasima-c-80383003,2,"Anne, Bebek, Oyuncak > Bebek Taşıma"
23020380,2147483639,Emzirme ve Anne Sağlık,https://www.hepsiburada.com/emzirme-urunleri-c-23020380,2,"Anne, Bebek, Oyuncak > Emzirme ve Anne Sağlık"
60000710,2147483639,Giyim,https://www.hepsiburada.com/anne-bebek-giyim-urunleri-c-60000710,2,"Anne, Bebek, Oyuncak > Giyim"
301132,2147483639,Mama Sandalyesi ve Aksesuarı,https://www.hepsiburada.com/mama-sandalyeleri-c-301132,2,"Anne, Bebek, Oyuncak > Mama Sandalyesi ve Aksesuarı"
305661,2147483639,Oto Koltuğu & Aksesuarı,https://www.hepsiburada.com/ana-kucagi-oto-koltuklari-c-305661,2,"Anne, Bebek, Oyuncak > Oto Koltuğu & Aksesuarı"
23017045,2147483639,Oyun Parkı ve Park Yatak,https://www.hepsiburada.com/oyun-parklari-c-23017045,2,"Anne, Bebek, Oyuncak > Oyun Parkı ve Park Yatak"
23031884,2147483639,Oyuncak,https://www.hepsiburada.com/oyuncaklar-c-23031884,2,"Anne, Bebek, Oyuncak > Oyuncak"
80383012,2147483639,Puset Oyuncağı,https://www.hepsiburada.com/puset-oyuncagi-c-80383012,2,"Anne, Bebek, Oyuncak > Puset Oyuncağı"
80138066,2147483639,aktivite masasi,https://www.hepsiburada.com/aktivite-masasi-c-80138066,2,"Anne, Bebek, Oyuncak > aktivite masasi"
306860,2147483639,akulu pedalli araclar,https://www.hepsiburada.com/akulu-pedalli-araclar-c-306860,2,"Anne, Bebek, Oyuncak > akulu pedalli araclar"
80567048,2147483639,amigurumi,https://www.hepsiburada.com/amigurumi-c-80567048,2,"Anne, Bebek, Oyuncak > amigurumi"
80483224,2147483639,ates olcerler,https://www.hepsiburada.com/ates-olcerler-c-80483224,2,"Anne, Bebek, Oyuncak > ates olcerler"
297993,2147483639,bebek aktivite setleri,https://www.hepsiburada.com/bebek-aktivite-setleri-c-297993,2,"Anne, Bebek, Oyuncak > bebek aktivite setleri"
301143,2147483639,bebek bakim cantalari,https://www.hepsiburada.com/bebek-bakim-cantalari-c-301143,2,"Anne, Bebek, Oyuncak > bebek bakim cantalari"
80383033,2147483639,bebek kuveti,https://www.hepsiburada.com/bebek-kuveti-c-80383033,2,"Anne, Bebek, Oyuncak > bebek kuveti"
23021010,2147483639,bebek pisik kremi yaglari,https://www.hepsiburada.com/bebek-pisik-kremi-yaglari-c-23021010,2,"Anne, Bebek, Oyuncak > bebek pisik kremi yaglari"
23032031,2147483639,bebek salincaklari,https://www.hepsiburada.com/bebek-salincaklari-c-23032031,2,"Anne, Bebek, Oyuncak > bebek salincaklari"
60002087,2147483639,bebek telsiz kamera dedektorler,https://www.hepsiburada.com/bebek-telsiz-kamera-dedektorler-c-60002087,2,"Anne, Bebek, Oyuncak > bebek telsiz kamera dedektorler"
301154,2147483639,bebek telsizi,https://www.hepsiburada.com/bebek-telsizi-c-301154,2,"Anne, Bebek, Oyuncak > bebek telsizi"
297986,2147483639,bebek yapi oyuncaklari,https://www.hepsiburada.com/bebek-yapi-oyuncaklari-c-297986,2,"Anne, Bebek, Oyuncak > bebek yapi oyuncaklari"
23011486,2147483639,bebek yataklari,https://www.hepsiburada.com/bebek-yataklari-c-23011486,2,"Anne, Bebek, Oyuncak > bebek yataklari"
301133,2147483639,bebek yurutecleri,https://www.hepsiburada.com/bebek-yurutecleri-c-301133,2,"Anne, Bebek, Oyuncak > bebek yurutecleri"
303171,2147483639,buhar makineleri,https://www.hepsiburada.com/buhar-makineleri-c-303171,2,"Anne, Bebek, Oyuncak > buhar makineleri"
80383025,2147483639,burun aspiratoru,https://www.hepsiburada.com/burun-aspiratoru-c-80383025,2,"Anne, Bebek, Oyuncak > burun aspiratoru"
80383014,2147483639,catlak kremi,https://www.hepsiburada.com/catlak-kremi-c-80383014,2,"Anne, Bebek, Oyuncak > catlak kremi"
80138060,2147483639,cocuk patenleri,https://www.hepsiburada.com/cocuk-patenleri-c-80138060,2,"Anne, Bebek, Oyuncak > cocuk patenleri"
60006531,2147483639,cocuk puzzle,https://www.hepsiburada.com/cocuk-puzzle-c-60006531,2,"Anne, Bebek, Oyuncak > cocuk puzzle"
60006533,2147483639,cocuk scooter,https://www.hepsiburada.com/cocuk-scooter-c-60006533,2,"Anne, Bebek, Oyuncak > cocuk scooter"
60002385,2147483639,egitici oyuncaklari,https://www.hepsiburada.com/egitici-oyuncaklari-c-60002385,2,"Anne, Bebek, Oyuncak > egitici oyuncaklari"
60006479,2147483639,et bebekler,https://www.hepsiburada.com/et-bebekler-c-60006479,2,"Anne, Bebek, Oyuncak > et bebekler"
301138,2147483639,gogus pompalari,https://www.hepsiburada.com/gogus-pompalari-c-301138,2,"Anne, Bebek, Oyuncak > gogus pompalari"
80136013,2147483639,haciyatmaz,https://www.hepsiburada.com/haciyatmaz-c-80136013,2,"Anne, Bebek, Oyuncak > haciyatmaz"
60002063,2147483639,hoppala kangurular,https://www.hepsiburada.com/hoppala-kangurular-c-60002063,2,"Anne, Bebek, Oyuncak > hoppala kangurular"
80123021,2147483639,kinetik kum,https://www.hepsiburada.com/kinetik-kum-c-80123021,2,"Anne, Bebek, Oyuncak > kinetik kum"
80383038,2147483639,klozet adaptoru,https://www.hepsiburada.com/klozet-adaptoru-c-80383038,2,"Anne, Bebek, Oyuncak > klozet adaptoru"
26012215,2147483639,nebulizatorler,https://www.hepsiburada.com/nebulizatorler-c-26012215,2,"Anne, Bebek, Oyuncak > nebulizatorler"
295870,2147483639,oyun cadiri evleri,https://www.hepsiburada.com/oyun-cadiri-evleri-c-295870,2,"Anne, Bebek, Oyuncak > oyun cadiri evleri"
60006677,2147483639,oyuncak arabalar,https://www.hepsiburada.com/oyuncak-arabalar-c-60006677,2,"Anne, Bebek, Oyuncak > oyuncak arabalar"
23020686,2147483639,oyuncak kutulari,https://www.hepsiburada.com/oyuncak-kutulari-c-23020686,2,"Anne, Bebek, Oyuncak > oyuncak kutulari"
10430,2147483639,pedalli surumeli arabalar,https://www.hepsiburada.com/pedalli-surumeli-arabalar-c-10430,2,"Anne, Bebek, Oyuncak > pedalli surumeli arabalar"
23020733,2147483639,pelus oyuncaklar,https://www.hepsiburada.com/pelus-oyuncaklar-c-23020733,2,"Anne, Bebek, Oyuncak > pelus oyuncaklar"
80136017,2147483639,slime,https://www.hepsiburada.com/slime-c-80136017,2,"Anne, Bebek, Oyuncak > slime"
80383004,2147483639,sling,https://www.hepsiburada.com/sling-c-80383004,2,"Anne, Bebek, Oyuncak > sling"
17071,2147483638,Elektrikli Ev Aletleri,https://www.hepsiburada.com/elektrikli-ev-aletleri-c-17071,2,Elektronik > Elektrikli Ev Aletleri
60002911,2147483638,Ev Gereçleri,https://www.hepsiburada.com/ev-gerecleri-c-60002911,2,Elektronik > Ev Gereçleri
161876,2147483638,Isıtma ve Soğutma,https://www.hepsiburada.com/isitma-sogutma-urunleri-c-161876,2,Elektronik > Isıtma ve Soğutma
60004557,2147483638,bluetooth hoparlorler,https://www.hepsiburada.com/bluetooth-hoparlorler-c-60004557,2,Elektronik > bluetooth hoparlorler
80160034,2147483638,buharli temizleyici,https://www.hepsiburada.com/buharli-temizleyici-c-80160034,2,Elektronik > buharli temizleyici
80857514,2147483638,cam silme robotu,https://www.hepsiburada.com/cam-silme-robotu-c-80857514,2,Elektronik > cam silme robotu
157192,2147483638,canak antenler,https://www.hepsiburada.com/canak-antenler-c-157192,2,Elektronik > canak antenler
60002912,2147483638,cop kovalari,https://www.hepsiburada.com/cop-kovalari-c-60002912,2,Elektronik > cop kovalari
80160032,2147483638,dikey supurge,https://www.hepsiburada.com/dikey-supurge-c-80160032,2,Elektronik > dikey supurge
162152,2147483638,dikis makinalari,https://www.hepsiburada.com/dikis-makinalari-c-162152,2,Elektronik > dikis makinalari
13003234,2147483638,gece lambalari,https://www.hepsiburada.com/gece-lambalari-c-13003234,2,Elektronik > gece lambalari
161837,2147483638,guvenlik kameralari,https://www.hepsiburada.com/guvenlik-kameralari-c-161837,2,Elektronik > guvenlik kameralari
17793,2147483638,hali yikama makinalari,https://www.hepsiburada.com/hali-yikama-makinalari-c-17793,2,Elektronik > hali yikama makinalari
80162058,2147483638,hava temizleme cihazi,https://www.hepsiburada.com/hava-temizleme-cihazi-c-80162058,2,Elektronik > hava temizleme cihazi
17175,2147483638,hava temizleme nem alma cihazlari,https://www.hepsiburada.com/hava-temizleme-nem-alma-cihazlari-c-17175,2,Elektronik > hava temizleme nem alma cihazlari
157410,2147483638,kablo soketler,https://www.hepsiburada.com/kablo-soketler-c-157410,2,Elektronik > kablo soketler
60007380,2147483638,kamera sistemleri,https://www.hepsiburada.com/kamera-sistemleri-c-60007380,2,Elektronik > kamera sistemleri
17453,2147483638,klimalar,https://www.hepsiburada.com/klimalar-c-17453,2,Elektronik > klimalar
17723,2147483638,kombiler,https://www.hepsiburada.com/kombiler-c-17723,2,Elektronik > kombiler
163192,2147483638,led tv televizyonlar,https://www.hepsiburada.com/led-tv-televizyonlar-c-163192,2,Elektronik > led tv televizyonlar
157193,2147483638,lnbler,https://www.hepsiburada.com/lnbler-c-157193,2,Elektronik > lnbler
80162059,2147483638,nem alma cihazi,https://www.hepsiburada.com/nem-alma-cihazi-c-80162059,2,Elektronik > nem alma cihazi
60002196,2147483638,pazar arabalari,https://www.hepsiburada.com/pazar-arabalari-c-60002196,2,Elektronik > pazar arabalari
80757006,2147483638,playstation 5 konsol,https://www.hepsiburada.com/playstation-5-konsol-c-80757006,2,Elektronik > playstation 5 konsol
80160033,2147483638,robot supurge,https://www.hepsiburada.com/robot-supurge-c-80160033,2,Elektronik > robot supurge
318242,2147483638,saatler,https://www.hepsiburada.com/saatler-c-318242,2,Elektronik > saatler
159445,2147483638,sarjli supurgeler,https://www.hepsiburada.com/sarjli-supurgeler-c-159445,2,Elektronik > sarjli supurgeler
17201,2147483638,ses goruntu sistemleri,https://www.hepsiburada.com/ses-goruntu-sistemleri-c-17201,2,Elektronik > ses goruntu sistemleri
17434,2147483638,sofbenler,https://www.hepsiburada.com/sofbenler-c-17434,2,Elektronik > sofbenler
60008218,2147483638,soundbar,https://www.hepsiburada.com/soundbar-c-60008218,2,Elektronik > soundbar
155123,2147483638,supurgeler,https://www.hepsiburada.com/supurgeler-c-155123,2,Elektronik > supurgeler
17769,2147483638,termosifonlar,https://www.hepsiburada.com/termosifonlar-c-17769,2,Elektronik > termosifonlar
17539,2147483638,tv aski aparatlari,https://www.hepsiburada.com/tv-aski-aparatlari-c-17539,2,Elektronik > tv aski aparatlari
153271,2147483638,utu masasi aksesuarlari,https://www.hepsiburada.com/utu-masasi-aksesuarlari-c-153271,2,Elektronik > utu masasi aksesuarlari
155122,2147483638,utuler,https://www.hepsiburada.com/utuler-c-155122,2,Elektronik > utuler
155057,2147483638,uydu alicilari,https://www.hepsiburada.com/uydu-alicilari-c-155057,2,Elektronik > uydu alicilari
154297,2147483638,uydu kablolari,https://www.hepsiburada.com/uydu-kablolari-c-154297,2,Elektronik > uydu kablolari
154296,2147483638,uydu yon bulucular,https://www.hepsiburada.com/uydu-yon-bulucular-c-154296,2,Elektronik > uydu yon bulucular
157396,2147483638,uzaktan kumandalar,https://www.hepsiburada.com/uzaktan-kumandalar-c-157396,2,Elektronik > uzaktan kumandalar
17412,2147483638,vantilatorler,https://www.hepsiburada.com/vantilatorler-c-17412,2,Elektronik > vantilatorler
13003201,60002028,Aydınlatma,https://www.hepsiburada.com/elektrik-aydinlatma-urunleri-c-13003201,2,"Ev, Yasam, Kirtasiye, Ofis > Aydınlatma"
455418,60002028,Banyo & Mutfak,https://www.hepsiburada.com/banyolar-c-455418,2,"Ev, Yasam, Kirtasiye, Ofis > Banyo & Mutfak"
18021300,60002028,Dekorasyon,https://www.hepsiburada.com/dekorasyon-c-18021300,2,"Ev, Yasam, Kirtasiye, Ofis > Dekorasyon"
2147483618,60002028,Ev Tekstili,https://www.hepsiburada.com/ev-tekstili-c-2147483618,2,"Ev, Yasam, Kirtasiye, Ofis > Ev Tekstili"
18021299,60002028,Mobilya,https://www.hepsiburada.com/mobilyalar-c-18021299,2,"Ev, Yasam, Kirtasiye, Ofis > Mobilya"
80227101,60002028,Montaj Hizmeti,https://www.hepsiburada.com/montaj-hizmeti-c-80227101,2,"Ev, Yasam, Kirtasiye, Ofis > Montaj Hizmeti"
13006543,60002028,aplikler,https://www.hepsiburada.com/aplikler-c-13006543,2,"Ev, Yasam, Kirtasiye, Ofis > aplikler"
13003223,60002028,avizeler,https://www.hepsiburada.com/avizeler-c-13003223,2,"Ev, Yasam, Kirtasiye, Ofis > avizeler"
18021622,60002028,ayakkabiliklar,https://www.hepsiburada.com/ayakkabiliklar-c-18021622,2,"Ev, Yasam, Kirtasiye, Ofis > ayakkabiliklar"
60005015,60002028,balonlar,https://www.hepsiburada.com/balonlar-c-60005015,2,"Ev, Yasam, Kirtasiye, Ofis > balonlar"
18021947,60002028,banyo bataryalari,https://www.hepsiburada.com/banyo-bataryalari-c-18021947,2,"Ev, Yasam, Kirtasiye, Ofis > banyo bataryalari"
18021983,60002028,banyo lavabo bataryalari,https://www.hepsiburada.com/banyo-lavabo-bataryalari-c-18021983,2,"Ev, Yasam, Kirtasiye, Ofis > banyo lavabo bataryalari"
457065,60002028,banyo mobilyalari,https://www.hepsiburada.com/banyo-mobilyalari-c-457065,2,"Ev, Yasam, Kirtasiye, Ofis > banyo mobilyalari"
60006510,60002028,boy aynasi,https://www.hepsiburada.com/boy-aynasi-c-60006510,2,"Ev, Yasam, Kirtasiye, Ofis > boy aynasi"
18043090,60002028,calisma masalari,https://www.hepsiburada.com/calisma-masalari-c-18043090,2,"Ev, Yasam, Kirtasiye, Ofis > calisma masalari"
18021928,60002028,camasir sepetleri,https://www.hepsiburada.com/camasir-sepetleri-c-18021928,2,"Ev, Yasam, Kirtasiye, Ofis > camasir sepetleri"
60005008,60002028,cok amacli dolaplar,https://www.hepsiburada.com/cok-amacli-dolaplar-c-60005008,2,"Ev, Yasam, Kirtasiye, Ofis > cok amacli dolaplar"
18021459,60002028,dekoratif masa saatleri,https://www.hepsiburada.com/dekoratif-masa-saatleri-c-18021459,2,"Ev, Yasam, Kirtasiye, Ofis > dekoratif masa saatleri"
60005229,60002028,dekoratif saksilar,https://www.hepsiburada.com/dekoratif-saksilar-c-60005229,2,"Ev, Yasam, Kirtasiye, Ofis > dekoratif saksilar"
18021972,60002028,dus basliklari,https://www.hepsiburada.com/dus-basliklari-c-18021972,2,"Ev, Yasam, Kirtasiye, Ofis > dus basliklari"
18021971,60002028,dus setleri,https://www.hepsiburada.com/dus-setleri-c-18021971,2,"Ev, Yasam, Kirtasiye, Ofis > dus setleri"
18021979,60002028,dusakabinler,https://www.hepsiburada.com/dusakabinler-c-18021979,2,"Ev, Yasam, Kirtasiye, Ofis > dusakabinler"
18042736,60002028,duvar kagitlari,https://www.hepsiburada.com/duvar-kagitlari-c-18042736,2,"Ev, Yasam, Kirtasiye, Ofis > duvar kagitlari"
60000815,60002028,duvar panelleri,https://www.hepsiburada.com/duvar-panelleri-c-60000815,2,"Ev, Yasam, Kirtasiye, Ofis > duvar panelleri"
462096,60002028,havlupanlar,https://www.hepsiburada.com/havlupanlar-c-462096,2,"Ev, Yasam, Kirtasiye, Ofis > havlupanlar"
18021981,60002028,jakuziler,https://www.hepsiburada.com/jakuziler-c-18021981,2,"Ev, Yasam, Kirtasiye, Ofis > jakuziler"
18021342,60002028,kitaplik,https://www.hepsiburada.com/kitaplik-c-18021342,2,"Ev, Yasam, Kirtasiye, Ofis > kitaplik"
18021958,60002028,klozet kapaklari,https://www.hepsiburada.com/klozet-kapaklari-c-18021958,2,"Ev, Yasam, Kirtasiye, Ofis > klozet kapaklari"
18021930,60002028,klozetler,https://www.hepsiburada.com/klozetler-c-18021930,2,"Ev, Yasam, Kirtasiye, Ofis > klozetler"
18021424,60002028,komodinler,https://www.hepsiburada.com/komodinler-c-18021424,2,"Ev, Yasam, Kirtasiye, Ofis > komodinler"
13003232,60002028,lambaderler,https://www.hepsiburada.com/lambaderler-c-13003232,2,"Ev, Yasam, Kirtasiye, Ofis > lambaderler"
60004458,60002028,lavabolar,https://www.hepsiburada.com/lavabolar-c-60004458,2,"Ev, Yasam, Kirtasiye, Ofis > lavabolar"
13006524,60002028,led ampuller,https://www.hepsiburada.com/led-ampuller-c-13006524,2,"Ev, Yasam, Kirtasiye, Ofis > led ampuller"
80340130,60002028,makyaj masasi,https://www.hepsiburada.com/makyaj-masasi-c-80340130,2,"Ev, Yasam, Kirtasiye, Ofis > makyaj masasi"
13003235,60002028,masa lambalari,https://www.hepsiburada.com/masa-lambalari-c-13003235,2,"Ev, Yasam, Kirtasiye, Ofis > masa lambalari"
18021949,60002028,mutfak evye bataryalari,https://www.hepsiburada.com/mutfak-evye-bataryalari-c-18021949,2,"Ev, Yasam, Kirtasiye, Ofis > mutfak evye bataryalari"
510001,60002028,nevresim takimlari,https://www.hepsiburada.com/nevresim-takimlari-c-510001,2,"Ev, Yasam, Kirtasiye, Ofis > nevresim takimlari"
9010093,60002028,paspaslar,https://www.hepsiburada.com/paspaslar-c-9010093,2,"Ev, Yasam, Kirtasiye, Ofis > paspaslar"
13006546,60002028,projektorler,https://www.hepsiburada.com/projektorler-c-13006546,2,"Ev, Yasam, Kirtasiye, Ofis > projektorler"
60002952,60002028,raflar,https://www.hepsiburada.com/raflar-c-60002952,2,"Ev, Yasam, Kirtasiye, Ofis > raflar"
18021929,60002028,rezervuar ic takimlar,https://www.hepsiburada.com/rezervuar-ic-takimlar-c-18021929,2,"Ev, Yasam, Kirtasiye, Ofis > rezervuar ic takimlar"
18021426,60002028,sandalyeler,https://www.hepsiburada.com/sandalyeler-c-18021426,2,"Ev, Yasam, Kirtasiye, Ofis > sandalyeler"
60000525,60002028,serit led,https://www.hepsiburada.com/serit-led-c-60000525,2,"Ev, Yasam, Kirtasiye, Ofis > serit led"
18021425,60002028,sifonyerler,https://www.hepsiburada.com/sifonyerler-c-18021425,2,"Ev, Yasam, Kirtasiye, Ofis > sifonyerler"
18021320,60002028,tablolar,https://www.hepsiburada.com/tablolar-c-18021320,2,"Ev, Yasam, Kirtasiye, Ofis > tablolar"
9011674,60002028,takim banyo paspaslari,https://www.hepsiburada.com/takim-banyo-paspaslari-c-9011674,2,"Ev, Yasam, Kirtasiye, Ofis > takim banyo paspaslari"
60000666,60002028,tavan vantilatoru,https://www.hepsiburada.com/tavan-vantilatoru-c-60000666,2,"Ev, Yasam, Kirtasiye, Ofis > tavan vantilatoru"
18021358,60002028,vazolar,https://www.hepsiburada.com/vazolar-c-18021358,2,"Ev, Yasam, Kirtasiye, Ofis > vazolar"
60001290,60002028,yapay cicekler,https://www.hepsiburada.com/yapay-cicekler-c-60001290,2,"Ev, Yasam, Kirtasiye, Ofis > yapay cicekler"
510008,60002028,yastiklar,https://www.hepsiburada.com/yastiklar-c-510008,2,"Ev, Yasam, Kirtasiye, Ofis > yastiklar"
511123,60002028,yataklar,https://www.hepsiburada.com/yataklar-c-511123,2,"Ev, Yasam, Kirtasiye, Ofis > yataklar"
80275209,60002028,yolluk,https://www.hepsiburada.com/yolluk-c-80275209,2,"Ev, Yasam, Kirtasiye, Ofis > yolluk"
18021617,60002028,zigon sehpalar,https://www.hepsiburada.com/zigon-sehpalar-c-18021617,2,"Ev, Yasam, Kirtasiye, Ofis > zigon sehpalar"
2147483640,60001501,Film,https://www.hepsiburada.com/filmler-c-2147483640,2,"Kitap, Muzik, Film, Hobi > Film"
2147483641,60001501,Müzik & Müzik Aletleri,https://www.hepsiburada.com/muzik-c-2147483641,2,"Kitap, Muzik, Film, Hobi > Müzik & Müzik Aletleri"
408010,60001501,akordiyonlar,https://www.hepsiburada.com/akordiyonlar-c-408010,2,"Kitap, Muzik, Film, Hobi > akordiyonlar"
234464,60001501,ales kitaplari,https://www.hepsiburada.com/ales-kitaplari-c-234464,2,"Kitap, Muzik, Film, Hobi > ales kitaplari"
1515050,60001501,atasozleri deyimler sozlukleri,https://www.hepsiburada.com/atasozleri-deyimler-sozlukleri-c-1515050,2,"Kitap, Muzik, Film, Hobi > atasozleri deyimler sozlukleri"
411157,60001501,baglama telleri,https://www.hepsiburada.com/baglama-telleri-c-411157,2,"Kitap, Muzik, Film, Hobi > baglama telleri"
402814,60001501,baglamalar,https://www.hepsiburada.com/baglamalar-c-402814,2,"Kitap, Muzik, Film, Hobi > baglamalar"
80530105,60001501,balon makinesi,https://www.hepsiburada.com/balon-makinesi-c-80530105,2,"Kitap, Muzik, Film, Hobi > balon makinesi"
1514630,60001501,biyoloji kitaplari,https://www.hepsiburada.com/biyoloji-kitaplari-c-1514630,2,"Kitap, Muzik, Film, Hobi > biyoloji kitaplari"
9914,60001501,cocuk kitaplari,https://www.hepsiburada.com/cocuk-kitaplari-c-9914,2,"Kitap, Muzik, Film, Hobi > cocuk kitaplari"
60005890,60001501,cumbusler,https://www.hepsiburada.com/cumbusler-c-60005890,2,"Kitap, Muzik, Film, Hobi > cumbusler"
402837,60001501,darbukalar,https://www.hepsiburada.com/darbukalar-c-402837,2,"Kitap, Muzik, Film, Hobi > darbukalar"
10787,60001501,davullar,https://www.hepsiburada.com/davullar-c-10787,2,"Kitap, Muzik, Film, Hobi > davullar"
10785,60001501,defler,https://www.hepsiburada.com/defler-c-10785,2,"Kitap, Muzik, Film, Hobi > defler"
15043649,60001501,e kitap okuma araclari,https://www.hepsiburada.com/e-kitap-okuma-araclari-c-15043649,2,"Kitap, Muzik, Film, Hobi > e kitap okuma araclari"
411248,60001501,flutler,https://www.hepsiburada.com/flutler-c-411248,2,"Kitap, Muzik, Film, Hobi > flutler"
1514685,60001501,ingilizce kitaplar,https://www.hepsiburada.com/ingilizce-kitaplar-c-1514685,2,"Kitap, Muzik, Film, Hobi > ingilizce kitaplar"
411210,60001501,kavallar,https://www.hepsiburada.com/kavallar-c-411210,2,"Kitap, Muzik, Film, Hobi > kavallar"
9915,60001501,kaynak kitaplari,https://www.hepsiburada.com/kaynak-kitaplari-c-9915,2,"Kitap, Muzik, Film, Hobi > kaynak kitaplari"
411243,60001501,kemaneler,https://www.hepsiburada.com/kemaneler-c-411243,2,"Kitap, Muzik, Film, Hobi > kemaneler"
411241,60001501,kemenceler,https://www.hepsiburada.com/kemenceler-c-411241,2,"Kitap, Muzik, Film, Hobi > kemenceler"
2147483645,60001501,kitaplar,https://www.hepsiburada.com/kitaplar-c-2147483645,2,"Kitap, Muzik, Film, Hobi > kitaplar"
411214,60001501,klarnet,https://www.hepsiburada.com/klarnet-c-411214,2,"Kitap, Muzik, Film, Hobi > klarnet"
80530132,60001501,konnektor jak,https://www.hepsiburada.com/konnektor-jak-c-80530132,2,"Kitap, Muzik, Film, Hobi > konnektor jak"
60003643,60001501,kpss genel kultur yetenek konu anlatimli kitaplar,https://www.hepsiburada.com/kpss-genel-kultur-yetenek-konu-anlatimli-kitaplar-c-60003643,2,"Kitap, Muzik, Film, Hobi > kpss genel kultur yetenek konu anlatimli kitaplar"
410756,60001501,mandolinler,https://www.hepsiburada.com/mandolinler-c-410756,2,"Kitap, Muzik, Film, Hobi > mandolinler"
1514631,60001501,matematik kitaplari,https://www.hepsiburada.com/matematik-kitaplari-c-1514631,2,"Kitap, Muzik, Film, Hobi > matematik kitaplari"
402930,60001501,melodikalar,https://www.hepsiburada.com/melodikalar-c-402930,2,"Kitap, Muzik, Film, Hobi > melodikalar"
411213,60001501,meyler,https://www.hepsiburada.com/meyler-c-411213,2,"Kitap, Muzik, Film, Hobi > meyler"
405134,60001501,mikrofonlar,https://www.hepsiburada.com/mikrofonlar-c-405134,2,"Kitap, Muzik, Film, Hobi > mikrofonlar"
411247,60001501,mixer,https://www.hepsiburada.com/mixer-c-411247,2,"Kitap, Muzik, Film, Hobi > mixer"
405379,60001501,muzik keyboard,https://www.hepsiburada.com/muzik-keyboard-c-405379,2,"Kitap, Muzik, Film, Hobi > muzik keyboard"
411501,60001501,neyler,https://www.hepsiburada.com/neyler-c-411501,2,"Kitap, Muzik, Film, Hobi > neyler"
19018195,60001501,orglar,https://www.hepsiburada.com/orglar-c-19018195,2,"Kitap, Muzik, Film, Hobi > orglar"
406932,60001501,pikaplar,https://www.hepsiburada.com/pikaplar-c-406932,2,"Kitap, Muzik, Film, Hobi > pikaplar"
80371044,60001501,plak,https://www.hepsiburada.com/plak-c-80371044,2,"Kitap, Muzik, Film, Hobi > plak"
411217,60001501,saksafonlar,https://www.hepsiburada.com/saksafonlar-c-411217,2,"Kitap, Muzik, Film, Hobi > saksafonlar"
80525103,60001501,santur,https://www.hepsiburada.com/santur-c-80525103,2,"Kitap, Muzik, Film, Hobi > santur"
60002234,60001501,trampetler,https://www.hepsiburada.com/trampetler-c-60002234,2,"Kitap, Muzik, Film, Hobi > trampetler"
411216,60001501,trompetler,https://www.hepsiburada.com/trompetler-c-411216,2,"Kitap, Muzik, Film, Hobi > trompetler"
1514681,60001501,tum dersler kitaplari,https://www.hepsiburada.com/tum-dersler-kitaplari-c-1514681,2,"Kitap, Muzik, Film, Hobi > tum dersler kitaplari"
1514634,60001501,turkce kitaplari,https://www.hepsiburada.com/turkce-kitaplari-c-1514634,2,"Kitap, Muzik, Film, Hobi > turkce kitaplari"
1515048,60001501,turkce sozluk kitaplari,https://www.hepsiburada.com/turkce-sozluk-kitaplari-c-1515048,2,"Kitap, Muzik, Film, Hobi > turkce sozluk kitaplari"
10784,60001501,ud,https://www.hepsiburada.com/ud-c-10784,2,"Kitap, Muzik, Film, Hobi > ud"
1515095,60001501,yazim imla kilavuzlari kitaplari,https://www.hepsiburada.com/yazim-imla-kilavuzlari-kitaplari-c-1515095,2,"Kitap, Muzik, Film, Hobi > yazim imla kilavuzlari kitaplari"
411211,60001501,zurnalar,https://www.hepsiburada.com/zurnalar-c-411211,2,"Kitap, Muzik, Film, Hobi > zurnalar"
2147483603,60001547,Kozmetik,https://www.hepsiburada.com/kozmetik-c-2147483603,2,"Kozmetik, Kisisel Bakim > Kozmetik"
2147483633,60001547,Sağlık / Kişisel Bakım,https://www.hepsiburada.com/saglik-kisisel-bakim-urunleri-c-2147483633,2,"Kozmetik, Kisisel Bakim > Sağlık / Kişisel Bakım"
80216054,60001547,agda makinesi,https://www.hepsiburada.com/agda-makinesi-c-80216054,2,"Kozmetik, Kisisel Bakim > agda makinesi"
26012119,60001547,dis ipleri,https://www.hepsiburada.com/dis-ipleri-c-26012119,2,"Kozmetik, Kisisel Bakim > dis ipleri"
26012145,60001547,epilatorler,https://www.hepsiburada.com/epilatorler-c-26012145,2,"Kozmetik, Kisisel Bakim > epilatorler"
26012244,60001547,hasta bezleri,https://www.hepsiburada.com/hasta-bezleri-c-26012244,2,"Kozmetik, Kisisel Bakim > hasta bezleri"
60003905,60001547,ipl lazerler,https://www.hepsiburada.com/ipl-lazerler-c-60003905,2,"Kozmetik, Kisisel Bakim > ipl lazerler"
32010907,60001547,jel sabunlar,https://www.hepsiburada.com/jel-sabunlar-c-32010907,2,"Kozmetik, Kisisel Bakim > jel sabunlar"
26012198,60001547,kayganlastirici jeller,https://www.hepsiburada.com/kayganlastirici-jeller-c-26012198,2,"Kozmetik, Kisisel Bakim > kayganlastirici jeller"
80759000,60001547,kolajen,https://www.hepsiburada.com/kolajen-c-80759000,2,"Kozmetik, Kisisel Bakim > kolajen"
26012186,60001547,masaj aletleri,https://www.hepsiburada.com/masaj-aletleri-c-26012186,2,"Kozmetik, Kisisel Bakim > masaj aletleri"
32010986,60001547,mascaralar,https://www.hepsiburada.com/mascaralar-c-32010986,2,"Kozmetik, Kisisel Bakim > mascaralar"
32010894,60001547,nemlendiriciler,https://www.hepsiburada.com/nemlendiriciler-c-32010894,2,"Kozmetik, Kisisel Bakim > nemlendiriciler"
80058002,60001547,omega 3 balik yaglari,https://www.hepsiburada.com/omega-3-balik-yaglari-c-80058002,2,"Kozmetik, Kisisel Bakim > omega 3 balik yaglari"
26012230,60001547,ortopedik dizlikler,https://www.hepsiburada.com/ortopedik-dizlikler-c-26012230,2,"Kozmetik, Kisisel Bakim > ortopedik dizlikler"
60004286,60001547,ortopedik terlikler,https://www.hepsiburada.com/ortopedik-terlikler-c-60004286,2,"Kozmetik, Kisisel Bakim > ortopedik terlikler"
341406,60001547,parfumler,https://www.hepsiburada.com/parfumler-c-341406,2,"Kozmetik, Kisisel Bakim > parfumler"
26012177,60001547,pedometreler adimsayarlar,https://www.hepsiburada.com/pedometreler-adimsayarlar-c-26012177,2,"Kozmetik, Kisisel Bakim > pedometreler adimsayarlar"
26012196,60001547,prezervatifler,https://www.hepsiburada.com/prezervatifler-c-26012196,2,"Kozmetik, Kisisel Bakim > prezervatifler"
26012284,60001547,sac boyalari beyazlik giderici urunler,https://www.hepsiburada.com/sac-boyalari-beyazlik-giderici-urunler-c-26012284,2,"Kozmetik, Kisisel Bakim > sac boyalari beyazlik giderici urunler"
26012128,60001547,sac kurutma makineleri,https://www.hepsiburada.com/sac-kurutma-makineleri-c-26012128,2,"Kozmetik, Kisisel Bakim > sac kurutma makineleri"
26012161,60001547,sac sakal kesme tuy temizleme makineleri,https://www.hepsiburada.com/sac-sakal-kesme-tuy-temizleme-makineleri-c-26012161,2,"Kozmetik, Kisisel Bakim > sac sakal kesme tuy temizleme makineleri"
26012129,60001547,sac sekillendirme cihazlari,https://www.hepsiburada.com/sac-sekillendirme-cihazlari-c-26012129,2,"Kozmetik, Kisisel Bakim > sac sekillendirme cihazlari"
26012282,60001547,sampuanlar,https://www.hepsiburada.com/sampuanlar-c-26012282,2,"Kozmetik, Kisisel Bakim > sampuanlar"
26012290,60001547,sekillendirici kremler waxlar,https://www.hepsiburada.com/sekillendirici-kremler-waxlar-c-26012290,2,"Kozmetik, Kisisel Bakim > sekillendirici kremler waxlar"
27073740,60001547,shaker,https://www.hepsiburada.com/shaker-c-27073740,2,"Kozmetik, Kisisel Bakim > shaker"
26012174,60001547,tansiyon aletleri,https://www.hepsiburada.com/tansiyon-aletleri-c-26012174,2,"Kozmetik, Kisisel Bakim > tansiyon aletleri"
80647033,60001547,tekerlekli sandalye,https://www.hepsiburada.com/tekerlekli-sandalye-c-80647033,2,"Kozmetik, Kisisel Bakim > tekerlekli sandalye"
26012156,60001547,tiras makineleri,https://www.hepsiburada.com/tiras-makineleri-c-26012156,2,"Kozmetik, Kisisel Bakim > tiras makineleri"
26000873,60001547,tirnak makasi,https://www.hepsiburada.com/tirnak-makasi-c-26000873,2,"Kozmetik, Kisisel Bakim > tirnak makasi"
80216061,60001547,topuk torpusu,https://www.hepsiburada.com/topuk-torpusu-c-80216061,2,"Kozmetik, Kisisel Bakim > topuk torpusu"
80216050,60001547,tuy dokucu krem,https://www.hepsiburada.com/tuy-dokucu-krem-c-80216050,2,"Kozmetik, Kisisel Bakim > tuy dokucu krem"
26012237,60001547,varis coraplari,https://www.hepsiburada.com/varis-coraplari-c-26012237,2,"Kozmetik, Kisisel Bakim > varis coraplari"
60003470,60001547,yara bantlari,https://www.hepsiburada.com/yara-bantlari-c-60003470,2,"Kozmetik, Kisisel Bakim > yara bantlari"
60007347,2147483636,Bebek,https://www.hepsiburada.com/bebek-kiyafetleri-giyim-c-60007347,2,Moda > Bebek
12087177,2147483636,Erkek,https://www.hepsiburada.com/erkek-giyim-modelleri-c-12087177,2,Moda > Erkek
60000117,2147483636,ayakkabi,https://www.hepsiburada.com/ayakkabi-c-60000117,2,Moda > ayakkabi
60000116,2147483636,bayan ayakkabilar,https://www.hepsiburada.com/bayan-ayakkabilar-c-60000116,2,Moda > bayan ayakkabilar
60003855,2147483636,bayan babetler,https://www.hepsiburada.com/bayan-babetler-c-60003855,2,Moda > bayan babetler
60000119,2147483636,bayan botlar,https://www.hepsiburada.com/bayan-botlar-c-60000119,2,Moda > bayan botlar
60000056,2147483636,bayan ceketler,https://www.hepsiburada.com/bayan-ceketler-c-60000056,2,Moda > bayan ceketler
12087178,2147483636,bayan giyim modelleri,https://www.hepsiburada.com/bayan-giyim-modelleri-c-12087178,2,Moda > bayan giyim modelleri
60000721,2147483636,bayan montlar,https://www.hepsiburada.com/bayan-montlar-c-60000721,2,Moda > bayan montlar
60000123,2147483636,bayan sneakers,https://www.hepsiburada.com/bayan-sneakers-c-60000123,2,Moda > bayan sneakers
12101382,2147483636,bayan sweatshirt,https://www.hepsiburada.com/bayan-sweatshirt-c-12101382,2,Moda > bayan sweatshirt
12087202,2147483636,elbiseler,https://www.hepsiburada.com/elbiseler-c-12087202,2,Moda > elbiseler
60000758,2147483636,erkek ceketler,https://www.hepsiburada.com/erkek-ceketler-c-60000758,2,Moda > erkek ceketler
60004641,2147483636,erkek giyim urunleri,https://www.hepsiburada.com/erkek-giyim-urunleri-c-60004641,2,Moda > erkek giyim urunleri
60000065,2147483636,erkek hirkalar,https://www.hepsiburada.com/erkek-hirkalar-c-60000065,2,Moda > erkek hirkalar
12087282,2147483636,erkek pantolonlar,https://www.hepsiburada.com/erkek-pantolonlar-c-12087282,2,Moda > erkek pantolonlar
60000693,2147483636,erkek slip boxerlar,https://www.hepsiburada.com/erkek-slip-boxerlar-c-60000693,2,Moda > erkek slip boxerlar
12087279,2147483636,erkek t shirt,https://www.hepsiburada.com/erkek-t-shirt-c-12087279,2,Moda > erkek t shirt
60000728,2147483636,kulotlu coraplar,https://www.hepsiburada.com/kulotlu-coraplar-c-60000728,2,Moda > kulotlu coraplar
60000146,2147483636,sirt cantasi,https://www.hepsiburada.com/sirt-cantasi-c-60000146,2,Moda > sirt cantasi
60003869,2147483636,topuklu ayakkabilar,https://www.hepsiburada.com/topuklu-ayakkabilar-c-60003869,2,Moda > topuklu ayakkabilar
60002723,2147483636,Çocuk,https://www.hepsiburada.com/cocuk-giyim-kiyafetleri-c-60002723,2,Moda > Çocuk
80857437,60002705,4 mevsim lastikler,https://www.hepsiburada.com/4-mevsim-lastikler-c-80857437,2,"Oto, Bahce, Yapi Market > 4 mevsim lastikler"
2147483601,60002705,Bahçe,https://www.hepsiburada.com/bahce-malzemeleri-c-2147483601,2,"Oto, Bahce, Yapi Market > Bahçe"
80857387,60002705,Hizmetler,https://www.hepsiburada.com/hizmetler-c-80857387,2,"Oto, Bahce, Yapi Market > Hizmetler"
60008737,60002705,Motosiklet,https://www.hepsiburada.com/motosiklet-c-60008737,2,"Oto, Bahce, Yapi Market > Motosiklet"
2147483631,60002705,Oto Aksesuar,https://www.hepsiburada.com/oto-aksesuarlari-c-2147483631,2,"Oto, Bahce, Yapi Market > Oto Aksesuar"
2147483620,60002705,Yapı Market / Hırdavat,https://www.hepsiburada.com/yapi-market-hirdavatlar-c-2147483620,2,"Oto, Bahce, Yapi Market > Yapı Market / Hırdavat"
17288,60002705,akim korumali prizler,https://www.hepsiburada.com/akim-korumali-prizler-c-17288,2,"Oto, Bahce, Yapi Market > akim korumali prizler"
20033705,60002705,aku sarj cihazlari,https://www.hepsiburada.com/aku-sarj-cihazlari-c-20033705,2,"Oto, Bahce, Yapi Market > aku sarj cihazlari"
60003762,60002705,akuler,https://www.hepsiburada.com/akuler-c-60003762,2,"Oto, Bahce, Yapi Market > akuler"
13003091,60002705,akulu vidalama aletleri,https://www.hepsiburada.com/akulu-vidalama-aletleri-c-13003091,2,"Oto, Bahce, Yapi Market > akulu vidalama aletleri"
26027,60002705,arac ici kameralar,https://www.hepsiburada.com/arac-ici-kameralar-c-26027,2,"Oto, Bahce, Yapi Market > arac ici kameralar"
20035765,60002705,arac supurgeleri,https://www.hepsiburada.com/arac-supurgeleri-c-20035765,2,"Oto, Bahce, Yapi Market > arac supurgeleri"
80405015,60002705,atv motor,https://www.hepsiburada.com/atv-motor-c-80405015,2,"Oto, Bahce, Yapi Market > atv motor"
60000864,60002705,avuc taslamalar,https://www.hepsiburada.com/avuc-taslamalar-c-60000864,2,"Oto, Bahce, Yapi Market > avuc taslamalar"
20024981,60002705,bagaj cantalari,https://www.hepsiburada.com/bagaj-cantalari-c-20024981,2,"Oto, Bahce, Yapi Market > bagaj cantalari"
34001208,60002705,bahce salincaklari,https://www.hepsiburada.com/bahce-salincaklari-c-34001208,2,"Oto, Bahce, Yapi Market > bahce salincaklari"
34001202,60002705,bahce sandalyeleri,https://www.hepsiburada.com/bahce-sandalyeleri-c-34001202,2,"Oto, Bahce, Yapi Market > bahce sandalyeleri"
13003267,60002705,batarya musluklari,https://www.hepsiburada.com/batarya-musluklari-c-13003267,2,"Oto, Bahce, Yapi Market > batarya musluklari"
34001225,60002705,benzinli agac kesme makineleri,https://www.hepsiburada.com/benzinli-agac-kesme-makineleri-c-34001225,2,"Oto, Bahce, Yapi Market > benzinli agac kesme makineleri"
34001221,60002705,benzinli tirpanlar,https://www.hepsiburada.com/benzinli-tirpanlar-c-34001221,2,"Oto, Bahce, Yapi Market > benzinli tirpanlar"
20024895,60002705,cam filmleri,https://www.hepsiburada.com/cam-filmleri-c-20024895,2,"Oto, Bahce, Yapi Market > cam filmleri"
60005076,60002705,cicek tohumlari,https://www.hepsiburada.com/cicek-tohumlari-c-60005076,2,"Oto, Bahce, Yapi Market > cicek tohumlari"
450871,60002705,cim bicme makineleri,https://www.hepsiburada.com/cim-bicme-makineleri-c-450871,2,"Oto, Bahce, Yapi Market > cim bicme makineleri"
13003082,60002705,el aletleri,https://www.hepsiburada.com/el-aletleri-c-13003082,2,"Oto, Bahce, Yapi Market > el aletleri"
80405009,60002705,elektrikli motosiklet,https://www.hepsiburada.com/elektrikli-motosiklet-c-80405009,2,"Oto, Bahce, Yapi Market > elektrikli motosiklet"
34001271,60002705,gunes enerjili bahce aydinlatmalari,https://www.hepsiburada.com/gunes-enerjili-bahce-aydinlatmalari-c-34001271,2,"Oto, Bahce, Yapi Market > gunes enerjili bahce aydinlatmalari"
13003347,60002705,hirdavat urunleri,https://www.hepsiburada.com/hirdavat-urunleri-c-13003347,2,"Oto, Bahce, Yapi Market > hirdavat urunleri"
34001258,60002705,hortumlar toplama urunleri,https://www.hepsiburada.com/hortumlar-toplama-urunleri-c-34001258,2,"Oto, Bahce, Yapi Market > hortumlar toplama urunleri"
80408116,60002705,intercom,https://www.hepsiburada.com/intercom-c-80408116,2,"Oto, Bahce, Yapi Market > intercom"
60002013,60002705,is ayakkabilari cizmeleri,https://www.hepsiburada.com/is-ayakkabilari-cizmeleri-c-60002013,2,"Oto, Bahce, Yapi Market > is ayakkabilari cizmeleri"
60002015,60002705,is guvenlik eldivenleri,https://www.hepsiburada.com/is-guvenlik-eldivenleri-c-60002015,2,"Oto, Bahce, Yapi Market > is guvenlik eldivenleri"
26039,60002705,jant kapaklari,https://www.hepsiburada.com/jant-kapaklari-c-26039,2,"Oto, Bahce, Yapi Market > jant kapaklari"
20006830,60002705,jantlar,https://www.hepsiburada.com/jantlar-c-20006830,2,"Oto, Bahce, Yapi Market > jantlar"
13003121,60002705,jeneratorler,https://www.hepsiburada.com/jeneratorler-c-13003121,2,"Oto, Bahce, Yapi Market > jeneratorler"
60008179,60002705,kartonpiyer,https://www.hepsiburada.com/kartonpiyer-c-60008179,2,"Oto, Bahce, Yapi Market > kartonpiyer"
13003124,60002705,kaynak makineleri,https://www.hepsiburada.com/kaynak-makineleri-c-13003124,2,"Oto, Bahce, Yapi Market > kaynak makineleri"
60007070,60002705,lastik tamir kiti,https://www.hepsiburada.com/lastik-tamir-kiti-c-60007070,2,"Oto, Bahce, Yapi Market > lastik tamir kiti"
13003177,60002705,lehim havyalari,https://www.hepsiburada.com/lehim-havyalari-c-13003177,2,"Oto, Bahce, Yapi Market > lehim havyalari"
13003186,60002705,lokma takimlari,https://www.hepsiburada.com/lokma-takimlari-c-13003186,2,"Oto, Bahce, Yapi Market > lokma takimlari"
34001281,60002705,mangallar,https://www.hepsiburada.com/mangallar-c-34001281,2,"Oto, Bahce, Yapi Market > mangallar"
13003095,60002705,matkaplar,https://www.hepsiburada.com/matkaplar-c-13003095,2,"Oto, Bahce, Yapi Market > matkaplar"
13003350,60002705,merdivenler,https://www.hepsiburada.com/merdivenler-c-13003350,2,"Oto, Bahce, Yapi Market > merdivenler"
26050,60002705,oto amfileri,https://www.hepsiburada.com/oto-amfileri-c-26050,2,"Oto, Bahce, Yapi Market > oto amfileri"
20035777,60002705,oto paspaslari,https://www.hepsiburada.com/oto-paspaslari-c-20035777,2,"Oto, Bahce, Yapi Market > oto paspaslari"
26080,60002705,oto teyp,https://www.hepsiburada.com/oto-teyp-c-26080,2,"Oto, Bahce, Yapi Market > oto teyp"
13003158,60002705,penseler,https://www.hepsiburada.com/penseler-c-13003158,2,"Oto, Bahce, Yapi Market > penseler"
60002661,60002705,priz anahtarlar,https://www.hepsiburada.com/priz-anahtarlar-c-60002661,2,"Oto, Bahce, Yapi Market > priz anahtarlar"
34001265,60002705,saksilar,https://www.hepsiburada.com/saksilar-c-34001265,2,"Oto, Bahce, Yapi Market > saksilar"
60004415,60002705,sapanlar,https://www.hepsiburada.com/sapanlar-c-60004415,2,"Oto, Bahce, Yapi Market > sapanlar"
80857264,60002705,sarj istasyonu,https://www.hepsiburada.com/sarj-istasyonu-c-80857264,2,"Oto, Bahce, Yapi Market > sarj istasyonu"
80405010,60002705,scooter motor,https://www.hepsiburada.com/scooter-motor-c-80405010,2,"Oto, Bahce, Yapi Market > scooter motor"
60003680,60002705,silecekler,https://www.hepsiburada.com/silecekler-c-60003680,2,"Oto, Bahce, Yapi Market > silecekler"
13003356,60002705,sinek perdeleri,https://www.hepsiburada.com/sinek-perdeleri-c-13003356,2,"Oto, Bahce, Yapi Market > sinek perdeleri"
9015285,60002705,sinek sivrisinek kovucular,https://www.hepsiburada.com/sinek-sivrisinek-kovucular-c-9015285,2,"Oto, Bahce, Yapi Market > sinek sivrisinek kovucular"
13003364,60002705,su aritma cihazlari,https://www.hepsiburada.com/su-aritma-cihazlari-c-13003364,2,"Oto, Bahce, Yapi Market > su aritma cihazlari"
452384,60002705,su motorlari pompalar,https://www.hepsiburada.com/su-motorlari-pompalar-c-452384,2,"Oto, Bahce, Yapi Market > su motorlari pompalar"
13003164,60002705,testereler,https://www.hepsiburada.com/testereler-c-13003164,2,"Oto, Bahce, Yapi Market > testereler"
26008,60002705,yangin sondurme tupleri,https://www.hepsiburada.com/yangin-sondurme-tupleri-c-26008,2,"Oto, Bahce, Yapi Market > yangin sondurme tupleri"
60003997,60002705,yangin sonduruculer,https://www.hepsiburada.com/yangin-sonduruculer-c-60003997,2,"Oto, Bahce, Yapi Market > yangin sonduruculer"
451862,60002705,yuksek basincli bahce yikama makineleri,https://www.hepsiburada.com/yuksek-basincli-bahce-yikama-makineleri-c-451862,2,"Oto, Bahce, Yapi Market > yuksek basincli bahce yikama makineleri"
2147483604,60001546,Outdoor,https://www.hepsiburada.com/outdoor-urunleri-c-2147483604,2,"Spor, Outdoor > Outdoor"
2147483635,60001546,Spor / Fitness,https://www.hepsiburada.com/spor-fitness-urunleri-c-2147483635,2,"Spor, Outdoor > Spor / Fitness"
80717014,60001546,airsoft,https://www.hepsiburada.com/airsoft-c-80717014,2,"Spor, Outdoor > airsoft"
60006259,60001546,akilli elektrikli scooterlar,https://www.hepsiburada.com/akilli-elektrikli-scooterlar-c-60006259,2,"Spor, Outdoor > akilli elektrikli scooterlar"
80738004,60001546,askeri giyim ve malzemeler,https://www.hepsiburada.com/askeri-giyim-ve-malzemeler-c-80738004,2,"Spor, Outdoor > askeri giyim ve malzemeler"
1804088,60001546,bandanalar,https://www.hepsiburada.com/bandanalar-c-1804088,2,"Spor, Outdoor > bandanalar"
27081598,60001546,barfiks sinav barlari,https://www.hepsiburada.com/barfiks-sinav-barlari-c-27081598,2,"Spor, Outdoor > barfiks sinav barlari"
27045326,60001546,basketbol ayakkabilari,https://www.hepsiburada.com/basketbol-ayakkabilari-c-27045326,2,"Spor, Outdoor > basketbol ayakkabilari"
19020,60001546,basketbol toplari,https://www.hepsiburada.com/basketbol-toplari-c-19020,2,"Spor, Outdoor > basketbol toplari"
1300939,60001546,bavullar valizler,https://www.hepsiburada.com/bavullar-valizler-c-1300939,2,"Spor, Outdoor > bavullar valizler"
17421,60001546,besiktas formalari,https://www.hepsiburada.com/besiktas-formalari-c-17421,2,"Spor, Outdoor > besiktas formalari"
22005313,60001546,cocuk bisikletleri,https://www.hepsiburada.com/cocuk-bisikletleri-c-22005313,2,"Spor, Outdoor > cocuk bisikletleri"
353125,60001546,dag bisikletleri,https://www.hepsiburada.com/dag-bisikletleri-c-353125,2,"Spor, Outdoor > dag bisikletleri"
387329,60001546,dambil setler,https://www.hepsiburada.com/dambil-setler-c-387329,2,"Spor, Outdoor > dambil setler"
60000380,60001546,direnc lastikleri,https://www.hepsiburada.com/direnc-lastikleri-c-60000380,2,"Spor, Outdoor > direnc lastikleri"
354989,60001546,durbunler,https://www.hepsiburada.com/durbunler-c-354989,2,"Spor, Outdoor > durbunler"
369744,60001546,el yaylari,https://www.hepsiburada.com/el-yaylari-c-369744,2,"Spor, Outdoor > el yaylari"
27026409,60001546,elektrikli bisikletler,https://www.hepsiburada.com/elektrikli-bisikletler-c-27026409,2,"Spor, Outdoor > elektrikli bisikletler"
356600,60001546,elektronik optik pusulalar,https://www.hepsiburada.com/elektronik-optik-pusulalar-c-356600,2,"Spor, Outdoor > elektronik optik pusulalar"
60008821,60001546,fenerbahce yeni sezon formasi,https://www.hepsiburada.com/fenerbahce-yeni-sezon-formasi-c-60008821,2,"Spor, Outdoor > fenerbahce yeni sezon formasi"
356609,60001546,fenerler,https://www.hepsiburada.com/fenerler-c-356609,2,"Spor, Outdoor > fenerler"
19021,60001546,futbol toplari,https://www.hepsiburada.com/futbol-toplari-c-19021,2,"Spor, Outdoor > futbol toplari"
1308748,60001546,kamis olta takimlari,https://www.hepsiburada.com/kamis-olta-takimlari-c-1308748,2,"Spor, Outdoor > kamis olta takimlari"
1307142,60001546,kamp masalari,https://www.hepsiburada.com/kamp-masalari-c-1307142,2,"Spor, Outdoor > kamp masalari"
1301315,60001546,kamp matlari,https://www.hepsiburada.com/kamp-matlari-c-1301315,2,"Spor, Outdoor > kamp matlari"
19190,60001546,kamp sandalyeleri,https://www.hepsiburada.com/kamp-sandalyeleri-c-19190,2,"Spor, Outdoor > kamp sandalyeleri"
367284,60001546,kamp termoslari,https://www.hepsiburada.com/kamp-termoslari-c-367284,2,"Spor, Outdoor > kamp termoslari"
19233,60001546,katlanabilir bisikletler,https://www.hepsiburada.com/katlanabilir-bisikletler-c-19233,2,"Spor, Outdoor > katlanabilir bisikletler"
368028,60001546,kaykaylar,https://www.hepsiburada.com/kaykaylar-c-368028,2,"Spor, Outdoor > kaykaylar"
60001997,60001546,kinesiology bantlari,https://www.hepsiburada.com/kinesiology-bantlari-c-60001997,2,"Spor, Outdoor > kinesiology bantlari"
407474,60001546,kondisyon bisikletleri,https://www.hepsiburada.com/kondisyon-bisikletleri-c-407474,2,"Spor, Outdoor > kondisyon bisikletleri"
19249,60001546,kosu bantlari,https://www.hepsiburada.com/kosu-bantlari-c-19249,2,"Spor, Outdoor > kosu bantlari"
384555,60001546,kramponlar,https://www.hepsiburada.com/kramponlar-c-384555,2,"Spor, Outdoor > kramponlar"
27012987,60001546,kum boks torbalari,https://www.hepsiburada.com/kum-boks-torbalari-c-27012987,2,"Spor, Outdoor > kum boks torbalari"
374386,60001546,masaj koltuklari,https://www.hepsiburada.com/masaj-koltuklari-c-374386,2,"Spor, Outdoor > masaj koltuklari"
22003663,60001546,outdoor ayakkabilar,https://www.hepsiburada.com/outdoor-ayakkabilar-c-22003663,2,"Spor, Outdoor > outdoor ayakkabilar"
356946,60001546,outdoor batonlar,https://www.hepsiburada.com/outdoor-batonlar-c-356946,2,"Spor, Outdoor > outdoor batonlar"
1301694,60001546,outdoor pantolonlar kapriler,https://www.hepsiburada.com/outdoor-pantolonlar-kapriler-c-1301694,2,"Spor, Outdoor > outdoor pantolonlar kapriler"
368030,60001546,patenler,https://www.hepsiburada.com/patenler-c-368030,2,"Spor, Outdoor > patenler"
1300223,60001546,sisme botlar,https://www.hepsiburada.com/sisme-botlar-c-1300223,2,"Spor, Outdoor > sisme botlar"
1300149,60001546,sisme havuzlar,https://www.hepsiburada.com/sisme-havuzlar-c-1300149,2,"Spor, Outdoor > sisme havuzlar"
19158,60001546,snorkeller,https://www.hepsiburada.com/snorkeller-c-19158,2,"Spor, Outdoor > snorkeller"
369686,60001546,spor cantalari,https://www.hepsiburada.com/spor-cantalari-c-369686,2,"Spor, Outdoor > spor cantalari"
21005100,60001546,suluklar mataralar,https://www.hepsiburada.com/suluklar-mataralar-c-21005100,2,"Spor, Outdoor > suluklar mataralar"
355456,60001546,trampolinler,https://www.hepsiburada.com/trampolinler-c-355456,2,"Spor, Outdoor > trampolinler"
352790,60001546,uyku tulumlari,https://www.hepsiburada.com/uyku-tulumlari-c-352790,2,"Spor, Outdoor > uyku tulumlari"
27061482,60001546,yoga egzersiz pilates minderleri,https://www.hepsiburada.com/yoga-egzersiz-pilates-minderleri-c-27061482,2,"Spor, Outdoor > yoga egzersiz pilates minderleri"
27047262,60001546,yuruyus kosu ayakkabilari,https://www.hepsiburada.com/yuruyus-kosu-ayakkabilari-c-27047262,2,"Spor, Outdoor > yuruyus kosu ayakkabilari"
19043,60001546,yuzucu gozlukleri,https://www.hepsiburada.com/yuzucu-gozlukleri-c-19043,2,"Spor, Outdoor > yuzucu gozlukleri"
22004232,60001546,zipkinlar zipkin uclari,https://www.hepsiburada.com/zipkinlar-zipkin-uclari-c-22004232,2,"Spor, Outdoor > zipkinlar zipkin uclari"
80296002,2147483619,Hijyenik Pedler,https://www.hepsiburada.com/hijyenik-pedler-c-80296002,2,"Supermarket, Pet Shop > Hijyenik Pedler"
28001547,2147483619,Kağıt Ürünleri,https://www.hepsiburada.com/kagit-urunleri-c-28001547,2,"Supermarket, Pet Shop > Kağıt Ürünleri"
80754000,2147483619,Kurban,https://www.hepsiburada.com/kurbanlik-fiyatlari-c-80754000,2,"Supermarket, Pet Shop > Kurban"
60001496,2147483619,Ofis Tüketim Malzemeleri,https://www.hepsiburada.com/ofis-tuketim-malzemeleri-c-60001496,2,"Supermarket, Pet Shop > Ofis Tüketim Malzemeleri"
80365054,2147483619,aci sos,https://www.hepsiburada.com/aci-sos-c-80365054,2,"Supermarket, Pet Shop > aci sos"
80461108,2147483619,aktar urunleri,https://www.hepsiburada.com/aktar-urunleri-c-80461108,2,"Supermarket, Pet Shop > aktar urunleri"
60001206,2147483619,aluminyum folyolar,https://www.hepsiburada.com/aluminyum-folyolar-c-60001206,2,"Supermarket, Pet Shop > aluminyum folyolar"
28001479,2147483619,baharatlar,https://www.hepsiburada.com/baharatlar-c-28001479,2,"Supermarket, Pet Shop > baharatlar"
60001048,2147483619,bebek bezi,https://www.hepsiburada.com/bebek-bezi-c-60001048,2,"Supermarket, Pet Shop > bebek bezi"
80015000,2147483619,biber salcasi,https://www.hepsiburada.com/biber-salcasi-c-80015000,2,"Supermarket, Pet Shop > biber salcasi"
28002654,2147483619,bulasik makinasi tablet jeller,https://www.hepsiburada.com/bulasik-makinasi-tablet-jeller-c-28002654,2,"Supermarket, Pet Shop > bulasik makinasi tablet jeller"
80366066,2147483619,bulasik makinesi tuzu,https://www.hepsiburada.com/bulasik-makinesi-tuzu-c-80366066,2,"Supermarket, Pet Shop > bulasik makinesi tuzu"
80366067,2147483619,bulasik sungeri,https://www.hepsiburada.com/bulasik-sungeri-c-80366067,2,"Supermarket, Pet Shop > bulasik sungeri"
60001208,2147483619,buzdolabi posetleri,https://www.hepsiburada.com/buzdolabi-posetleri-c-60001208,2,"Supermarket, Pet Shop > buzdolabi posetleri"
60001322,2147483619,camasir leke cikaricilar,https://www.hepsiburada.com/camasir-leke-cikaricilar-c-60001322,2,"Supermarket, Pet Shop > camasir leke cikaricilar"
60001088,2147483619,camasir makinasi sivi deterjanlari,https://www.hepsiburada.com/camasir-makinasi-sivi-deterjanlari-c-60001088,2,"Supermarket, Pet Shop > camasir makinasi sivi deterjanlari"
28002240,2147483619,camasir makinasi toz deterjanlari,https://www.hepsiburada.com/camasir-makinasi-toz-deterjanlari-c-28002240,2,"Supermarket, Pet Shop > camasir makinasi toz deterjanlari"
28002222,2147483619,camasir sulari,https://www.hepsiburada.com/camasir-sulari-c-28002222,2,"Supermarket, Pet Shop > camasir sulari"
28001525,2147483619,deterjan temizlik urunleri,https://www.hepsiburada.com/deterjan-temizlik-urunleri-c-28001525,2,"Supermarket, Pet Shop > deterjan temizlik urunleri"
28001469,2147483619,gida urunleri,https://www.hepsiburada.com/gida-urunleri-c-28001469,2,"Supermarket, Pet Shop > gida urunleri"
60001269,2147483619,hasere olduruculer,https://www.hepsiburada.com/hasere-olduruculer-c-60001269,2,"Supermarket, Pet Shop > hasere olduruculer"
80746000,2147483619,hijyen urunleri,https://www.hepsiburada.com/hijyen-urunleri-c-80746000,2,"Supermarket, Pet Shop > hijyen urunleri"
80738003,2147483619,hurma,https://www.hepsiburada.com/hurma-c-80738003,2,"Supermarket, Pet Shop > hurma"
28001517,2147483619,icecek urunleri,https://www.hepsiburada.com/icecek-urunleri-c-28001517,2,"Supermarket, Pet Shop > icecek urunleri"
28001549,2147483619,kagit havlular,https://www.hepsiburada.com/kagit-havlular-c-28001549,2,"Supermarket, Pet Shop > kagit havlular"
28001582,2147483619,kuru bakliyatlar,https://www.hepsiburada.com/kuru-bakliyatlar-c-28001582,2,"Supermarket, Pet Shop > kuru bakliyatlar"
28001502,2147483619,kuru meyveler,https://www.hepsiburada.com/kuru-meyveler-c-28001502,2,"Supermarket, Pet Shop > kuru meyveler"
80847003,2147483619,maden suyu,https://www.hepsiburada.com/maden-suyu-c-80847003,2,"Supermarket, Pet Shop > maden suyu"
60003452,2147483619,makarnalar,https://www.hepsiburada.com/makarnalar-c-60003452,2,"Supermarket, Pet Shop > makarnalar"
60006235,2147483619,meyveler,https://www.hepsiburada.com/meyveler-c-60006235,2,"Supermarket, Pet Shop > meyveler"
60001323,2147483619,mop paspas yedek ekipmanlari,https://www.hepsiburada.com/mop-paspas-yedek-ekipmanlari-c-60001323,2,"Supermarket, Pet Shop > mop paspas yedek ekipmanlari"
60001205,2147483619,mutfak sarf malzemeleri,https://www.hepsiburada.com/mutfak-sarf-malzemeleri-c-60001205,2,"Supermarket, Pet Shop > mutfak sarf malzemeleri"
28003028,2147483619,oda kokulari koku gidericiler,https://www.hepsiburada.com/oda-kokulari-koku-gidericiler-c-28003028,2,"Supermarket, Pet Shop > oda kokulari koku gidericiler"
28002376,2147483619,peynirler,https://www.hepsiburada.com/peynirler-c-28002376,2,"Supermarket, Pet Shop > peynirler"
60002935,2147483619,salgam sulari,https://www.hepsiburada.com/salgam-sulari-c-60002935,2,"Supermarket, Pet Shop > salgam sulari"
60001207,2147483619,strec filmler,https://www.hepsiburada.com/strec-filmler-c-60001207,2,"Supermarket, Pet Shop > strec filmler"
28001552,2147483619,tuvalet kagitlari,https://www.hepsiburada.com/tuvalet-kagitlari-c-28001552,2,"Supermarket, Pet Shop > tuvalet kagitlari"
28001484,2147483619,tuz,https://www.hepsiburada.com/tuz-c-28001484,2,"Supermarket, Pet Shop > tuz"
80382017,60002062,Aktivite Merkezi,https://www.hepsiburada.com/aktivite-merkezi-c-80382017,3,"Anne, Bebek, Oyuncak > Bebek Aktivite ve Eğlence > Aktivite Merkezi"
23032027,60002062,Oyun Halısı ve Matı,https://www.hepsiburada.com/oyun-halilari-aktivite-merkezleri-c-23032027,3,"Anne, Bebek, Oyuncak > Bebek Aktivite ve Eğlence > Oyun Halısı ve Matı"
301159,80383015,Bebek Cilt Bakım,https://www.hepsiburada.com/bebek-kozmetik-urunleri-c-301159,3,"Anne, Bebek, Oyuncak > Bebek Bakım ve Sağlık > Bebek Cilt Bakım"
80383024,80383015,Bebek Parfüm ve Kolonya,https://www.hepsiburada.com/bebek-parfum-ve-kolonya-c-80383024,3,"Anne, Bebek, Oyuncak > Bebek Bakım ve Sağlık > Bebek Parfüm ve Kolonya"
80383022,80383015,Bebek Saç Bakım,https://www.hepsiburada.com/bebek-sac-bakim-c-80383022,3,"Anne, Bebek, Oyuncak > Bebek Bakım ve Sağlık > Bebek Saç Bakım"
301160,80383015,Bebek Sağlık,https://www.hepsiburada.com/bebek-sagligi-urunleri-c-301160,3,"Anne, Bebek, Oyuncak > Bebek Bakım ve Sağlık > Bebek Sağlık"
80383019,80383015,Bebek Tırnak Bakım,https://www.hepsiburada.com/bebek-tirnak-bakim-c-80383019,3,"Anne, Bebek, Oyuncak > Bebek Bakım ve Sağlık > Bebek Tırnak Bakım"
80383030,80383015,Çamaşır Yıkama Torbası,https://www.hepsiburada.com/camasir-yikama-torbasi-c-80383030,3,"Anne, Bebek, Oyuncak > Bebek Bakım ve Sağlık > Çamaşır Yıkama Torbası"
80383032,80383031,Bebek Banyo,https://www.hepsiburada.com/bebek-banyo-c-80383032,3,"Anne, Bebek, Oyuncak > Bebek Banyo ve Tuvalet > Bebek Banyo"
80383037,80383031,Bebek Tuvalet,https://www.hepsiburada.com/bebek-tuvalet-c-80383037,3,"Anne, Bebek, Oyuncak > Bebek Banyo ve Tuvalet > Bebek Tuvalet"
301163,60002072,Bebek Maması,https://www.hepsiburada.com/bebek-mamalari-c-301163,3,"Anne, Bebek, Oyuncak > Bebek Beslenme > Bebek Maması"
80381000,60002072,Bebek Yiyecek ve İçecek,https://www.hepsiburada.com/bebek-yiyecek-ve-icecek-c-80381000,3,"Anne, Bebek, Oyuncak > Bebek Beslenme > Bebek Yiyecek ve İçecek"
301161,60002072,Beslenme Gereci,https://www.hepsiburada.com/bebek-beslenme-gerecleri-c-301161,3,"Anne, Bebek, Oyuncak > Bebek Beslenme > Beslenme Gereci"
301166,60002072,Biberon Isıtıcı ve Sterilizatör,https://www.hepsiburada.com/biberon-isiticilar-sterilizatorler-c-301166,3,"Anne, Bebek, Oyuncak > Bebek Beslenme > Biberon Isıtıcı ve Sterilizatör"
80383001,60002072,"Biberon, Emzik ve Aksesuar",https://www.hepsiburada.com/biberon-emzik-ve-aksesuar-c-80383001,3,"Anne, Bebek, Oyuncak > Bebek Beslenme > Biberon, Emzik ve Aksesuar"
297822,60002072,yalanci emzik,https://www.hepsiburada.com/yalanci-emzik-c-297822,3,"Anne, Bebek, Oyuncak > Bebek Beslenme > yalanci emzik"
60006492,305641,Bebek Hediyelik Aksesuarlar,https://www.hepsiburada.com/bebek-hediyelik-aksesuarlar-c-60006492,3,"Anne, Bebek, Oyuncak > Bebek Hediyelik > Bebek Hediyelik Aksesuarlar"
301189,305641,Hediye Sepeti,https://www.hepsiburada.com/bebek-hediyeleri-c-301189,3,"Anne, Bebek, Oyuncak > Bebek Hediyelik > Hediye Sepeti"
60005435,305641,Mevlüt ve Sünnet Hediyelikleri,https://www.hepsiburada.com/mevlut-sunnet-hediyelikleri-c-60005435,3,"Anne, Bebek, Oyuncak > Bebek Hediyelik > Mevlüt ve Sünnet Hediyelikleri"
301193,305641,"Resimlik, Anı Defteri",https://www.hepsiburada.com/bebek-resimlik-ani-defterleri-c-301193,3,"Anne, Bebek, Oyuncak > Bebek Hediyelik > Resimlik, Anı Defteri"
23012962,305641,İsme Özel Hediyelik,https://www.hepsiburada.com/isme-ozel-bebek-hediyelikleri-c-23012962,3,"Anne, Bebek, Oyuncak > Bebek Hediyelik > İsme Özel Hediyelik"
80381050,301127,Bebek Banyo Tekstili,https://www.hepsiburada.com/bebek-banyo-tekstili-c-80381050,3,"Anne, Bebek, Oyuncak > Bebek Odası ve Tekstili > Bebek Banyo Tekstili"
80381044,301127,Bebek Tekstili,https://www.hepsiburada.com/bebek-tekstili-c-80381044,3,"Anne, Bebek, Oyuncak > Bebek Odası ve Tekstili > Bebek Tekstili"
23012883,301127,Dekorasyon,https://www.hepsiburada.com/bebek-dekorasyon-urunleri-c-23012883,3,"Anne, Bebek, Oyuncak > Bebek Odası ve Tekstili > Dekorasyon"
80381037,301127,Oyun Odası Mobilyası,https://www.hepsiburada.com/oyun-odasi-mobilyasi-c-80381037,3,"Anne, Bebek, Oyuncak > Bebek Odası ve Tekstili > Oyun Odası Mobilyası"
60002070,301127,bebek besikleri,https://www.hepsiburada.com/bebek-besikleri-c-60002070,3,"Anne, Bebek, Oyuncak > Bebek Odası ve Tekstili > bebek besikleri"
23012961,301127,bebek odasi mobilyalari,https://www.hepsiburada.com/bebek-odasi-mobilyalari-c-23012961,3,"Anne, Bebek, Oyuncak > Bebek Odası ve Tekstili > bebek odasi mobilyalari"
60001273,301127,cocuk halilari,https://www.hepsiburada.com/cocuk-halilari-c-60001273,3,"Anne, Bebek, Oyuncak > Bebek Odası ve Tekstili > cocuk halilari"
80702001,301127,cocuk odasi dolap gardirop,https://www.hepsiburada.com/cocuk-odasi-dolap-gardirop-c-80702001,3,"Anne, Bebek, Oyuncak > Bebek Odası ve Tekstili > cocuk odasi dolap gardirop"
302201,301127,masa sandalye,https://www.hepsiburada.com/masa-sandalye-c-302201,3,"Anne, Bebek, Oyuncak > Bebek Odası ve Tekstili > masa sandalye"
80383005,80383003,Bebek Kanguru,https://www.hepsiburada.com/bebek-kanguru-c-80383005,3,"Anne, Bebek, Oyuncak > Bebek Taşıma > Bebek Kanguru"
80383006,80383003,Bebek Taşıma Seti,https://www.hepsiburada.com/bebek-tasima-seti-c-80383006,3,"Anne, Bebek, Oyuncak > Bebek Taşıma > Bebek Taşıma Seti"
80444027,80383003,Bebek Yuvası,https://www.hepsiburada.com/bebek-yuvasi-c-80444027,3,"Anne, Bebek, Oyuncak > Bebek Taşıma > Bebek Yuvası"
302476,80383003,Portbebe,https://www.hepsiburada.com/portbebe-c-302476,3,"Anne, Bebek, Oyuncak > Bebek Taşıma > Portbebe"
309942,23020380,Anne Kozmetik,https://www.hepsiburada.com/anne-kozmetik-urunleri-c-309942,3,"Anne, Bebek, Oyuncak > Emzirme ve Anne Sağlık > Anne Kozmetik"
309403,23020380,"Anne İçecek, Yiyecekleri",https://www.hepsiburada.com/anne-icecekleri-ve-yiyecekleri-c-309403,3,"Anne, Bebek, Oyuncak > Emzirme ve Anne Sağlık > Anne İçecek, Yiyecekleri"
310529,23020380,Emzirme Aksesuarları,https://www.hepsiburada.com/emzirme-aksesuarlari-c-310529,3,"Anne, Bebek, Oyuncak > Emzirme ve Anne Sağlık > Emzirme Aksesuarları"
80382025,23020380,Emzirme Sütyeni,https://www.hepsiburada.com/emzirme-sutyeni-c-80382025,3,"Anne, Bebek, Oyuncak > Emzirme ve Anne Sağlık > Emzirme Sütyeni"
80418114,23020380,Emzirme Önlüğü,https://www.hepsiburada.com/emzirme-onlugu-c-80418114,3,"Anne, Bebek, Oyuncak > Emzirme ve Anne Sağlık > Emzirme Önlüğü"
308599,23020380,Hamile ve Emzirme Yastığı,https://www.hepsiburada.com/emzirme-yastiklari-c-308599,3,"Anne, Bebek, Oyuncak > Emzirme ve Anne Sağlık > Hamile ve Emzirme Yastığı"
80382022,23020380,Omuz Örtüsü & Müslin Bez,https://www.hepsiburada.com/muslin-bez-c-80382022,3,"Anne, Bebek, Oyuncak > Emzirme ve Anne Sağlık > Omuz Örtüsü & Müslin Bez"
301139,23020380,Süt Saklama Poşeti ve Kabı,https://www.hepsiburada.com/sut-saklama-poset-kaplari-c-301139,3,"Anne, Bebek, Oyuncak > Emzirme ve Anne Sağlık > Süt Saklama Poşeti ve Kabı"
301140,23020380,gogus pedleri koruyucular,https://www.hepsiburada.com/gogus-pedleri-koruyucular-c-301140,3,"Anne, Bebek, Oyuncak > Emzirme ve Anne Sağlık > gogus pedleri koruyucular"
301152,60000710,Bebek Giyim,https://www.hepsiburada.com/bebek-giyim-urunleri-c-301152,3,"Anne, Bebek, Oyuncak > Giyim > Bebek Giyim"
23020381,60000710,Hamile Giyim,https://www.hepsiburada.com/hamile-giyim-c-23020381,3,"Anne, Bebek, Oyuncak > Giyim > Hamile Giyim"
23024589,60000710,Çocuk Giyim,https://www.hepsiburada.com/cocuk-giyim-urunleri-c-23024589,3,"Anne, Bebek, Oyuncak > Giyim > Çocuk Giyim"
60000516,301132,Mama Sandalyesi,https://www.hepsiburada.com/mama-sandalyesi-c-60000516,3,"Anne, Bebek, Oyuncak > Mama Sandalyesi ve Aksesuarı > Mama Sandalyesi"
60000514,301132,Mama Sandalyesi Aksesuar,https://www.hepsiburada.com/mama-sandalyesi-aksesuarlari-c-60000514,3,"Anne, Bebek, Oyuncak > Mama Sandalyesi ve Aksesuarı > Mama Sandalyesi Aksesuar"
80138065,301132,Mama Sandalyesi Oyuncağı,https://www.hepsiburada.com/puset-mama-sandalyesi-oyuncaklari-c-80138065,3,"Anne, Bebek, Oyuncak > Mama Sandalyesi ve Aksesuarı > Mama Sandalyesi Oyuncağı"
60000513,301132,Portatif Mama Sandalyesi,https://www.hepsiburada.com/portatif-mama-sandalyeleri-c-60000513,3,"Anne, Bebek, Oyuncak > Mama Sandalyesi ve Aksesuarı > Portatif Mama Sandalyesi"
80382018,305661,Ev Tipi Ana Kucağı,https://www.hepsiburada.com/ev-tipi-ana-kucagi-c-80382018,3,"Anne, Bebek, Oyuncak > Oto Koltuğu & Aksesuarı > Ev Tipi Ana Kucağı"
23021016,305661,Oto Koltuğu,https://www.hepsiburada.com/oto-koltuklari-c-23021016,3,"Anne, Bebek, Oyuncak > Oto Koltuğu & Aksesuarı > Oto Koltuğu"
60000512,305661,Oto Koltuğu Aksesuar,https://www.hepsiburada.com/oto-koltugu-aksesuarlari-c-60000512,3,"Anne, Bebek, Oyuncak > Oto Koltuğu & Aksesuarı > Oto Koltuğu Aksesuar"
23032025,305661,Oto Koltuğu Yükseltici,https://www.hepsiburada.com/ana-kucagi-oto-koltugu-yukselticileri-c-23032025,3,"Anne, Bebek, Oyuncak > Oto Koltuğu & Aksesuarı > Oto Koltuğu Yükseltici"
80383040,305661,alistirma kulodu,https://www.hepsiburada.com/alistirma-kulodu-c-80383040,3,"Anne, Bebek, Oyuncak > Oto Koltuğu & Aksesuarı > alistirma kulodu"
23021015,305661,ana kucaklari,https://www.hepsiburada.com/ana-kucaklari-c-23021015,3,"Anne, Bebek, Oyuncak > Oto Koltuğu & Aksesuarı > ana kucaklari"
60002264,23031884,Bebek Oyuncağı (0-24 Ay),https://www.hepsiburada.com/ilk-yas-okul-oncesi-urunler-c-60002264,3,"Anne, Bebek, Oyuncak > Oyuncak > Bebek Oyuncağı (0-24 Ay)"
295869,23031884,"Bisiklet, Scooter ve Paten",https://www.hepsiburada.com/bebek-cocuk-bisikletleri-scooterlari-c-295869,3,"Anne, Bebek, Oyuncak > Oyuncak > Bisiklet, Scooter ve Paten"
80138057,23031884,Dış Mekan ve Spor Oyuncağı,https://www.hepsiburada.com/dis-mekan-spor-deniz-oyuncaklari-c-80138057,3,"Anne, Bebek, Oyuncak > Oyuncak > Dış Mekan ve Spor Oyuncağı"
10452,23031884,Eğitici ve Öğretici Oyun,https://www.hepsiburada.com/egitici-ve-ogretici-oyun-c-10452,3,"Anne, Bebek, Oyuncak > Oyuncak > Eğitici ve Öğretici Oyun"
313764,23031884,Figür Oyuncağı,https://www.hepsiburada.com/figur-oyuncaklar-c-313764,3,"Anne, Bebek, Oyuncak > Oyuncak > Figür Oyuncağı"
60002099,23031884,Oyun Odası,https://www.hepsiburada.com/oyun-odasi-c-60002099,3,"Anne, Bebek, Oyuncak > Oyuncak > Oyun Odası"
23022184,23031884,Oyuncak Bebek ve Aksesuar,https://www.hepsiburada.com/bebekler-c-23022184,3,"Anne, Bebek, Oyuncak > Oyuncak > Oyuncak Bebek ve Aksesuar"
23020427,23031884,"Parti Malzemesi, Kostüm",https://www.hepsiburada.com/oyuncak-parti-malzemeleri-c-23020427,3,"Anne, Bebek, Oyuncak > Oyuncak > Parti Malzemesi, Kostüm"
80123020,23031884,Sanat & Bilim & Beceri Oyuncakları,https://www.hepsiburada.com/sanat-bilim-beceri-oyuncaklari-c-80123020,3,"Anne, Bebek, Oyuncak > Oyuncak > Sanat & Bilim & Beceri Oyuncakları"
23022180,23031884,Uzaktan Kumandalı Araçlar,https://www.hepsiburada.com/uzaktan-kumandali-arabalar-c-23022180,3,"Anne, Bebek, Oyuncak > Oyuncak > Uzaktan Kumandalı Araçlar"
60006683,23031884,Yarış Pisti,https://www.hepsiburada.com/oyuncak-yaris-pisti-c-60006683,3,"Anne, Bebek, Oyuncak > Oyuncak > Yarış Pisti"
23021005,23031884,Yedek Akü ve Aksesuar,https://www.hepsiburada.com/oyuncak-yedek-parcalar-c-23021005,3,"Anne, Bebek, Oyuncak > Oyuncak > Yedek Akü ve Aksesuar"
10262,23031884,Çocuk Kutu Oyunu,https://www.hepsiburada.com/cocuk-kutu-oyunlari-c-10262,3,"Anne, Bebek, Oyuncak > Oyuncak > Çocuk Kutu Oyunu"
80123018,23031884,Çocuk Multimedya,https://www.hepsiburada.com/cocuk-multimedya-urunleri-c-80123018,3,"Anne, Bebek, Oyuncak > Oyuncak > Çocuk Multimedya"
303251,80138066,bebek oyuncaklari,https://www.hepsiburada.com/bebek-oyuncaklari-c-303251,3,"Anne, Bebek, Oyuncak > aktivite masasi > bebek oyuncaklari"
60007979,80567048,sis tiglar,https://www.hepsiburada.com/sis-tiglar-c-60007979,3,"Anne, Bebek, Oyuncak > amigurumi > sis tiglar"
301174,23021010,bebek pudralari parfumleri,https://www.hepsiburada.com/bebek-pudralari-parfumleri-c-301174,3,"Anne, Bebek, Oyuncak > bebek pisik kremi yaglari > bebek pudralari parfumleri"
301175,23021010,islak mendiller,https://www.hepsiburada.com/islak-mendiller-c-301175,3,"Anne, Bebek, Oyuncak > bebek pisik kremi yaglari > islak mendiller"
301173,301138,bebek sampuanlari,https://www.hepsiburada.com/bebek-sampuanlari-c-301173,3,"Anne, Bebek, Oyuncak > gogus pompalari > bebek sampuanlari"
302243,80136013,Deniz Plaj Malzemeleri,https://www.hepsiburada.com/deniz-plaj-malzemeleri-c-302243,3,"Anne, Bebek, Oyuncak > haciyatmaz > Deniz Plaj Malzemeleri"
15091,80383038,bantlar,https://www.hepsiburada.com/bantlar-c-15091,3,"Anne, Bebek, Oyuncak > klozet adaptoru > bantlar"
60005733,80383038,muzik kutusu,https://www.hepsiburada.com/muzik-kutusu-c-60005733,3,"Anne, Bebek, Oyuncak > klozet adaptoru > muzik kutusu"
11008,295870,cizgi filmler,https://www.hepsiburada.com/cizgi-filmler-c-11008,3,"Anne, Bebek, Oyuncak > oyun cadiri evleri > cizgi filmler"
80232002,295870,kumas,https://www.hepsiburada.com/kumas-c-80232002,3,"Anne, Bebek, Oyuncak > oyun cadiri evleri > kumas"
21005382,80136017,yapistiricilar tutkallar,https://www.hepsiburada.com/yapistiricilar-tutkallar-c-21005382,3,"Anne, Bebek, Oyuncak > slime > yapistiricilar tutkallar"
17693,17071,Dikiş Makinaları & Aksesuarları,https://www.hepsiburada.com/dikis-makinesi-aksesuarlari-c-17693,3,Elektronik > Elektrikli Ev Aletleri > Dikiş Makinaları & Aksesuarları
80857105,17071,Hepsiburada Koruma Paketi,https://www.hepsiburada.com/hepsiburada-koruma-paketi-c-80857105,3,Elektronik > Elektrikli Ev Aletleri > Hepsiburada Koruma Paketi
60002190,60002911,Elbise Askıları,https://www.hepsiburada.com/elbise-askilari-c-60002190,3,Elektronik > Ev Gereçleri > Elbise Askıları
60002915,60002911,Fırça ve Moplar,https://www.hepsiburada.com/firca-moplar-c-60002915,3,Elektronik > Ev Gereçleri > Fırça ve Moplar
60002913,60002911,Oda Kokuları,https://www.hepsiburada.com/oda-kokulari-c-60002913,3,Elektronik > Ev Gereçleri > Oda Kokuları
60002914,60002911,Plastik Temizlik Malzemeleri,https://www.hepsiburada.com/plastik-temizlik-malzemeleri-c-60002914,3,Elektronik > Ev Gereçleri > Plastik Temizlik Malzemeleri
60003114,60002911,Pratik Ev Gereçleri,https://www.hepsiburada.com/pratik-ev-gerecleri-c-60003114,3,Elektronik > Ev Gereçleri > Pratik Ev Gereçleri
60002917,60002911,Temizlik Bezleri,https://www.hepsiburada.com/temizlik-bezleri-c-60002917,3,Elektronik > Ev Gereçleri > Temizlik Bezleri
153276,60002911,Çamaşır Kurutucular,https://www.hepsiburada.com/camasir-kurutucular-c-153276,3,Elektronik > Ev Gereçleri > Çamaşır Kurutucular
80857397,60002911,"Çamaşır Topu, İp & Mandal",https://www.hepsiburada.com/camasir-topu-ip-mandal-c-80857397,3,"Elektronik > Ev Gereçleri > Çamaşır Topu, İp & Mandal"
157284,161876,Hava Perdeleri,https://www.hepsiburada.com/hava-perdeleri-c-157284,3,Elektronik > Isıtma ve Soğutma > Hava Perdeleri
80757002,161876,"Isıtma, Soğutma Hizmetleri",https://www.hepsiburada.com/isitma-sogutma-hizmetleri-c-80757002,3,"Elektronik > Isıtma ve Soğutma > Isıtma, Soğutma Hizmetleri"
80419094,161876,"Isıtma, Soğutma Yedek Parçaları",https://www.hepsiburada.com/isitma-sogutma-yedek-parcalari-c-80419094,3,"Elektronik > Isıtma ve Soğutma > Isıtma, Soğutma Yedek Parçaları"
8003156,161876,Portatif Soğutucular,https://www.hepsiburada.com/portatif-sogutucular-c-8003156,3,Elektronik > Isıtma ve Soğutma > Portatif Soğutucular
60006329,161876,Termoboyler,https://www.hepsiburada.com/termoboyler-c-60006329,3,Elektronik > Isıtma ve Soğutma > Termoboyler
80571072,157192,elektrik kablosu,https://www.hepsiburada.com/elektrik-kablosu-c-80571072,3,Elektronik > canak antenler > elektrik kablosu
60004662,157192,vidalar civiler dubeller,https://www.hepsiburada.com/vidalar-civiler-dubeller-c-60004662,3,Elektronik > canak antenler > vidalar civiler dubeller
80162060,17175,Aksesuarlar,https://www.hepsiburada.com/aksesuarlar-c-80162060,3,Elektronik > hava temizleme nem alma cihazlari > Aksesuarlar
60005398,157410,hdmi kablolar,https://www.hepsiburada.com/hdmi-kablolar-c-60005398,3,Elektronik > kablo soketler > hdmi kablolar
17011,163192,muzik setleri,https://www.hepsiburada.com/muzik-setleri-c-17011,3,Elektronik > led tv televizyonlar > muzik setleri
60003054,80757006,Hobi Oyun Konsolları,https://www.hepsiburada.com/hobi-oyun-konsollari-c-60003054,3,Elektronik > playstation 5 konsol > Hobi Oyun Konsolları
80757007,80757006,playstation 5 oyunlari,https://www.hepsiburada.com/playstation-5-oyunlari-c-80757007,3,Elektronik > playstation 5 konsol > playstation 5 oyunlari
80757008,80757006,ps 5 aksesuarlari,https://www.hepsiburada.com/ps-5-aksesuarlari-c-80757008,3,Elektronik > playstation 5 konsol > ps 5 aksesuarlari
60008293,318242,1 gram altin,https://www.hepsiburada.com/1-gram-altin-c-60008293,3,Elektronik > saatler > 1 gram altin
25008465,318242,Duvar Saatleri,https://www.hepsiburada.com/duvar-saatleri-c-25008465,3,Elektronik > saatler > Duvar Saatleri
25008402,318242,Kol Saatleri,https://www.hepsiburada.com/kol-saatleri-c-25008402,3,Elektronik > saatler > Kol Saatleri
25008463,318242,Köstekli Cep Saatleri,https://www.hepsiburada.com/kostekli-saat-c-25008463,3,Elektronik > saatler > Köstekli Cep Saatleri
25008464,318242,Masa Saatleri,https://www.hepsiburada.com/masa-saatleri-c-25008464,3,Elektronik > saatler > Masa Saatleri
2147483632,318242,Saat/Gözlük/Aksesuar,https://www.hepsiburada.com/saat-gozluk-aksesuarlari-c-2147483632,3,Elektronik > saatler > Saat/Gözlük/Aksesuar
60003676,318242,akilli saatler,https://www.hepsiburada.com/akilli-saatler-c-60003676,3,Elektronik > saatler > akilli saatler
2147483617,318242,altin taki mucevherler,https://www.hepsiburada.com/altin-taki-mucevherler-c-2147483617,3,Elektronik > saatler > altin taki mucevherler
60005201,318242,android telefonlar,https://www.hepsiburada.com/android-telefonlar-c-60005201,3,Elektronik > saatler > android telefonlar
60002211,318242,aycicek yaglari,https://www.hepsiburada.com/aycicek-yaglari-c-60002211,3,Elektronik > saatler > aycicek yaglari
60000163,318242,bayan cantalari,https://www.hepsiburada.com/bayan-cantalari-c-60000163,3,Elektronik > saatler > bayan cantalari
60000053,318242,bayan kazaklar,https://www.hepsiburada.com/bayan-kazaklar-c-60000053,3,Elektronik > saatler > bayan kazaklar
19111,318242,besiktas urunleri,https://www.hepsiburada.com/besiktas-urunleri-c-19111,3,Elektronik > saatler > besiktas urunleri
2147483646,318242,bilgisayarlar,https://www.hepsiburada.com/bilgisayarlar-c-2147483646,3,Elektronik > saatler > bilgisayarlar
22156,318242,bulasik makineleri,https://www.hepsiburada.com/bulasik-makineleri-c-22156,3,Elektronik > saatler > bulasik makineleri
22154,318242,buzdolaplari,https://www.hepsiburada.com/buzdolaplari-c-22154,3,Elektronik > saatler > buzdolaplari
155121,318242,camasir makineleri,https://www.hepsiburada.com/camasir-makineleri-c-155121,3,Elektronik > saatler > camasir makineleri
22005,318242,cay makineleri,https://www.hepsiburada.com/cay-makineleri-c-22005,3,Elektronik > saatler > cay makineleri
371965,318242,cep telefonlari,https://www.hepsiburada.com/cep-telefonlari-c-371965,3,Elektronik > saatler > cep telefonlari
60000125,318242,erkek botlar,https://www.hepsiburada.com/erkek-botlar-c-60000125,3,Elektronik > saatler > erkek botlar
60000066,318242,erkek kazaklar,https://www.hepsiburada.com/erkek-kazaklar-c-60000066,3,Elektronik > saatler > erkek kazaklar
60000759,318242,erkek montlar,https://www.hepsiburada.com/erkek-montlar-c-60000759,3,Elektronik > saatler > erkek montlar
12102800,318242,erkek sweatshirt,https://www.hepsiburada.com/erkek-sweatshirt-c-12102800,3,Elektronik > saatler > erkek sweatshirt
12140708,318242,erkek takim elbiseler,https://www.hepsiburada.com/erkek-takim-elbiseler-c-12140708,3,Elektronik > saatler > erkek takim elbiseler
12087197,318242,etekler,https://www.hepsiburada.com/etekler-c-12087197,3,Elektronik > saatler > etekler
27074921,318242,fenerium,https://www.hepsiburada.com/fenerium-c-27074921,3,Elektronik > saatler > fenerium
22017,318242,fritozler,https://www.hepsiburada.com/fritozler-c-22017,3,Elektronik > saatler > fritozler
23000,318242,galatasaray store urunleri,https://www.hepsiburada.com/galatasaray-store-urunleri-c-23000,3,Elektronik > saatler > galatasaray store urunleri
60005202,318242,iphone ios telefonlar,https://www.hepsiburada.com/iphone-ios-telefonlar-c-60005202,3,Elektronik > saatler > iphone ios telefonlar
22348,318242,kahve makineleri,https://www.hepsiburada.com/kahve-makineleri-c-22348,3,Elektronik > saatler > kahve makineleri
98,318242,laptop notebook dizustu bilgisayarlar,https://www.hepsiburada.com/laptop-notebook-dizustu-bilgisayarlar-c-98,3,Elektronik > saatler > laptop notebook dizustu bilgisayarlar
60002948,318242,mutfak masa takimlari,https://www.hepsiburada.com/mutfak-masa-takimlari-c-60002948,3,Elektronik > saatler > mutfak masa takimlari
259720,318242,oto lastikler,https://www.hepsiburada.com/oto-lastikler-c-259720,3,Elektronik > saatler > oto lastikler
28001320,318242,ramazan paketi,https://www.hepsiburada.com/ramazan-paketi-c-28001320,3,Elektronik > saatler > ramazan paketi
80857019,318242,resat altin,https://www.hepsiburada.com/resat-altin-c-80857019,3,Elektronik > saatler > resat altin
384551,318242,spor ayakkabilar,https://www.hepsiburada.com/spor-ayakkabilar-c-384551,3,Elektronik > saatler > spor ayakkabilar
3008012,318242,tablet,https://www.hepsiburada.com/tablet-c-3008012,3,Elektronik > saatler > tablet
2147483642,318242,telefonlar,https://www.hepsiburada.com/telefonlar-c-2147483642,3,Elektronik > saatler > telefonlar
352444,318242,trabzonspor urunleri,https://www.hepsiburada.com/trabzonspor-urunleri-c-352444,3,Elektronik > saatler > trabzonspor urunleri
60000720,318242,trenckotlar,https://www.hepsiburada.com/trenckotlar-c-60000720,3,Elektronik > saatler > trenckotlar
12095591,318242,tunikler,https://www.hepsiburada.com/tunikler-c-12095591,3,Elektronik > saatler > tunikler
60008247,318242,yarim altin,https://www.hepsiburada.com/yarim-altin-c-60008247,3,Elektronik > saatler > yarim altin
80256006,17201,Ek Güvence Paketleri,https://www.hepsiburada.com/ek-guvence-paketleri-c-80256006,3,Elektronik > ses goruntu sistemleri > Ek Güvence Paketleri
80857072,17201,Ek Güvence Paketleri Televizyon,https://www.hepsiburada.com/ek-guvence-paketleri-televizyon-c-80857072,3,Elektronik > ses goruntu sistemleri > Ek Güvence Paketleri Televizyon
155056,17201,Uydu Alıcısı Aksesuarları,https://www.hepsiburada.com/uydu-alicisi-aksesuarlari-c-155056,3,Elektronik > ses goruntu sistemleri > Uydu Alıcısı Aksesuarları
80160031,155123,Sulu Süpürge,https://www.hepsiburada.com/sulu-supurge-c-80160031,3,Elektronik > supurgeler > Sulu Süpürge
17712,155123,Süpürge Aksesuarları,https://www.hepsiburada.com/supurge-aksesuarlari-c-17712,3,Elektronik > supurgeler > Süpürge Aksesuarları
80160029,155123,Toz Torbalı Süpürge,https://www.hepsiburada.com/toz-torbali-supurge-c-80160029,3,Elektronik > supurgeler > Toz Torbalı Süpürge
80160030,155123,Toz Torbasız Süpürge,https://www.hepsiburada.com/toz-torbasiz-supurge-c-80160030,3,Elektronik > supurgeler > Toz Torbasız Süpürge
80162057,155122,Buhar Kazanlı Ütü,https://www.hepsiburada.com/buhar-kazanli-utu-c-80162057,3,Elektronik > utuler > Buhar Kazanlı Ütü
80162056,155122,Buharlı Ütü,https://www.hepsiburada.com/buharli-utu-c-80162056,3,Elektronik > utuler > Buharlı Ütü
60000220,13003201,Armatürler,https://www.hepsiburada.com/armaturler-c-60000220,3,"Ev, Yasam, Kirtasiye, Ofis > Aydınlatma > Armatürler"
80719000,13003201,Aydınlatma Aksesuarları,https://www.hepsiburada.com/abajur-sapkasi-c-80719000,3,"Ev, Yasam, Kirtasiye, Ofis > Aydınlatma > Aydınlatma Aksesuarları"
60005122,13003201,Bahçe Aydınlatma Direkleri,https://www.hepsiburada.com/bahce-aydinlatma-direkleri-c-60005122,3,"Ev, Yasam, Kirtasiye, Ofis > Aydınlatma > Bahçe Aydınlatma Direkleri"
60005112,13003201,Bahçe Masa Üstü Aydınlatma,https://www.hepsiburada.com/bahce-masa-ustu-aydinlatmalar-c-60005112,3,"Ev, Yasam, Kirtasiye, Ofis > Aydınlatma > Bahçe Masa Üstü Aydınlatma"
60005113,13003201,Bahçe Set Üstü Aydınlatma,https://www.hepsiburada.com/bahce-set-ustu-aydinlatmalar-c-60005113,3,"Ev, Yasam, Kirtasiye, Ofis > Aydınlatma > Bahçe Set Üstü Aydınlatma"
60005123,13003201,Bahçe Yol Aydınlatması,https://www.hepsiburada.com/bahce-yol-aydinlatmasi-c-60005123,3,"Ev, Yasam, Kirtasiye, Ofis > Aydınlatma > Bahçe Yol Aydınlatması"
60002660,13003201,Dekoratif Aydınlatma,https://www.hepsiburada.com/dekoratif-aydinlatmalar-c-60002660,3,"Ev, Yasam, Kirtasiye, Ofis > Aydınlatma > Dekoratif Aydınlatma"
13003204,13003201,Dış Mekan Aydınlatma Ürünleri,https://www.hepsiburada.com/dis-mekan-aydinlatma-urunleri-c-13003204,3,"Ev, Yasam, Kirtasiye, Ofis > Aydınlatma > Dış Mekan Aydınlatma Ürünleri"
60002654,13003201,Fener,https://www.hepsiburada.com/el-fenerleri-c-60002654,3,"Ev, Yasam, Kirtasiye, Ofis > Aydınlatma > Fener"
60002657,13003201,Işıldak,https://www.hepsiburada.com/isildaklar-c-60002657,3,"Ev, Yasam, Kirtasiye, Ofis > Aydınlatma > Işıldak"
80585014,13003201,Led Modül,https://www.hepsiburada.com/led-modul-c-80585014,3,"Ev, Yasam, Kirtasiye, Ofis > Aydınlatma > Led Modül"
60001052,13003201,Pil ve Şarj Cihazları,https://www.hepsiburada.com/aydinlatma-pilleri-sarj-cihazlari-c-60001052,3,"Ev, Yasam, Kirtasiye, Ofis > Aydınlatma > Pil ve Şarj Cihazları"
60002081,13003201,Plafonyer,https://www.hepsiburada.com/plafonyerler-c-60002081,3,"Ev, Yasam, Kirtasiye, Ofis > Aydınlatma > Plafonyer"
13003399,13003201,Sarkıt,https://www.hepsiburada.com/sarkit-avizeler-c-13003399,3,"Ev, Yasam, Kirtasiye, Ofis > Aydınlatma > Sarkıt"
60002655,13003201,Spotlar,https://www.hepsiburada.com/spotlar-c-60002655,3,"Ev, Yasam, Kirtasiye, Ofis > Aydınlatma > Spotlar"
13007266,13003201,abajurlar,https://www.hepsiburada.com/abajurlar-c-13007266,3,"Ev, Yasam, Kirtasiye, Ofis > Aydınlatma > abajurlar"
13003202,13003201,ampuller,https://www.hepsiburada.com/ampuller-c-13003202,3,"Ev, Yasam, Kirtasiye, Ofis > Aydınlatma > ampuller"
13003212,13003201,enerji tasarruflu ampuller,https://www.hepsiburada.com/enerji-tasarruflu-ampuller-c-13003212,3,"Ev, Yasam, Kirtasiye, Ofis > Aydınlatma > enerji tasarruflu ampuller"
60004290,13003201,Çocuk Odası Aydınlatma,https://www.hepsiburada.com/cocuk-odasi-aydinlatmalari-c-60004290,3,"Ev, Yasam, Kirtasiye, Ofis > Aydınlatma > Çocuk Odası Aydınlatma"
18021925,455418,Banyo Aksesuarları,https://www.hepsiburada.com/banyo-aksesuarlari-c-18021925,3,"Ev, Yasam, Kirtasiye, Ofis > Banyo & Mutfak > Banyo Aksesuarları"
60004591,455418,Banyo Aydınlatma,https://www.hepsiburada.com/banyo-aydinlatmalar-c-60004591,3,"Ev, Yasam, Kirtasiye, Ofis > Banyo & Mutfak > Banyo Aydınlatma"
18021927,455418,Batarya & Musluk,https://www.hepsiburada.com/batarya-musluklari-c-18021927,3,"Ev, Yasam, Kirtasiye, Ofis > Banyo & Mutfak > Batarya & Musluk"
18021934,455418,Duş Sistemleri,https://www.hepsiburada.com/dus-sistemleri-c-18021934,3,"Ev, Yasam, Kirtasiye, Ofis > Banyo & Mutfak > Duş Sistemleri"
60004289,455418,Eviye,https://www.hepsiburada.com/evyeler-c-60004289,3,"Ev, Yasam, Kirtasiye, Ofis > Banyo & Mutfak > Eviye"
454873,455418,Tesisat,https://www.hepsiburada.com/banyo-tesisatlari-c-454873,3,"Ev, Yasam, Kirtasiye, Ofis > Banyo & Mutfak > Tesisat"
60000509,455418,Vitrifiye,https://www.hepsiburada.com/vitrifiyeler-c-60000509,3,"Ev, Yasam, Kirtasiye, Ofis > Banyo & Mutfak > Vitrifiye"
18021308,18021300,Aynalar,https://www.hepsiburada.com/duvar-aynalari-c-18021308,3,"Ev, Yasam, Kirtasiye, Ofis > Dekorasyon > Aynalar"
60003776,18021300,Biblo,https://www.hepsiburada.com/biblolar-c-60003776,3,"Ev, Yasam, Kirtasiye, Ofis > Dekorasyon > Biblo"
60006493,18021300,Boyanabilir Dekoratif Objeler,https://www.hepsiburada.com/boyanabilir-dekoratif-objeler-c-60006493,3,"Ev, Yasam, Kirtasiye, Ofis > Dekorasyon > Boyanabilir Dekoratif Objeler"
60006513,18021300,Dekoratif Hediyeler,https://www.hepsiburada.com/dekoratif-hediyeler-c-60006513,3,"Ev, Yasam, Kirtasiye, Ofis > Dekorasyon > Dekoratif Hediyeler"
60003775,18021300,Dekoratif Objeler,https://www.hepsiburada.com/dekoratif-objeler-c-60003775,3,"Ev, Yasam, Kirtasiye, Ofis > Dekorasyon > Dekoratif Objeler"
60006948,18021300,Dekoratif Sabunlar,https://www.hepsiburada.com/dekoratif-sabunlar-c-60006948,3,"Ev, Yasam, Kirtasiye, Ofis > Dekorasyon > Dekoratif Sabunlar"
60002981,18021300,Dekoratif Sepetler,https://www.hepsiburada.com/dekoratif-sepetler-c-60002981,3,"Ev, Yasam, Kirtasiye, Ofis > Dekorasyon > Dekoratif Sepetler"
60000511,18021300,Duvar Dekorları,https://www.hepsiburada.com/duvar-dekorlari-c-60000511,3,"Ev, Yasam, Kirtasiye, Ofis > Dekorasyon > Duvar Dekorları"
18021458,18021300,Duvar Saatleri,https://www.hepsiburada.com/ev-dekorasyon-duvar-saatleri-c-18021458,3,"Ev, Yasam, Kirtasiye, Ofis > Dekorasyon > Duvar Saatleri"
18021314,18021300,Ev Düzenleme & Saklama,https://www.hepsiburada.com/ev-duzenleyicileri-c-18021314,3,"Ev, Yasam, Kirtasiye, Ofis > Dekorasyon > Ev Düzenleme & Saklama"
60005841,18021300,Fotoğraf Albümleri,https://www.hepsiburada.com/fotograf-albumleri-c-60005841,3,"Ev, Yasam, Kirtasiye, Ofis > Dekorasyon > Fotoğraf Albümleri"
60006949,18021300,Kişiye Özel Dekoratif Ürünler,https://www.hepsiburada.com/kisiye-ozel-dekoratif-urunler-c-60006949,3,"Ev, Yasam, Kirtasiye, Ofis > Dekorasyon > Kişiye Özel Dekoratif Ürünler"
516324,18021300,Klasik Telefonlar,https://www.hepsiburada.com/klasik-telefonlar-c-516324,3,"Ev, Yasam, Kirtasiye, Ofis > Dekorasyon > Klasik Telefonlar"
60007263,18021300,Kokulu Taşlar & Kalıplar,https://www.hepsiburada.com/kokulu-taslar-kaliplar-c-60007263,3,"Ev, Yasam, Kirtasiye, Ofis > Dekorasyon > Kokulu Taşlar & Kalıplar"
60005110,18021300,Masa Lambaları,https://www.hepsiburada.com/masa-lambalari-c-60005110,3,"Ev, Yasam, Kirtasiye, Ofis > Dekorasyon > Masa Lambaları"
60001787,18021300,Parti Malzemeleri,https://www.hepsiburada.com/parti-malzemeleri-c-60001787,3,"Ev, Yasam, Kirtasiye, Ofis > Dekorasyon > Parti Malzemeleri"
60006444,18021300,Stickerlar & Folyolar,https://www.hepsiburada.com/dekoratif-stickerlar-c-60006444,3,"Ev, Yasam, Kirtasiye, Ofis > Dekorasyon > Stickerlar & Folyolar"
18021321,18021300,Tasarım Ürünleri,https://www.hepsiburada.com/tasarim-urunleri-c-18021321,3,"Ev, Yasam, Kirtasiye, Ofis > Dekorasyon > Tasarım Ürünleri"
80857469,18021300,Tütsü & Tütsülük,https://www.hepsiburada.com/tutsu-tutsuluk-c-80857469,3,"Ev, Yasam, Kirtasiye, Ofis > Dekorasyon > Tütsü & Tütsülük"
60004335,18021300,Yılbaşı Süsleri,https://www.hepsiburada.com/yilbasi-susleri-c-60004335,3,"Ev, Yasam, Kirtasiye, Ofis > Dekorasyon > Yılbaşı Süsleri"
18021992,18021300,fotograf cerceveleri,https://www.hepsiburada.com/fotograf-cerceveleri-c-18021992,3,"Ev, Yasam, Kirtasiye, Ofis > Dekorasyon > fotograf cerceveleri"
18021318,18021300,mum kokular,https://www.hepsiburada.com/mum-kokular-c-18021318,3,"Ev, Yasam, Kirtasiye, Ofis > Dekorasyon > mum kokular"
18021371,18021300,Şamdan & Mumluk,https://www.hepsiburada.com/mumluklar-samdanlar-c-18021371,3,"Ev, Yasam, Kirtasiye, Ofis > Dekorasyon > Şamdan & Mumluk"
80494051,2147483618,Aksesuarlar,https://www.hepsiburada.com/aksesuarlar-c-80494051,3,"Ev, Yasam, Kirtasiye, Ofis > Ev Tekstili > Aksesuarlar"
9009841,2147483618,Alez,https://www.hepsiburada.com/alezler-c-9009841,3,"Ev, Yasam, Kirtasiye, Ofis > Ev Tekstili > Alez"
9010073,2147483618,Banyo Tekstili,https://www.hepsiburada.com/banyo-tekstili-urunleri-c-9010073,3,"Ev, Yasam, Kirtasiye, Ofis > Ev Tekstili > Banyo Tekstili"
512329,2147483618,Battaniye,https://www.hepsiburada.com/battaniyeler-c-512329,3,"Ev, Yasam, Kirtasiye, Ofis > Ev Tekstili > Battaniye"
9010084,2147483618,Ev Dekorasyon Ürünleri,https://www.hepsiburada.com/ev-dekorasyon-urunleri-c-9010084,3,"Ev, Yasam, Kirtasiye, Ofis > Ev Tekstili > Ev Dekorasyon Ürünleri"
9022246,2147483618,Halı,https://www.hepsiburada.com/halilar-c-9022246,3,"Ev, Yasam, Kirtasiye, Ofis > Ev Tekstili > Halı"
9010074,2147483618,Havlu,https://www.hepsiburada.com/havlular-c-9010074,3,"Ev, Yasam, Kirtasiye, Ofis > Ev Tekstili > Havlu"
9010107,2147483618,Masa Örtüleri,https://www.hepsiburada.com/masa-ortuleri-c-9010107,3,"Ev, Yasam, Kirtasiye, Ofis > Ev Tekstili > Masa Örtüleri"
9010068,2147483618,Mutfak Tekstili,https://www.hepsiburada.com/mutfak-urunleri-c-9010068,3,"Ev, Yasam, Kirtasiye, Ofis > Ev Tekstili > Mutfak Tekstili"
9022247,2147483618,Perde,https://www.hepsiburada.com/perdeler-c-9022247,3,"Ev, Yasam, Kirtasiye, Ofis > Ev Tekstili > Perde"
512226,2147483618,Pike / Pike Takımı,https://www.hepsiburada.com/pike-pike-takimlari-c-512226,3,"Ev, Yasam, Kirtasiye, Ofis > Ev Tekstili > Pike / Pike Takımı"
510005,2147483618,Uyku Seti,https://www.hepsiburada.com/uyku-setleri-c-510005,3,"Ev, Yasam, Kirtasiye, Ofis > Ev Tekstili > Uyku Seti"
80857014,2147483618,Yastık & Yorgan Dolgu Malzemeleri,https://www.hepsiburada.com/yastik-yorgan-dolgu-malzemeleri-c-80857014,3,"Ev, Yasam, Kirtasiye, Ofis > Ev Tekstili > Yastık & Yorgan Dolgu Malzemeleri"
60002182,2147483618,Yatak Pedleri / Şilteler,https://www.hepsiburada.com/yatak-pedleri-silteler-c-60002182,3,"Ev, Yasam, Kirtasiye, Ofis > Ev Tekstili > Yatak Pedleri / Şilteler"
512544,2147483618,Yatak Örtüsü,https://www.hepsiburada.com/yatak-ortuleri-c-512544,3,"Ev, Yasam, Kirtasiye, Ofis > Ev Tekstili > Yatak Örtüsü"
510009,2147483618,Yorgan,https://www.hepsiburada.com/yorganlar-c-510009,3,"Ev, Yasam, Kirtasiye, Ofis > Ev Tekstili > Yorgan"
60005084,2147483618,bornozlar,https://www.hepsiburada.com/bornozlar-c-60005084,3,"Ev, Yasam, Kirtasiye, Ofis > Ev Tekstili > bornozlar"
9009842,2147483618,Çarşaf / Yastık Kılıfı,https://www.hepsiburada.com/carsaf-yastik-kiliflari-c-9009842,3,"Ev, Yasam, Kirtasiye, Ofis > Ev Tekstili > Çarşaf / Yastık Kılıfı"
60003295,2147483618,Çeyiz Seti,https://www.hepsiburada.com/ceyiz-ev-tekstili-paketleri-c-60003295,3,"Ev, Yasam, Kirtasiye, Ofis > Ev Tekstili > Çeyiz Seti"
18021305,18021299,Antre / Hol,https://www.hepsiburada.com/antre-holler-c-18021305,3,"Ev, Yasam, Kirtasiye, Ofis > Mobilya > Antre / Hol"
60003483,18021299,Banyo Dolapları,https://www.hepsiburada.com/banyo-dolaplari-c-60003483,3,"Ev, Yasam, Kirtasiye, Ofis > Mobilya > Banyo Dolapları"
60001284,18021299,Bebek Odası,https://www.hepsiburada.com/bebek-odalari-c-60001284,3,"Ev, Yasam, Kirtasiye, Ofis > Mobilya > Bebek Odası"
18021386,18021299,Genç Odası,https://www.hepsiburada.com/genc-odalari-c-18021386,3,"Ev, Yasam, Kirtasiye, Ofis > Mobilya > Genç Odası"
18021304,18021299,Mutfak,https://www.hepsiburada.com/mutfak-mobilya-dekorasyon-c-18021304,3,"Ev, Yasam, Kirtasiye, Ofis > Mobilya > Mutfak"
60004893,18021299,Ofis Mobilyaları,https://www.hepsiburada.com/ofis-dekorasyon-c-60004893,3,"Ev, Yasam, Kirtasiye, Ofis > Mobilya > Ofis Mobilyaları"
18021303,18021299,Oturma Odası,https://www.hepsiburada.com/oturma-odalari-c-18021303,3,"Ev, Yasam, Kirtasiye, Ofis > Mobilya > Oturma Odası"
18021301,18021299,Yatak Odası,https://www.hepsiburada.com/yatak-odalari-c-18021301,3,"Ev, Yasam, Kirtasiye, Ofis > Mobilya > Yatak Odası"
18021302,18021299,Yemek Odası,https://www.hepsiburada.com/yemek-odalari-c-18021302,3,"Ev, Yasam, Kirtasiye, Ofis > Mobilya > Yemek Odası"
18021307,18021299,Çalışma Odası,https://www.hepsiburada.com/calisma-odalari-c-18021307,3,"Ev, Yasam, Kirtasiye, Ofis > Mobilya > Çalışma Odası"
80702000,18021299,Çocuk Odası,https://www.hepsiburada.com/cocuk-odasi-c-80702000,3,"Ev, Yasam, Kirtasiye, Ofis > Mobilya > Çocuk Odası"
80750005,80227101,100 gram gumus,https://www.hepsiburada.com/100-gram-gumus-c-80750005,3,"Ev, Yasam, Kirtasiye, Ofis > Montaj Hizmeti > 100 gram gumus"
105307,80227101,cevirici adaptorler,https://www.hepsiburada.com/cevirici-adaptorler-c-105307,3,"Ev, Yasam, Kirtasiye, Ofis > Montaj Hizmeti > cevirici adaptorler"
80229026,80227101,direksiyon seti,https://www.hepsiburada.com/direksiyon-seti-c-80229026,3,"Ev, Yasam, Kirtasiye, Ofis > Montaj Hizmeti > direksiyon seti"
60006399,80227101,filtre kahve makineleri,https://www.hepsiburada.com/filtre-kahve-makineleri-c-60006399,3,"Ev, Yasam, Kirtasiye, Ofis > Montaj Hizmeti > filtre kahve makineleri"
60001544,80227101,guc kaynaklari ups,https://www.hepsiburada.com/guc-kaynaklari-ups-c-60001544,3,"Ev, Yasam, Kirtasiye, Ofis > Montaj Hizmeti > guc kaynaklari ups"
15456,80227101,laminasyon posetleri,https://www.hepsiburada.com/laminasyon-posetleri-c-15456,3,"Ev, Yasam, Kirtasiye, Ofis > Montaj Hizmeti > laminasyon posetleri"
15410,80227101,personel calisma koltuklari,https://www.hepsiburada.com/personel-calisma-koltuklari-c-15410,3,"Ev, Yasam, Kirtasiye, Ofis > Montaj Hizmeti > personel calisma koltuklari"
60003892,80227101,playstation 4 konsollari,https://www.hepsiburada.com/playstation-4-konsollari-c-60003892,3,"Ev, Yasam, Kirtasiye, Ofis > Montaj Hizmeti > playstation 4 konsollari"
60002241,18021983,banyo dolaplari,https://www.hepsiburada.com/banyo-dolaplari-c-60002241,3,"Ev, Yasam, Kirtasiye, Ofis > banyo lavabo bataryalari > banyo dolaplari"
60000017,457065,banyo aynalari,https://www.hepsiburada.com/banyo-aynalari-c-60000017,3,"Ev, Yasam, Kirtasiye, Ofis > banyo mobilyalari > banyo aynalari"
18021341,18043090,Bilgisayar Masaları,https://www.hepsiburada.com/bilgisayar-masalari-calisma-uniteleri-c-18021341,3,"Ev, Yasam, Kirtasiye, Ofis > calisma masalari > Bilgisayar Masaları"
60000382,60005229,bahce dekorasyonu,https://www.hepsiburada.com/bahce-dekorasyonu-c-60000382,3,"Ev, Yasam, Kirtasiye, Ofis > dekoratif saksilar > bahce dekorasyonu"
34001194,60005229,bahce mobilyalari,https://www.hepsiburada.com/bahce-mobilyalari-c-34001194,3,"Ev, Yasam, Kirtasiye, Ofis > dekoratif saksilar > bahce mobilyalari"
18021999,18021981,kuvetler,https://www.hepsiburada.com/kuvetler-c-18021999,3,"Ev, Yasam, Kirtasiye, Ofis > jakuziler > kuvetler"
60001664,18021342,ofis dolaplari,https://www.hepsiburada.com/ofis-dolaplari-c-60001664,3,"Ev, Yasam, Kirtasiye, Ofis > kitaplik > ofis dolaplari"
21032929,18021342,ofis masalari,https://www.hepsiburada.com/ofis-masalari-c-21032929,3,"Ev, Yasam, Kirtasiye, Ofis > kitaplik > ofis masalari"
9010082,18021930,banyo klozet takimlari,https://www.hepsiburada.com/banyo-klozet-takimlari-c-9010082,3,"Ev, Yasam, Kirtasiye, Ofis > klozetler > banyo klozet takimlari"
60001304,13006524,oto farlari,https://www.hepsiburada.com/oto-farlari-c-60001304,3,"Ev, Yasam, Kirtasiye, Ofis > led ampuller > oto farlari"
32001851,80340130,makyaj aynalari,https://www.hepsiburada.com/makyaj-aynalari-c-32001851,3,"Ev, Yasam, Kirtasiye, Ofis > makyaj masasi > makyaj aynalari"
60001363,9010093,Kapı Önü Paspaslar,https://www.hepsiburada.com/kapi-onu-paspaslar-c-60001363,3,"Ev, Yasam, Kirtasiye, Ofis > paspaslar > Kapı Önü Paspaslar"
9010411,9010093,Zemin Koruyucular,https://www.hepsiburada.com/zemin-koruyucular-c-9010411,3,"Ev, Yasam, Kirtasiye, Ofis > paspaslar > Zemin Koruyucular"
18021330,18021425,Komodin Şifonyerler,https://www.hepsiburada.com/komodin-sifonyerler-c-18021330,3,"Ev, Yasam, Kirtasiye, Ofis > sifonyerler > Komodin Şifonyerler"
80618110,18021320,Cam Tablolar,https://www.hepsiburada.com/cam-tablolar-c-80618110,3,"Ev, Yasam, Kirtasiye, Ofis > tablolar > Cam Tablolar"
60005461,18021320,Deri Tablo,https://www.hepsiburada.com/deri-tablolar-c-60005461,3,"Ev, Yasam, Kirtasiye, Ofis > tablolar > Deri Tablo"
80774000,18021320,Duvar Örtüsü,https://www.hepsiburada.com/duvar-ortusu-c-80774000,3,"Ev, Yasam, Kirtasiye, Ofis > tablolar > Duvar Örtüsü"
80547088,18021320,Epoksi Tablolar,https://www.hepsiburada.com/epoksi-tablolar-c-80547088,3,"Ev, Yasam, Kirtasiye, Ofis > tablolar > Epoksi Tablolar"
60005639,18021320,Kabartma Tablolar,https://www.hepsiburada.com/kabartma-tablolar-c-60005639,3,"Ev, Yasam, Kirtasiye, Ofis > tablolar > Kabartma Tablolar"
18021373,18021320,Kanvas Tablolar,https://www.hepsiburada.com/kanvas-tablolar-c-18021373,3,"Ev, Yasam, Kirtasiye, Ofis > tablolar > Kanvas Tablolar"
60005746,18021320,Kara Tahta Tablolar,https://www.hepsiburada.com/kara-tahta-tablolar-c-60005746,3,"Ev, Yasam, Kirtasiye, Ofis > tablolar > Kara Tahta Tablolar"
60003566,18021320,Led Işıklı Tablolar,https://www.hepsiburada.com/led-isikli-tablolar-c-60003566,3,"Ev, Yasam, Kirtasiye, Ofis > tablolar > Led Işıklı Tablolar"
60002497,18021320,MDF Tablolar,https://www.hepsiburada.com/mdf-tablolar-c-60002497,3,"Ev, Yasam, Kirtasiye, Ofis > tablolar > MDF Tablolar"
80517000,18021320,Masif Ahşap Tablolar,https://www.hepsiburada.com/masif-ahsap-tablolar-c-80517000,3,"Ev, Yasam, Kirtasiye, Ofis > tablolar > Masif Ahşap Tablolar"
60003474,18021320,Metal Tablolar,https://www.hepsiburada.com/metal-tablolar-c-60003474,3,"Ev, Yasam, Kirtasiye, Ofis > tablolar > Metal Tablolar"
60003475,18021320,Pleksi Tablolar,https://www.hepsiburada.com/pleksi-tablolar-c-60003475,3,"Ev, Yasam, Kirtasiye, Ofis > tablolar > Pleksi Tablolar"
60005747,18021320,Puzzle Tablolar,https://www.hepsiburada.com/puzzle-tablolar-c-60005747,3,"Ev, Yasam, Kirtasiye, Ofis > tablolar > Puzzle Tablolar"
60005098,18021320,Taş Tablolar,https://www.hepsiburada.com/tas-tablolar-c-60005098,3,"Ev, Yasam, Kirtasiye, Ofis > tablolar > Taş Tablolar"
18021375,18021320,Yağlı Boya Tablolar,https://www.hepsiburada.com/yagli-boya-tablolar-c-18021375,3,"Ev, Yasam, Kirtasiye, Ofis > tablolar > Yağlı Boya Tablolar"
80440035,18021320,Çerçeveli Tablolar,https://www.hepsiburada.com/cerceveli-tablolar-c-80440035,3,"Ev, Yasam, Kirtasiye, Ofis > tablolar > Çerçeveli Tablolar"
9013158,9011674,tek banyo paspaslari,https://www.hepsiburada.com/tek-banyo-paspaslari-c-9013158,3,"Ev, Yasam, Kirtasiye, Ofis > takim banyo paspaslari > tek banyo paspaslari"
80857622,18021358,Ahşap Vazo,https://www.hepsiburada.com/ahsap-vazo-c-80857622,3,"Ev, Yasam, Kirtasiye, Ofis > vazolar > Ahşap Vazo"
18021452,18021358,Cam Vazolar,https://www.hepsiburada.com/cam-vazolar-c-18021452,3,"Ev, Yasam, Kirtasiye, Ofis > vazolar > Cam Vazolar"
80771002,18021358,Mermer Vazo,https://www.hepsiburada.com/mermer-vazo-c-80771002,3,"Ev, Yasam, Kirtasiye, Ofis > vazolar > Mermer Vazo"
60003785,18021358,Metal Vazo,https://www.hepsiburada.com/metal-vazolar-c-60003785,3,"Ev, Yasam, Kirtasiye, Ofis > vazolar > Metal Vazo"
80857586,18021358,Plastik Vazo,https://www.hepsiburada.com/plastik-vazo-c-80857586,3,"Ev, Yasam, Kirtasiye, Ofis > vazolar > Plastik Vazo"
18021454,18021358,Seramik Vazolar,https://www.hepsiburada.com/seramik-vazolar-c-18021454,3,"Ev, Yasam, Kirtasiye, Ofis > vazolar > Seramik Vazolar"
9010092,80275209,kilimler,https://www.hepsiburada.com/kilimler-c-9010092,3,"Ev, Yasam, Kirtasiye, Ofis > yolluk > kilimler"
18021332,18021617,Sehpalar,https://www.hepsiburada.com/sehpalar-c-18021332,3,"Ev, Yasam, Kirtasiye, Ofis > zigon sehpalar > Sehpalar"
10007302,2147483640,Animasyon / Çizgi Film,https://www.hepsiburada.com/animasyon-cizgi-filmler-c-10007302,3,"Kitap, Muzik, Film, Hobi > Film > Animasyon / Çizgi Film"
177407,2147483640,Belgesel,https://www.hepsiburada.com/belgesel-filmleri-c-177407,3,"Kitap, Muzik, Film, Hobi > Film > Belgesel"
176839,2147483640,Eğitim / Sağlık,https://www.hepsiburada.com/egitim-saglik-filmleri-c-176839,3,"Kitap, Muzik, Film, Hobi > Film > Eğitim / Sağlık"
10005596,2147483640,Film Figür / Aksesuarları,https://www.hepsiburada.com/film-figur-aksesuarlari-c-10005596,3,"Kitap, Muzik, Film, Hobi > Film > Film Figür / Aksesuarları"
10007318,2147483640,Müzik / Sahne,https://www.hepsiburada.com/muzik-sahne-filmleri-c-10007318,3,"Kitap, Muzik, Film, Hobi > Film > Müzik / Sahne"
10007953,2147483640,Poster,https://www.hepsiburada.com/poster-c-10007953,3,"Kitap, Muzik, Film, Hobi > Film > Poster"
177278,2147483640,Spor / Yoga / Hobi,https://www.hepsiburada.com/spor-yoga-hobi-dvd-setleri-c-177278,3,"Kitap, Muzik, Film, Hobi > Film > Spor / Yoga / Hobi"
10007286,2147483640,Yabancı Film,https://www.hepsiburada.com/yabanci-filmler-c-10007286,3,"Kitap, Muzik, Film, Hobi > Film > Yabancı Film"
178174,2147483640,Yerli Film,https://www.hepsiburada.com/yerli-filmler-c-178174,3,"Kitap, Muzik, Film, Hobi > Film > Yerli Film"
60007251,2147483640,ev sinema sistemleri,https://www.hepsiburada.com/ev-sinema-sistemleri-c-60007251,3,"Kitap, Muzik, Film, Hobi > Film > ev sinema sistemleri"
19018197,408010,klasik gitarlar,https://www.hepsiburada.com/klasik-gitarlar-c-19018197,3,"Kitap, Muzik, Film, Hobi > akordiyonlar > klasik gitarlar"
213021,234464,Ders Sınav Kitapları,https://www.hepsiburada.com/ders-sinav-kitaplari-c-213021,3,"Kitap, Muzik, Film, Hobi > ales kitaplari > Ders Sınav Kitapları"
234462,234464,dgs kitaplari,https://www.hepsiburada.com/dgs-kitaplari-c-234462,3,"Kitap, Muzik, Film, Hobi > ales kitaplari > dgs kitaplari"
234456,234464,kpss kitaplari,https://www.hepsiburada.com/kpss-kitaplari-c-234456,3,"Kitap, Muzik, Film, Hobi > ales kitaplari > kpss kitaplari"
1515098,1515050,isim sozlukleri kitaplari,https://www.hepsiburada.com/isim-sozlukleri-kitaplari-c-1515098,3,"Kitap, Muzik, Film, Hobi > atasozleri deyimler sozlukleri > isim sozlukleri kitaplari"
411139,411157,Enstrüman Telleri,https://www.hepsiburada.com/enstruman-telleri-c-411139,3,"Kitap, Muzik, Film, Hobi > baglama telleri > Enstrüman Telleri"
60001365,402814,Telli Çalgılar,https://www.hepsiburada.com/telli-calgilar-c-60001365,3,"Kitap, Muzik, Film, Hobi > baglamalar > Telli Çalgılar"
80530104,80530105,"Sahne Işıklandırma, Şov",https://www.hepsiburada.com/sahne-isiklandirma-sov-c-80530104,3,"Kitap, Muzik, Film, Hobi > balon makinesi > Sahne Işıklandırma, Şov"
60000822,9914,muzik albumleri,https://www.hepsiburada.com/muzik-albumleri-c-60000822,3,"Kitap, Muzik, Film, Hobi > cocuk kitaplari > muzik albumleri"
400250,10785,Vurmali Çalgılar,https://www.hepsiburada.com/vurmali-calgilar-c-400250,3,"Kitap, Muzik, Film, Hobi > defler > Vurmali Çalgılar"
60001735,2147483645,Aile & Çocuk Bakımı,https://www.hepsiburada.com/aile-kitaplari-c-60001735,3,"Kitap, Muzik, Film, Hobi > kitaplar > Aile & Çocuk Bakımı"
15033031,2147483645,Akademik,https://www.hepsiburada.com/akademik-kitaplar-c-15033031,3,"Kitap, Muzik, Film, Hobi > kitaplar > Akademik"
80224072,2147483645,Aktivite & Eğitici Kitaplar,https://www.hepsiburada.com/aktivite-egitici-kitaplar-c-80224072,3,"Kitap, Muzik, Film, Hobi > kitaplar > Aktivite & Eğitici Kitaplar"
1501689,2147483645,"Araştırma ,Tarih & Siyaset",https://www.hepsiburada.com/arastirma-inceleme-c-1501689,3,"Kitap, Muzik, Film, Hobi > kitaplar > Araştırma ,Tarih & Siyaset"
10004,2147483645,Dergi,https://www.hepsiburada.com/dergiler-c-10004,3,"Kitap, Muzik, Film, Hobi > kitaplar > Dergi"
80196008,2147483645,Dijital Yayınlar,https://www.hepsiburada.com/dijital-yayinlar-c-80196008,3,"Kitap, Muzik, Film, Hobi > kitaplar > Dijital Yayınlar"
80196010,2147483645,Din ve Mitoloji,https://www.hepsiburada.com/din-ve-mitoloji-c-80196010,3,"Kitap, Muzik, Film, Hobi > kitaplar > Din ve Mitoloji"
1501753,2147483645,Edebiyat,https://www.hepsiburada.com/edebiyat-kitaplari-c-1501753,3,"Kitap, Muzik, Film, Hobi > kitaplar > Edebiyat"
15033037,2147483645,Eğitim,https://www.hepsiburada.com/egitim-kitaplari-c-15033037,3,"Kitap, Muzik, Film, Hobi > kitaplar > Eğitim"
9959,2147483645,Gezi & Turizm,https://www.hepsiburada.com/turizm-gezi-kitaplari-c-9959,3,"Kitap, Muzik, Film, Hobi > kitaplar > Gezi & Turizm"
215402,2147483645,Hobi,https://www.hepsiburada.com/hobi-kitaplari-c-215402,3,"Kitap, Muzik, Film, Hobi > kitaplar > Hobi"
80857054,2147483645,Kitap Okuma Aksesuarları,https://www.hepsiburada.com/kitap-okuma-aksesuarlari-c-80857054,3,"Kitap, Muzik, Film, Hobi > kitaplar > Kitap Okuma Aksesuarları"
9925,2147483645,Kişisel Gelişim & Psikoloji,https://www.hepsiburada.com/kisisel-gelisim-kitaplari-kitaplari-c-9925,3,"Kitap, Muzik, Film, Hobi > kitaplar > Kişisel Gelişim & Psikoloji"
60002402,2147483645,Online Eğitim,https://www.hepsiburada.com/online-egitim-c-60002402,3,"Kitap, Muzik, Film, Hobi > kitaplar > Online Eğitim"
80220105,2147483645,Sanat,https://www.hepsiburada.com/sanat-c-80220105,3,"Kitap, Muzik, Film, Hobi > kitaplar > Sanat"
80196007,2147483645,"Sağlık, Spor ve Diyet",https://www.hepsiburada.com/saglik-spor-ve-diyet-c-80196007,3,"Kitap, Muzik, Film, Hobi > kitaplar > Sağlık, Spor ve Diyet"
60001648,2147483645,Sesli Kitaplar,https://www.hepsiburada.com/sesli-kitaplar-c-60001648,3,"Kitap, Muzik, Film, Hobi > kitaplar > Sesli Kitaplar"
15039802,2147483645,Yabancı Dil Kitaplar (Foreign Languages),https://www.hepsiburada.com/ithal-kitaplar-c-15039802,3,"Kitap, Muzik, Film, Hobi > kitaplar > Yabancı Dil Kitaplar (Foreign Languages)"
9992,2147483645,Yemek,https://www.hepsiburada.com/yemek-gurme-icecek-kitaplari-c-9992,3,"Kitap, Muzik, Film, Hobi > kitaplar > Yemek"
213862,2147483645,ders kitaplari yardimci kitaplar,https://www.hepsiburada.com/ders-kitaplari-yardimci-kitaplar-c-213862,3,"Kitap, Muzik, Film, Hobi > kitaplar > ders kitaplari yardimci kitaplar"
10796,2147483645,poster,https://www.hepsiburada.com/poster-c-10796,3,"Kitap, Muzik, Film, Hobi > kitaplar > poster"
80196009,2147483645,Çizgi Roman & Mizah,https://www.hepsiburada.com/cizgi-roman-mizah-c-80196009,3,"Kitap, Muzik, Film, Hobi > kitaplar > Çizgi Roman & Mizah"
80196011,2147483645,"İş, Ekonomi & Pazarlama",https://www.hepsiburada.com/is-ekonomi-pazarlama-c-80196011,3,"Kitap, Muzik, Film, Hobi > kitaplar > İş, Ekonomi & Pazarlama"
60003639,60003643,kpss genel kultur genel yetenek kitaplari,https://www.hepsiburada.com/kpss-genel-kultur-genel-yetenek-kitaplari-c-60003639,3,"Kitap, Muzik, Film, Hobi > kpss genel kultur yetenek konu anlatimli kitaplar > kpss genel kultur genel yetenek kitaplari"
1514628,1514631,fizik kitaplari,https://www.hepsiburada.com/fizik-kitaplari-c-1514628,3,"Kitap, Muzik, Film, Hobi > matematik kitaplari > fizik kitaplari"
411209,402930,Nefesli Çalgılar,https://www.hepsiburada.com/nefesli-calgilar-c-411209,3,"Kitap, Muzik, Film, Hobi > melodikalar > Nefesli Çalgılar"
60001362,405379,Stüdyo & DJ Ekipmanları,https://www.hepsiburada.com/profesyonel-muzik-ses-sistemler-c-60001362,3,"Kitap, Muzik, Film, Hobi > muzik keyboard > Stüdyo & DJ Ekipmanları"
19018196,405379,gitarlar,https://www.hepsiburada.com/gitarlar-c-19018196,3,"Kitap, Muzik, Film, Hobi > muzik keyboard > gitarlar"
411237,405379,yayli calgilar,https://www.hepsiburada.com/yayli-calgilar-c-411237,3,"Kitap, Muzik, Film, Hobi > muzik keyboard > yayli calgilar"
411138,406932,muzik ekipman aksesuarlari,https://www.hepsiburada.com/muzik-ekipman-aksesuarlari-c-411138,3,"Kitap, Muzik, Film, Hobi > pikaplar > muzik ekipman aksesuarlari"
80530127,406932,tuslu calgilar,https://www.hepsiburada.com/tuslu-calgilar-c-80530127,3,"Kitap, Muzik, Film, Hobi > pikaplar > tuslu calgilar"
411238,80525103,kemanlar,https://www.hepsiburada.com/kemanlar-c-411238,3,"Kitap, Muzik, Film, Hobi > santur > kemanlar"
1501702,1514681,roman kitaplari,https://www.hepsiburada.com/roman-kitaplari-c-1501702,3,"Kitap, Muzik, Film, Hobi > tum dersler kitaplari > roman kitaplari"
1503568,1514634,yds kitaplari,https://www.hepsiburada.com/yds-kitaplari-c-1503568,3,"Kitap, Muzik, Film, Hobi > turkce kitaplari > yds kitaplari"
80371041,1515048,lgs,https://www.hepsiburada.com/lgs-c-80371041,3,"Kitap, Muzik, Film, Hobi > turkce sozluk kitaplari > lgs"
9916,1515095,Sözlük İmla Kitapları,https://www.hepsiburada.com/sozluk-imla-kilavuzlari-kitaplari-c-9916,3,"Kitap, Muzik, Film, Hobi > yazim imla kilavuzlari kitaplari > Sözlük İmla Kitapları"
9957,1515095,ansiklopediler,https://www.hepsiburada.com/ansiklopediler-c-9957,3,"Kitap, Muzik, Film, Hobi > yazim imla kilavuzlari kitaplari > ansiklopediler"
32010977,2147483603,rujlar,https://www.hepsiburada.com/rujlar-c-32010977,3,"Kozmetik, Kisisel Bakim > Kozmetik > rujlar"
60004068,2147483633,Ayak & Tırnak Bakımı,https://www.hepsiburada.com/ayak-bakim-urunleri-c-60004068,3,"Kozmetik, Kisisel Bakim > Sağlık / Kişisel Bakım > Ayak & Tırnak Bakımı"
26012354,2147483633,Duş ve Banyo Ürünleri,https://www.hepsiburada.com/dus-banyo-urunleri-c-26012354,3,"Kozmetik, Kisisel Bakim > Sağlık / Kişisel Bakım > Duş ve Banyo Ürünleri"
80111004,2147483633,Güzellik Salonu & Kuaför Ürünleri,https://www.hepsiburada.com/guzellik-salonu-kuafor-malzemeleri-c-80111004,3,"Kozmetik, Kisisel Bakim > Sağlık / Kişisel Bakım > Güzellik Salonu & Kuaför Ürünleri"
80134000,2147483633,"Hotel, Restoran & Cafe İhtiyaçları",https://www.hepsiburada.com/hotel-restoran-cafe-ihtiyaclari-c-80134000,3,"Kozmetik, Kisisel Bakim > Sağlık / Kişisel Bakım > Hotel, Restoran & Cafe İhtiyaçları"
26012115,2147483633,Kadın Pedleri & Hijyen Ürünleri,https://www.hepsiburada.com/kadin-bakim-urunleri-c-26012115,3,"Kozmetik, Kisisel Bakim > Sağlık / Kişisel Bakım > Kadın Pedleri & Hijyen Ürünleri"
80433054,2147483633,Kişisel Bakım & Tıraş Makinesi Yedek Parçaları,https://www.hepsiburada.com/tiras-makinesi-yedek-parcalari-c-80433054,3,"Kozmetik, Kisisel Bakim > Sağlık / Kişisel Bakım > Kişisel Bakım & Tıraş Makinesi Yedek Parçaları"
60005107,2147483633,Kişisel Bakım Aletleri,https://www.hepsiburada.com/kisisel-bakim-aletleri-c-60005107,3,"Kozmetik, Kisisel Bakim > Sağlık / Kişisel Bakım > Kişisel Bakım Aletleri"
80114004,2147483633,"Masaj, Spa & Wellness",https://www.hepsiburada.com/masaj-spa-wellness-c-80114004,3,"Kozmetik, Kisisel Bakim > Sağlık / Kişisel Bakım > Masaj, Spa & Wellness"
339715,2147483633,Medikal Ürünler,https://www.hepsiburada.com/medikal-urunler-c-339715,3,"Kozmetik, Kisisel Bakim > Sağlık / Kişisel Bakım > Medikal Ürünler"
26012170,2147483633,Sağlık Ürünleri,https://www.hepsiburada.com/saglik-urunleri-c-26012170,3,"Kozmetik, Kisisel Bakim > Sağlık / Kişisel Bakım > Sağlık Ürünleri"
354020,2147483633,Sporcu Besinleri & Suplementer,https://www.hepsiburada.com/sporcu-besinleri-c-354020,3,"Kozmetik, Kisisel Bakim > Sağlık / Kişisel Bakım > Sporcu Besinleri & Suplementer"
80381011,2147483633,Yetişkin Ürünler +18,https://www.hepsiburada.com/yetiskin-urunler-18-c-80381011,3,"Kozmetik, Kisisel Bakim > Sağlık / Kişisel Bakım > Yetişkin Ürünler +18"
26012117,2147483633,dis fircalari,https://www.hepsiburada.com/dis-fircalari-c-26012117,3,"Kozmetik, Kisisel Bakim > Sağlık / Kişisel Bakım > dis fircalari"
32010888,2147483633,el tirnak bakim urunleri,https://www.hepsiburada.com/el-tirnak-bakim-urunleri-c-32010888,3,"Kozmetik, Kisisel Bakim > Sağlık / Kişisel Bakım > el tirnak bakim urunleri"
80216058,80216054,agda aksesuarlari,https://www.hepsiburada.com/agda-aksesuarlari-c-80216058,3,"Kozmetik, Kisisel Bakim > agda makinesi > agda aksesuarlari"
26012146,80216054,agda epilasyon sonrasi bakim urunleri,https://www.hepsiburada.com/agda-epilasyon-sonrasi-bakim-urunleri-c-26012146,3,"Kozmetik, Kisisel Bakim > agda makinesi > agda epilasyon sonrasi bakim urunleri"
32010891,32010907,Temizleyiciler Tonikler,https://www.hepsiburada.com/temizleyiciler-tonikler-c-32010891,3,"Kozmetik, Kisisel Bakim > jel sabunlar > Temizleyiciler Tonikler"
32010965,32010986,Göz Makyajı Ürünleri,https://www.hepsiburada.com/goz-makyaji-urunleri-c-32010965,3,"Kozmetik, Kisisel Bakim > mascaralar > Göz Makyajı Ürünleri"
32010885,32010894,Yüz Bakım Ürünleri,https://www.hepsiburada.com/yuz-bakim-urunleri-c-32010885,3,"Kozmetik, Kisisel Bakim > nemlendiriciler > Yüz Bakım Ürünleri"
32010683,341406,Erkek Parfüm,https://www.hepsiburada.com/erkek-parfumler-c-32010683,3,"Kozmetik, Kisisel Bakim > parfumler > Erkek Parfüm"
32010684,341406,Kadın Parfüm,https://www.hepsiburada.com/kadin-parfumler-c-32010684,3,"Kozmetik, Kisisel Bakim > parfumler > Kadın Parfüm"
80590045,341406,cocuk parfum,https://www.hepsiburada.com/cocuk-parfum-c-80590045,3,"Kozmetik, Kisisel Bakim > parfumler > cocuk parfum"
80857230,341406,luks parfum,https://www.hepsiburada.com/luks-parfum-c-80857230,3,"Kozmetik, Kisisel Bakim > parfumler > luks parfum"
32010925,341406,vucut nemlendiriciler,https://www.hepsiburada.com/vucut-nemlendiriciler-c-32010925,3,"Kozmetik, Kisisel Bakim > parfumler > vucut nemlendiriciler"
60004670,26012177,akilli bileklikler,https://www.hepsiburada.com/akilli-bileklikler-c-60004670,3,"Kozmetik, Kisisel Bakim > pedometreler adimsayarlar > akilli bileklikler"
6000694,27073740,glutensiz urunler,https://www.hepsiburada.com/glutensiz-urunler-c-6000694,3,"Kozmetik, Kisisel Bakim > shaker > glutensiz urunler"
28002842,27073740,organik urunler,https://www.hepsiburada.com/organik-urunler-c-28002842,3,"Kozmetik, Kisisel Bakim > shaker > organik urunler"
26012213,80647033,hava nemlendirme cihazlarioksimetreler,https://www.hepsiburada.com/hava-nemlendirme-cihazlarioksimetreler-c-26012213,3,"Kozmetik, Kisisel Bakim > tekerlekli sandalye > hava nemlendirme cihazlarioksimetreler"
80111009,26000873,el ayak bakim urunleri,https://www.hepsiburada.com/el-ayak-bakim-urunleri-c-80111009,3,"Kozmetik, Kisisel Bakim > tirnak makasi > el ayak bakim urunleri"
32010975,26000873,ojeler,https://www.hepsiburada.com/ojeler-c-32010975,3,"Kozmetik, Kisisel Bakim > tirnak makasi > ojeler"
26012361,80216061,Manikür Pedikür Malzemeleri,https://www.hepsiburada.com/manikur-pedikur-malzemeleri-c-26012361,3,"Kozmetik, Kisisel Bakim > topuk torpusu > Manikür Pedikür Malzemeleri"
332758,80216061,tirnak bakim seti,https://www.hepsiburada.com/tirnak-bakim-seti-c-332758,3,"Kozmetik, Kisisel Bakim > topuk torpusu > tirnak bakim seti"
340062,80216061,tirnak torpusu,https://www.hepsiburada.com/tirnak-torpusu-c-340062,3,"Kozmetik, Kisisel Bakim > topuk torpusu > tirnak torpusu"
26012147,80216050,Tüy Dökücü Sarartıcı Ürünler,https://www.hepsiburada.com/tuy-dokucu-sarartici-urunler-c-26012147,3,"Kozmetik, Kisisel Bakim > tuy dokucu krem > Tüy Dökücü Sarartıcı Ürünler"
26012217,26012237,Ortopedi Ürünleri,https://www.hepsiburada.com/ortopedi-urunleri-c-26012217,3,"Kozmetik, Kisisel Bakim > varis coraplari > Ortopedi Ürünleri"
23017924,60003470,bebek temizleme pamugu,https://www.hepsiburada.com/bebek-temizleme-pamugu-c-23017924,3,"Kozmetik, Kisisel Bakim > yara bantlari > bebek temizleme pamugu"
26012179,60003470,İlk Yardim Ürünleri,https://www.hepsiburada.com/ilk-yardim-urunleri-c-26012179,3,"Kozmetik, Kisisel Bakim > yara bantlari > İlk Yardim Ürünleri"
12087354,60007347,Aksesuar,https://www.hepsiburada.com/bebek-aksesuarlari-c-12087354,3,Moda > Bebek > Aksesuar
12061876,60007347,Alt Üst Takım,https://www.hepsiburada.com/bebek-takimi-c-12061876,3,Moda > Bebek > Alt Üst Takım
80529024,60007347,Body,https://www.hepsiburada.com/body-c-80529024,3,Moda > Bebek > Body
12087343,60007347,Elbise,https://www.hepsiburada.com/bebek-elbiseleri-c-12087343,3,Moda > Bebek > Elbise
12087342,60007347,Etek,https://www.hepsiburada.com/bebek-etekleri-c-12087342,3,Moda > Bebek > Etek
12048280,60007347,Eşofman,https://www.hepsiburada.com/bebek-esofmanlari-c-12048280,3,Moda > Bebek > Eşofman
12045570,60007347,Gömlek,https://www.hepsiburada.com/bebek-gomlekleri-c-12045570,3,Moda > Bebek > Gömlek
80529021,60007347,Hastane Çıkışı,https://www.hepsiburada.com/hastane-cikisi-c-80529021,3,Moda > Bebek > Hastane Çıkışı
12046626,60007347,Hırka,https://www.hepsiburada.com/bebek-hirkasi-c-12046626,3,Moda > Bebek > Hırka
80369019,60007347,Kazak,https://www.hepsiburada.com/bebek-kazak-c-80369019,3,Moda > Bebek > Kazak
80529022,60007347,Kozmonot,https://www.hepsiburada.com/kozmonot-c-80529022,3,Moda > Bebek > Kozmonot
80529020,60007347,Kundak,https://www.hepsiburada.com/kundak-c-80529020,3,Moda > Bebek > Kundak
80438041,60007347,Mayo & Bikini,https://www.hepsiburada.com/mayo-bikini-c-80438041,3,Moda > Bebek > Mayo & Bikini
12045538,60007347,Mont,https://www.hepsiburada.com/bebek-montlari-c-12045538,3,Moda > Bebek > Mont
1127969,60007347,Pantolon,https://www.hepsiburada.com/bebek-pantolonlari-c-1127969,3,Moda > Bebek > Pantolon
80857296,60007347,Panço,https://www.hepsiburada.com/panco-c-80857296,3,Moda > Bebek > Panço
60000161,60007347,Patik & Ayakkabı,https://www.hepsiburada.com/patik-ayakkabi-c-60000161,3,Moda > Bebek > Patik & Ayakkabı
12106318,60007347,Sweatshirt,https://www.hepsiburada.com/bebek-sweatshirt-c-12106318,3,Moda > Bebek > Sweatshirt
12087345,60007347,T-Shirt & Bluz,https://www.hepsiburada.com/bebek-t-shirt-c-12087345,3,Moda > Bebek > T-Shirt & Bluz
12087201,60007347,Tayt,https://www.hepsiburada.com/bebek-taytlari-c-12087201,3,Moda > Bebek > Tayt
80529023,60007347,Tulum,https://www.hepsiburada.com/tulum-c-80529023,3,Moda > Bebek > Tulum
80073000,60007347,Yağmurluk,https://www.hepsiburada.com/bebek-yagmurluk-c-80073000,3,Moda > Bebek > Yağmurluk
80529026,60007347,Yelek,https://www.hepsiburada.com/yelek-c-80529026,3,Moda > Bebek > Yelek
80529019,60007347,Zıbın,https://www.hepsiburada.com/zibin-c-80529019,3,Moda > Bebek > Zıbın
12087352,60007347,İç Giyim,https://www.hepsiburada.com/bebek-ic-giyim-c-12087352,3,Moda > Bebek > İç Giyim
80529025,60007347,Şort,https://www.hepsiburada.com/sort-c-80529025,3,Moda > Bebek > Şort
60001104,12087177,Aksesuar,https://www.hepsiburada.com/erkek-aksesuarlari-c-60001104,3,Moda > Erkek > Aksesuar
60001586,12087177,İç Giyim,https://www.hepsiburada.com/erkek-ic-giyim-urunleri-c-60001586,3,Moda > Erkek > İç Giyim
60000118,60000117,Ayakkabı Bakım & Aksesuar,https://www.hepsiburada.com/bakim-koruma-c-60000118,3,Moda > ayakkabi > Ayakkabı Bakım & Aksesuar
60000126,60000117,Günlük Ayakkabı,https://www.hepsiburada.com/erkek-gunluk-ayakkabilar-c-60000126,3,Moda > ayakkabi > Günlük Ayakkabı
60003835,60000117,Klasik Ayakkabı,https://www.hepsiburada.com/erkek-klasik-ayakkabilar-c-60003835,3,Moda > ayakkabi > Klasik Ayakkabı
60003836,60000117,Loafer,https://www.hepsiburada.com/loafer-c-60003836,3,Moda > ayakkabi > Loafer
60003918,60000117,Outdoor / Trekking,https://www.hepsiburada.com/erkek-trekking-ayakkabilar-c-60003918,3,Moda > ayakkabi > Outdoor / Trekking
60003837,60000117,Oxford,https://www.hepsiburada.com/oxford-ayakkabi-c-60003837,3,Moda > ayakkabi > Oxford
80857394,60000117,Panduf & Ev Ayakkabısı,https://www.hepsiburada.com/panduf-ev-ayakkabisi-c-80857394,3,Moda > ayakkabi > Panduf & Ev Ayakkabısı
60003843,60000117,Sandalet,https://www.hepsiburada.com/erkek-sandalet-c-60003843,3,Moda > ayakkabi > Sandalet
204249,60000117,Sneakers,https://www.hepsiburada.com/erkek-sneakers-ayakkabi-c-204249,3,Moda > ayakkabi > Sneakers
60000803,60000117,Terlik,https://www.hepsiburada.com/erkek-terlikler-c-60000803,3,Moda > ayakkabi > Terlik
60000800,60000116,Abiye Ayakkabı,https://www.hepsiburada.com/abiye-ayakkabi-c-60000800,3,Moda > bayan ayakkabilar > Abiye Ayakkabı
60003919,60000116,Bakım & Aksesuar,https://www.hepsiburada.com/ayakkabi-bakim-koruma-c-60003919,3,Moda > bayan ayakkabilar > Bakım & Aksesuar
60003860,60000116,Ev Ayakkabısı,https://www.hepsiburada.com/bayan-ev-ayakkabilari-c-60003860,3,Moda > bayan ayakkabilar > Ev Ayakkabısı
60003863,60000116,Sandalet,https://www.hepsiburada.com/bayan-sandaletler-c-60003863,3,Moda > bayan ayakkabilar > Sandalet
60003913,60000116,Terlik,https://www.hepsiburada.com/bayan-terlikler-c-60003913,3,Moda > bayan ayakkabilar > Terlik
60003945,60000116,Trekking,https://www.hepsiburada.com/bayan-trekking-ayakkabilar-c-60003945,3,Moda > bayan ayakkabilar > Trekking
60000121,60000116,bayan gunluk ayakkabilar,https://www.hepsiburada.com/bayan-gunluk-ayakkabilar-c-60000121,3,Moda > bayan ayakkabilar > bayan gunluk ayakkabilar
60003941,60000116,bayan spor ayakkabilar,https://www.hepsiburada.com/bayan-spor-ayakkabilar-c-60003941,3,Moda > bayan ayakkabilar > bayan spor ayakkabilar
60003851,60000116,Çizme,https://www.hepsiburada.com/cizmeler-c-60003851,3,Moda > bayan ayakkabilar > Çizme
60001127,12087178,Aksesuar,https://www.hepsiburada.com/bayan-aksesuarlar-c-60001127,3,Moda > bayan giyim modelleri > Aksesuar
12087217,12087178,Büyük Beden,https://www.hepsiburada.com/buyuk-beden-c-12087217,3,Moda > bayan giyim modelleri > Büyük Beden
60004640,12087178,Giyim,https://www.hepsiburada.com/bayan-giyim-urunleri-c-60004640,3,Moda > bayan giyim modelleri > Giyim
18001,12087178,Hamile Giyim,https://www.hepsiburada.com/hamile-giyim-c-18001,3,Moda > bayan giyim modelleri > Hamile Giyim
60005259,12087178,Plaj Giyim,https://www.hepsiburada.com/plaj-giyim-urunleri-c-60005259,3,Moda > bayan giyim modelleri > Plaj Giyim
60006034,12087178,Tesettür Giyim,https://www.hepsiburada.com/tesettur-giyim-c-60006034,3,Moda > bayan giyim modelleri > Tesettür Giyim
60001585,12087178,İç Giyim,https://www.hepsiburada.com/ic-giyim-urunleri-c-60001585,3,Moda > bayan giyim modelleri > İç Giyim
60000715,12087202,bayan gomlekler,https://www.hepsiburada.com/bayan-gomlekler-c-60000715,3,Moda > elbiseler > bayan gomlekler
80857368,60004641,Alt Üst Takım,https://www.hepsiburada.com/alt-ust-takim-c-80857368,3,Moda > erkek giyim urunleri > Alt Üst Takım
60000676,60004641,Eşofman,https://www.hepsiburada.com/erkek-esofmanlar-c-60000676,3,Moda > erkek giyim urunleri > Eşofman
80519085,60004641,Hac & Umre Kıyafetleri,https://www.hepsiburada.com/hac-umre-kiyafetleri-c-80519085,3,Moda > erkek giyim urunleri > Hac & Umre Kıyafetleri
60000070,60004641,Kaban & Parka,https://www.hepsiburada.com/erkek-kabanlar-c-60000070,3,Moda > erkek giyim urunleri > Kaban & Parka
60000756,60004641,Kot Pantolon,https://www.hepsiburada.com/erkek-denim-pantolonlar-c-60000756,3,Moda > erkek giyim urunleri > Kot Pantolon
12087307,60004641,Mayo Şort,https://www.hepsiburada.com/sort-mayo-c-12087307,3,Moda > erkek giyim urunleri > Mayo Şort
60003800,60004641,Süveter,https://www.hepsiburada.com/erkek-suveter-c-60003800,3,Moda > erkek giyim urunleri > Süveter
60000761,60004641,Yağmurluk,https://www.hepsiburada.com/yagmurluklar-c-60000761,3,Moda > erkek giyim urunleri > Yağmurluk
12067637,60004641,Yelek,https://www.hepsiburada.com/erkek-yelekler-c-12067637,3,Moda > erkek giyim urunleri > Yelek
12087280,60004641,erkek gomlekleri,https://www.hepsiburada.com/erkek-gomlekleri-c-12087280,3,Moda > erkek giyim urunleri > erkek gomlekleri
60002383,60004641,erkek spor ayakkabilari,https://www.hepsiburada.com/erkek-spor-ayakkabilari-c-60002383,3,Moda > erkek giyim urunleri > erkek spor ayakkabilari
60000754,60004641,Şortlar,https://www.hepsiburada.com/erkek-sortlar-c-60000754,3,Moda > erkek giyim urunleri > Şortlar
60000061,60000728,Kadın Çoraplar,https://www.hepsiburada.com/bayan-coraplar-c-60000061,3,Moda > kulotlu coraplar > Kadın Çoraplar
12087198,60000728,bayan pantolonlar,https://www.hepsiburada.com/bayan-pantolonlar-c-12087198,3,Moda > kulotlu coraplar > bayan pantolonlar
60004850,60000146,cocuk cantalar,https://www.hepsiburada.com/cocuk-cantalar-c-60004850,3,Moda > sirt cantasi > cocuk cantalar
60000108,60000146,erkek sirt cantalari,https://www.hepsiburada.com/erkek-sirt-cantalari-c-60000108,3,Moda > sirt cantasi > erkek sirt cantalari
676,60000146,notebook cantalari,https://www.hepsiburada.com/notebook-cantalari-c-676,3,Moda > sirt cantasi > notebook cantalari
205454,60002723,Erkek Çocuk,https://www.hepsiburada.com/erkek-cocuk-c-205454,3,Moda > Çocuk > Erkek Çocuk
60002732,60002723,cocuk elbiseler,https://www.hepsiburada.com/cocuk-elbiseler-c-60002732,3,Moda > Çocuk > cocuk elbiseler
316326,60002723,cocuk parti kostumu aksesuarlari,https://www.hepsiburada.com/cocuk-parti-kostumu-aksesuarlari-c-316326,3,Moda > Çocuk > cocuk parti kostumu aksesuarlari
60002738,60002723,cocuk sortlar,https://www.hepsiburada.com/cocuk-sortlar-c-60002738,3,Moda > Çocuk > cocuk sortlar
60004845,60002723,cocuk takimlari,https://www.hepsiburada.com/cocuk-takimlari-c-60004845,3,Moda > Çocuk > cocuk takimlari
205504,60002723,erkek cocuk giyim,https://www.hepsiburada.com/erkek-cocuk-giyim-c-205504,3,Moda > Çocuk > erkek cocuk giyim
205474,60002723,kiz cocuk,https://www.hepsiburada.com/kiz-cocuk-c-205474,3,Moda > Çocuk > kiz cocuk
80433030,2147483601,Arıcılık Malzemeleri,https://www.hepsiburada.com/aricilik-malzemeleri-c-80433030,3,"Oto, Bahce, Yapi Market > Bahçe > Arıcılık Malzemeleri"
34001199,2147483601,Bahçe Kovucuları,https://www.hepsiburada.com/bahce-kovuculari-c-34001199,3,"Oto, Bahce, Yapi Market > Bahçe > Bahçe Kovucuları"
80295000,2147483601,Bungalov Ev,https://www.hepsiburada.com/bungalov-ev-c-80295000,3,"Oto, Bahce, Yapi Market > Bahçe > Bungalov Ev"
34001195,2147483601,Havuz Ürünleri,https://www.hepsiburada.com/havuz-urunleri-c-34001195,3,"Oto, Bahce, Yapi Market > Bahçe > Havuz Ürünleri"
60007095,2147483601,Hayvancılık,https://www.hepsiburada.com/hayvancilik-makineleri-c-60007095,3,"Oto, Bahce, Yapi Market > Bahçe > Hayvancılık"
80857391,2147483601,Katı Yakıt & Soba Aksesuarları,https://www.hepsiburada.com/kati-yakit-soba-aksesuarlari-c-80857391,3,"Oto, Bahce, Yapi Market > Bahçe > Katı Yakıt & Soba Aksesuarları"
80511030,2147483601,Katı Yakıt Sobası,https://www.hepsiburada.com/kati-yakit-sobasi-c-80511030,3,"Oto, Bahce, Yapi Market > Bahçe > Katı Yakıt Sobası"
453962,2147483601,Küçük El Aletleri,https://www.hepsiburada.com/kucuk-el-aletleri-c-453962,3,"Oto, Bahce, Yapi Market > Bahçe > Küçük El Aletleri"
34001196,2147483601,Mangal / Barbekü,https://www.hepsiburada.com/mangallar-barbekuler-c-34001196,3,"Oto, Bahce, Yapi Market > Bahçe > Mangal / Barbekü"
80493046,2147483601,Prefabrik Yapı,https://www.hepsiburada.com/prefabrik-yapi-c-80493046,3,"Oto, Bahce, Yapi Market > Bahçe > Prefabrik Yapı"
80857150,2147483601,Tarım Makineleri,https://www.hepsiburada.com/tarim-makineleri-c-80857150,3,"Oto, Bahce, Yapi Market > Bahçe > Tarım Makineleri"
34001270,2147483601,aydinlatmalar,https://www.hepsiburada.com/aydinlatmalar-c-34001270,3,"Oto, Bahce, Yapi Market > Bahçe > aydinlatmalar"
465415,2147483601,bahce makineleri,https://www.hepsiburada.com/bahce-makineleri-c-465415,3,"Oto, Bahce, Yapi Market > Bahçe > bahce makineleri"
34000015,2147483601,bitki besinleri gubreler,https://www.hepsiburada.com/bitki-besinleri-gubreler-c-34000015,3,"Oto, Bahce, Yapi Market > Bahçe > bitki besinleri gubreler"
460347,2147483601,Çiçek Bakımı & Bitki Yetiştirme,https://www.hepsiburada.com/cicek-bakimi-bitki-yetistirme-c-460347,3,"Oto, Bahce, Yapi Market > Bahçe > Çiçek Bakımı & Bitki Yetiştirme"
80405020,60008737,Bakım & Temizlik,https://www.hepsiburada.com/motosiklet-aksesuar-bakim-c-80405020,3,"Oto, Bahce, Yapi Market > Motosiklet > Bakım & Temizlik"
80273080,60008737,Giyim & Ekipman,https://www.hepsiburada.com/motosiklet-surucu-ekipmanlari-c-80273080,3,"Oto, Bahce, Yapi Market > Motosiklet > Giyim & Ekipman"
20029253,60008737,Kasklar,https://www.hepsiburada.com/kasklar-c-20029253,3,"Oto, Bahce, Yapi Market > Motosiklet > Kasklar"
20029247,60008737,Motosiklet Aksesuarları,https://www.hepsiburada.com/motosiklet-aksesuarlari-c-20029247,3,"Oto, Bahce, Yapi Market > Motosiklet > Motosiklet Aksesuarları"
80560308,60008737,Motosiklet Modelleri,https://www.hepsiburada.com/motosiklet-modelleri-c-80560308,3,"Oto, Bahce, Yapi Market > Motosiklet > Motosiklet Modelleri"
80168003,60008737,Motosiklet Yedek Parça,https://www.hepsiburada.com/motosiklet-yedek-parca-c-80168003,3,"Oto, Bahce, Yapi Market > Motosiklet > Motosiklet Yedek Parça"
60005666,60008737,Sürücü Koruma,https://www.hepsiburada.com/motosiklet-koruma-ekipmanlari-c-60005666,3,"Oto, Bahce, Yapi Market > Motosiklet > Sürücü Koruma"
20029249,60008737,Çanta,https://www.hepsiburada.com/motosiklet-cantalari-c-20029249,3,"Oto, Bahce, Yapi Market > Motosiklet > Çanta"
13003264,2147483620,Banyo,https://www.hepsiburada.com/banyo-urunleri-c-13003264,3,"Oto, Bahce, Yapi Market > Yapı Market / Hırdavat > Banyo"
60001216,2147483620,Boya & Boya Malzemeleri,https://www.hepsiburada.com/boyalar-boya-aksesuarlari-c-60001216,3,"Oto, Bahce, Yapi Market > Yapı Market / Hırdavat > Boya & Boya Malzemeleri"
13003085,2147483620,Endüstriyel Temizleme,https://www.hepsiburada.com/endustriyel-temizleme-urunleri-c-13003085,3,"Oto, Bahce, Yapi Market > Yapı Market / Hırdavat > Endüstriyel Temizleme"
80857576,2147483620,Enerji Sistemleri,https://www.hepsiburada.com/enerji-sistemleri-c-80857576,3,"Oto, Bahce, Yapi Market > Yapı Market / Hırdavat > Enerji Sistemleri"
60003995,2147483620,Güvenlik,https://www.hepsiburada.com/guvenlik-malzemeleri-c-60003995,3,"Oto, Bahce, Yapi Market > Yapı Market / Hırdavat > Güvenlik"
80770002,2147483620,Ham Madde,https://www.hepsiburada.com/ham-madde-c-80770002,3,"Oto, Bahce, Yapi Market > Yapı Market / Hırdavat > Ham Madde"
80375043,2147483620,Hizmet,https://www.hepsiburada.com/hizmet-c-80375043,3,"Oto, Bahce, Yapi Market > Yapı Market / Hırdavat > Hizmet"
13003327,2147483620,Kaldırma Ekipmanları,https://www.hepsiburada.com/kaldirma-ekipmanlari-c-13003327,3,"Oto, Bahce, Yapi Market > Yapı Market / Hırdavat > Kaldırma Ekipmanları"
80664020,2147483620,Oto Servis Ekipmanları,https://www.hepsiburada.com/oto-servis-ekipmanlari-c-80664020,3,"Oto, Bahce, Yapi Market > Yapı Market / Hırdavat > Oto Servis Ekipmanları"
80805004,2147483620,Sanayi Makineleri,https://www.hepsiburada.com/sanayi-makinesi-c-80805004,3,"Oto, Bahce, Yapi Market > Yapı Market / Hırdavat > Sanayi Makineleri"
80856001,2147483620,Su Arıtma,https://www.hepsiburada.com/su-aritma-c-80856001,3,"Oto, Bahce, Yapi Market > Yapı Market / Hırdavat > Su Arıtma"
60000396,2147483620,dubeller,https://www.hepsiburada.com/dubeller-c-60000396,3,"Oto, Bahce, Yapi Market > Yapı Market / Hırdavat > dubeller"
80842005,2147483620,mentese,https://www.hepsiburada.com/mentese-c-80842005,3,"Oto, Bahce, Yapi Market > Yapı Market / Hırdavat > mentese"
13003083,2147483620,Ölçüm Cihazları,https://www.hepsiburada.com/olcum-cihazlari-c-13003083,3,"Oto, Bahce, Yapi Market > Yapı Market / Hırdavat > Ölçüm Cihazları"
80081048,2147483620,İnşaat Malzemeleri,https://www.hepsiburada.com/insaat-malzemeleri-c-80081048,3,"Oto, Bahce, Yapi Market > Yapı Market / Hırdavat > İnşaat Malzemeleri"
13003206,17288,Grup Priz Uzatma Kabloları,https://www.hepsiburada.com/grup-priz-uzatma-kablolari-c-13003206,3,"Oto, Bahce, Yapi Market > akim korumali prizler > Grup Priz Uzatma Kabloları"
20033704,60003762,Akü Takviye Kabloları,https://www.hepsiburada.com/aku-takviye-kablolari-sarj-cihazlari-c-20033704,3,"Oto, Bahce, Yapi Market > akuler > Akü Takviye Kabloları"
13003153,13003091,matkap uclari,https://www.hepsiburada.com/matkap-uclari-c-13003153,3,"Oto, Bahce, Yapi Market > akulu vidalama aletleri > matkap uclari"
253575,26027,Oto Ses Görüntü Sistemleri,https://www.hepsiburada.com/oto-ses-goruntu-sistemleri-c-253575,3,"Oto, Bahce, Yapi Market > arac ici kameralar > Oto Ses Görüntü Sistemleri"
26090,26027,hoparlorler,https://www.hepsiburada.com/hoparlorler-c-26090,3,"Oto, Bahce, Yapi Market > arac ici kameralar > hoparlorler"
20035732,20035765,Oto Bakım Temizlik Ürünleri,https://www.hepsiburada.com/oto-bakim-temizlik-urunleri-c-20035732,3,"Oto, Bahce, Yapi Market > arac supurgeleri > Oto Bakım Temizlik Ürünleri"
60000865,60000864,buyuk taslamalar,https://www.hepsiburada.com/buyuk-taslamalar-c-60000865,3,"Oto, Bahce, Yapi Market > avuc taslamalar > buyuk taslamalar"
60000866,60000864,kalipci taslamalar,https://www.hepsiburada.com/kalipci-taslamalar-c-60000866,3,"Oto, Bahce, Yapi Market > avuc taslamalar > kalipci taslamalar"
13003107,60000864,taslamalar,https://www.hepsiburada.com/taslamalar-c-13003107,3,"Oto, Bahce, Yapi Market > avuc taslamalar > taslamalar"
20024979,20024981,Bagaj Ürünleri,https://www.hepsiburada.com/bagaj-urunleri-c-20024979,3,"Oto, Bahce, Yapi Market > bagaj cantalari > Bagaj Ürünleri"
253574,20024981,Oto Aksesuar Ürünleri,https://www.hepsiburada.com/oto-aksesuar-urunleri-c-253574,3,"Oto, Bahce, Yapi Market > bagaj cantalari > Oto Aksesuar Ürünleri"
20024971,20024981,Seyahat Ürünleri,https://www.hepsiburada.com/seyahat-urunleri-c-20024971,3,"Oto, Bahce, Yapi Market > bagaj cantalari > Seyahat Ürünleri"
18021333,34001202,kanepe koltuklar,https://www.hepsiburada.com/kanepe-koltuklar-c-18021333,3,"Oto, Bahce, Yapi Market > bahce sandalyeleri > kanepe koltuklar"
34000109,34001225,Ağaç Kesme Makineleri,https://www.hepsiburada.com/agac-kesme-makineleri-c-34000109,3,"Oto, Bahce, Yapi Market > benzinli agac kesme makineleri > Ağaç Kesme Makineleri"
451867,34001225,Ağaç Kesme Makinesi Çeşitleri,https://www.hepsiburada.com/agac-kesme-makinesi-cesitleri-c-451867,3,"Oto, Bahce, Yapi Market > benzinli agac kesme makineleri > Ağaç Kesme Makinesi Çeşitleri"
34001220,34001221,elektrikli tirpanlar,https://www.hepsiburada.com/elektrikli-tirpanlar-c-34001220,3,"Oto, Bahce, Yapi Market > benzinli tirpanlar > elektrikli tirpanlar"
451580,34001221,tirpanlar,https://www.hepsiburada.com/tirpanlar-c-451580,3,"Oto, Bahce, Yapi Market > benzinli tirpanlar > tirpanlar"
20024873,20024895,Cam Aksesuarları,https://www.hepsiburada.com/cam-aksesuarlari-c-20024873,3,"Oto, Bahce, Yapi Market > cam filmleri > Cam Aksesuarları"
20024894,20024895,Cam Filmleri Aksesuarları,https://www.hepsiburada.com/cam-filmleri-aksesuarlari-c-20024894,3,"Oto, Bahce, Yapi Market > cam filmleri > Cam Filmleri Aksesuarları"
34000018,60005076,Tohumlar,https://www.hepsiburada.com/tohumlar-c-34000018,3,"Oto, Bahce, Yapi Market > cicek tohumlari > Tohumlar"
13003178,13003082,Anahtarlar,https://www.hepsiburada.com/anahtarlar-c-13003178,3,"Oto, Bahce, Yapi Market > el aletleri > Anahtarlar"
60000256,13003082,Balta,https://www.hepsiburada.com/baltalar-c-60000256,3,"Oto, Bahce, Yapi Market > el aletleri > Balta"
60003563,13003082,Cımbız,https://www.hepsiburada.com/cimbizlar-c-60003563,3,"Oto, Bahce, Yapi Market > el aletleri > Cımbız"
60001211,13003082,El Zımparaları,https://www.hepsiburada.com/el-zimparalari-c-60001211,3,"Oto, Bahce, Yapi Market > el aletleri > El Zımparaları"
13003176,13003082,Eğe Seti,https://www.hepsiburada.com/ege-setleri-c-13003176,3,"Oto, Bahce, Yapi Market > el aletleri > Eğe Seti"
60005504,13003082,Gaz Armatürü,https://www.hepsiburada.com/gaz-armaturlari-c-60005504,3,"Oto, Bahce, Yapi Market > el aletleri > Gaz Armatürü"
60000228,13003082,Gönye,https://www.hepsiburada.com/gonyeler-c-60000228,3,"Oto, Bahce, Yapi Market > el aletleri > Gönye"
13005236,13003082,Kablo Makaraları,https://www.hepsiburada.com/kablo-makaralari-c-13005236,3,"Oto, Bahce, Yapi Market > el aletleri > Kablo Makaraları"
13003162,13003082,Kargaburun,https://www.hepsiburada.com/kargaburunlar-c-13003162,3,"Oto, Bahce, Yapi Market > el aletleri > Kargaburun"
13003163,13003082,Kerpeten,https://www.hepsiburada.com/kerpetenler-c-13003163,3,"Oto, Bahce, Yapi Market > el aletleri > Kerpeten"
60000253,13003082,Kesici Makaslar,https://www.hepsiburada.com/kesici-makaslar-c-60000253,3,"Oto, Bahce, Yapi Market > el aletleri > Kesici Makaslar"
13003156,13003082,Maket Bıçak,https://www.hepsiburada.com/maket-bicaklar-c-13003156,3,"Oto, Bahce, Yapi Market > el aletleri > Maket Bıçak"
60004430,13003082,Mengeneler,https://www.hepsiburada.com/mengeneler-c-60004430,3,"Oto, Bahce, Yapi Market > el aletleri > Mengeneler"
60000232,13003082,Perçin,https://www.hepsiburada.com/percinler-c-60000232,3,"Oto, Bahce, Yapi Market > el aletleri > Perçin"
60000233,13003082,Rende,https://www.hepsiburada.com/hirdavat-rendeleri-c-60000233,3,"Oto, Bahce, Yapi Market > el aletleri > Rende"
13003187,13003082,Silikon Tabancası,https://www.hepsiburada.com/silikon-tabancalari-c-13003187,3,"Oto, Bahce, Yapi Market > el aletleri > Silikon Tabancası"
13003165,13003082,Su Terazileri,https://www.hepsiburada.com/su-terazileri-c-13003165,3,"Oto, Bahce, Yapi Market > el aletleri > Su Terazileri"
13003168,13003082,Tornavida,https://www.hepsiburada.com/tornavidalar-c-13003168,3,"Oto, Bahce, Yapi Market > el aletleri > Tornavida"
13003157,13003082,Yan Keski,https://www.hepsiburada.com/yan-keskiler-c-13003157,3,"Oto, Bahce, Yapi Market > el aletleri > Yan Keski"
60000255,13003082,Yassı Keski,https://www.hepsiburada.com/yassi-keskiler-c-60000255,3,"Oto, Bahce, Yapi Market > el aletleri > Yassı Keski"
13003160,13003082,Çekiç,https://www.hepsiburada.com/cekicler-c-13003160,3,"Oto, Bahce, Yapi Market > el aletleri > Çekiç"
60000227,13003082,Çizim İpi,https://www.hepsiburada.com/cizim-ipleri-c-60000227,3,"Oto, Bahce, Yapi Market > el aletleri > Çizim İpi"
13003174,13003082,Çok Amaçlı Setler,https://www.hepsiburada.com/cok-amacli-setler-c-13003174,3,"Oto, Bahce, Yapi Market > el aletleri > Çok Amaçlı Setler"
13003166,13003082,Çok Fonksiyonlu Ürünler,https://www.hepsiburada.com/cok-fonksiyonlu-urunler-c-13003166,3,"Oto, Bahce, Yapi Market > el aletleri > Çok Fonksiyonlu Ürünler"
13003172,13003082,İskarpelalar,https://www.hepsiburada.com/iskarpelalar-c-13003172,3,"Oto, Bahce, Yapi Market > el aletleri > İskarpelalar"
60000229,13003082,İşkence,https://www.hepsiburada.com/iskenceler-c-60000229,3,"Oto, Bahce, Yapi Market > el aletleri > İşkence"
60005665,80405009,motosiklet ayakkabilari,https://www.hepsiburada.com/motosiklet-ayakkabilari-c-60005665,3,"Oto, Bahce, Yapi Market > elektrikli motosiklet > motosiklet ayakkabilari"
20029255,80405009,motosiklet eldivenleri,https://www.hepsiburada.com/motosiklet-eldivenleri-c-20029255,3,"Oto, Bahce, Yapi Market > elektrikli motosiklet > motosiklet eldivenleri"
60000388,13003347,Bağlantı Elemanları,https://www.hepsiburada.com/baglanti-elemanlari-c-60000388,3,"Oto, Bahce, Yapi Market > hirdavat urunleri > Bağlantı Elemanları"
13003648,13003347,Derz Ürünleri,https://www.hepsiburada.com/derz-urunleri-c-13003648,3,"Oto, Bahce, Yapi Market > hirdavat urunleri > Derz Ürünleri"
80127002,13003347,Doğalgaz Hortumu,https://www.hepsiburada.com/dogalgaz-hortumu-c-80127002,3,"Oto, Bahce, Yapi Market > hirdavat urunleri > Doğalgaz Hortumu"
60005797,13003347,Dış Mekan Paspasları,https://www.hepsiburada.com/dis-mekan-paspaslari-c-60005797,3,"Oto, Bahce, Yapi Market > hirdavat urunleri > Dış Mekan Paspasları"
13003351,13003347,Genel Bakım Spreyleri,https://www.hepsiburada.com/genel-bakim-spreyleri-c-13003351,3,"Oto, Bahce, Yapi Market > hirdavat urunleri > Genel Bakım Spreyleri"
60002992,13003347,Hidrolikler,https://www.hepsiburada.com/hidrolikler-c-60002992,3,"Oto, Bahce, Yapi Market > hirdavat urunleri > Hidrolikler"
13003348,13003347,Kapı & Pencere,https://www.hepsiburada.com/kapi-hirdavatlari-c-13003348,3,"Oto, Bahce, Yapi Market > hirdavat urunleri > Kapı & Pencere"
60004972,13003347,Kutu ve Ambalaj Malzemeleri,https://www.hepsiburada.com/kutu-ve-ambalaj-malzemeleri-c-60004972,3,"Oto, Bahce, Yapi Market > hirdavat urunleri > Kutu ve Ambalaj Malzemeleri"
60001301,13003347,Menfezler,https://www.hepsiburada.com/menfezler-c-60001301,3,"Oto, Bahce, Yapi Market > hirdavat urunleri > Menfezler"
60000309,13003347,Mobilya Hırdavatı,https://www.hepsiburada.com/mobilya-hirdavatlar-c-60000309,3,"Oto, Bahce, Yapi Market > hirdavat urunleri > Mobilya Hırdavatı"
60000301,13003347,Nem Alıcı,https://www.hepsiburada.com/nem-alicilar-c-60000301,3,"Oto, Bahce, Yapi Market > hirdavat urunleri > Nem Alıcı"
60005482,13003347,Oda Termostatı,https://www.hepsiburada.com/oda-termostati-c-60005482,3,"Oto, Bahce, Yapi Market > hirdavat urunleri > Oda Termostatı"
60005350,13003347,Panel Radyatör,https://www.hepsiburada.com/panel-radyatorler-c-60005350,3,"Oto, Bahce, Yapi Market > hirdavat urunleri > Panel Radyatör"
80737005,13003347,"Pnömatik, Hidrolik Parçalar",https://www.hepsiburada.com/pnomatik-hidrolik-parcalar-c-80737005,3,"Oto, Bahce, Yapi Market > hirdavat urunleri > Pnömatik, Hidrolik Parçalar"
60000384,13003347,Posta Kutuları,https://www.hepsiburada.com/posta-kutulari-c-60000384,3,"Oto, Bahce, Yapi Market > hirdavat urunleri > Posta Kutuları"
60001669,13003347,Profesyonel Temizlik Ürünleri,https://www.hepsiburada.com/profesyonel-temizlik-urunleri-c-60001669,3,"Oto, Bahce, Yapi Market > hirdavat urunleri > Profesyonel Temizlik Ürünleri"
80560307,13003347,Reklam & Promosyon Ürünleri,https://www.hepsiburada.com/reklam-promosyon-urunleri-c-80560307,3,"Oto, Bahce, Yapi Market > hirdavat urunleri > Reklam & Promosyon Ürünleri"
80159012,13003347,Rulmanlar,https://www.hepsiburada.com/rulman-c-80159012,3,"Oto, Bahce, Yapi Market > hirdavat urunleri > Rulmanlar"
60002254,13003347,Rötuş ve İşaretleme Kalemleri,https://www.hepsiburada.com/rotus-isaretleme-kalemleri-c-60002254,3,"Oto, Bahce, Yapi Market > hirdavat urunleri > Rötuş ve İşaretleme Kalemleri"
13003360,13003347,Silikonlar,https://www.hepsiburada.com/silikonlar-c-13003360,3,"Oto, Bahce, Yapi Market > hirdavat urunleri > Silikonlar"
60001160,13003347,Takım Tezgah ve Panoları,https://www.hepsiburada.com/takim-tezgahlari-panolari-c-60001160,3,"Oto, Bahce, Yapi Market > hirdavat urunleri > Takım Tezgah ve Panoları"
60000385,13003347,Takım Çantaları ve Avadanlıklar,https://www.hepsiburada.com/takim-cantalari-avadanliklar-c-60000385,3,"Oto, Bahce, Yapi Market > hirdavat urunleri > Takım Çantaları ve Avadanlıklar"
13003359,13003347,Yapıştırıcı ve Bantlar,https://www.hepsiburada.com/yapistirici-bantlar-c-13003359,3,"Oto, Bahce, Yapi Market > hirdavat urunleri > Yapıştırıcı ve Bantlar"
13003355,13003347,Yağdanlık,https://www.hepsiburada.com/yagdanliklar-c-13003355,3,"Oto, Bahce, Yapi Market > hirdavat urunleri > Yağdanlık"
80660026,13003347,sanayi tipi fanlar,https://www.hepsiburada.com/sanayi-tipi-fanlar-c-80660026,3,"Oto, Bahce, Yapi Market > hirdavat urunleri > sanayi tipi fanlar"
60000381,34001258,Bahçe Sulama Malzemeleri,https://www.hepsiburada.com/bahce-sulama-malzemeleri-c-60000381,3,"Oto, Bahce, Yapi Market > hortumlar toplama urunleri > Bahçe Sulama Malzemeleri"
34001256,34001258,hortum baglantilari,https://www.hepsiburada.com/hortum-baglantilari-c-34001256,3,"Oto, Bahce, Yapi Market > hortumlar toplama urunleri > hortum baglantilari"
15117,60002015,fotokopi kagitlari,https://www.hepsiburada.com/fotokopi-kagitlari-c-15117,3,"Oto, Bahce, Yapi Market > is guvenlik eldivenleri > fotokopi kagitlari"
60008471,26039,araba valfi,https://www.hepsiburada.com/araba-valfi-c-60008471,3,"Oto, Bahce, Yapi Market > jant kapaklari > araba valfi"
272470,13003121,benzin bidonlari,https://www.hepsiburada.com/benzin-bidonlari-c-272470,3,"Oto, Bahce, Yapi Market > jeneratorler > benzin bidonlari"
60007050,60007070,Bisiklet Lastikleri,https://www.hepsiburada.com/bisiklet-lastik-c-60007050,3,"Oto, Bahce, Yapi Market > lastik tamir kiti > Bisiklet Lastikleri"
60003468,60007070,Bisiklet Yedek Parçaları,https://www.hepsiburada.com/bisiklet-yedek-parcalari-c-60003468,3,"Oto, Bahce, Yapi Market > lastik tamir kiti > Bisiklet Yedek Parçaları"
22013,34001281,elektrikli izgara barbekuler,https://www.hepsiburada.com/elektrikli-izgara-barbekuler-c-22013,3,"Oto, Bahce, Yapi Market > mangallar > elektrikli izgara barbekuler"
13003081,13003095,Elektrikli Aletler Aksesuarlar,https://www.hepsiburada.com/elektrikli-aletler-aksesuarlar-c-13003081,3,"Oto, Bahce, Yapi Market > matkaplar > Elektrikli Aletler Aksesuarlar"
20036337,20035777,Bagaj Havuzları,https://www.hepsiburada.com/bagaj-havuzlari-c-20036337,3,"Oto, Bahce, Yapi Market > oto paspaslari > Bagaj Havuzları"
20036444,20035777,Halı Paspaslar,https://www.hepsiburada.com/hali-paspaslar-c-20036444,3,"Oto, Bahce, Yapi Market > oto paspaslari > Halı Paspaslar"
20036442,20035777,Paspas Aksesuarları,https://www.hepsiburada.com/paspas-aksesuarlari-c-20036442,3,"Oto, Bahce, Yapi Market > oto paspaslari > Paspas Aksesuarları"
20035778,20035777,Paspaslar,https://www.hepsiburada.com/oto-paspaslari-c-20035778,3,"Oto, Bahce, Yapi Market > oto paspaslari > Paspaslar"
20036441,20035777,Spor Paspaslar,https://www.hepsiburada.com/spor-paspaslar-c-20036441,3,"Oto, Bahce, Yapi Market > oto paspaslari > Spor Paspaslar"
261275,26080,sistem kablolari aksesuarlari,https://www.hepsiburada.com/sistem-kablolari-aksesuarlari-c-261275,3,"Oto, Bahce, Yapi Market > oto teyp > sistem kablolari aksesuarlari"
3011535,26080,yazilabilir cdler,https://www.hepsiburada.com/yazilabilir-cdler-c-3011535,3,"Oto, Bahce, Yapi Market > oto teyp > yazilabilir cdler"
60007680,60002661,akilli prizler,https://www.hepsiburada.com/akilli-prizler-c-60007680,3,"Oto, Bahce, Yapi Market > priz anahtarlar > akilli prizler"
80857263,80857264,Elektrikli Araç Ürünleri,https://www.hepsiburada.com/elektrikli-arac-urunleri-c-80857263,3,"Oto, Bahce, Yapi Market > sarj istasyonu > Elektrikli Araç Ürünleri"
257643,80857264,navigasyon sistemleri,https://www.hepsiburada.com/navigasyon-sistemleri-c-257643,3,"Oto, Bahce, Yapi Market > sarj istasyonu > navigasyon sistemleri"
20024697,60003680,Silecekler Aksesuarları,https://www.hepsiburada.com/silecekler-aksesuarlari-c-20024697,3,"Oto, Bahce, Yapi Market > silecekler > Silecekler Aksesuarları"
80200000,452384,bahce makinesi motoru,https://www.hepsiburada.com/bahce-makinesi-motoru-c-80200000,3,"Oto, Bahce, Yapi Market > su motorlari pompalar > bahce makinesi motoru"
60001377,60003997,guvenlik cihazlari,https://www.hepsiburada.com/guvenlik-cihazlari-c-60001377,3,"Oto, Bahce, Yapi Market > yangin sonduruculer > guvenlik cihazlari"
13003358,60003997,yapi guvenlik kilitleri,https://www.hepsiburada.com/yapi-guvenlik-kilitleri-c-13003358,3,"Oto, Bahce, Yapi Market > yangin sonduruculer > yapi guvenlik kilitleri"
22007482,2147483604,GPS & Navigasyon,https://www.hepsiburada.com/elektronik-optik-gps-durbunler-c-22007482,3,"Spor, Outdoor > Outdoor > GPS & Navigasyon"
22003834,2147483604,Kara & Balık Av Malzemeleri,https://www.hepsiburada.com/kara-balik-av-malzemeleri-c-22003834,3,"Spor, Outdoor > Outdoor > Kara & Balık Av Malzemeleri"
80096006,2147483604,Kış Sporları,https://www.hepsiburada.com/kis-sporlari-c-80096006,3,"Spor, Outdoor > Outdoor > Kış Sporları"
22006250,2147483604,Outdoor Giyim-Ayakkabı,https://www.hepsiburada.com/outdoor-giyim-ayakkabilar-c-22006250,3,"Spor, Outdoor > Outdoor > Outdoor Giyim-Ayakkabı"
80678116,2147483604,Outdoor Optik,https://www.hepsiburada.com/outdoor-optik-c-80678116,3,"Spor, Outdoor > Outdoor > Outdoor Optik"
22004138,2147483604,Tekne & Tekne Malzemeleri,https://www.hepsiburada.com/tekne-tekne-malzemeleri-c-22004138,3,"Spor, Outdoor > Outdoor > Tekne & Tekne Malzemeleri"
19102,2147483604,cadirlar,https://www.hepsiburada.com/cadirlar-c-19102,3,"Spor, Outdoor > Outdoor > cadirlar"
22001904,2147483604,outdoor mont ceketler,https://www.hepsiburada.com/outdoor-mont-ceketler-c-22001904,3,"Spor, Outdoor > Outdoor > outdoor mont ceketler"
1800549,2147483604,Şişme Su Aktivite Ürünleri,https://www.hepsiburada.com/sisme-su-urunleri-c-1800549,3,"Spor, Outdoor > Outdoor > Şişme Su Aktivite Ürünleri"
27026003,2147483635,Bisiklet,https://www.hepsiburada.com/bisikletler-c-27026003,3,"Spor, Outdoor > Spor / Fitness > Bisiklet"
353044,2147483635,Spor Branşları,https://www.hepsiburada.com/spor-branslari-c-353044,3,"Spor, Outdoor > Spor / Fitness > Spor Branşları"
27007679,2147483635,Taraftar Ürünleri,https://www.hepsiburada.com/taraftar-urunleri-c-27007679,3,"Spor, Outdoor > Spor / Fitness > Taraftar Ürünleri"
60004761,2147483635,Vücut Geliştirme Aletleri,https://www.hepsiburada.com/vucut-gelistirme-aletleri-c-60004761,3,"Spor, Outdoor > Spor / Fitness > Vücut Geliştirme Aletleri"
387330,2147483635,agirlik eldivenleri kemerler,https://www.hepsiburada.com/agirlik-eldivenleri-kemerler-c-387330,3,"Spor, Outdoor > Spor / Fitness > agirlik eldivenleri kemerler"
387327,2147483635,dambillar agirlik plakalari,https://www.hepsiburada.com/dambillar-agirlik-plakalari-c-387327,3,"Spor, Outdoor > Spor / Fitness > dambillar agirlik plakalari"
27042554,2147483635,koruyucu bandajlar,https://www.hepsiburada.com/koruyucu-bandajlar-c-27042554,3,"Spor, Outdoor > Spor / Fitness > koruyucu bandajlar"
60002470,2147483635,profesyonel fitness urunleri,https://www.hepsiburada.com/profesyonel-fitness-urunleri-c-60002470,3,"Spor, Outdoor > Spor / Fitness > profesyonel fitness urunleri"
19002,19020,Basketbol Ürünleri,https://www.hepsiburada.com/basketbol-urunleri-c-19002,3,"Spor, Outdoor > basketbol toplari > Basketbol Ürünleri"
9010094,19020,kaucuk kapi onu paspaslari,https://www.hepsiburada.com/kaucuk-kapi-onu-paspaslari-c-9010094,3,"Spor, Outdoor > basketbol toplari > kaucuk kapi onu paspaslari"
60003896,1300939,erkek cantalar,https://www.hepsiburada.com/erkek-cantalar-c-60003896,3,"Spor, Outdoor > bavullar valizler > erkek cantalar"
352914,22005313,outdoor cantalar,https://www.hepsiburada.com/outdoor-cantalar-c-352914,3,"Spor, Outdoor > cocuk bisikletleri > outdoor cantalar"
1302043,22005313,outdoor giyim yagmurluklar,https://www.hepsiburada.com/outdoor-giyim-yagmurluklar-c-1302043,3,"Spor, Outdoor > cocuk bisikletleri > outdoor giyim yagmurluklar"
27031194,353125,bisiklet aydinlatma ikazlari,https://www.hepsiburada.com/bisiklet-aydinlatma-ikazlari-c-27031194,3,"Spor, Outdoor > dag bisikletleri > bisiklet aydinlatma ikazlari"
60007053,353125,bisiklet pedallari,https://www.hepsiburada.com/bisiklet-pedallari-c-60007053,3,"Spor, Outdoor > dag bisikletleri > bisiklet pedallari"
60007055,353125,bisiklet zinciri,https://www.hepsiburada.com/bisiklet-zinciri-c-60007055,3,"Spor, Outdoor > dag bisikletleri > bisiklet zinciri"
19044,60000380,Kondisyon Aletleri,https://www.hepsiburada.com/kondisyon-aletleri-c-19044,3,"Spor, Outdoor > direnc lastikleri > Kondisyon Aletleri"
19031,60000380,Küçük Kondisyon Aletleri,https://www.hepsiburada.com/kucuk-kondisyon-aletleri-c-19031,3,"Spor, Outdoor > direnc lastikleri > Küçük Kondisyon Aletleri"
369743,60000380,atlama ipleri,https://www.hepsiburada.com/atlama-ipleri-c-369743,3,"Spor, Outdoor > direnc lastikleri > atlama ipleri"
369745,60000380,buk buk,https://www.hepsiburada.com/buk-buk-c-369745,3,"Spor, Outdoor > direnc lastikleri > buk buk"
354988,354989,teleskop aksesuarlari,https://www.hepsiburada.com/teleskop-aksesuarlari-c-354988,3,"Spor, Outdoor > durbunler > teleskop aksesuarlari"
27078135,60008821,fenerbahce aksesuarlari,https://www.hepsiburada.com/fenerbahce-aksesuarlari-c-27078135,3,"Spor, Outdoor > fenerbahce yeni sezon formasi > fenerbahce aksesuarlari"
19001,19021,Futbol Malzemeleri,https://www.hepsiburada.com/futbol-malzemeleri-c-19001,3,"Spor, Outdoor > futbol toplari > Futbol Malzemeleri"
403067,19021,futbol ayakkabilari,https://www.hepsiburada.com/futbol-ayakkabilari-c-403067,3,"Spor, Outdoor > futbol toplari > futbol ayakkabilari"
19024,19021,kaleci malzemeleri,https://www.hepsiburada.com/kaleci-malzemeleri-c-19024,3,"Spor, Outdoor > futbol toplari > kaleci malzemeleri"
1307055,1308748,Balık Av Malzemeleri,https://www.hepsiburada.com/balik-av-malzemeleri-c-1307055,3,"Spor, Outdoor > kamis olta takimlari > Balık Av Malzemeleri"
22006803,19190,Oturma Dinlenme,https://www.hepsiburada.com/oturma-dinlenme-c-22006803,3,"Spor, Outdoor > kamp sandalyeleri > Oturma Dinlenme"
19100,367284,Kamp Mutfak Ürünleri,https://www.hepsiburada.com/kamp-mutfak-urunleri-c-19100,3,"Spor, Outdoor > kamp termoslari > Kamp Mutfak Ürünleri"
60001995,60001997,Sporcu Sağlığı Ürünleri,https://www.hepsiburada.com/sporcu-sagligi-urunleri-c-60001995,3,"Spor, Outdoor > kinesiology bantlari > Sporcu Sağlığı Ürünleri"
60000689,60001997,bayan korseler,https://www.hepsiburada.com/bayan-korseler-c-60000689,3,"Spor, Outdoor > kinesiology bantlari > bayan korseler"
26012203,60001997,sargi bezleri steril kompresler,https://www.hepsiburada.com/sargi-bezleri-steril-kompresler-c-26012203,3,"Spor, Outdoor > kinesiology bantlari > sargi bezleri steril kompresler"
3013122,384555,ag modemler,https://www.hepsiburada.com/ag-modemler-c-3013122,3,"Spor, Outdoor > kramponlar > ag modemler"
26012110,384555,agiz bakim urunleri,https://www.hepsiburada.com/agiz-bakim-urunleri-c-26012110,3,"Spor, Outdoor > kramponlar > agiz bakim urunleri"
22018092,384555,aksiyon kameralari,https://www.hepsiburada.com/aksiyon-kameralari-c-22018092,3,"Spor, Outdoor > kramponlar > aksiyon kameralari"
234329,384555,ankastre setler,https://www.hepsiburada.com/ankastre-setler-c-234329,3,"Spor, Outdoor > kramponlar > ankastre setler"
60002029,384555,aynasiz kompakt slr makineler,https://www.hepsiburada.com/aynasiz-kompakt-slr-makineler-c-60002029,3,"Spor, Outdoor > kramponlar > aynasiz kompakt slr makineler"
25008405,384555,bayan kol saatleri,https://www.hepsiburada.com/bayan-kol-saatleri-c-25008405,3,"Spor, Outdoor > kramponlar > bayan kol saatleri"
26000865,384555,besin takviyeleri,https://www.hepsiburada.com/besin-takviyeleri-c-26000865,3,"Spor, Outdoor > kramponlar > besin takviyeleri"
235604,384555,beyaz esya ankastreler,https://www.hepsiburada.com/beyaz-esya-ankastreler-c-235604,3,"Spor, Outdoor > kramponlar > beyaz esya ankastreler"
60004956,384555,beyaz esya bakim urunleri,https://www.hepsiburada.com/beyaz-esya-bakim-urunleri-c-60004956,3,"Spor, Outdoor > kramponlar > beyaz esya bakim urunleri"
60005511,384555,beyaz esya paketleri,https://www.hepsiburada.com/beyaz-esya-paketleri-c-60005511,3,"Spor, Outdoor > kramponlar > beyaz esya paketleri"
42,384555,bilgisayar aksesuarlari,https://www.hepsiburada.com/bilgisayar-aksesuarlari-c-42,3,"Spor, Outdoor > kramponlar > bilgisayar aksesuarlari"
8,384555,bilgisayar parcalari,https://www.hepsiburada.com/bilgisayar-parcalari-c-8,3,"Spor, Outdoor > kramponlar > bilgisayar parcalari"
3000500,384555,bilgisayarlar,https://www.hepsiburada.com/bilgisayarlar-c-3000500,3,"Spor, Outdoor > kramponlar > bilgisayarlar"
22003,384555,blenderlar,https://www.hepsiburada.com/blenderlar-c-22003,3,"Spor, Outdoor > kramponlar > blenderlar"
16218,384555,bluetooth kulakliklar,https://www.hepsiburada.com/bluetooth-kulakliklar-c-16218,3,"Spor, Outdoor > kramponlar > bluetooth kulakliklar"
371967,384555,cep telefonu aksesuarlari,https://www.hepsiburada.com/cep-telefonu-aksesuarlari-c-371967,3,"Spor, Outdoor > kramponlar > cep telefonu aksesuarlari"
16102,384555,cep telefonu kiliflari,https://www.hepsiburada.com/cep-telefonu-kiliflari-c-16102,3,"Spor, Outdoor > kramponlar > cep telefonu kiliflari"
3013120,384555,cevre birimleri,https://www.hepsiburada.com/cevre-birimleri-c-3013120,3,"Spor, Outdoor > kramponlar > cevre birimleri"
32000005,384555,cilt bakim urunleri,https://www.hepsiburada.com/cilt-bakim-urunleri-c-32000005,3,"Spor, Outdoor > kramponlar > cilt bakim urunleri"
26012178,384555,cinsel saglik aile planlamasi urunleri,https://www.hepsiburada.com/cinsel-saglik-aile-planlamasi-urunleri-c-26012178,3,"Spor, Outdoor > kramponlar > cinsel saglik aile planlamasi urunleri"
22006,384555,davlumbazlar,https://www.hepsiburada.com/davlumbazlar-c-22006,3,"Spor, Outdoor > kramponlar > davlumbazlar"
26012112,384555,deodorantlar,https://www.hepsiburada.com/deodorantlar-c-26012112,3,"Spor, Outdoor > kramponlar > deodorantlar"
22266,384555,derin dondurucular,https://www.hepsiburada.com/derin-dondurucular-c-22266,3,"Spor, Outdoor > kramponlar > derin dondurucular"
60003464,384555,dezenfektanlar,https://www.hepsiburada.com/dezenfektanlar-c-60003464,3,"Spor, Outdoor > kramponlar > dezenfektanlar"
33000343,384555,diger oyun konsollari,https://www.hepsiburada.com/diger-oyun-konsollari-c-33000343,3,"Spor, Outdoor > kramponlar > diger oyun konsollari"
248,384555,dijital fotograf makineleri,https://www.hepsiburada.com/dijital-fotograf-makineleri-c-248,3,"Spor, Outdoor > kramponlar > dijital fotograf makineleri"
80753000,384555,dijital urunler,https://www.hepsiburada.com/dijital-urunler-c-80753000,3,"Spor, Outdoor > kramponlar > dijital urunler"
60006033,384555,drone multikopter,https://www.hepsiburada.com/drone-multikopter-c-60006033,3,"Spor, Outdoor > kramponlar > drone multikopter"
26012355,384555,dus banyo sabunlari,https://www.hepsiburada.com/dus-banyo-sabunlari-c-26012355,3,"Spor, Outdoor > kramponlar > dus banyo sabunlari"
26012356,384555,dus jelleri,https://www.hepsiburada.com/dus-jelleri-c-26012356,3,"Spor, Outdoor > kramponlar > dus jelleri"
155124,384555,dvd blu ray oynaticilar,https://www.hepsiburada.com/dvd-blu-ray-oynaticilar-c-155124,3,"Spor, Outdoor > kramponlar > dvd blu ray oynaticilar"
80315023,384555,ekran koruyucu,https://www.hepsiburada.com/ekran-koruyucu-c-80315023,3,"Spor, Outdoor > kramponlar > ekran koruyucu"
80571082,384555,elektrik tesisat malzemeleri,https://www.hepsiburada.com/elektrik-tesisat-malzemeleri-c-80571082,3,"Spor, Outdoor > kramponlar > elektrik tesisat malzemeleri"
80168015,384555,elektrikli mutfak aleti yedek parca aksesuarlari,https://www.hepsiburada.com/elektrikli-mutfak-aleti-yedek-parca-aksesuarlari-c-80168015,3,"Spor, Outdoor > kramponlar > elektrikli mutfak aleti yedek parca aksesuarlari"
22001,384555,elektrikli mutfak aletleri,https://www.hepsiburada.com/elektrikli-mutfak-aletleri-c-22001,3,"Spor, Outdoor > kramponlar > elektrikli mutfak aletleri"
60003096,384555,endustriyel mutfak urunleri,https://www.hepsiburada.com/endustriyel-mutfak-urunleri-c-60003096,3,"Spor, Outdoor > kramponlar > endustriyel mutfak urunleri"
80216049,384555,epilasyon agda,https://www.hepsiburada.com/epilasyon-agda-c-80216049,3,"Spor, Outdoor > kramponlar > epilasyon agda"
25008404,384555,erkek kol saatleri,https://www.hepsiburada.com/erkek-kol-saatleri-c-25008404,3,"Spor, Outdoor > kramponlar > erkek kol saatleri"
26012116,384555,erkek tiras urunleri,https://www.hepsiburada.com/erkek-tiras-urunleri-c-26012116,3,"Spor, Outdoor > kramponlar > erkek tiras urunleri"
152492,384555,ev sinema sistemleri,https://www.hepsiburada.com/ev-sinema-sistemleri-c-152492,3,"Spor, Outdoor > kramponlar > ev sinema sistemleri"
22016,384555,firinlar,https://www.hepsiburada.com/firinlar-c-22016,3,"Spor, Outdoor > kramponlar > firinlar"
2147483606,384555,foto kameralari,https://www.hepsiburada.com/foto-kameralari-c-2147483606,3,"Spor, Outdoor > kramponlar > foto kameralari"
60000190,384555,fotograf makinesi aksesuarlari,https://www.hepsiburada.com/fotograf-makinesi-aksesuarlari-c-60000190,3,"Spor, Outdoor > kramponlar > fotograf makinesi aksesuarlari"
32010889,384555,gunes koruyucu urunler,https://www.hepsiburada.com/gunes-koruyucu-urunler-c-32010889,3,"Spor, Outdoor > kramponlar > gunes koruyucu urunler"
161719,384555,guvenlik sistemleri,https://www.hepsiburada.com/guvenlik-sistemleri-c-161719,3,"Spor, Outdoor > kramponlar > guvenlik sistemleri"
2147483605,384555,hobi eglence urunleri,https://www.hepsiburada.com/hobi-eglence-urunleri-c-2147483605,3,"Spor, Outdoor > kramponlar > hobi eglence urunleri"
13003349,384555,is guvenlik urunleri,https://www.hepsiburada.com/is-guvenlik-urunleri-c-13003349,3,"Spor, Outdoor > kramponlar > is guvenlik urunleri"
17343,384555,kablosuz ses goruntu aktaricilar,https://www.hepsiburada.com/kablosuz-ses-goruntu-aktaricilar-c-17343,3,"Spor, Outdoor > kramponlar > kablosuz ses goruntu aktaricilar"
26012139,384555,kolonyalar,https://www.hepsiburada.com/kolonyalar-c-26012139,3,"Spor, Outdoor > kramponlar > kolonyalar"
520,384555,kulakliklar,https://www.hepsiburada.com/kulakliklar-c-520,3,"Spor, Outdoor > kramponlar > kulakliklar"
530175,384555,kulce ziynet cumhuriyet altinlari,https://www.hepsiburada.com/kulce-ziynet-cumhuriyet-altinlari-c-530175,3,"Spor, Outdoor > kramponlar > kulce ziynet cumhuriyet altinlari"
153223,384555,kurutma makineleri,https://www.hepsiburada.com/kurutma-makineleri-c-153223,3,"Spor, Outdoor > kramponlar > kurutma makineleri"
80813000,384555,kurutmali camasir makinesi,https://www.hepsiburada.com/kurutmali-camasir-makinesi-c-80813000,3,"Spor, Outdoor > kramponlar > kurutmali camasir makinesi"
341425,384555,makyaj urunleri,https://www.hepsiburada.com/makyaj-urunleri-c-341425,3,"Spor, Outdoor > kramponlar > makyaj urunleri"
34,384555,masaustu bilgisayarlar,https://www.hepsiburada.com/masaustu-bilgisayarlar-c-34,3,"Spor, Outdoor > kramponlar > masaustu bilgisayarlar"
80271010,384555,media player,https://www.hepsiburada.com/media-player-c-80271010,3,"Spor, Outdoor > kramponlar > media player"
22021,384555,mikrodalga firinlar,https://www.hepsiburada.com/mikrodalga-firinlar-c-22021,3,"Spor, Outdoor > kramponlar > mikrodalga firinlar"
57,384555,monitorler,https://www.hepsiburada.com/monitorler-c-57,3,"Spor, Outdoor > kramponlar > monitorler"
22500,384555,mutfak gerecleri,https://www.hepsiburada.com/mutfak-gerecleri-c-22500,3,"Spor, Outdoor > kramponlar > mutfak gerecleri"
17499,384555,muzik sistemleri,https://www.hepsiburada.com/muzik-sistemleri-c-17499,3,"Spor, Outdoor > kramponlar > muzik sistemleri"
80226061,384555,nintendo,https://www.hepsiburada.com/nintendo-c-80226061,3,"Spor, Outdoor > kramponlar > nintendo"
22026,384555,ocaklar,https://www.hepsiburada.com/ocaklar-c-22026,3,"Spor, Outdoor > kramponlar > ocaklar"
15312,384555,ofis mobilyalari,https://www.hepsiburada.com/ofis-mobilyalari-c-15312,3,"Spor, Outdoor > kramponlar > ofis mobilyalari"
80327167,384555,on odemeli kart,https://www.hepsiburada.com/on-odemeli-kart-c-80327167,3,"Spor, Outdoor > kramponlar > on odemeli kart"
60003581,384555,outdoor sualti fotograf makineleri,https://www.hepsiburada.com/outdoor-sualti-fotograf-makineleri-c-60003581,3,"Spor, Outdoor > kramponlar > outdoor sualti fotograf makineleri"
60005206,384555,oyun figurleri,https://www.hepsiburada.com/oyun-figurleri-c-60005206,3,"Spor, Outdoor > kramponlar > oyun figurleri"
86008,384555,oyuncular ozel bilgisayar bilesenleri,https://www.hepsiburada.com/oyuncular-ozel-bilgisayar-bilesenleri-c-86008,3,"Spor, Outdoor > kramponlar > oyuncular ozel bilgisayar bilesenleri"
2147483602,384555,oyunlar oyun konsollari,https://www.hepsiburada.com/oyunlar-oyun-konsollari-c-2147483602,3,"Spor, Outdoor > kramponlar > oyunlar oyun konsollari"
2147483616,384555,pet shop,https://www.hepsiburada.com/pet-shop-c-2147483616,3,"Spor, Outdoor > kramponlar > pet shop"
80226063,384555,playstation 2,https://www.hepsiburada.com/playstation-2-c-80226063,3,"Spor, Outdoor > kramponlar > playstation 2"
80226059,384555,playstation 3,https://www.hepsiburada.com/playstation-3-c-80226059,3,"Spor, Outdoor > kramponlar > playstation 3"
80226057,384555,playstation 4,https://www.hepsiburada.com/playstation-4-c-80226057,3,"Spor, Outdoor > kramponlar > playstation 4"
80757005,384555,playstation 5,https://www.hepsiburada.com/playstation-5-c-80757005,3,"Spor, Outdoor > kramponlar > playstation 5"
285390,384555,projeksiyon sistemleri,https://www.hepsiburada.com/projeksiyon-sistemleri-c-285390,3,"Spor, Outdoor > kramponlar > projeksiyon sistemleri"
80226062,384555,psp vita,https://www.hepsiburada.com/psp-vita-c-80226062,3,"Spor, Outdoor > kramponlar > psp vita"
26012111,384555,sac bakim urunleri,https://www.hepsiburada.com/sac-bakim-urunleri-c-26012111,3,"Spor, Outdoor > kramponlar > sac bakim urunleri"
3013119,384555,sarf malzemeleri,https://www.hepsiburada.com/sarf-malzemeleri-c-3013119,3,"Spor, Outdoor > kramponlar > sarf malzemeleri"
16113,384555,sarj cihazlari,https://www.hepsiburada.com/sarj-cihazlari-c-16113,3,"Spor, Outdoor > kramponlar > sarj cihazlari"
1100301,384555,slr fotograf makineleri,https://www.hepsiburada.com/slr-fotograf-makineleri-c-1100301,3,"Spor, Outdoor > kramponlar > slr fotograf makineleri"
8001872,384555,sobalar isiticilar,https://www.hepsiburada.com/sobalar-isiticilar-c-8001872,3,"Spor, Outdoor > kramponlar > sobalar isiticilar"
376097,384555,tasinabilir hoparlorler,https://www.hepsiburada.com/tasinabilir-hoparlorler-c-376097,3,"Spor, Outdoor > kramponlar > tasinabilir hoparlorler"
60004584,384555,tasinabilir pilli sarj cihazlari,https://www.hepsiburada.com/tasinabilir-pilli-sarj-cihazlari-c-60004584,3,"Spor, Outdoor > kramponlar > tasinabilir pilli sarj cihazlari"
29010123,384555,telefon kablolari,https://www.hepsiburada.com/telefon-kablolari-c-29010123,3,"Spor, Outdoor > kramponlar > telefon kablolari"
371966,384555,telsiz masaustu telefonlar,https://www.hepsiburada.com/telsiz-masaustu-telefonlar-c-371966,3,"Spor, Outdoor > kramponlar > telsiz masaustu telefonlar"
22014,384555,tost makineleri,https://www.hepsiburada.com/tost-makineleri-c-22014,3,"Spor, Outdoor > kramponlar > tost makineleri"
8003673,384555,tv aksesuarlari,https://www.hepsiburada.com/tv-aksesuarlari-c-8003673,3,"Spor, Outdoor > kramponlar > tv aksesuarlari"
3013121,384555,veri depolama urunleri,https://www.hepsiburada.com/veri-depolama-urunleri-c-3013121,3,"Spor, Outdoor > kramponlar > veri depolama urunleri"
17076,384555,video kameralar,https://www.hepsiburada.com/video-kameralar-c-17076,3,"Spor, Outdoor > kramponlar > video kameralar"
80226058,384555,xbox 360,https://www.hepsiburada.com/xbox-360-c-80226058,3,"Spor, Outdoor > kramponlar > xbox 360"
80226056,384555,xbox one,https://www.hepsiburada.com/xbox-one-c-80226056,3,"Spor, Outdoor > kramponlar > xbox one"
80766004,384555,xbox series s,https://www.hepsiburada.com/xbox-series-s-c-80766004,3,"Spor, Outdoor > kramponlar > xbox series s"
80766000,384555,xbox series x,https://www.hepsiburada.com/xbox-series-x-c-80766000,3,"Spor, Outdoor > kramponlar > xbox series x"
3013118,384555,yazicilar,https://www.hepsiburada.com/yazicilar-c-3013118,3,"Spor, Outdoor > kramponlar > yazicilar"
41,384555,yazilim urunleri,https://www.hepsiburada.com/yazilim-urunleri-c-41,3,"Spor, Outdoor > kramponlar > yazilim urunleri"
370052,27012987,Boks Ürünleri,https://www.hepsiburada.com/boks-urunleri-c-370052,3,"Spor, Outdoor > kum boks torbalari > Boks Ürünleri"
1303339,22003663,outdoor coraplar tozluklar,https://www.hepsiburada.com/outdoor-coraplar-tozluklar-c-1303339,3,"Spor, Outdoor > outdoor ayakkabilar > outdoor coraplar tozluklar"
1302737,22003663,outdoor sweatshirtler t shirtler,https://www.hepsiburada.com/outdoor-sweatshirtler-t-shirtler-c-1302737,3,"Spor, Outdoor > outdoor ayakkabilar > outdoor sweatshirtler t shirtler"
356945,356946,Outdoor Tırmanış Ürünleri,https://www.hepsiburada.com/outdoor-tirmanis-urunleri-c-356945,3,"Spor, Outdoor > outdoor batonlar > Outdoor Tırmanış Ürünleri"
80812007,1301694,kapri sort,https://www.hepsiburada.com/kapri-sort-c-80812007,3,"Spor, Outdoor > outdoor pantolonlar kapriler > kapri sort"
22008966,1301694,outdoor yelekler,https://www.hepsiburada.com/outdoor-yelekler-c-22008966,3,"Spor, Outdoor > outdoor pantolonlar kapriler > outdoor yelekler"
19050,368030,Scooter Patenler Kaykaylar,https://www.hepsiburada.com/scooter-patenler-kaykaylar-c-19050,3,"Spor, Outdoor > patenler > Scooter Patenler Kaykaylar"
1300147,1300223,deniz yataklari,https://www.hepsiburada.com/deniz-yataklari-c-1300147,3,"Spor, Outdoor > sisme botlar > deniz yataklari"
22004231,1300223,sisme can yelekleri,https://www.hepsiburada.com/sisme-can-yelekleri-c-22004231,3,"Spor, Outdoor > sisme botlar > sisme can yelekleri"
60000546,369686,Spor Giyim Aksesuarları,https://www.hepsiburada.com/spor-giyim-aksesuarlari-c-60000546,3,"Spor, Outdoor > spor cantalari > Spor Giyim Aksesuarları"
60001186,369686,fitness doga sporlari,https://www.hepsiburada.com/fitness-doga-sporlari-c-60001186,3,"Spor, Outdoor > spor cantalari > fitness doga sporlari"
369685,369686,spor malzemeleri kiyafetleri,https://www.hepsiburada.com/spor-malzemeleri-kiyafetleri-c-369685,3,"Spor, Outdoor > spor cantalari > spor malzemeleri kiyafetleri"
2147483643,21005100,Kırtasiye Ofis Ürünleri,https://www.hepsiburada.com/kirtasiye-ofis-urunleri-c-2147483643,3,"Spor, Outdoor > suluklar mataralar > Kırtasiye Ofis Ürünleri"
15344,21005100,Kırtasiye Ürünleri,https://www.hepsiburada.com/kirtasiye-urunleri-c-15344,3,"Spor, Outdoor > suluklar mataralar > Kırtasiye Ürünleri"
21005092,21005100,Okul Çantaları,https://www.hepsiburada.com/okul-cantalari-c-21005092,3,"Spor, Outdoor > suluklar mataralar > Okul Çantaları"
80327224,21005100,a4 fotokopi kagidi,https://www.hepsiburada.com/a4-fotokopi-kagidi-c-80327224,3,"Spor, Outdoor > suluklar mataralar > a4 fotokopi kagidi"
15488,21005100,anaokulu cantalari,https://www.hepsiburada.com/anaokulu-cantalari-c-15488,3,"Spor, Outdoor > suluklar mataralar > anaokulu cantalari"
278279,21005100,beslenme cantalari,https://www.hepsiburada.com/beslenme-cantalari-c-278279,3,"Spor, Outdoor > suluklar mataralar > beslenme cantalari"
21005097,21005100,boyalar boya kalemleri,https://www.hepsiburada.com/boyalar-boya-kalemleri-c-21005097,3,"Spor, Outdoor > suluklar mataralar > boyalar boya kalemleri"
21005503,21005100,defter ajandalar,https://www.hepsiburada.com/defter-ajandalar-c-21005503,3,"Spor, Outdoor > suluklar mataralar > defter ajandalar"
21031173,21005100,dolmakalemler,https://www.hepsiburada.com/dolmakalemler-c-21031173,3,"Spor, Outdoor > suluklar mataralar > dolmakalemler"
21005289,21005100,etiket stickerlar,https://www.hepsiburada.com/etiket-stickerlar-c-21005289,3,"Spor, Outdoor > suluklar mataralar > etiket stickerlar"
21031602,21005100,fosforlu kalemler,https://www.hepsiburada.com/fosforlu-kalemler-c-21031602,3,"Spor, Outdoor > suluklar mataralar > fosforlu kalemler"
60001412,21005100,guzel yazi defterleri,https://www.hepsiburada.com/guzel-yazi-defterleri-c-60001412,3,"Spor, Outdoor > suluklar mataralar > guzel yazi defterleri"
278416,21005100,ilkogretim cantalari,https://www.hepsiburada.com/ilkogretim-cantalari-c-278416,3,"Spor, Outdoor > suluklar mataralar > ilkogretim cantalari"
15220,21005100,kalem cizim gerecleri,https://www.hepsiburada.com/kalem-cizim-gerecleri-c-15220,3,"Spor, Outdoor > suluklar mataralar > kalem cizim gerecleri"
15089,21005100,kalemlikler,https://www.hepsiburada.com/kalemlikler-c-15089,3,"Spor, Outdoor > suluklar mataralar > kalemlikler"
21005099,21005100,kalemlikler kalem kutulari,https://www.hepsiburada.com/kalemlikler-kalem-kutulari-c-21005099,3,"Spor, Outdoor > suluklar mataralar > kalemlikler kalem kutulari"
21005094,21005100,kalemtraslar,https://www.hepsiburada.com/kalemtraslar-c-21005094,3,"Spor, Outdoor > suluklar mataralar > kalemtraslar"
21005095,21005100,kaplama kagitlari,https://www.hepsiburada.com/kaplama-kagitlari-c-21005095,3,"Spor, Outdoor > suluklar mataralar > kaplama kagitlari"
15085,21005100,keceli boyama kalemleri,https://www.hepsiburada.com/keceli-boyama-kalemleri-c-15085,3,"Spor, Outdoor > suluklar mataralar > keceli boyama kalemleri"
15440,21005100,kuru boyama kalemleri,https://www.hepsiburada.com/kuru-boyama-kalemleri-c-15440,3,"Spor, Outdoor > suluklar mataralar > kuru boyama kalemleri"
273199,21005100,lise universite cantalari,https://www.hepsiburada.com/lise-universite-cantalari-c-273199,3,"Spor, Outdoor > suluklar mataralar > lise universite cantalari"
80455056,21005100,mantar pano pano,https://www.hepsiburada.com/mantar-pano-pano-c-80455056,3,"Spor, Outdoor > suluklar mataralar > mantar pano pano"
80147055,21005100,not defteri,https://www.hepsiburada.com/not-defteri-c-80147055,3,"Spor, Outdoor > suluklar mataralar > not defteri"
60002748,21005100,okul cantasi,https://www.hepsiburada.com/okul-cantasi-c-60002748,3,"Spor, Outdoor > suluklar mataralar > okul cantasi"
15530,21005100,projeksiyon cihazlari,https://www.hepsiburada.com/projeksiyon-cihazlari-c-15530,3,"Spor, Outdoor > suluklar mataralar > projeksiyon cihazlari"
15008,21005100,projeksiyon perdeleri,https://www.hepsiburada.com/projeksiyon-perdeleri-c-15008,3,"Spor, Outdoor > suluklar mataralar > projeksiyon perdeleri"
15459,21005100,spiralli defterler,https://www.hepsiburada.com/spiralli-defterler-c-15459,3,"Spor, Outdoor > suluklar mataralar > spiralli defterler"
60002034,21005100,sunum planlama urunleri,https://www.hepsiburada.com/sunum-planlama-urunleri-c-60002034,3,"Spor, Outdoor > suluklar mataralar > sunum planlama urunleri"
80438128,21005100,tahta kalemi,https://www.hepsiburada.com/tahta-kalemi-c-80438128,3,"Spor, Outdoor > suluklar mataralar > tahta kalemi"
21037855,21005100,tukenmez kalemler,https://www.hepsiburada.com/tukenmez-kalemler-c-21037855,3,"Spor, Outdoor > suluklar mataralar > tukenmez kalemler"
21031169,21005100,versatil kalemler kursun kalem,https://www.hepsiburada.com/versatil-kalemler-kursun-kalem-c-21031169,3,"Spor, Outdoor > suluklar mataralar > versatil kalemler kursun kalem"
1302431,352790,Kamp Kampçılık Malzemeleri,https://www.hepsiburada.com/kamp-kampcilik-malzemeleri-c-1302431,3,"Spor, Outdoor > uyku tulumlari > Kamp Kampçılık Malzemeleri"
22007826,352790,outdoor doga sporlari,https://www.hepsiburada.com/outdoor-doga-sporlari-c-22007826,3,"Spor, Outdoor > uyku tulumlari > outdoor doga sporlari"
353045,27061482,Fitness Kondisyon Ürünleri,https://www.hepsiburada.com/fitness-kondisyon-urunleri-c-353045,3,"Spor, Outdoor > yoga egzersiz pilates minderleri > Fitness Kondisyon Ürünleri"
60004554,27047262,erkek yuruyus kosu urunleri,https://www.hepsiburada.com/erkek-yuruyus-kosu-urunleri-c-60004554,3,"Spor, Outdoor > yuruyus kosu ayakkabilari > erkek yuruyus kosu urunleri"
19007,19043,Yüzme Ürünleri,https://www.hepsiburada.com/yuzme-urunleri-c-19007,3,"Spor, Outdoor > yuzucu gozlukleri > Yüzme Ürünleri"
22003835,22004232,Dalış Malzemeleri,https://www.hepsiburada.com/dalis-malzemeleri-c-22003835,3,"Spor, Outdoor > zipkinlar zipkin uclari > Dalış Malzemeleri"
80365085,80296002,Günlük Ped,https://www.hepsiburada.com/gunluk-ped-c-80365085,3,"Supermarket, Pet Shop > Hijyenik Pedler > Günlük Ped"
80365084,80296002,Ultra Hijyenik Ped,https://www.hepsiburada.com/ultra-hijyenik-ped-c-80365084,3,"Supermarket, Pet Shop > Hijyenik Pedler > Ultra Hijyenik Ped"
28001550,28001547,Kağıt Mendil,https://www.hepsiburada.com/kagit-mendiller-c-28001550,3,"Supermarket, Pet Shop > Kağıt Ürünleri > Kağıt Mendil"
80412021,28001547,Klozet Örtüsü,https://www.hepsiburada.com/klozet-ortusu-c-80412021,3,"Supermarket, Pet Shop > Kağıt Ürünleri > Klozet Örtüsü"
28001551,28001547,Peçete,https://www.hepsiburada.com/kagit-peceteler-c-28001551,3,"Supermarket, Pet Shop > Kağıt Ürünleri > Peçete"
60002056,60001496,Gıda Ürünleri,https://www.hepsiburada.com/ofis-gida-urunleri-c-60002056,3,"Supermarket, Pet Shop > Ofis Tüketim Malzemeleri > Gıda Ürünleri"
60001497,60001496,Kağıt Ürünleri,https://www.hepsiburada.com/ofis-kagit-urunleri-c-60001497,3,"Supermarket, Pet Shop > Ofis Tüketim Malzemeleri > Kağıt Ürünleri"
60001500,60001496,Ofis Sarf Malzemeleri,https://www.hepsiburada.com/ofis-sarf-malzemeleri-c-60001500,3,"Supermarket, Pet Shop > Ofis Tüketim Malzemeleri > Ofis Sarf Malzemeleri"
60001498,60001496,Temizlik Ürünleri,https://www.hepsiburada.com/temizlik-urunleri-c-60001498,3,"Supermarket, Pet Shop > Ofis Tüketim Malzemeleri > Temizlik Ürünleri"
60003418,60001496,İçecek Ürünleri,https://www.hepsiburada.com/ofis-icecek-urunleri-c-60003418,3,"Supermarket, Pet Shop > Ofis Tüketim Malzemeleri > İçecek Ürünleri"
80412072,80365054,acuka kahvaltilik sos,https://www.hepsiburada.com/acuka-kahvaltilik-sos-c-80412072,3,"Supermarket, Pet Shop > aci sos > acuka kahvaltilik sos"
23020713,60001048,Alt Açma Minderi,https://www.hepsiburada.com/bebek-alt-acma-setleri-c-23020713,3,"Supermarket, Pet Shop > bebek bezi > Alt Açma Minderi"
60001049,60001048,Bebek Bezi,https://www.hepsiburada.com/bebek-bezleri-c-60001049,3,"Supermarket, Pet Shop > bebek bezi > Bebek Bezi"
60003986,60001048,Bebek Temizlik ve Bakım,https://www.hepsiburada.com/bebek-temizlik-bakim-urunleri-c-60003986,3,"Supermarket, Pet Shop > bebek bezi > Bebek Temizlik ve Bakım"
60001051,60001048,Islak Temizleme Mendili,https://www.hepsiburada.com/islak-temizleme-mendilleri-c-60001051,3,"Supermarket, Pet Shop > bebek bezi > Islak Temizleme Mendili"
80412000,60001048,Mayo Bebek Bezi,https://www.hepsiburada.com/mayo-bebek-bezi-c-80412000,3,"Supermarket, Pet Shop > bebek bezi > Mayo Bebek Bezi"
28001481,80015000,Salçalar,https://www.hepsiburada.com/salcalar-c-28001481,3,"Supermarket, Pet Shop > biber salcasi > Salçalar"
28001480,80015000,konserveler,https://www.hepsiburada.com/konserveler-c-28001480,3,"Supermarket, Pet Shop > biber salcasi > konserveler"
28003010,80015000,tursular,https://www.hepsiburada.com/tursular-c-28003010,3,"Supermarket, Pet Shop > biber salcasi > tursular"
28002776,60001088,yumusaticilar,https://www.hepsiburada.com/yumusaticilar-c-28002776,3,"Supermarket, Pet Shop > camasir makinasi sivi deterjanlari > yumusaticilar"
80364057,28002240,Makine Deterjanı,https://www.hepsiburada.com/makine-deterjani-c-80364057,3,"Supermarket, Pet Shop > camasir makinasi toz deterjanlari > Makine Deterjanı"
28001941,28001525,Bulaşık Deterjanları,https://www.hepsiburada.com/bulasik-yikama-urunleri-c-28001941,3,"Supermarket, Pet Shop > deterjan temizlik urunleri > Bulaşık Deterjanları"
28002071,28001525,Genel Temizlik,https://www.hepsiburada.com/genel-temizlik-urunleri-c-28002071,3,"Supermarket, Pet Shop > deterjan temizlik urunleri > Genel Temizlik"
28002798,28001525,Temizlik Eldiveni,https://www.hepsiburada.com/temizlik-eldivenleri-c-28002798,3,"Supermarket, Pet Shop > deterjan temizlik urunleri > Temizlik Eldiveni"
28002739,28001525,Temizlik Gereçleri,https://www.hepsiburada.com/ev-temizlik-gerecleri-c-28002739,3,"Supermarket, Pet Shop > deterjan temizlik urunleri > Temizlik Gereçleri"
28001529,28001525,Çamaşır Deterjanları,https://www.hepsiburada.com/camasir-yikama-urunleri-c-28001529,3,"Supermarket, Pet Shop > deterjan temizlik urunleri > Çamaşır Deterjanları"
60006947,28001469,Glutensiz Ürünler,https://www.hepsiburada.com/glutensiz-urunler-c-60006947,3,"Supermarket, Pet Shop > gida urunleri > Glutensiz Ürünler"
28002972,28001469,Gurme Ürünler,https://www.hepsiburada.com/gurme-urunler-c-28002972,3,"Supermarket, Pet Shop > gida urunleri > Gurme Ürünler"
80493040,28001469,Gıda Paketleri,https://www.hepsiburada.com/gida-paketleri-c-80493040,3,"Supermarket, Pet Shop > gida urunleri > Gıda Paketleri"
80365057,28001469,"Hazır Yemek, Konserve",https://www.hepsiburada.com/hazir-yemek-konserve-c-80365057,3,"Supermarket, Pet Shop > gida urunleri > Hazır Yemek, Konserve"
28001990,28001469,Hediyelik Çikolata,https://www.hepsiburada.com/hediyelik-cikolatalar-c-28001990,3,"Supermarket, Pet Shop > gida urunleri > Hediyelik Çikolata"
28001474,28001469,Kahvaltılık,https://www.hepsiburada.com/kahvaltilik-urunler-c-28001474,3,"Supermarket, Pet Shop > gida urunleri > Kahvaltılık"
80471017,28001469,Katkı Maddeleri,https://www.hepsiburada.com/katki-maddeleri-c-80471017,3,"Supermarket, Pet Shop > gida urunleri > Katkı Maddeleri"
28001470,28001469,Kuru Gıda,https://www.hepsiburada.com/kuru-gida-urunleri-c-28001470,3,"Supermarket, Pet Shop > gida urunleri > Kuru Gıda"
28001473,28001469,Kuruyemiş,https://www.hepsiburada.com/kuruyemisler-c-28001473,3,"Supermarket, Pet Shop > gida urunleri > Kuruyemiş"
60005576,28001469,Manav,https://www.hepsiburada.com/manav-c-60005576,3,"Supermarket, Pet Shop > gida urunleri > Manav"
80365058,28001469,"Unlu Mamül, Pasta",https://www.hepsiburada.com/unlu-mamul-pasta-c-80365058,3,"Supermarket, Pet Shop > gida urunleri > Unlu Mamül, Pasta"
80365051,28001469,Yemek Sosları,https://www.hepsiburada.com/sos-surup-c-80365051,3,"Supermarket, Pet Shop > gida urunleri > Yemek Sosları"
28001472,28001469,atistirmaliklar,https://www.hepsiburada.com/atistirmaliklar-c-28001472,3,"Supermarket, Pet Shop > gida urunleri > atistirmaliklar"
60001330,28001469,sivi yaglar,https://www.hepsiburada.com/sivi-yaglar-c-60001330,3,"Supermarket, Pet Shop > gida urunleri > sivi yaglar"
60006440,28001469,yumurta,https://www.hepsiburada.com/yumurta-c-60006440,3,"Supermarket, Pet Shop > gida urunleri > yumurta"
60005577,28001469,Şarküteri,https://www.hepsiburada.com/sarkuteri-c-60005577,3,"Supermarket, Pet Shop > gida urunleri > Şarküteri"
80746007,80746000,Bone,https://www.hepsiburada.com/bone-c-80746007,3,"Supermarket, Pet Shop > hijyen urunleri > Bone"
80746005,80746000,Eldiven,https://www.hepsiburada.com/eldiven-c-80746005,3,"Supermarket, Pet Shop > hijyen urunleri > Eldiven"
80746004,80746000,Galoş,https://www.hepsiburada.com/galos-c-80746004,3,"Supermarket, Pet Shop > hijyen urunleri > Galoş"
80746001,80746000,Hijyen Aparatları,https://www.hepsiburada.com/hijyen-aparatlari-c-80746001,3,"Supermarket, Pet Shop > hijyen urunleri > Hijyen Aparatları"
80746002,80746000,Maske,https://www.hepsiburada.com/maske-c-80746002,3,"Supermarket, Pet Shop > hijyen urunleri > Maske"
80746003,80746000,Yatak Koruyucu,https://www.hepsiburada.com/yatak-koruyucu-c-80746003,3,"Supermarket, Pet Shop > hijyen urunleri > Yatak Koruyucu"
80746006,80746000,Önlük,https://www.hepsiburada.com/onluk-c-80746006,3,"Supermarket, Pet Shop > hijyen urunleri > Önlük"
28002163,28001517,Gazlı İçecek,https://www.hepsiburada.com/gazli-icecekler-c-28002163,3,"Supermarket, Pet Shop > icecek urunleri > Gazlı İçecek"
60000261,28001517,Gazsız İçecek,https://www.hepsiburada.com/gazsiz-icecek-c-60000261,3,"Supermarket, Pet Shop > icecek urunleri > Gazsız İçecek"
28001486,28001517,Kahve,https://www.hepsiburada.com/kahveler-c-28001486,3,"Supermarket, Pet Shop > icecek urunleri > Kahve"
28001491,28001517,hazir kahveler,https://www.hepsiburada.com/hazir-kahveler-c-28001491,3,"Supermarket, Pet Shop > icecek urunleri > hazir kahveler"
28001519,28001517,meyve sulari,https://www.hepsiburada.com/meyve-sulari-c-28001519,3,"Supermarket, Pet Shop > icecek urunleri > meyve sulari"
28001523,28001517,su,https://www.hepsiburada.com/su-c-28001523,3,"Supermarket, Pet Shop > icecek urunleri > su"
60001346,28001517,Çay,https://www.hepsiburada.com/caylar-c-60001346,3,"Supermarket, Pet Shop > icecek urunleri > Çay"
80365052,28001517,İçecek Şurubu,https://www.hepsiburada.com/yemek-surup-c-80365052,3,"Supermarket, Pet Shop > icecek urunleri > İçecek Şurubu"
22020,60006235,meyve sikacaklari,https://www.hepsiburada.com/meyve-sikacaklari-c-22020,3,"Supermarket, Pet Shop > meyveler > meyve sikacaklari"
80521008,60001205,Alışveriş Torbası,https://www.hepsiburada.com/alisveris-torbasi-c-80521008,3,"Supermarket, Pet Shop > mutfak sarf malzemeleri > Alışveriş Torbası"
80857015,60001205,Gıda Vakum Torbası,https://www.hepsiburada.com/gida-vakum-torbasi-c-80857015,3,"Supermarket, Pet Shop > mutfak sarf malzemeleri > Gıda Vakum Torbası"
60002933,60001205,Kullan At Ürünler,https://www.hepsiburada.com/plastik-mutfak-malzemeleri-c-60002933,3,"Supermarket, Pet Shop > mutfak sarf malzemeleri > Kullan At Ürünler"
80523016,60001205,Kuruyemiş Torbası,https://www.hepsiburada.com/kuruyemis-torbasi-c-80523016,3,"Supermarket, Pet Shop > mutfak sarf malzemeleri > Kuruyemiş Torbası"
60002318,60001205,Pişirme Kağıdı,https://www.hepsiburada.com/pisirme-kagitlari-c-60002318,3,"Supermarket, Pet Shop > mutfak sarf malzemeleri > Pişirme Kağıdı"
60002316,60001205,Çöp Torbası,https://www.hepsiburada.com/cop-torbalari-c-60002316,3,"Supermarket, Pet Shop > mutfak sarf malzemeleri > Çöp Torbası"
80330139,60002935,kavanoz,https://www.hepsiburada.com/kavanoz-c-80330139,3,"Supermarket, Pet Shop > salgam sulari > kavanoz"
530176,60008293,Külçe Altın Fiyatları,https://www.hepsiburada.com/kulce-altin-fiyatlari-c-530176,4,Elektronik > saatler > 1 gram altin > Külçe Altın Fiyatları
60006525,25008465,Aynalı Saatler,https://www.hepsiburada.com/aynali-saat-c-60006525,4,Elektronik > saatler > Duvar Saatleri > Aynalı Saatler
18032553,25008465,Dekoratif Duvar Saatleri,https://www.hepsiburada.com/dekoratif-duvar-saatleri-c-18032553,4,Elektronik > saatler > Duvar Saatleri > Dekoratif Duvar Saatleri
60006524,25008465,Guguklu Saatler,https://www.hepsiburada.com/guguklu-saatler-c-60006524,4,Elektronik > saatler > Duvar Saatleri > Guguklu Saatler
60006522,25008465,Mutfak Saatleri,https://www.hepsiburada.com/mutfak-saatleri-c-60006522,4,Elektronik > saatler > Duvar Saatleri > Mutfak Saatleri
60006523,25008465,Sarkaçlı Saatler,https://www.hepsiburada.com/sarkacli-saatler-c-60006523,4,Elektronik > saatler > Duvar Saatleri > Sarkaçlı Saatler
60006521,25008465,Sticker Saatler,https://www.hepsiburada.com/sticker-saatler-c-60006521,4,Elektronik > saatler > Duvar Saatleri > Sticker Saatler
60006520,25008465,Tablo Saatler,https://www.hepsiburada.com/tablo-saatler-c-60006520,4,Elektronik > saatler > Duvar Saatleri > Tablo Saatler
60006526,25008465,Çocuk Odası Saatleri,https://www.hepsiburada.com/cocuk-odasi-saatleri-c-60006526,4,Elektronik > saatler > Duvar Saatleri > Çocuk Odası Saatleri
60006527,25008465,İstasyon Saatler,https://www.hepsiburada.com/istasyon-saat-c-60006527,4,Elektronik > saatler > Duvar Saatleri > İstasyon Saatler
25008406,25008402,Unisex Kol Saatleri,https://www.hepsiburada.com/unisex-kol-saatleri-c-25008406,4,Elektronik > saatler > Kol Saatleri > Unisex Kol Saatleri
25008407,25008402,Çocuk Kol Saatleri,https://www.hepsiburada.com/cocuk-kol-saatleri-c-25008407,4,Elektronik > saatler > Kol Saatleri > Çocuk Kol Saatleri
25000094,2147483632,Aksesuarlar,https://www.hepsiburada.com/pipo-sigara-tesbih-cakmak-aksesuarlari-c-25000094,4,Elektronik > saatler > Saat/Gözlük/Aksesuar > Aksesuarlar
1120745,2147483632,gunes gozlugu,https://www.hepsiburada.com/gunes-gozlugu-c-1120745,4,Elektronik > saatler > Saat/Gözlük/Aksesuar > gunes gozlugu
16032929,2147483617,Takı & Mücevher,https://www.hepsiburada.com/taki-mucevher-modelleri-c-16032929,4,Elektronik > saatler > altin taki mucevherler > Takı & Mücevher
60000054,60000053,bayan hirkalar,https://www.hepsiburada.com/bayan-hirkalar-c-60000054,4,Elektronik > saatler > bayan kazaklar > bayan hirkalar
60008975,2147483646,3d yazici,https://www.hepsiburada.com/3d-yazici-c-60008975,4,Elektronik > saatler > bilgisayarlar > 3d yazici
60008823,2147483646,Bilgisayar Yedek Parçaları,https://www.hepsiburada.com/bilgisayar-yedek-parcalari-c-60008823,4,Elektronik > saatler > bilgisayarlar > Bilgisayar Yedek Parçaları
3013123,2147483646,MP3 / Ses Kayıt Cihazları,https://www.hepsiburada.com/mp3-ses-kayit-cihazlari-c-3013123,4,Elektronik > saatler > bilgisayarlar > MP3 / Ses Kayıt Cihazları
121,2147483646,ag modem switchleri,https://www.hepsiburada.com/ag-modem-switchleri-c-121,4,Elektronik > saatler > bilgisayarlar > ag modem switchleri
152,2147483646,anakartlar,https://www.hepsiburada.com/anakartlar-c-152,4,Elektronik > saatler > bilgisayarlar > anakartlar
106503,2147483646,barkod okuyucular,https://www.hepsiburada.com/barkod-okuyucular-c-106503,4,Elektronik > saatler > bilgisayarlar > barkod okuyucular
47,2147483646,bellek ramler,https://www.hepsiburada.com/bellek-ramler-c-47,4,Elektronik > saatler > bilgisayarlar > bellek ramler
1013,2147483646,bilgisayar kasalari,https://www.hepsiburada.com/bilgisayar-kasalari-c-1013,4,Elektronik > saatler > bilgisayarlar > bilgisayar kasalari
204,2147483646,ekran kartlari,https://www.hepsiburada.com/ekran-kartlari-c-204,4,Elektronik > saatler > bilgisayarlar > ekran kartlari
60008834,2147483646,ekran lcd panel yedek parca,https://www.hepsiburada.com/ekran-lcd-panel-yedek-parca-c-60008834,4,Elektronik > saatler > bilgisayarlar > ekran lcd panel yedek parca
60006369,2147483646,filament,https://www.hepsiburada.com/filament-c-60006369,4,Elektronik > saatler > bilgisayarlar > filament
217,2147483646,grafik tabletler,https://www.hepsiburada.com/grafik-tabletler-c-217,4,Elektronik > saatler > bilgisayarlar > grafik tabletler
111161,2147483646,hafiza kartlari,https://www.hepsiburada.com/hafiza-kartlari-c-111161,4,Elektronik > saatler > bilgisayarlar > hafiza kartlari
100221,2147483646,hdd harddiskler,https://www.hepsiburada.com/hdd-harddiskler-c-100221,4,Elektronik > saatler > bilgisayarlar > hdd harddiskler
46,2147483646,islemciler,https://www.hepsiburada.com/islemciler-c-46,4,Elektronik > saatler > bilgisayarlar > islemciler
3007055,2147483646,klavye mouse setleri,https://www.hepsiburada.com/klavye-mouse-setleri-c-3007055,4,Elektronik > saatler > bilgisayarlar > klavye mouse setleri
60004548,2147483646,kulak ustu kulakliklar,https://www.hepsiburada.com/kulak-ustu-kulakliklar-c-60004548,4,Elektronik > saatler > bilgisayarlar > kulak ustu kulakliklar
6,2147483646,lazer yazicilar,https://www.hepsiburada.com/lazer-yazicilar-c-6,4,Elektronik > saatler > bilgisayarlar > lazer yazicilar
60004516,2147483646,menzil arttiricilar,https://www.hepsiburada.com/menzil-arttiricilar-c-60004516,4,Elektronik > saatler > bilgisayarlar > menzil arttiricilar
111001,2147483646,mini masaustu bilgisayarlar,https://www.hepsiburada.com/mini-masaustu-bilgisayarlar-c-111001,4,Elektronik > saatler > bilgisayarlar > mini masaustu bilgisayarlar
52,2147483646,mouse,https://www.hepsiburada.com/mouse-c-52,4,Elektronik > saatler > bilgisayarlar > mouse
9181,2147483646,mp3 playerlar,https://www.hepsiburada.com/mp3-playerlar-c-9181,4,Elektronik > saatler > bilgisayarlar > mp3 playerlar
505,2147483646,network kablolari,https://www.hepsiburada.com/network-kablolari-c-505,4,Elektronik > saatler > bilgisayarlar > network kablolari
106859,2147483646,notebook sogutuculari,https://www.hepsiburada.com/notebook-sogutuculari-c-106859,4,Elektronik > saatler > bilgisayarlar > notebook sogutuculari
91410,2147483646,office yazilimlari,https://www.hepsiburada.com/office-yazilimlari-c-91410,4,Elektronik > saatler > bilgisayarlar > office yazilimlari
1012,2147483646,power supply psu,https://www.hepsiburada.com/power-supply-psu-c-1012,4,Elektronik > saatler > bilgisayarlar > power supply psu
60001272,2147483646,routerlar,https://www.hepsiburada.com/routerlar-c-60001272,4,Elektronik > saatler > bilgisayarlar > routerlar
103913,2147483646,ses kayit cihazlari,https://www.hepsiburada.com/ses-kayit-cihazlari-c-103913,4,Elektronik > saatler > bilgisayarlar > ses kayit cihazlari
114814,2147483646,ssd solid state drive,https://www.hepsiburada.com/ssd-solid-state-drive-c-114814,4,Elektronik > saatler > bilgisayarlar > ssd solid state drive
80077014,2147483646,sublimasyon baski makinesi,https://www.hepsiburada.com/sublimasyon-baski-makinesi-c-80077014,4,Elektronik > saatler > bilgisayarlar > sublimasyon baski makinesi
60001183,2147483646,tablet kalemleri,https://www.hepsiburada.com/tablet-kalemleri-c-60001183,4,Elektronik > saatler > bilgisayarlar > tablet kalemleri
60000818,2147483646,tablet kiliflari,https://www.hepsiburada.com/tablet-kiliflari-c-60000818,4,Elektronik > saatler > bilgisayarlar > tablet kiliflari
37,2147483646,tarayicilar,https://www.hepsiburada.com/tarayicilar-c-37,4,Elektronik > saatler > bilgisayarlar > tarayicilar
100225,2147483646,tasinabilir diskler,https://www.hepsiburada.com/tasinabilir-diskler-c-100225,4,Elektronik > saatler > bilgisayarlar > tasinabilir diskler
80081047,2147483646,tasinabilir ssd,https://www.hepsiburada.com/tasinabilir-ssd-c-80081047,4,Elektronik > saatler > bilgisayarlar > tasinabilir ssd
970,2147483646,usb bellekler,https://www.hepsiburada.com/usb-bellekler-c-970,4,Elektronik > saatler > bilgisayarlar > usb bellekler
3011536,2147483646,yazilabilir dvdler,https://www.hepsiburada.com/yazilabilir-dvdler-c-3011536,4,Elektronik > saatler > bilgisayarlar > yazilabilir dvdler
2147483637,155121,Beyaz Eşya Mutfak Ürünleri,https://www.hepsiburada.com/beyaz-esya-mutfak-urunleri-c-2147483637,4,Elektronik > saatler > camasir makineleri > Beyaz Eşya Mutfak Ürünleri
22002,155121,aspiratorler,https://www.hepsiburada.com/aspiratorler-c-22002,4,Elektronik > saatler > camasir makineleri > aspiratorler
231925,155121,baharat setleri,https://www.hepsiburada.com/baharat-setleri-c-231925,4,Elektronik > saatler > camasir makineleri > baharat setleri
60000273,155121,celik tencereler,https://www.hepsiburada.com/celik-tencereler-c-60000273,4,Elektronik > saatler > camasir makineleri > celik tencereler
22008,155121,dograyicilar rondolar,https://www.hepsiburada.com/dograyicilar-rondolar-c-22008,4,Elektronik > saatler > camasir makineleri > dograyicilar rondolar
60000274,155121,dokum tencereler,https://www.hepsiburada.com/dokum-tencereler-c-60000274,4,Elektronik > saatler > camasir makineleri > dokum tencereler
17006471,155121,duduklu tencereler,https://www.hepsiburada.com/duduklu-tencereler-c-17006471,4,Elektronik > saatler > camasir makineleri > duduklu tencereler
22276,155121,ekmek yapma makineleri,https://www.hepsiburada.com/ekmek-yapma-makineleri-c-22276,4,Elektronik > saatler > camasir makineleri > ekmek yapma makineleri
60006400,155121,elektrikli cay makineleri,https://www.hepsiburada.com/elektrikli-cay-makineleri-c-60006400,4,Elektronik > saatler > camasir makineleri > elektrikli cay makineleri
60003707,155121,espresso cappuccino makineleri,https://www.hepsiburada.com/espresso-cappuccino-makineleri-c-60003707,4,Elektronik > saatler > camasir makineleri > espresso cappuccino makineleri
22350,155121,fincanlar,https://www.hepsiburada.com/fincanlar-c-22350,4,Elektronik > saatler > camasir makineleri > fincanlar
231987,155121,kesme tahtalari,https://www.hepsiburada.com/kesme-tahtalari-c-231987,4,Elektronik > saatler > camasir makineleri > kesme tahtalari
22018,155121,kiyma makineleri,https://www.hepsiburada.com/kiyma-makineleri-c-22018,4,Elektronik > saatler > camasir makineleri > kiyma makineleri
22022,155121,mikserler,https://www.hepsiburada.com/mikserler-c-22022,4,Elektronik > saatler > camasir makineleri > mikserler
22025,155121,mutfak robotlari,https://www.hepsiburada.com/mutfak-robotlari-c-22025,4,Elektronik > saatler > camasir makineleri > mutfak robotlari
60001309,155121,servis tabaklari,https://www.hepsiburada.com/servis-tabaklari-c-60001309,4,Elektronik > saatler > camasir makineleri > servis tabaklari
22027,155121,su isiticilar,https://www.hepsiburada.com/su-isiticilar-c-22027,4,Elektronik > saatler > camasir makineleri > su isiticilar
236214,155121,su sebilleri,https://www.hepsiburada.com/su-sebilleri-c-236214,4,Elektronik > saatler > camasir makineleri > su sebilleri
60003714,155121,surahiler,https://www.hepsiburada.com/surahiler-c-60003714,4,Elektronik > saatler > camasir makineleri > surahiler
80696037,155121,tencere yedek parcalari aksesuarlari,https://www.hepsiburada.com/tencere-yedek-parcalari-aksesuarlari-c-80696037,4,Elektronik > saatler > camasir makineleri > tencere yedek parcalari aksesuarlari
236712,155121,termoslar,https://www.hepsiburada.com/termoslar-c-236712,4,Elektronik > saatler > camasir makineleri > termoslar
60006398,155121,turk kahvesi makineleri,https://www.hepsiburada.com/turk-kahvesi-makineleri-c-60006398,4,Elektronik > saatler > camasir makineleri > turk kahvesi makineleri
231689,155121,waffle makineleri,https://www.hepsiburada.com/waffle-makineleri-c-231689,4,Elektronik > saatler > camasir makineleri > waffle makineleri
17003942,155121,yumurta pisirme cihazlari,https://www.hepsiburada.com/yumurta-pisirme-cihazlari-c-17003942,4,Elektronik > saatler > camasir makineleri > yumurta pisirme cihazlari
231428,22005,Semaverler,https://www.hepsiburada.com/semaverler-c-231428,4,Elektronik > saatler > cay makineleri > Semaverler
60005204,371965,Diğer Telefonlar,https://www.hepsiburada.com/diger-telefonlar-c-60005204,4,Elektronik > saatler > cep telefonlari > Diğer Telefonlar
60006229,371965,Ek Güvence Paketleri,https://www.hepsiburada.com/ek-guvence-paketleri-c-60006229,4,Elektronik > saatler > cep telefonlari > Ek Güvence Paketleri
80857402,371965,Yapay Zeka,https://www.hepsiburada.com/yapay-zeka-c-80857402,4,Elektronik > saatler > cep telefonlari > Yapay Zeka
29004492,371965,arac ici telefon tutacaklari,https://www.hepsiburada.com/arac-ici-telefon-tutacaklari-c-29004492,4,Elektronik > saatler > cep telefonlari > arac ici telefon tutacaklari
60003708,22348,Aksesuarlar,https://www.hepsiburada.com/kahve-makinesi-aksesuarlari-c-60003708,4,Elektronik > saatler > kahve makineleri > Aksesuarlar
237199,22348,kahve degirmeni ogutuculeri,https://www.hepsiburada.com/kahve-degirmeni-ogutuculeri-c-237199,4,Elektronik > saatler > kahve makineleri > kahve degirmeni ogutuculeri
60004624,22348,kapsul kahve makineleri,https://www.hepsiburada.com/kapsul-kahve-makineleri-c-60004624,4,Elektronik > saatler > kahve makineleri > kapsul kahve makineleri
95583,98,oyuncu laptoplari,https://www.hepsiburada.com/oyuncu-laptoplari-c-95583,4,Elektronik > saatler > laptop notebook dizustu bilgisayarlar > oyuncu laptoplari
60000010,98,ssd solid state drive,https://www.hepsiburada.com/ssd-solid-state-drive-c-60000010,4,Elektronik > saatler > laptop notebook dizustu bilgisayarlar > ssd solid state drive
18021613,60002948,yemek masalari,https://www.hepsiburada.com/yemek-masalari-c-18021613,4,Elektronik > saatler > mutfak masa takimlari > yemek masalari
60002524,2147483641,Konsept Hediyelikler,https://www.hepsiburada.com/muzikal-hediyelikler-c-60002524,4,Elektronik > saatler > muzik > Konsept Hediyelikler
405158,2147483641,Kulaklıklar,https://www.hepsiburada.com/kulakliklar-c-405158,4,Elektronik > saatler > muzik > Kulaklıklar
80857436,259720,Kış Lastiği,https://www.hepsiburada.com/kis-lastigi-c-80857436,4,Elektronik > saatler > oto lastikler > Kış Lastiği
80857435,259720,Yaz Lastiği,https://www.hepsiburada.com/yaz-lastigi-c-80857435,4,Elektronik > saatler > oto lastikler > Yaz Lastiği
26005,259720,yag motor katkilari,https://www.hepsiburada.com/yag-motor-katkilari-c-26005,4,Elektronik > saatler > oto lastikler > yag motor katkilari
27045582,384551,Günlük Spor Ayakkabı,https://www.hepsiburada.com/gunluk-spor-ayakkabilari-c-27045582,4,Elektronik > saatler > spor ayakkabilar > Günlük Spor Ayakkabı
384554,384551,Halı Saha Ayakkabısı,https://www.hepsiburada.com/hali-saha-ayakkabilari-c-384554,4,Elektronik > saatler > spor ayakkabilar > Halı Saha Ayakkabısı
80524081,384551,Hizmet,https://www.hepsiburada.com/hizmet-c-80524081,4,Elektronik > saatler > spor ayakkabilar > Hizmet
60001555,384551,Outdoor-Trekking,https://www.hepsiburada.com/outdoor-trekking-urunleri-c-60001555,4,Elektronik > saatler > spor ayakkabilar > Outdoor-Trekking
27063133,384551,Spor Terlik,https://www.hepsiburada.com/spor-terlikler-c-27063133,4,Elektronik > saatler > spor ayakkabilar > Spor Terlik
27047261,384551,Tenis Ayakkabısı,https://www.hepsiburada.com/tenis-ayakkabilari-c-27047261,4,Elektronik > saatler > spor ayakkabilar > Tenis Ayakkabısı
60005517,384551,Voleybol Ayakkabısı,https://www.hepsiburada.com/outdoor-voleybol-ayakkabilari-c-60005517,4,Elektronik > saatler > spor ayakkabilar > Voleybol Ayakkabısı
60006597,2147483642,tasinabilir sarj cihazlari,https://www.hepsiburada.com/tasinabilir-sarj-cihazlari-c-60006597,4,Elektronik > saatler > telefonlar > tasinabilir sarj cihazlari
16032976,60008247,Ziynet Altınlar,https://www.hepsiburada.com/ziynet-altinlar-c-16032976,4,Elektronik > saatler > yarim altin > Ziynet Altınlar
60008246,60008247,ceyrek altin,https://www.hepsiburada.com/ceyrek-altin-c-60008246,4,Elektronik > saatler > yarim altin > ceyrek altin
60008248,60008247,tam altin,https://www.hepsiburada.com/tam-altin-c-60008248,4,Elektronik > saatler > yarim altin > tam altin
1300248,22007482,GPS Aksesuarları,https://www.hepsiburada.com/gps-aksesuarlari-c-1300248,4,"Spor, Outdoor > Outdoor > GPS & Navigasyon > GPS Aksesuarları"
1303494,22007482,GPS Cihazı (El Tipi),https://www.hepsiburada.com/gps-cihazlari-el-tipi-c-1303494,4,"Spor, Outdoor > Outdoor > GPS & Navigasyon > GPS Cihazı (El Tipi)"
60002032,22007482,Outdoor Şarj Cihazları,https://www.hepsiburada.com/tasinabilir-sarj-cihazlari-c-60002032,4,"Spor, Outdoor > Outdoor > GPS & Navigasyon > Outdoor Şarj Cihazları"
22008494,22003834,Kara Av Malzemeleri,https://www.hepsiburada.com/kara-av-malzemeleri-c-22008494,4,"Spor, Outdoor > Outdoor > Kara & Balık Av Malzemeleri > Kara Av Malzemeleri"
80097023,80096006,Aksesuarlar,https://www.hepsiburada.com/kis-sporlari-aksesuarlari-c-80097023,4,"Spor, Outdoor > Outdoor > Kış Sporları > Aksesuarlar"
80097020,80096006,Kar Yürüyüşü,https://www.hepsiburada.com/kar-yuruyusu-c-80097020,4,"Spor, Outdoor > Outdoor > Kış Sporları > Kar Yürüyüşü"
22001697,80096006,Kayak,https://www.hepsiburada.com/kayak-snowboardlar-c-22001697,4,"Spor, Outdoor > Outdoor > Kış Sporları > Kayak"
1301208,80096006,Kızak & Kızak Aksesuarları,https://www.hepsiburada.com/kizak-kizak-aksesuarlari-c-1301208,4,"Spor, Outdoor > Outdoor > Kış Sporları > Kızak & Kızak Aksesuarları"
60000202,80096006,Snowboard,https://www.hepsiburada.com/snowboard-setleri-c-60000202,4,"Spor, Outdoor > Outdoor > Kış Sporları > Snowboard"
363436,22006250,Eldivenler,https://www.hepsiburada.com/outdoor-eldivenler-c-363436,4,"Spor, Outdoor > Outdoor > Outdoor Giyim-Ayakkabı > Eldivenler"
1302724,22006250,Gömlekler,https://www.hepsiburada.com/gomlekler-c-1302724,4,"Spor, Outdoor > Outdoor > Outdoor Giyim-Ayakkabı > Gömlekler"
22007585,22006250,Kemerler,https://www.hepsiburada.com/outdoor-kemerler-c-22007585,4,"Spor, Outdoor > Outdoor > Outdoor Giyim-Ayakkabı > Kemerler"
60000237,22006250,Outdoor Gözlükler,https://www.hepsiburada.com/outdoor-gozlukler-c-60000237,4,"Spor, Outdoor > Outdoor > Outdoor Giyim-Ayakkabı > Outdoor Gözlükler"
1300379,22006250,Outdoor Kol Saati,https://www.hepsiburada.com/outdoor-kol-saatleri-c-1300379,4,"Spor, Outdoor > Outdoor > Outdoor Giyim-Ayakkabı > Outdoor Kol Saati"
22003833,22006250,Softshell ve Polar,https://www.hepsiburada.com/spor-outdoor-softshell-polar-c-22003833,4,"Spor, Outdoor > Outdoor > Outdoor Giyim-Ayakkabı > Softshell ve Polar"
80812006,22006250,T-Shirt,https://www.hepsiburada.com/t-shirt-c-80812006,4,"Spor, Outdoor > Outdoor > Outdoor Giyim-Ayakkabı > T-Shirt"
1302822,22006250,Termal İç Giyim,https://www.hepsiburada.com/outdoor-termal-ic-giyim-urunleri-c-1302822,4,"Spor, Outdoor > Outdoor > Outdoor Giyim-Ayakkabı > Termal İç Giyim"
1302195,22006250,Yelken Giyim & Aksesuar,https://www.hepsiburada.com/yelken-giyim-aksesuarlari-c-1302195,4,"Spor, Outdoor > Outdoor > Outdoor Giyim-Ayakkabı > Yelken Giyim & Aksesuar"
379419,22006250,mont kabanlar,https://www.hepsiburada.com/mont-kabanlar-c-379419,4,"Spor, Outdoor > Outdoor > Outdoor Giyim-Ayakkabı > mont kabanlar"
1301400,22006250,Şapkalar,https://www.hepsiburada.com/outdoor-sapkalar-c-1301400,4,"Spor, Outdoor > Outdoor > Outdoor Giyim-Ayakkabı > Şapkalar"
22014181,80678116,Spotting Scope,https://www.hepsiburada.com/spotting-scope-c-22014181,4,"Spor, Outdoor > Outdoor > Outdoor Optik > Spotting Scope"
22013995,22004138,Can Simitleri ve Aksesuarları,https://www.hepsiburada.com/can-simitleri-aksesuarlari-c-22013995,4,"Spor, Outdoor > Outdoor > Tekne & Tekne Malzemeleri > Can Simitleri ve Aksesuarları"
60001271,22004138,Marin Giyim,https://www.hepsiburada.com/marin-giyim-urunleri-c-60001271,4,"Spor, Outdoor > Outdoor > Tekne & Tekne Malzemeleri > Marin Giyim"
60001102,22004138,Su Sporu,https://www.hepsiburada.com/su-sporu-c-60001102,4,"Spor, Outdoor > Outdoor > Tekne & Tekne Malzemeleri > Su Sporu"
60005519,22004138,Tekne,https://www.hepsiburada.com/tekneler-c-60005519,4,"Spor, Outdoor > Outdoor > Tekne & Tekne Malzemeleri > Tekne"
22005409,22004138,Tekne Aksesuarları,https://www.hepsiburada.com/tekne-aksesuarlari-c-22005409,4,"Spor, Outdoor > Outdoor > Tekne & Tekne Malzemeleri > Tekne Aksesuarları"
22005106,22004138,Tekne Aydınlatma,https://www.hepsiburada.com/tekne-aydinlatmalari-c-22005106,4,"Spor, Outdoor > Outdoor > Tekne & Tekne Malzemeleri > Tekne Aydınlatma"
1302510,22004138,Tekne Bakımı,https://www.hepsiburada.com/tekne-bakim-urunleri-c-1302510,4,"Spor, Outdoor > Outdoor > Tekne & Tekne Malzemeleri > Tekne Bakımı"
1300208,22004138,Tekne Motoru,https://www.hepsiburada.com/tekne-motorlari-c-1300208,4,"Spor, Outdoor > Outdoor > Tekne & Tekne Malzemeleri > Tekne Motoru"
60001055,22004138,Tekne Teknik Ekipman & Parçalar,https://www.hepsiburada.com/tekne-teknik-ekipman-parcalar-c-60001055,4,"Spor, Outdoor > Outdoor > Tekne & Tekne Malzemeleri > Tekne Teknik Ekipman & Parçalar"
60001096,22004138,Tekne Tipi Soğutucular,https://www.hepsiburada.com/tekne-tipi-buzdolaplari-c-60001096,4,"Spor, Outdoor > Outdoor > Tekne & Tekne Malzemeleri > Tekne Tipi Soğutucular"
22005093,22004138,Tuvalet ve Mutfak,https://www.hepsiburada.com/tekne-tuvalet-mutfak-urunleri-c-22005093,4,"Spor, Outdoor > Outdoor > Tekne & Tekne Malzemeleri > Tuvalet ve Mutfak"
22016101,22004138,Yakıt Katkıları,https://www.hepsiburada.com/tekne-yakit-katkilari-c-22016101,4,"Spor, Outdoor > Outdoor > Tekne & Tekne Malzemeleri > Yakıt Katkıları"
22001931,22004138,Zodyak Bot,https://www.hepsiburada.com/zodyak-botlar-c-22001931,4,"Spor, Outdoor > Outdoor > Tekne & Tekne Malzemeleri > Zodyak Bot"
22004527,19102,2 kisilik cadirlar,https://www.hepsiburada.com/2-kisilik-cadirlar-c-22004527,4,"Spor, Outdoor > Outdoor > cadirlar > 2 kisilik cadirlar"
1307141,19102,3 Kişilik Çadır,https://www.hepsiburada.com/3-kisilik-cadirlar-c-1307141,4,"Spor, Outdoor > Outdoor > cadirlar > 3 Kişilik Çadır"
367230,19102,4 Kişilik Çadır,https://www.hepsiburada.com/4-kisilik-cadirlar-c-367230,4,"Spor, Outdoor > Outdoor > cadirlar > 4 Kişilik Çadır"
22004504,19102,5+ Kişilik Çadır,https://www.hepsiburada.com/5-kisilik-cadirlar-c-22004504,4,"Spor, Outdoor > Outdoor > cadirlar > 5+ Kişilik Çadır"
353100,19102,tek kisilik cadirlar,https://www.hepsiburada.com/tek-kisilik-cadirlar-c-353100,4,"Spor, Outdoor > Outdoor > cadirlar > tek kisilik cadirlar"
1307140,19102,Çadır Aksesuarları,https://www.hepsiburada.com/cadir-aksesuarlari-c-1307140,4,"Spor, Outdoor > Outdoor > cadirlar > Çadır Aksesuarları"
352930,19102,Çadır Brandası,https://www.hepsiburada.com/cadir-brandalari-c-352930,4,"Spor, Outdoor > Outdoor > cadirlar > Çadır Brandası"
80571189,1800549,Bebek Su Aktivite Ürünleri,https://www.hepsiburada.com/bebek-su-aktivite-urunleri-c-80571189,4,"Spor, Outdoor > Outdoor > Şişme Su Aktivite Ürünleri > Bebek Su Aktivite Ürünleri"
1304543,1800549,Deniz Kolluğu,https://www.hepsiburada.com/deniz-kolluklari-c-1304543,4,"Spor, Outdoor > Outdoor > Şişme Su Aktivite Ürünleri > Deniz Kolluğu"
1300146,1800549,Deniz Simidi,https://www.hepsiburada.com/deniz-simitleri-c-1300146,4,"Spor, Outdoor > Outdoor > Şişme Su Aktivite Ürünleri > Deniz Simidi"
1300771,1800549,Deniz Topu,https://www.hepsiburada.com/deniz-toplari-c-1300771,4,"Spor, Outdoor > Outdoor > Şişme Su Aktivite Ürünleri > Deniz Topu"
1302447,1800549,Pompa & Aksesuarlar,https://www.hepsiburada.com/pompa-aksesuarlar-c-1302447,4,"Spor, Outdoor > Outdoor > Şişme Su Aktivite Ürünleri > Pompa & Aksesuarlar"
60005721,27026003,ATV Motor,https://www.hepsiburada.com/atv-motor-c-60005721,4,"Spor, Outdoor > Spor / Fitness > Bisiklet > ATV Motor"
19234,27026003,BMX Bisiklet,https://www.hepsiburada.com/bmx-bisikletler-c-19234,4,"Spor, Outdoor > Spor / Fitness > Bisiklet > BMX Bisiklet"
27064236,27026003,Bisiklet Aksesuar ve Parçaları,https://www.hepsiburada.com/bisiklet-aksesuarlari-parcalari-c-27064236,4,"Spor, Outdoor > Spor / Fitness > Bisiklet > Bisiklet Aksesuar ve Parçaları"
80834000,27026003,Elektrikli Bisiklet Yedek Parça & Aksesuar,https://www.hepsiburada.com/elektirikli-bisiklet-yedek-parca-aksesuar-c-80834000,4,"Spor, Outdoor > Spor / Fitness > Bisiklet > Elektrikli Bisiklet Yedek Parça & Aksesuar"
370963,27026003,Giyim,https://www.hepsiburada.com/bisiklet-giyim-urunleri-c-370963,4,"Spor, Outdoor > Spor / Fitness > Bisiklet > Giyim"
1801018,27026003,Yol Yarış Bisikleti,https://www.hepsiburada.com/yol-yaris-bisikletleri-c-1801018,4,"Spor, Outdoor > Spor / Fitness > Bisiklet > Yol Yarış Bisikleti"
367159,27026003,Şehir Bisikleti,https://www.hepsiburada.com/sehir-bisikletleri-c-367159,4,"Spor, Outdoor > Spor / Fitness > Bisiklet > Şehir Bisikleti"
60000050,353044,Atletizm Ürünleri,https://www.hepsiburada.com/atletizm-urunleri-c-60000050,4,"Spor, Outdoor > Spor / Fitness > Spor Branşları > Atletizm Ürünleri"
19032,353044,Badminton,https://www.hepsiburada.com/badminton-urunleri-c-19032,4,"Spor, Outdoor > Spor / Fitness > Spor Branşları > Badminton"
80563063,353044,Bale,https://www.hepsiburada.com/bale-urunleri-c-80563063,4,"Spor, Outdoor > Spor / Fitness > Spor Branşları > Bale"
19051,353044,Beyzbol,https://www.hepsiburada.com/beyzbol-urunleri-c-19051,4,"Spor, Outdoor > Spor / Fitness > Spor Branşları > Beyzbol"
373970,353044,Bilardo,https://www.hepsiburada.com/bilardo-c-373970,4,"Spor, Outdoor > Spor / Fitness > Spor Branşları > Bilardo"
378441,353044,Binicilik,https://www.hepsiburada.com/binicilik-malzemeleri-c-378441,4,"Spor, Outdoor > Spor / Fitness > Spor Branşları > Binicilik"
60005633,353044,Buz Hokeyi,https://www.hepsiburada.com/buz-hokeyi-c-60005633,4,"Spor, Outdoor > Spor / Fitness > Spor Branşları > Buz Hokeyi"
19264,353044,Dart,https://www.hepsiburada.com/dart-urunleri-c-19264,4,"Spor, Outdoor > Spor / Fitness > Spor Branşları > Dart"
80081035,353044,Eskrim,https://www.hepsiburada.com/eskrim-c-80081035,4,"Spor, Outdoor > Spor / Fitness > Spor Branşları > Eskrim"
60002121,353044,Golf,https://www.hepsiburada.com/golf-c-60002121,4,"Spor, Outdoor > Spor / Fitness > Spor Branşları > Golf"
60006220,353044,Hemsball,https://www.hepsiburada.com/hemsball-c-60006220,4,"Spor, Outdoor > Spor / Fitness > Spor Branşları > Hemsball"
377531,353044,Hentbol,https://www.hepsiburada.com/hentbol-urunleri-c-377531,4,"Spor, Outdoor > Spor / Fitness > Spor Branşları > Hentbol"
27086183,353044,Jimnastik,https://www.hepsiburada.com/jimnastik-malzemeleri-c-27086183,4,"Spor, Outdoor > Spor / Fitness > Spor Branşları > Jimnastik"
80770000,353044,Jonglör,https://www.hepsiburada.com/jonglor-c-80770000,4,"Spor, Outdoor > Spor / Fitness > Spor Branşları > Jonglör"
27019227,353044,Kayak - Snowboard,https://www.hepsiburada.com/kayak-snowboard-urunleri-c-27019227,4,"Spor, Outdoor > Spor / Fitness > Spor Branşları > Kayak - Snowboard"
19070,353044,Kupalar ve Madalyalar,https://www.hepsiburada.com/kupalar-madalyalar-c-19070,4,"Spor, Outdoor > Spor / Fitness > Spor Branşları > Kupalar ve Madalyalar"
80857365,353044,Körling Ekipmanları,https://www.hepsiburada.com/korling-ekipmanlari-c-80857365,4,"Spor, Outdoor > Spor / Fitness > Spor Branşları > Körling Ekipmanları"
366047,353044,Masa Futbolu (Langırt),https://www.hepsiburada.com/masa-futbolu-langirt-c-366047,4,"Spor, Outdoor > Spor / Fitness > Spor Branşları > Masa Futbolu (Langırt)"
19006,353044,Masa Tenisi,https://www.hepsiburada.com/masa-tenisi-c-19006,4,"Spor, Outdoor > Spor / Fitness > Spor Branşları > Masa Tenisi"
19036,353044,Squash,https://www.hepsiburada.com/squash-urunleri-c-19036,4,"Spor, Outdoor > Spor / Fitness > Spor Branşları > Squash"
19005,353044,Tenis,https://www.hepsiburada.com/tenis-urunleri-c-19005,4,"Spor, Outdoor > Spor / Fitness > Spor Branşları > Tenis"
80832000,353044,Triatlon,https://www.hepsiburada.com/triatlon-c-80832000,4,"Spor, Outdoor > Spor / Fitness > Spor Branşları > Triatlon"
19053,353044,Uzakdoğu Sporları,https://www.hepsiburada.com/uzakdogu-sporlari-c-19053,4,"Spor, Outdoor > Spor / Fitness > Spor Branşları > Uzakdoğu Sporları"
19004,353044,Voleybol,https://www.hepsiburada.com/voleybol-urunleri-c-19004,4,"Spor, Outdoor > Spor / Fitness > Spor Branşları > Voleybol"
19274,353044,koruyucu ekipmanlar,https://www.hepsiburada.com/koruyucu-ekipmanlar-c-19274,4,"Spor, Outdoor > Spor / Fitness > Spor Branşları > koruyucu ekipmanlar"
60006183,27007679,Anadolu Efes,https://www.hepsiburada.com/anadolu-efes-c-60006183,4,"Spor, Outdoor > Spor / Fitness > Taraftar Ürünleri > Anadolu Efes"
80857070,27007679,Samsunspor,https://www.hepsiburada.com/samsunspor-c-80857070,4,"Spor, Outdoor > Spor / Fitness > Taraftar Ürünleri > Samsunspor"
60000315,27007679,Taraftar Aksesuarları,https://www.hepsiburada.com/taraftar-aksesuarlari-c-60000315,4,"Spor, Outdoor > Spor / Fitness > Taraftar Ürünleri > Taraftar Aksesuarları"
22001915,27007679,bereler,https://www.hepsiburada.com/bereler-c-22001915,4,"Spor, Outdoor > Spor / Fitness > Taraftar Ürünleri > bereler"
27060580,27007679,futbol formalari,https://www.hepsiburada.com/futbol-formalari-c-27060580,4,"Spor, Outdoor > Spor / Fitness > Taraftar Ürünleri > futbol formalari"
355454,60004761,Ağırlık Sehpaları,https://www.hepsiburada.com/agirlik-sehpalari-c-355454,4,"Spor, Outdoor > Spor / Fitness > Vücut Geliştirme Aletleri > Ağırlık Sehpaları"
80857621,60004761,Dambıl & Ağırlık Standı,https://www.hepsiburada.com/dambil-agirlik-standi-c-80857621,4,"Spor, Outdoor > Spor / Fitness > Vücut Geliştirme Aletleri > Dambıl & Ağırlık Standı"
367341,60004761,Fitwear (Giyim),https://www.hepsiburada.com/fitwear-giyim-urunleri-c-367341,4,"Spor, Outdoor > Spor / Fitness > Vücut Geliştirme Aletleri > Fitwear (Giyim)"
355451,60004761,Kürek,https://www.hepsiburada.com/kurek-cekme-spor-aletleri-c-355451,4,"Spor, Outdoor > Spor / Fitness > Vücut Geliştirme Aletleri > Kürek"
355457,60004761,Çalışma İstasyonları,https://www.hepsiburada.com/calisma-istasyonlari-c-355457,4,"Spor, Outdoor > Spor / Fitness > Vücut Geliştirme Aletleri > Çalışma İstasyonları"
387326,387327,Barlar ve Plakalar,https://www.hepsiburada.com/barlar-plakalar-c-387326,4,"Spor, Outdoor > Spor / Fitness > dambillar agirlik plakalari > Barlar ve Plakalar"
384436,387327,Demir Dambıl Setler,https://www.hepsiburada.com/demir-dambil-setler-c-384436,4,"Spor, Outdoor > Spor / Fitness > dambillar agirlik plakalari > Demir Dambıl Setler"
60004344,387327,Kettlebell,https://www.hepsiburada.com/kettlebell-c-60004344,4,"Spor, Outdoor > Spor / Fitness > dambillar agirlik plakalari > Kettlebell"
387331,387327,Vinyl ve Plastik Dambıllar,https://www.hepsiburada.com/vinyl-plastik-dambillar-c-387331,4,"Spor, Outdoor > Spor / Fitness > dambillar agirlik plakalari > Vinyl ve Plastik Dambıllar"
205351,60000163,Abiye Çanta,https://www.hepsiburada.com/abiye-canta-c-205351,4,"Spor, Outdoor > bavullar valizler > bayan cantalari > Abiye Çanta"
60000809,60000163,Bel Çantası,https://www.hepsiburada.com/bayan-bel-cantalari-c-60000809,4,"Spor, Outdoor > bavullar valizler > bayan cantalari > Bel Çantası"
60003895,60000163,Clutch,https://www.hepsiburada.com/bayan-clutch-c-60003895,4,"Spor, Outdoor > bavullar valizler > bayan cantalari > Clutch"
60000164,60000163,Cüzdan,https://www.hepsiburada.com/bayan-cuzdanlar-c-60000164,4,"Spor, Outdoor > bavullar valizler > bayan cantalari > Cüzdan"
60003948,60000163,Kartlık Cüzdan,https://www.hepsiburada.com/kartlik-cuzdan-c-60003948,4,"Spor, Outdoor > bavullar valizler > bayan cantalari > Kartlık Cüzdan"
60003899,60000163,Makyaj Çantası,https://www.hepsiburada.com/makyaj-cantalari-c-60003899,4,"Spor, Outdoor > bavullar valizler > bayan cantalari > Makyaj Çantası"
60000806,60000163,Omuz Çantası,https://www.hepsiburada.com/bayan-omuz-cantasi-c-60000806,4,"Spor, Outdoor > bavullar valizler > bayan cantalari > Omuz Çantası"
60005715,60000163,Portföy Çanta,https://www.hepsiburada.com/portfoy-canta-c-60005715,4,"Spor, Outdoor > bavullar valizler > bayan cantalari > Portföy Çanta"
60000145,60000163,Seyahat Çantası,https://www.hepsiburada.com/bayan-seyahat-cantalari-c-60000145,4,"Spor, Outdoor > bavullar valizler > bayan cantalari > Seyahat Çantası"
60003938,60000163,Valiz Kılıfı,https://www.hepsiburada.com/bayan-valiz-kiliflari-c-60003938,4,"Spor, Outdoor > bavullar valizler > bayan cantalari > Valiz Kılıfı"
60000165,60000163,Çanta,https://www.hepsiburada.com/kadin-cantalari-c-60000165,4,"Spor, Outdoor > bavullar valizler > bayan cantalari > Çanta"
60007465,60000163,Çapraz Çanta,https://www.hepsiburada.com/capraz-canta-c-60007465,4,"Spor, Outdoor > bavullar valizler > bayan cantalari > Çapraz Çanta"
60005616,60003896,Bel Çantası,https://www.hepsiburada.com/erkek-bel-cantalari-c-60005616,4,"Spor, Outdoor > bavullar valizler > erkek cantalar > Bel Çantası"
60003897,60003896,El Çantası,https://www.hepsiburada.com/erkek-el-cantalari-c-60003897,4,"Spor, Outdoor > bavullar valizler > erkek cantalar > El Çantası"
60000109,60003896,Evrak Çantası,https://www.hepsiburada.com/evrak-cantasi-c-60000109,4,"Spor, Outdoor > bavullar valizler > erkek cantalar > Evrak Çantası"
60003985,60003896,Kartlık,https://www.hepsiburada.com/erkek-kartliklar-c-60003985,4,"Spor, Outdoor > bavullar valizler > erkek cantalar > Kartlık"
60005617,60003896,Omuz Çantası,https://www.hepsiburada.com/omuz-cantasi-c-60005617,4,"Spor, Outdoor > bavullar valizler > erkek cantalar > Omuz Çantası"
60003901,60003896,Postacı Çantası,https://www.hepsiburada.com/postaci-cantalari-c-60003901,4,"Spor, Outdoor > bavullar valizler > erkek cantalar > Postacı Çantası"
60003967,60003896,Seyahat,https://www.hepsiburada.com/erkek-seyahat-cantalar-c-60003967,4,"Spor, Outdoor > bavullar valizler > erkek cantalar > Seyahat"
60000110,60003896,Spor Çanta,https://www.hepsiburada.com/erkek-spor-cantalar-c-60000110,4,"Spor, Outdoor > bavullar valizler > erkek cantalar > Spor Çanta"
60003984,60003896,erkek cuzdanlar,https://www.hepsiburada.com/erkek-cuzdanlar-c-60003984,4,"Spor, Outdoor > bavullar valizler > erkek cantalar > erkek cuzdanlar"
1300938,352914,Cüzdan - Bel ve Omuz Çantaları,https://www.hepsiburada.com/cuzdan-bel-omuz-cantalari-c-1300938,4,"Spor, Outdoor > cocuk bisikletleri > outdoor cantalar > Cüzdan - Bel ve Omuz Çantaları"
1300934,352914,Dağcılık ve Kamp Çantaları,https://www.hepsiburada.com/dagcilik-kamp-cantalari-c-1300934,4,"Spor, Outdoor > cocuk bisikletleri > outdoor cantalar > Dağcılık ve Kamp Çantaları"
1300936,352914,Günlük Sırt Çantası,https://www.hepsiburada.com/sirt-cantasi-c-1300936,4,"Spor, Outdoor > cocuk bisikletleri > outdoor cantalar > Günlük Sırt Çantası"
1300935,352914,Trekking Çantaları,https://www.hepsiburada.com/trekking-cantalari-c-1300935,4,"Spor, Outdoor > cocuk bisikletleri > outdoor cantalar > Trekking Çantaları"
1301350,352914,Çanta Aksesuarları ve Kılıfları,https://www.hepsiburada.com/canta-aksesuarlari-kiliflari-c-1301350,4,"Spor, Outdoor > cocuk bisikletleri > outdoor cantalar > Çanta Aksesuarları ve Kılıfları"
60005119,3013122,3G/4G/5G Router,https://www.hepsiburada.com/3g-4g-router-c-60005119,4,"Spor, Outdoor > kramponlar > ag modemler > 3G/4G/5G Router"
2699,3013122,Antenler / Kablolar,https://www.hepsiburada.com/modem-antenler-kablolar-c-2699,4,"Spor, Outdoor > kramponlar > ag modemler > Antenler / Kablolar"
319,3013122,Bluetooth Ürünler,https://www.hepsiburada.com/ag-modem-bluetooth-urunleri-c-319,4,"Spor, Outdoor > kramponlar > ag modemler > Bluetooth Ürünler"
119,3013122,Ethernet Kartlar,https://www.hepsiburada.com/ethernet-kartlari-c-119,4,"Spor, Outdoor > kramponlar > ag modemler > Ethernet Kartlar"
80774003,3013122,Firewall,https://www.hepsiburada.com/firewall-c-80774003,4,"Spor, Outdoor > kramponlar > ag modemler > Firewall"
97965,3013122,IP Kameralar,https://www.hepsiburada.com/ip-kameralar-c-97965,4,"Spor, Outdoor > kramponlar > ag modemler > IP Kameralar"
60008040,3013122,Kabinetler,https://www.hepsiburada.com/kabinet-c-60008040,4,"Spor, Outdoor > kramponlar > ag modemler > Kabinetler"
45,3013122,Modemler,https://www.hepsiburada.com/modemler-c-45,4,"Spor, Outdoor > kramponlar > ag modemler > Modemler"
60001671,3013122,Network Aksesuarları,https://www.hepsiburada.com/network-aksesuarlari-c-60001671,4,"Spor, Outdoor > kramponlar > ag modemler > Network Aksesuarları"
3008077,3013122,Network Kartları,https://www.hepsiburada.com/network-kartlari-c-3008077,4,"Spor, Outdoor > kramponlar > ag modemler > Network Kartları"
3016744,3013122,Powerline Ürünleri,https://www.hepsiburada.com/powerline-urunleri-c-3016744,4,"Spor, Outdoor > kramponlar > ag modemler > Powerline Ürünleri"
390,3013122,Print Server,https://www.hepsiburada.com/print-serverlar-c-390,4,"Spor, Outdoor > kramponlar > ag modemler > Print Server"
103939,3013122,Wireless Adaptör,https://www.hepsiburada.com/wireless-adaptorler-c-103939,4,"Spor, Outdoor > kramponlar > ag modemler > Wireless Adaptör"
410,3013122,access pointler,https://www.hepsiburada.com/access-pointler-c-410,4,"Spor, Outdoor > kramponlar > ag modemler > access pointler"
80256005,235604,Ek Güvence Paketleri,https://www.hepsiburada.com/ek-guvence-paketleri-c-80256005,4,"Spor, Outdoor > kramponlar > beyaz esya ankastreler > Ek Güvence Paketleri"
80813001,235604,Şarap Dolapları,https://www.hepsiburada.com/sarap-dolabi-c-80813001,4,"Spor, Outdoor > kramponlar > beyaz esya ankastreler > Şarap Dolapları"
60001378,42,Apple Aksesuarları,https://www.hepsiburada.com/imac-macbook-aksesuarlari-c-60001378,4,"Spor, Outdoor > kramponlar > bilgisayar aksesuarlari > Apple Aksesuarları"
60004413,42,CD/DVD ve Aksesuarları,https://www.hepsiburada.com/cd-dvd-aksesuarlari-c-60004413,4,"Spor, Outdoor > kramponlar > bilgisayar aksesuarlari > CD/DVD ve Aksesuarları"
80760000,42,Ek Güvence Paketleri,https://www.hepsiburada.com/ek-guvence-paketleri-c-80760000,4,"Spor, Outdoor > kramponlar > bilgisayar aksesuarlari > Ek Güvence Paketleri"
80545011,42,Ekran Kartı Aksesuarları,https://www.hepsiburada.com/ekran-karti-aksesuarlari-c-80545011,4,"Spor, Outdoor > kramponlar > bilgisayar aksesuarlari > Ekran Kartı Aksesuarları"
757,42,Kablolar/Swich ve Çoklayıcılar,https://www.hepsiburada.com/kablo-switch-coklayicilar-c-757,4,"Spor, Outdoor > kramponlar > bilgisayar aksesuarlari > Kablolar/Swich ve Çoklayıcılar"
112970,42,Klavye Aksesuarları,https://www.hepsiburada.com/klavye-aksesuarlari-c-112970,4,"Spor, Outdoor > kramponlar > bilgisayar aksesuarlari > Klavye Aksesuarları"
98499,42,Monitör Aksesuarları,https://www.hepsiburada.com/monitor-aksesuarlari-c-98499,4,"Spor, Outdoor > kramponlar > bilgisayar aksesuarlari > Monitör Aksesuarları"
29,42,Mouse Pad,https://www.hepsiburada.com/mouse-padleri-c-29,4,"Spor, Outdoor > kramponlar > bilgisayar aksesuarlari > Mouse Pad"
98045,42,Mp3 Player Aksesuarları,https://www.hepsiburada.com/mp3-player-aksesuarlari-c-98045,4,"Spor, Outdoor > kramponlar > bilgisayar aksesuarlari > Mp3 Player Aksesuarları"
60000203,42,Tablet ve iPad Aksesuarları,https://www.hepsiburada.com/tablet-ipad-aksesuarlari-c-60000203,4,"Spor, Outdoor > kramponlar > bilgisayar aksesuarlari > Tablet ve iPad Aksesuarları"
111885,42,Taşınabilir Disk Aksesuarları,https://www.hepsiburada.com/tasinabilir-disk-aksesuarlari-c-111885,4,"Spor, Outdoor > kramponlar > bilgisayar aksesuarlari > Taşınabilir Disk Aksesuarları"
827,42,Temizlik Ürünleri,https://www.hepsiburada.com/bilgisayar-temizlik-urunleri-c-827,4,"Spor, Outdoor > kramponlar > bilgisayar aksesuarlari > Temizlik Ürünleri"
114325,42,Usb Aksesuar,https://www.hepsiburada.com/usb-aksesuarlari-c-114325,4,"Spor, Outdoor > kramponlar > bilgisayar aksesuarlari > Usb Aksesuar"
115714,42,notebook aksesuarlari,https://www.hepsiburada.com/notebook-aksesuarlari-c-115714,4,"Spor, Outdoor > kramponlar > bilgisayar aksesuarlari > notebook aksesuarlari"
589,8,Dijital Video İşleme,https://www.hepsiburada.com/dijital-video-isleme-urunleri-c-589,4,"Spor, Outdoor > kramponlar > bilgisayar parcalari > Dijital Video İşleme"
3009846,8,Optik Sürücüler,https://www.hepsiburada.com/optik-suruculer-c-3009846,4,"Spor, Outdoor > kramponlar > bilgisayar parcalari > Optik Sürücüler"
60005722,8,Server Donanımları,https://www.hepsiburada.com/server-donanimlari-c-60005722,4,"Spor, Outdoor > kramponlar > bilgisayar parcalari > Server Donanımları"
218,8,Ses Kartları,https://www.hepsiburada.com/ses-kartlari-c-218,4,"Spor, Outdoor > kramponlar > bilgisayar parcalari > Ses Kartları"
1125,8,Soğutucular / Overclock,https://www.hepsiburada.com/sogutucular-overclock-c-1125,4,"Spor, Outdoor > kramponlar > bilgisayar parcalari > Soğutucular / Overclock"
54,8,Tv Kartları,https://www.hepsiburada.com/tv-kartlari-c-54,4,"Spor, Outdoor > kramponlar > bilgisayar parcalari > Tv Kartları"
80562181,3000500,Dokunmatik Pos PC,https://www.hepsiburada.com/dokunmatik-pos-pc-c-80562181,4,"Spor, Outdoor > kramponlar > bilgisayarlar > Dokunmatik Pos PC"
758,3000500,Serverlar,https://www.hepsiburada.com/serverlar-c-758,4,"Spor, Outdoor > kramponlar > bilgisayarlar > Serverlar"
80365001,3000500,Yenilenmiş Dizüstü Bilgisayar Laptop,https://www.hepsiburada.com/ikinci-el-dizustu-bilgisayar-laptop-c-80365001,4,"Spor, Outdoor > kramponlar > bilgisayarlar > Yenilenmiş Dizüstü Bilgisayar Laptop"
139,3000500,bilgisayar isletim sistemleri,https://www.hepsiburada.com/bilgisayar-isletim-sistemleri-c-139,4,"Spor, Outdoor > kramponlar > bilgisayarlar > bilgisayar isletim sistemleri"
80747000,371967,Akıllı Gözlükler,https://www.hepsiburada.com/akilli-gozlukler-c-80747000,4,"Spor, Outdoor > kramponlar > cep telefonu aksesuarlari > Akıllı Gözlükler"
375468,371967,Akıllı Saat ve Bileklik Aksesuarları,https://www.hepsiburada.com/giyilebilir-teknoloji-aksesuarlari-c-375468,4,"Spor, Outdoor > kramponlar > cep telefonu aksesuarlari > Akıllı Saat ve Bileklik Aksesuarları"
80857401,371967,Akıllı Yüzükler,https://www.hepsiburada.com/akilli-yuzuk-c-80857401,4,"Spor, Outdoor > kramponlar > cep telefonu aksesuarlari > Akıllı Yüzükler"
16112,371967,Araç İçi Telefon Tutucular,https://www.hepsiburada.com/araba-aksesuarlari-c-16112,4,"Spor, Outdoor > kramponlar > cep telefonu aksesuarlari > Araç İçi Telefon Tutucular"
16111,371967,Bataryalar,https://www.hepsiburada.com/cep-telefonu-bataryalari-c-16111,4,"Spor, Outdoor > kramponlar > cep telefonu aksesuarlari > Bataryalar"
16217,371967,Bluetooth Araç Kitleri,https://www.hepsiburada.com/bluetooth-arac-kitleri-c-16217,4,"Spor, Outdoor > kramponlar > cep telefonu aksesuarlari > Bluetooth Araç Kitleri"
80413102,371967,Bluetooth Kulaklık Aksesuarları,https://www.hepsiburada.com/bluetooth-kulaklik-aksesuarlari-c-80413102,4,"Spor, Outdoor > kramponlar > cep telefonu aksesuarlari > Bluetooth Kulaklık Aksesuarları"
60007722,371967,Cep Telefonu Yedek Parçaları,https://www.hepsiburada.com/cep-telefonu-yedek-parcalari-c-60007722,4,"Spor, Outdoor > kramponlar > cep telefonu aksesuarlari > Cep Telefonu Yedek Parçaları"
60002300,371967,Diğer Telefon Aksesuarları,https://www.hepsiburada.com/diger-telefon-aksesuarlari-c-60002300,4,"Spor, Outdoor > kramponlar > cep telefonu aksesuarlari > Diğer Telefon Aksesuarları"
60006147,371967,Ek Güvence Paketleri,https://www.hepsiburada.com/ek-guvence-paketleri-c-60006147,4,"Spor, Outdoor > kramponlar > cep telefonu aksesuarlari > Ek Güvence Paketleri"
60004613,371967,GPS Takip Cihazları,https://www.hepsiburada.com/gps-takip-cihazlari-c-60004613,4,"Spor, Outdoor > kramponlar > cep telefonu aksesuarlari > GPS Takip Cihazları"
80857058,371967,Hepsiburada Koruma Paketi,https://www.hepsiburada.com/hepsiburada-koruma-paketi-c-80857058,4,"Spor, Outdoor > kramponlar > cep telefonu aksesuarlari > Hepsiburada Koruma Paketi"
60005915,371967,Sanal Gerçeklik Gözlüğü,https://www.hepsiburada.com/sanal-gerceklik-gozlukleri-c-60005915,4,"Spor, Outdoor > kramponlar > cep telefonu aksesuarlari > Sanal Gerçeklik Gözlüğü"
60005237,371967,Selfie (Özçekim) Çubukları,https://www.hepsiburada.com/selfie-ozcekim-cubuklari-c-60005237,4,"Spor, Outdoor > kramponlar > cep telefonu aksesuarlari > Selfie (Özçekim) Çubukları"
60003561,371967,Tasarım Kılıflar,https://www.hepsiburada.com/tasarim-kiliflar-c-60003561,4,"Spor, Outdoor > kramponlar > cep telefonu aksesuarlari > Tasarım Kılıflar"
16117,371967,Telefon Kulaklıkları,https://www.hepsiburada.com/kulaklik-setleri-c-16117,4,"Spor, Outdoor > kramponlar > cep telefonu aksesuarlari > Telefon Kulaklıkları"
60001038,371967,Telefon Oyun Aksesuarları,https://www.hepsiburada.com/telefon-oyun-aksesuarlari-c-60001038,4,"Spor, Outdoor > kramponlar > cep telefonu aksesuarlari > Telefon Oyun Aksesuarları"
60006199,371967,USB Flash Bellekler,https://www.hepsiburada.com/cep-telefonu-usb-flash-bellekler-c-60006199,4,"Spor, Outdoor > kramponlar > cep telefonu aksesuarlari > USB Flash Bellekler"
813,3013120,Dvd/Hdd Kasaları,https://www.hepsiburada.com/dvd-harddisk-kutulari-c-813,4,"Spor, Outdoor > kramponlar > cevre birimleri > Dvd/Hdd Kasaları"
848,3013120,Elektronik Sözlükler,https://www.hepsiburada.com/elektronik-sozlukler-c-848,4,"Spor, Outdoor > kramponlar > cevre birimleri > Elektronik Sözlükler"
36,3013120,Güç Kaynakları Ups / Akü,https://www.hepsiburada.com/bilgisayar-guc-kaynaklari-ups-aku-c-36,4,"Spor, Outdoor > kramponlar > cevre birimleri > Güç Kaynakları Ups / Akü"
1,3013120,Klavye,https://www.hepsiburada.com/klavyeler-c-1,4,"Spor, Outdoor > kramponlar > cevre birimleri > Klavye"
18,3013120,Ses Ve Görüntü Ürünleri,https://www.hepsiburada.com/ses-goruntu-urunleri-c-18,4,"Spor, Outdoor > kramponlar > cevre birimleri > Ses Ve Görüntü Ürünleri"
80448051,3013120,Simülasyon Aksesuarları,https://www.hepsiburada.com/simulasyon-aksesuarlari-c-80448051,4,"Spor, Outdoor > kramponlar > cevre birimleri > Simülasyon Aksesuarları"
639,3013120,Usb / Firewire Ürünleri,https://www.hepsiburada.com/usb-firewire-urunleri-c-639,4,"Spor, Outdoor > kramponlar > cevre birimleri > Usb / Firewire Ürünleri"
231596,22001,Buharlı Pişiriciler,https://www.hepsiburada.com/buharli-pisiriciler-c-231596,4,"Spor, Outdoor > kramponlar > elektrikli mutfak aletleri > Buharlı Pişiriciler"
22009,22001,Ekmek Kızartıcılar,https://www.hepsiburada.com/ekmek-kizarticilar-c-22009,4,"Spor, Outdoor > kramponlar > elektrikli mutfak aletleri > Ekmek Kızartıcılar"
232541,22001,Elektrikli Tencere/Tavalar,https://www.hepsiburada.com/elektrikli-tencere-tavalar-c-232541,4,"Spor, Outdoor > kramponlar > elektrikli mutfak aletleri > Elektrikli Tencere/Tavalar"
80752000,22001,Elektrikli Çeyiz Seti,https://www.hepsiburada.com/elektrikli-ceyiz-seti-c-80752000,4,"Spor, Outdoor > kramponlar > elektrikli mutfak aletleri > Elektrikli Çeyiz Seti"
233088,22001,Mini/Midi Fırınlar,https://www.hepsiburada.com/mini-midi-firinlar-c-233088,4,"Spor, Outdoor > kramponlar > elektrikli mutfak aletleri > Mini/Midi Fırınlar"
60003748,22001,Mutfak Tartıları,https://www.hepsiburada.com/mutfak-tartilari-c-60003748,4,"Spor, Outdoor > kramponlar > elektrikli mutfak aletleri > Mutfak Tartıları"
232495,22001,Mutfak Şefi,https://www.hepsiburada.com/mutfak-sefi-c-232495,4,"Spor, Outdoor > kramponlar > elektrikli mutfak aletleri > Mutfak Şefi"
22056,22001,Mısır Patlatma Makineleri,https://www.hepsiburada.com/misir-patlatma-makineleri-c-22056,4,"Spor, Outdoor > kramponlar > elektrikli mutfak aletleri > Mısır Patlatma Makineleri"
60005961,22001,Soda Makinesi,https://www.hepsiburada.com/soda-makinesi-c-60005961,4,"Spor, Outdoor > kramponlar > elektrikli mutfak aletleri > Soda Makinesi"
232334,22001,Yoğurt Makineleri,https://www.hepsiburada.com/yogurt-makineleri-c-232334,4,"Spor, Outdoor > kramponlar > elektrikli mutfak aletleri > Yoğurt Makineleri"
60002403,22001,Özel Mutfak Aletleri,https://www.hepsiburada.com/ozel-mutfak-aletleri-c-60002403,4,"Spor, Outdoor > kramponlar > elektrikli mutfak aletleri > Özel Mutfak Aletleri"
80552165,80216049,Epilatör Başlıkları ve Yedek Parçalar,https://www.hepsiburada.com/epilator-basliklari-ve-yedek-parcalari-c-80552165,4,"Spor, Outdoor > kramponlar > epilasyon agda > Epilatör Başlıkları ve Yedek Parçalar"
60004299,80216049,Kadın Tıraş Ürünleri,https://www.hepsiburada.com/kadin-tiras-urunleri-c-60004299,4,"Spor, Outdoor > kramponlar > epilasyon agda > Kadın Tıraş Ürünleri"
80412233,80216049,Kaş-Bıyık Alma Aletleri,https://www.hepsiburada.com/kas-biyik-alma-aletleri-c-80412233,4,"Spor, Outdoor > kramponlar > epilasyon agda > Kaş-Bıyık Alma Aletleri"
26012148,80216049,Sir Ağda,https://www.hepsiburada.com/sir-agda-c-26012148,4,"Spor, Outdoor > kramponlar > epilasyon agda > Sir Ağda"
26012157,26012116,Tıraş Bıçakları Ve Yedekleri,https://www.hepsiburada.com/tiras-bicaklari-yedekleri-c-26012157,4,"Spor, Outdoor > kramponlar > erkek tiras urunleri > Tıraş Bıçakları Ve Yedekleri"
60003492,26012116,Tıraş Fırçaları,https://www.hepsiburada.com/tiras-fircalari-c-60003492,4,"Spor, Outdoor > kramponlar > erkek tiras urunleri > Tıraş Fırçaları"
26012158,26012116,"Tıraş Sabun,Krem,Köpük Ve Jelleri",https://www.hepsiburada.com/tiras-sabunkremkopuk-jelleri-c-26012158,4,"Spor, Outdoor > kramponlar > erkek tiras urunleri > Tıraş Sabun,Krem,Köpük Ve Jelleri"
26012160,26012116,Tıraş Sonrası Ürünler,https://www.hepsiburada.com/tiras-sonrasi-urunler-c-26012160,4,"Spor, Outdoor > kramponlar > erkek tiras urunleri > Tıraş Sonrası Ürünler"
80744001,26012116,Tıraş Çantası,https://www.hepsiburada.com/tiras-cantasi-c-80744001,4,"Spor, Outdoor > kramponlar > erkek tiras urunleri > Tıraş Çantası"
157458,152492,DVD Oynatıcılar,https://www.hepsiburada.com/dvd-oynaticilar-c-157458,4,"Spor, Outdoor > kramponlar > ev sinema sistemleri > DVD Oynatıcılar"
17290,152492,Hoparlör Ayakları & Askıları,https://www.hepsiburada.com/hoparlor-ayaklari-askilari-c-17290,4,"Spor, Outdoor > kramponlar > ev sinema sistemleri > Hoparlör Ayakları & Askıları"
157397,152492,Portatif DVD Oynatıcılar,https://www.hepsiburada.com/portatif-dvd-oynaticilar-c-157397,4,"Spor, Outdoor > kramponlar > ev sinema sistemleri > Portatif DVD Oynatıcılar"
60008219,152492,Receiver Amfiler,https://www.hepsiburada.com/amfi-receiver-c-60008219,4,"Spor, Outdoor > kramponlar > ev sinema sistemleri > Receiver Amfiler"
60007247,152492,Subwoofer (Ev Tipi),https://www.hepsiburada.com/ev-tipi-subwoofer-c-60007247,4,"Spor, Outdoor > kramponlar > ev sinema sistemleri > Subwoofer (Ev Tipi)"
80857395,2147483606,Aksiyon Kamera Aksesuarları,https://www.hepsiburada.com/aksiyon-kamera-aksesuarlari-c-80857395,4,"Spor, Outdoor > kramponlar > foto kameralari > Aksiyon Kamera Aksesuarları"
80438115,2147483606,Drone Yedek Parçaları,https://www.hepsiburada.com/drone-yedek-parcalari-c-80438115,4,"Spor, Outdoor > kramponlar > foto kameralari > Drone Yedek Parçaları"
60002083,2147483606,Fotoğraf Makinesi ve Kamera,https://www.hepsiburada.com/fotograf-makinesi-kameralari-c-60002083,4,"Spor, Outdoor > kramponlar > foto kameralari > Fotoğraf Makinesi ve Kamera"
60004547,520,Kulak İçi Kulaklık,https://www.hepsiburada.com/kulak-ici-kulakliklar-c-60004547,4,"Spor, Outdoor > kramponlar > kulakliklar > Kulak İçi Kulaklık"
100978,520,Kulaklık Aksesuarları,https://www.hepsiburada.com/kulaklik-aksesuarlari-c-100978,4,"Spor, Outdoor > kramponlar > kulakliklar > Kulaklık Aksesuarları"
80561022,34,hazir sistem,https://www.hepsiburada.com/hazir-sistem-c-80561022,4,"Spor, Outdoor > kramponlar > masaustu bilgisayarlar > hazir sistem"
116465,34,monitor bilgisayarlar,https://www.hepsiburada.com/monitor-bilgisayarlar-c-116465,4,"Spor, Outdoor > kramponlar > masaustu bilgisayarlar > monitor bilgisayarlar"
95582,34,oyuncu masaustu bilgisayarlari,https://www.hepsiburada.com/oyuncu-masaustu-bilgisayarlari-c-95582,4,"Spor, Outdoor > kramponlar > masaustu bilgisayarlar > oyuncu masaustu bilgisayarlari"
108811,57,Dokunmatik Taşınabilir Monitör,https://www.hepsiburada.com/dokunmatik-lcd-monitorler-c-108811,4,"Spor, Outdoor > kramponlar > monitorler > Dokunmatik Taşınabilir Monitör"
60000209,57,IPS Monitörler,https://www.hepsiburada.com/ips-monitorler-c-60000209,4,"Spor, Outdoor > kramponlar > monitorler > IPS Monitörler"
3002879,57,Led Monitörler,https://www.hepsiburada.com/led-monitorler-c-3002879,4,"Spor, Outdoor > kramponlar > monitorler > Led Monitörler"
60002242,57,PLS Monitörler,https://www.hepsiburada.com/pls-monitorler-c-60002242,4,"Spor, Outdoor > kramponlar > monitorler > PLS Monitörler"
1190,57,oyuncu klavyeleri,https://www.hepsiburada.com/oyuncu-klavyeleri-c-1190,4,"Spor, Outdoor > kramponlar > monitorler > oyuncu klavyeleri"
17498,17499,Alarm Saatli Radyolar,https://www.hepsiburada.com/alarm-saatli-radyolar-c-17498,4,"Spor, Outdoor > kramponlar > muzik sistemleri > Alarm Saatli Radyolar"
60007403,17499,Pikap,https://www.hepsiburada.com/pikap-c-60007403,4,"Spor, Outdoor > kramponlar > muzik sistemleri > Pikap"
17012,17499,Portatif Sistemler,https://www.hepsiburada.com/portatif-sistemler-c-17012,4,"Spor, Outdoor > kramponlar > muzik sistemleri > Portatif Sistemler"
60008221,17499,Stereo Amfiler,https://www.hepsiburada.com/stereo-amfi-c-60008221,4,"Spor, Outdoor > kramponlar > muzik sistemleri > Stereo Amfiler"
60007250,17499,Taşınabilir Amfili Hoparlörler,https://www.hepsiburada.com/tasinabilir-anfi-c-60007250,4,"Spor, Outdoor > kramponlar > muzik sistemleri > Taşınabilir Amfili Hoparlörler"
409,86008,Oyun Bilgisayarı,https://www.hepsiburada.com/oyun-bilgisayarlari-c-409,4,"Spor, Outdoor > kramponlar > oyuncular ozel bilgisayar bilesenleri > Oyun Bilgisayarı"
499,86008,Oyun Donanımları,https://www.hepsiburada.com/oyuncu-donanimlari-c-499,4,"Spor, Outdoor > kramponlar > oyuncular ozel bilgisayar bilesenleri > Oyun Donanımları"
21020430,285390,Projeksiyon Lambası,https://www.hepsiburada.com/projeksiyon-lambalar-c-21020430,4,"Spor, Outdoor > kramponlar > projeksiyon sistemleri > Projeksiyon Lambası"
21028149,285390,Projeksiyon Sunum Kumandaları,https://www.hepsiburada.com/projeksiyon-sunum-kumandalari-c-21028149,4,"Spor, Outdoor > kramponlar > projeksiyon sistemleri > Projeksiyon Sunum Kumandaları"
15548,285390,Projektör Kablo ve Aparatları,https://www.hepsiburada.com/projektor-kablo-aparatlari-c-15548,4,"Spor, Outdoor > kramponlar > projeksiyon sistemleri > Projektör Kablo ve Aparatları"
80475023,3013119,Dolum Seti,https://www.hepsiburada.com/dolum-seti-c-80475023,4,"Spor, Outdoor > kramponlar > sarf malzemeleri > Dolum Seti"
636,3013119,Drum,https://www.hepsiburada.com/bilgisayar-drumlar-c-636,4,"Spor, Outdoor > kramponlar > sarf malzemeleri > Drum"
243,3013119,Mürekkep Kartuşları,https://www.hepsiburada.com/murekkep-kartuslar-c-243,4,"Spor, Outdoor > kramponlar > sarf malzemeleri > Mürekkep Kartuşları"
114,3013119,Yazıcı Şeritleri,https://www.hepsiburada.com/yazici-seritleri-c-114,4,"Spor, Outdoor > kramponlar > sarf malzemeleri > Yazıcı Şeritleri"
320,3013119,tonerler,https://www.hepsiburada.com/tonerler-c-320,4,"Spor, Outdoor > kramponlar > sarf malzemeleri > tonerler"
60008548,3013119,yazici chipleri,https://www.hepsiburada.com/yazici-chipleri-c-60008548,4,"Spor, Outdoor > kramponlar > sarf malzemeleri > yazici chipleri"
60006152,1100301,fotograf filmleri,https://www.hepsiburada.com/fotograf-filmleri-c-60006152,4,"Spor, Outdoor > kramponlar > slr fotograf makineleri > fotograf filmleri"
60002058,1100301,lensler filtreler,https://www.hepsiburada.com/lensler-filtreler-c-60002058,4,"Spor, Outdoor > kramponlar > slr fotograf makineleri > lensler filtreler"
80081040,8001872,Ayak Isıtıcıları,https://www.hepsiburada.com/ayak-isitici-c-80081040,4,"Spor, Outdoor > kramponlar > sobalar isiticilar > Ayak Isıtıcıları"
80081043,8001872,Doğalgaz Sobaları,https://www.hepsiburada.com/dogalgaz-sobasi-c-80081043,4,"Spor, Outdoor > kramponlar > sobalar isiticilar > Doğalgaz Sobaları"
80081039,8001872,Fanlı Isıtıcılar,https://www.hepsiburada.com/fanli-isiticilar-c-80081039,4,"Spor, Outdoor > kramponlar > sobalar isiticilar > Fanlı Isıtıcılar"
80081036,8001872,Infrared Isıtıcılar,https://www.hepsiburada.com/infrared-isiticilar-c-80081036,4,"Spor, Outdoor > kramponlar > sobalar isiticilar > Infrared Isıtıcılar"
8001883,8001872,Isıtıcı Ayakları & Aparatlar,https://www.hepsiburada.com/infrared-isitici-ayaklari-c-8001883,4,"Spor, Outdoor > kramponlar > sobalar isiticilar > Isıtıcı Ayakları & Aparatlar"
80091008,8001872,Karbon Isıtıcı,https://www.hepsiburada.com/karbon-isitici-c-80091008,4,"Spor, Outdoor > kramponlar > sobalar isiticilar > Karbon Isıtıcı"
80091010,8001872,Konveksiyonel Isıtıcı,https://www.hepsiburada.com/konveksiyonel-isitici-c-80091010,4,"Spor, Outdoor > kramponlar > sobalar isiticilar > Konveksiyonel Isıtıcı"
80081041,8001872,Konvektörler,https://www.hepsiburada.com/konvektor-c-80081041,4,"Spor, Outdoor > kramponlar > sobalar isiticilar > Konvektörler"
80091012,8001872,Panel Isıtıcı,https://www.hepsiburada.com/panel-isitici-c-80091012,4,"Spor, Outdoor > kramponlar > sobalar isiticilar > Panel Isıtıcı"
80081038,8001872,Quartz Sobalar,https://www.hepsiburada.com/quartz-soba-c-80081038,4,"Spor, Outdoor > kramponlar > sobalar isiticilar > Quartz Sobalar"
80081042,8001872,Seramik Isıtıcılar,https://www.hepsiburada.com/seramik-isiticilar-c-80081042,4,"Spor, Outdoor > kramponlar > sobalar isiticilar > Seramik Isıtıcılar"
80081037,8001872,Yağlı Radyatörler,https://www.hepsiburada.com/yagli-radyator-c-80081037,4,"Spor, Outdoor > kramponlar > sobalar isiticilar > Yağlı Radyatörler"
60006598,60004584,Taşınabilir Şarj Aksesuarları,https://www.hepsiburada.com/tasinabilir-sarj-aksesuarlari-c-60006598,4,"Spor, Outdoor > kramponlar > tasinabilir pilli sarj cihazlari > Taşınabilir Şarj Aksesuarları"
80314034,29010123,Android Kabloları (Type C),https://www.hepsiburada.com/type-c-kablolar-c-80314034,4,"Spor, Outdoor > kramponlar > telefon kablolari > Android Kabloları (Type C)"
16199,371966,Fct Sistemleri,https://www.hepsiburada.com/fct-sistemleri-c-16199,4,"Spor, Outdoor > kramponlar > telsiz masaustu telefonlar > Fct Sistemleri"
16126,371966,Konferans Telefonları,https://www.hepsiburada.com/konferans-telefonlari-c-16126,4,"Spor, Outdoor > kramponlar > telsiz masaustu telefonlar > Konferans Telefonları"
16027,371966,Lisanssız Telsizler,https://www.hepsiburada.com/lisanssiz-telsizler-c-16027,4,"Spor, Outdoor > kramponlar > telsiz masaustu telefonlar > Lisanssız Telsizler"
16004,371966,Masaüstü Telefonlar,https://www.hepsiburada.com/masaustu-telefonlar-c-16004,4,"Spor, Outdoor > kramponlar > telsiz masaustu telefonlar > Masaüstü Telefonlar"
16043,371966,Operatör Başlıkları,https://www.hepsiburada.com/operator-basliklari-c-16043,4,"Spor, Outdoor > kramponlar > telsiz masaustu telefonlar > Operatör Başlıkları"
16120,371966,Telefon Santralleri,https://www.hepsiburada.com/telefon-santralleri-c-16120,4,"Spor, Outdoor > kramponlar > telsiz masaustu telefonlar > Telefon Santralleri"
16005,371966,Telsiz Telefonlar,https://www.hepsiburada.com/telsiz-telefonlar-c-16005,4,"Spor, Outdoor > kramponlar > telsiz masaustu telefonlar > Telsiz Telefonlar"
60004528,8003673,3D Gözlük,https://www.hepsiburada.com/3d-gozlukler-c-60004528,4,"Spor, Outdoor > kramponlar > tv aksesuarlari > 3D Gözlük"
60004529,8003673,Akıllı TV Aksesuarları,https://www.hepsiburada.com/akilli-tv-aksesuarlari-c-60004529,4,"Spor, Outdoor > kramponlar > tv aksesuarlari > Akıllı TV Aksesuarları"
60002696,8003673,Dijital Yayın Paketleri,https://www.hepsiburada.com/dijital-yayin-paketleri-c-60002696,4,"Spor, Outdoor > kramponlar > tv aksesuarlari > Dijital Yayın Paketleri"
157463,8003673,Ekran Temizleme Ürünleri,https://www.hepsiburada.com/ekran-temizleme-urunleri-c-157463,4,"Spor, Outdoor > kramponlar > tv aksesuarlari > Ekran Temizleme Ürünleri"
80788007,8003673,TV Montaj,https://www.hepsiburada.com/tv-montaj-c-80788007,4,"Spor, Outdoor > kramponlar > tv aksesuarlari > TV Montaj"
80827002,8003673,TV Yedek Parçaları,https://www.hepsiburada.com/tv-yedek-parcalari-c-80827002,4,"Spor, Outdoor > kramponlar > tv aksesuarlari > TV Yedek Parçaları"
80407000,8003673,tv ekran koruyucular,https://www.hepsiburada.com/tv-ekran-koruyucular-c-80407000,4,"Spor, Outdoor > kramponlar > tv aksesuarlari > tv ekran koruyucular"
18021389,8003673,tv uniteleri,https://www.hepsiburada.com/tv-uniteleri-c-18021389,4,"Spor, Outdoor > kramponlar > tv aksesuarlari > tv uniteleri"
102820,3013121,Çoklu Depolama Ünitesi (NAS),https://www.hepsiburada.com/coklu-depolama-uniteleri-nas-c-102820,4,"Spor, Outdoor > kramponlar > veri depolama urunleri > Çoklu Depolama Ünitesi (NAS)"
60000207,41,Antivirüs ve Güvenlik,https://www.hepsiburada.com/guvenlik-antivirus-programlari-c-60000207,4,"Spor, Outdoor > kramponlar > yazilim urunleri > Antivirüs ve Güvenlik"
80058013,41,Dijital İndirilebilir Lisans,https://www.hepsiburada.com/dijital-indirilebilir-lisans-c-80058013,4,"Spor, Outdoor > kramponlar > yazilim urunleri > Dijital İndirilebilir Lisans"
3007065,41,Eğitim Yazılımları,https://www.hepsiburada.com/egitim-yazilimlari-c-3007065,4,"Spor, Outdoor > kramponlar > yazilim urunleri > Eğitim Yazılımları"
60000204,41,Kültür ve Hobi Yazılımları,https://www.hepsiburada.com/kultur-hobi-yazilimlari-c-60000204,4,"Spor, Outdoor > kramponlar > yazilim urunleri > Kültür ve Hobi Yazılımları"
60000206,41,Tasarım Yazılımları,https://www.hepsiburada.com/tasarim-yazilimlari-c-60000206,4,"Spor, Outdoor > kramponlar > yazilim urunleri > Tasarım Yazılımları"
60000208,41,Ticari Yazılımlar,https://www.hepsiburada.com/ticari-yazilimlar-c-60000208,4,"Spor, Outdoor > kramponlar > yazilim urunleri > Ticari Yazılımlar"
740,41,Çeviri ve Sözlük Yazılımları,https://www.hepsiburada.com/ceviri-sozluk-yazilimlari-c-740,4,"Spor, Outdoor > kramponlar > yazilim urunleri > Çeviri ve Sözlük Yazılımları"
357118,356945,Buz Vidaları,https://www.hepsiburada.com/outdoor-buz-vidalari-c-357118,4,"Spor, Outdoor > outdoor batonlar > Outdoor Tırmanış Ürünleri > Buz Vidaları"
60000179,356945,Ekspres Setler,https://www.hepsiburada.com/outdoor-ekspres-setler-c-60000179,4,"Spor, Outdoor > outdoor batonlar > Outdoor Tırmanış Ürünleri > Ekspres Setler"
22011706,356945,Emniyet Kemerleri,https://www.hepsiburada.com/outdoor-emniyet-kemerleri-c-22011706,4,"Spor, Outdoor > outdoor batonlar > Outdoor Tırmanış Ürünleri > Emniyet Kemerleri"
356961,356945,Kask,https://www.hepsiburada.com/outdoor-kasklari-c-356961,4,"Spor, Outdoor > outdoor batonlar > Outdoor Tırmanış Ürünleri > Kask"
22011652,356945,Kazmalar,https://www.hepsiburada.com/outdoor-kazmalar-c-22011652,4,"Spor, Outdoor > outdoor batonlar > Outdoor Tırmanış Ürünleri > Kazmalar"
356954,356945,Krampon,https://www.hepsiburada.com/tirmanis-kramponlari-c-356954,4,"Spor, Outdoor > outdoor batonlar > Outdoor Tırmanış Ürünleri > Krampon"
22011664,356945,Tırmanış Malzemeleri,https://www.hepsiburada.com/tirmanis-malzemeleri-c-22011664,4,"Spor, Outdoor > outdoor batonlar > Outdoor Tırmanış Ürünleri > Tırmanış Malzemeleri"
22011663,356945,İniş ve Emniyet Alma Malzemeleri,https://www.hepsiburada.com/dagcilik-tirmanis-malzemeleri-c-22011663,4,"Spor, Outdoor > outdoor batonlar > Outdoor Tırmanış Ürünleri > İniş ve Emniyet Alma Malzemeleri"
22019156,356945,İpler,https://www.hepsiburada.com/tirmanis-ipleri-c-22019156,4,"Spor, Outdoor > outdoor batonlar > Outdoor Tırmanış Ürünleri > İpler"
60002209,19050,Buz Patenleri,https://www.hepsiburada.com/buz-patenleri-c-60002209,4,"Spor, Outdoor > patenler > Scooter Patenler Kaykaylar > Buz Patenleri"
368031,19050,Kask ve Korumalıklar,https://www.hepsiburada.com/kasklar-korumaliklar-c-368031,4,"Spor, Outdoor > patenler > Scooter Patenler Kaykaylar > Kask ve Korumalıklar"
368029,19050,Scooterlar,https://www.hepsiburada.com/scooterlar-c-368029,4,"Spor, Outdoor > patenler > Scooter Patenler Kaykaylar > Scooterlar"
80831000,19050,Yedek Parça & Aksesuar,https://www.hepsiburada.com/scooter-paten-yedek-parca-aksesuar-c-80831000,4,"Spor, Outdoor > patenler > Scooter Patenler Kaykaylar > Yedek Parça & Aksesuar"
60005266,60000546,Eldiven,https://www.hepsiburada.com/eldivenler-c-60005266,4,"Spor, Outdoor > spor cantalari > Spor Giyim Aksesuarları > Eldiven"
27045076,60000546,Çorap,https://www.hepsiburada.com/spor-coraplar-c-27045076,4,"Spor, Outdoor > spor cantalari > Spor Giyim Aksesuarları > Çorap"
363703,60000546,Şapka,https://www.hepsiburada.com/spor-sapkalar-c-363703,4,"Spor, Outdoor > spor cantalari > Spor Giyim Aksesuarları > Şapka"
60001201,60001186,Su Sporu,https://www.hepsiburada.com/su-sporu-c-60001201,4,"Spor, Outdoor > spor cantalari > fitness doga sporlari > Su Sporu"
19173,369685,aerobik egzersiz aletleri,https://www.hepsiburada.com/aerobik-egzersiz-aletleri-c-19173,4,"Spor, Outdoor > spor cantalari > spor malzemeleri kiyafetleri > aerobik egzersiz aletleri"
60000545,369685,spor giyim urunleri,https://www.hepsiburada.com/spor-giyim-urunleri-c-60000545,4,"Spor, Outdoor > spor cantalari > spor malzemeleri kiyafetleri > spor giyim urunleri"
60005638,369685,yoga malzemeleri,https://www.hepsiburada.com/yoga-malzemeleri-c-60005638,4,"Spor, Outdoor > spor cantalari > spor malzemeleri kiyafetleri > yoga malzemeleri"
60005124,2147483643,Ofis Sarf Tüketim Malzemeleri,https://www.hepsiburada.com/ofis-sarf-tuketim-malzemeleri-c-60005124,4,"Spor, Outdoor > suluklar mataralar > Kırtasiye Ofis Ürünleri > Ofis Sarf Tüketim Malzemeleri"
15238,2147483643,Ofis Teknolojileri,https://www.hepsiburada.com/ofis-teknolojileri-c-15238,4,"Spor, Outdoor > suluklar mataralar > Kırtasiye Ofis Ürünleri > Ofis Teknolojileri"
21027386,2147483643,Sanatsal Boya ve Malzeme,https://www.hepsiburada.com/sanatsal-malzemeler-c-21027386,4,"Spor, Outdoor > suluklar mataralar > Kırtasiye Ofis Ürünleri > Sanatsal Boya ve Malzeme"
60001299,15344,Albümler,https://www.hepsiburada.com/albumler-c-60001299,4,"Spor, Outdoor > suluklar mataralar > Kırtasiye Ürünleri > Albümler"
15010,15344,"Dosyalama, Arşivleme",https://www.hepsiburada.com/dosyalama-arsivleme-c-15010,4,"Spor, Outdoor > suluklar mataralar > Kırtasiye Ürünleri > Dosyalama, Arşivleme"
80147044,15344,Gönderi ve Paketleme,https://www.hepsiburada.com/gonderi-paketleme-c-80147044,4,"Spor, Outdoor > suluklar mataralar > Kırtasiye Ürünleri > Gönderi ve Paketleme"
15116,15344,Kağıt Ürünleri,https://www.hepsiburada.com/kagit-etiketler-c-15116,4,"Spor, Outdoor > suluklar mataralar > Kırtasiye Ürünleri > Kağıt Ürünleri"
15547,15344,Masa Üstü Gereçleri,https://www.hepsiburada.com/masa-ustu-gerecleri-c-15547,4,"Spor, Outdoor > suluklar mataralar > Kırtasiye Ürünleri > Masa Üstü Gereçleri"
80450004,15344,Okul Aktivite ve Boya,https://www.hepsiburada.com/okul-aktivite-ve-boya-c-80450004,4,"Spor, Outdoor > suluklar mataralar > Kırtasiye Ürünleri > Okul Aktivite ve Boya"
15470,15344,Sınıf ve Laboratuvar Malzemesi,https://www.hepsiburada.com/egitim-urunleri-c-15470,4,"Spor, Outdoor > suluklar mataralar > Kırtasiye Ürünleri > Sınıf ve Laboratuvar Malzemesi"
60002958,15344,Yaka Kartı & Aksesuarları,https://www.hepsiburada.com/yaka-karti-aksesuarlari-c-60002958,4,"Spor, Outdoor > suluklar mataralar > Kırtasiye Ürünleri > Yaka Kartı & Aksesuarları"
21032246,15344,okul setleri,https://www.hepsiburada.com/okul-setleri-c-21032246,4,"Spor, Outdoor > suluklar mataralar > Kırtasiye Ürünleri > okul setleri"
21005096,15344,Ölçüm ve Çizim,https://www.hepsiburada.com/cetvel-gonyeler-c-21005096,4,"Spor, Outdoor > suluklar mataralar > Kırtasiye Ürünleri > Ölçüm ve Çizim"
60000369,21005092,Proje ve Resim Çantası,https://www.hepsiburada.com/proje-resim-cantalari-c-60000369,4,"Spor, Outdoor > suluklar mataralar > Okul Çantaları > Proje ve Resim Çantası"
273333,21005092,Öğrenci Klasörü,https://www.hepsiburada.com/ogrenci-klasorleri-c-273333,4,"Spor, Outdoor > suluklar mataralar > Okul Çantaları > Öğrenci Klasörü"
21031168,80327224,kursun kalemler,https://www.hepsiburada.com/kursun-kalemler-c-21031168,4,"Spor, Outdoor > suluklar mataralar > a4 fotokopi kagidi > kursun kalemler"
15124,21005097,Boyama Seti,https://www.hepsiburada.com/boyama-setleri-c-15124,4,"Spor, Outdoor > suluklar mataralar > boyalar boya kalemleri > Boyama Seti"
60001295,21005097,Boyama Önlüğü,https://www.hepsiburada.com/boyama-onlukleri-c-60001295,4,"Spor, Outdoor > suluklar mataralar > boyalar boya kalemleri > Boyama Önlüğü"
21005107,21005097,Fırça,https://www.hepsiburada.com/okul-fircalari-c-21005107,4,"Spor, Outdoor > suluklar mataralar > boyalar boya kalemleri > Fırça"
15169,21005097,Guaj Boya,https://www.hepsiburada.com/guaj-boyalar-c-15169,4,"Spor, Outdoor > suluklar mataralar > boyalar boya kalemleri > Guaj Boya"
15084,21005097,Mum Boya,https://www.hepsiburada.com/mum-boyalar-c-15084,4,"Spor, Outdoor > suluklar mataralar > boyalar boya kalemleri > Mum Boya"
15287,21005097,Parmak Boya,https://www.hepsiburada.com/parmak-boyalari-c-15287,4,"Spor, Outdoor > suluklar mataralar > boyalar boya kalemleri > Parmak Boya"
15468,21005097,Pastel Boya,https://www.hepsiburada.com/pastel-boyalar-c-15468,4,"Spor, Outdoor > suluklar mataralar > boyalar boya kalemleri > Pastel Boya"
15171,21005097,Sulu Boya,https://www.hepsiburada.com/sulu-boyalar-c-15171,4,"Spor, Outdoor > suluklar mataralar > boyalar boya kalemleri > Sulu Boya"
15596,21005097,Yüz Boyası,https://www.hepsiburada.com/yuz-boyalari-c-15596,4,"Spor, Outdoor > suluklar mataralar > boyalar boya kalemleri > Yüz Boyası"
15381,21005503,Ajanda,https://www.hepsiburada.com/ajandalar-c-15381,4,"Spor, Outdoor > suluklar mataralar > defter ajandalar > Ajanda"
289152,21005503,Asetatlar,https://www.hepsiburada.com/asetatlar-c-289152,4,"Spor, Outdoor > suluklar mataralar > defter ajandalar > Asetatlar"
60002937,21005503,Bloknot,https://www.hepsiburada.com/bloknotlar-c-60002937,4,"Spor, Outdoor > suluklar mataralar > defter ajandalar > Bloknot"
15064,21005503,Ciltli Defterler,https://www.hepsiburada.com/ciltli-sunum-dosyalari-c-15064,4,"Spor, Outdoor > suluklar mataralar > defter ajandalar > Ciltli Defterler"
15185,21005503,Fihrist,https://www.hepsiburada.com/fihristler-c-15185,4,"Spor, Outdoor > suluklar mataralar > defter ajandalar > Fihrist"
80147043,21005503,Kartpostal,https://www.hepsiburada.com/kartpostal-c-80147043,4,"Spor, Outdoor > suluklar mataralar > defter ajandalar > Kartpostal"
80146013,21005503,Kitap Ayracı,https://www.hepsiburada.com/kitap-ayraci-c-80146013,4,"Spor, Outdoor > suluklar mataralar > defter ajandalar > Kitap Ayracı"
15098,21005503,Küp Not Kağıdı,https://www.hepsiburada.com/kup-not-kagitlari-c-15098,4,"Spor, Outdoor > suluklar mataralar > defter ajandalar > Küp Not Kağıdı"
60001413,21005503,Müzik Defteri,https://www.hepsiburada.com/muzik-defterleri-c-60001413,4,"Spor, Outdoor > suluklar mataralar > defter ajandalar > Müzik Defteri"
80147054,21005503,Not Kağıtları,https://www.hepsiburada.com/not-kagidi-c-80147054,4,"Spor, Outdoor > suluklar mataralar > defter ajandalar > Not Kağıtları"
21005090,21005503,Okul Defteri,https://www.hepsiburada.com/okul-defterleri-c-21005090,4,"Spor, Outdoor > suluklar mataralar > defter ajandalar > Okul Defteri"
15191,21005503,Organizer Defter,https://www.hepsiburada.com/defter-organizerler-c-15191,4,"Spor, Outdoor > suluklar mataralar > defter ajandalar > Organizer Defter"
15071,21005503,Seperatörlü Defter,https://www.hepsiburada.com/seperatorlu-defterler-c-15071,4,"Spor, Outdoor > suluklar mataralar > defter ajandalar > Seperatörlü Defter"
80146009,21005503,"Takvim, Takvimblok",https://www.hepsiburada.com/takvim-c-80146009,4,"Spor, Outdoor > suluklar mataralar > defter ajandalar > Takvim, Takvimblok"
80147042,21005503,Tebrik Kartı,https://www.hepsiburada.com/tebrik-kartlari-c-80147042,4,"Spor, Outdoor > suluklar mataralar > defter ajandalar > Tebrik Kartı"
15181,21005503,"Teknik Çizim, Eskiz Defteri",https://www.hepsiburada.com/teknik-cizim-eskiz-defteri-c-15181,4,"Spor, Outdoor > suluklar mataralar > defter ajandalar > Teknik Çizim, Eskiz Defteri"
15190,21005503,Ticari Defter ve Evrak,https://www.hepsiburada.com/ticari-defterler-c-15190,4,"Spor, Outdoor > suluklar mataralar > defter ajandalar > Ticari Defter ve Evrak"
15087,21005503,yapiskanli not kagitlari,https://www.hepsiburada.com/yapiskanli-not-kagitlari-c-15087,4,"Spor, Outdoor > suluklar mataralar > defter ajandalar > yapiskanli not kagitlari"
15080,21031173,bant makineleri,https://www.hepsiburada.com/bant-makineleri-c-15080,4,"Spor, Outdoor > suluklar mataralar > dolmakalemler > bant makineleri"
15077,21031173,delgecler,https://www.hepsiburada.com/delgecler-c-15077,4,"Spor, Outdoor > suluklar mataralar > dolmakalemler > delgecler"
15015,21031173,evrak mandallari,https://www.hepsiburada.com/evrak-mandallari-c-15015,4,"Spor, Outdoor > suluklar mataralar > dolmakalemler > evrak mandallari"
15431,21031173,kartvizitlikler,https://www.hepsiburada.com/kartvizitlikler-c-15431,4,"Spor, Outdoor > suluklar mataralar > dolmakalemler > kartvizitlikler"
15231,15220,Asetat Kalemi,https://www.hepsiburada.com/asetat-kalemi-c-15231,4,"Spor, Outdoor > suluklar mataralar > kalem cizim gerecleri > Asetat Kalemi"
21031766,15220,Jel Mürekkepli Kalem,https://www.hepsiburada.com/jel-murekkepli-kalemler-c-21031766,4,"Spor, Outdoor > suluklar mataralar > kalem cizim gerecleri > Jel Mürekkepli Kalem"
21005499,15220,Kalem Ucu,https://www.hepsiburada.com/kalem-uclari-c-21005499,4,"Spor, Outdoor > suluklar mataralar > kalem cizim gerecleri > Kalem Ucu"
21031171,15220,Keçe Uçlu Kalem,https://www.hepsiburada.com/kece-uclu-kalemler-c-21031171,4,"Spor, Outdoor > suluklar mataralar > kalem cizim gerecleri > Keçe Uçlu Kalem"
15223,15220,Koli Kalemi,https://www.hepsiburada.com/koli-kalemleri-c-15223,4,"Spor, Outdoor > suluklar mataralar > kalem cizim gerecleri > Koli Kalemi"
15315,15220,Mürekkep,https://www.hepsiburada.com/murekkepler-c-15315,4,"Spor, Outdoor > suluklar mataralar > kalem cizim gerecleri > Mürekkep"
21031172,15220,Roller Kalem,https://www.hepsiburada.com/roller-kalemler-c-21031172,4,"Spor, Outdoor > suluklar mataralar > kalem cizim gerecleri > Roller Kalem"
15354,15220,Silgi,https://www.hepsiburada.com/silgiler-c-15354,4,"Spor, Outdoor > suluklar mataralar > kalem cizim gerecleri > Silgi"
21031603,15220,Sınav Kalemi,https://www.hepsiburada.com/sinav-kalemleri-c-21031603,4,"Spor, Outdoor > suluklar mataralar > kalem cizim gerecleri > Sınav Kalemi"
21031170,15220,İğne Uçlu Kalem,https://www.hepsiburada.com/igne-uclu-kalemler-c-21031170,4,"Spor, Outdoor > suluklar mataralar > kalem cizim gerecleri > İğne Uçlu Kalem"
292990,15085,tuvaller,https://www.hepsiburada.com/tuvaller-c-292990,4,"Spor, Outdoor > suluklar mataralar > keceli boyama kalemleri > tuvaller"
80455057,80455056,harita,https://www.hepsiburada.com/harita-c-80455057,4,"Spor, Outdoor > suluklar mataralar > mantar pano pano > harita"
80455055,80455056,yazi tahtasi,https://www.hepsiburada.com/yazi-tahtasi-c-80455055,4,"Spor, Outdoor > suluklar mataralar > mantar pano pano > yazi tahtasi"
279137,80147055,masa takvimleri,https://www.hepsiburada.com/masa-takvimleri-c-279137,4,"Spor, Outdoor > suluklar mataralar > not defteri > masa takvimleri"
60002725,60002748,Çocuk Aksesuarları,https://www.hepsiburada.com/cocuk-aksesuarlari-c-60002725,4,"Spor, Outdoor > suluklar mataralar > okul cantasi > Çocuk Aksesuarları"
271967,15008,Ayaklı (Tripod) Projeksiyon Perdeleri,https://www.hepsiburada.com/ayakli-tripod-projeksiyon-perdeleri-c-271967,4,"Spor, Outdoor > suluklar mataralar > projeksiyon perdeleri > Ayaklı (Tripod) Projeksiyon Perdeleri"
271969,15008,Motorlu Projeksiyon Perdeleri,https://www.hepsiburada.com/motorlu-projeksiyon-perdeleri-c-271969,4,"Spor, Outdoor > suluklar mataralar > projeksiyon perdeleri > Motorlu Projeksiyon Perdeleri"
278817,15008,Portable Perdeler,https://www.hepsiburada.com/portatif-perdeler-c-278817,4,"Spor, Outdoor > suluklar mataralar > projeksiyon perdeleri > Portable Perdeler"
271968,15008,Storlu (Duvara Asılabilen) Projeksiyon Perdeleri,https://www.hepsiburada.com/storlu-duvara-asilabilen-projeksiyon-perdeleri-c-271968,4,"Spor, Outdoor > suluklar mataralar > projeksiyon perdeleri > Storlu (Duvara Asılabilen) Projeksiyon Perdeleri"
80461002,60002034,Broşür Standı,https://www.hepsiburada.com/brosur-standi-c-80461002,4,"Spor, Outdoor > suluklar mataralar > sunum planlama urunleri > Broşür Standı"
15114,60002034,Flipchart (Pano) Kağıdı,https://www.hepsiburada.com/flipchart-pano-kagidi-c-15114,4,"Spor, Outdoor > suluklar mataralar > sunum planlama urunleri > Flipchart (Pano) Kağıdı"
80461001,60002034,Reklam Panosu,https://www.hepsiburada.com/reklam-panosu-c-80461001,4,"Spor, Outdoor > suluklar mataralar > sunum planlama urunleri > Reklam Panosu"
80857468,1302431,Kamp & Plaj Arabası,https://www.hepsiburada.com/kamp-plaj-arabasi-c-80857468,4,"Spor, Outdoor > uyku tulumlari > Kamp Kampçılık Malzemeleri > Kamp & Plaj Arabası"
80079000,1302431,Kamp Aksesuarları,https://www.hepsiburada.com/kamp-aksesuarlari-c-80079000,4,"Spor, Outdoor > uyku tulumlari > Kamp Kampçılık Malzemeleri > Kamp Aksesuarları"
80857013,1302431,Kamp Duşu & Tuvalet,https://www.hepsiburada.com/kamp-dusu-tuvalet-c-80857013,4,"Spor, Outdoor > uyku tulumlari > Kamp Kampçılık Malzemeleri > Kamp Duşu & Tuvalet"
22011128,1302431,Köpek ve Haşere Kovucular,https://www.hepsiburada.com/kopek-hasere-kovucular-c-22011128,4,"Spor, Outdoor > uyku tulumlari > Kamp Kampçılık Malzemeleri > Köpek ve Haşere Kovucular"
19226,1302431,Çakılar & Bıçaklar,https://www.hepsiburada.com/cakilar-bicaklar-c-19226,4,"Spor, Outdoor > uyku tulumlari > Kamp Kampçılık Malzemeleri > Çakılar & Bıçaklar"
359019,1302431,İlk Yardım & Hayatta Kalma Malzemeleri,https://www.hepsiburada.com/ilk-yardim-saglik-malzemeleri-c-359019,4,"Spor, Outdoor > uyku tulumlari > Kamp Kampçılık Malzemeleri > İlk Yardım & Hayatta Kalma Malzemeleri"
367176,1302431,Şişme Yataklar,https://www.hepsiburada.com/sisme-yataklar-c-367176,4,"Spor, Outdoor > uyku tulumlari > Kamp Kampçılık Malzemeleri > Şişme Yataklar"
60006257,22007826,Okçuluk,https://www.hepsiburada.com/okculuk-c-60006257,4,"Spor, Outdoor > uyku tulumlari > outdoor doga sporlari > Okçuluk"
1302560,22007826,Paintball,https://www.hepsiburada.com/outdoor-paintball-urunleri-c-1302560,4,"Spor, Outdoor > uyku tulumlari > outdoor doga sporlari > Paintball"
60001202,22007826,Su Sporu,https://www.hepsiburada.com/su-sporlari-malzemeleri-c-60001202,4,"Spor, Outdoor > uyku tulumlari > outdoor doga sporlari > Su Sporu"
387328,353045,El ve Ayak Ağırlıkları,https://www.hepsiburada.com/el-ayak-agirliklari-c-387328,4,"Spor, Outdoor > yoga egzersiz pilates minderleri > Fitness Kondisyon Ürünleri > El ve Ayak Ağırlıkları"
27064528,353045,Elektronik Kas Çalıştırıcılar,https://www.hepsiburada.com/elektronik-kas-calistiricilar-c-27064528,4,"Spor, Outdoor > yoga egzersiz pilates minderleri > Fitness Kondisyon Ürünleri > Elektronik Kas Çalıştırıcılar"
60000048,353045,Fitness Ayakkabıları,https://www.hepsiburada.com/fitness-ayakkabilari-c-60000048,4,"Spor, Outdoor > yoga egzersiz pilates minderleri > Fitness Kondisyon Ürünleri > Fitness Ayakkabıları"
27079951,353045,Fitness Dizlik ve Bileklikler,https://www.hepsiburada.com/fitness-dizlikler-bileklikler-c-27079951,4,"Spor, Outdoor > yoga egzersiz pilates minderleri > Fitness Kondisyon Ürünleri > Fitness Dizlik ve Bileklikler"
27049941,353045,Güç ve Denge Bileklikleri,https://www.hepsiburada.com/guc-denge-bileklikleri-c-27049941,4,"Spor, Outdoor > yoga egzersiz pilates minderleri > Fitness Kondisyon Ürünleri > Güç ve Denge Bileklikleri"
27012399,353045,Kondisyon Masaj Cihazları,https://www.hepsiburada.com/kondisyon-masaj-cihazlari-c-27012399,4,"Spor, Outdoor > yoga egzersiz pilates minderleri > Fitness Kondisyon Ürünleri > Kondisyon Masaj Cihazları"
358357,353045,Koşu Bandı Aksesuarlar,https://www.hepsiburada.com/kosu-bandi-aksesuarlar-c-358357,4,"Spor, Outdoor > yoga egzersiz pilates minderleri > Fitness Kondisyon Ürünleri > Koşu Bandı Aksesuarlar"
19108,353045,Kronometre - Adımsayar,https://www.hepsiburada.com/kronometre-adimsayarlar-c-19108,4,"Spor, Outdoor > yoga egzersiz pilates minderleri > Fitness Kondisyon Ürünleri > Kronometre - Adımsayar"
355455,353045,Masaj Cihazları,https://www.hepsiburada.com/masaj-cihazlari-c-355455,4,"Spor, Outdoor > yoga egzersiz pilates minderleri > Fitness Kondisyon Ürünleri > Masaj Cihazları"
373592,353045,Masaj-Sauna Kemerleri,https://www.hepsiburada.com/masaj-sauna-kemerleri-c-373592,4,"Spor, Outdoor > yoga egzersiz pilates minderleri > Fitness Kondisyon Ürünleri > Masaj-Sauna Kemerleri"
407949,353045,Mekik Aletleri,https://www.hepsiburada.com/mekik-aletleri-c-407949,4,"Spor, Outdoor > yoga egzersiz pilates minderleri > Fitness Kondisyon Ürünleri > Mekik Aletleri"
355453,353045,Mekik Sehpaları,https://www.hepsiburada.com/mekik-sehpalari-c-355453,4,"Spor, Outdoor > yoga egzersiz pilates minderleri > Fitness Kondisyon Ürünleri > Mekik Sehpaları"
367867,353045,Pilates,https://www.hepsiburada.com/pilates-malzemeleri-c-367867,4,"Spor, Outdoor > yoga egzersiz pilates minderleri > Fitness Kondisyon Ürünleri > Pilates"
80573099,353045,Portatif Sauna,https://www.hepsiburada.com/portatif-sauna-c-80573099,4,"Spor, Outdoor > yoga egzersiz pilates minderleri > Fitness Kondisyon Ürünleri > Portatif Sauna"
369184,353045,Powerball,https://www.hepsiburada.com/powerball-urunleri-c-369184,4,"Spor, Outdoor > yoga egzersiz pilates minderleri > Fitness Kondisyon Ürünleri > Powerball"
356970,353045,Spor Bileklik & Kol Saatleri,https://www.hepsiburada.com/spor-bileklik-kol-saatleri-c-356970,4,"Spor, Outdoor > yoga egzersiz pilates minderleri > Fitness Kondisyon Ürünleri > Spor Bileklik & Kol Saatleri"
355452,353045,Step,https://www.hepsiburada.com/step-c-355452,4,"Spor, Outdoor > yoga egzersiz pilates minderleri > Fitness Kondisyon Ürünleri > Step"
373593,353045,Terleme Eşofmanları,https://www.hepsiburada.com/terleme-esofmanlari-c-373593,4,"Spor, Outdoor > yoga egzersiz pilates minderleri > Fitness Kondisyon Ürünleri > Terleme Eşofmanları"
373594,353045,Termal Şortlar - Bel Korseleri,https://www.hepsiburada.com/bel-korseleri-termal-sortlar-c-373594,4,"Spor, Outdoor > yoga egzersiz pilates minderleri > Fitness Kondisyon Ürünleri > Termal Şortlar - Bel Korseleri"
27012456,353045,Tv Spor Ürünleri,https://www.hepsiburada.com/tv-spor-urunleri-c-27012456,4,"Spor, Outdoor > yoga egzersiz pilates minderleri > Fitness Kondisyon Ürünleri > Tv Spor Ürünleri"
27064527,353045,Twister,https://www.hepsiburada.com/twister-c-27064527,4,"Spor, Outdoor > yoga egzersiz pilates minderleri > Fitness Kondisyon Ürünleri > Twister"
60004512,353045,İnversiyon Aletleri,https://www.hepsiburada.com/inversiyon-aletleri-c-60004512,4,"Spor, Outdoor > yoga egzersiz pilates minderleri > Fitness Kondisyon Ürünleri > İnversiyon Aletleri"
