id,parent_id,name,url,level,path
2147483639,,"Anne, Bebek, Oyuncak",https://www.hepsiburada.com/anne-bebek-oyuncak-c-2147483639,1,"Anne, Bebek, Oyuncak"
2147483638,,Elektronik,https://www.hepsiburada.com/ev-elektronik-urunleri-c-2147483638,1,Elektronik
60002028,,"Ev, Yasam, Kirtasiye, Ofis",https://www.hepsiburada.com/ev-dekorasyon-c-60002028,1,"Ev, Yasam, Kirtasiye, Ofis"
60001501,,"Kitap, Muzik, Film, Hobi",https://www.hepsiburada.com/kitaplar-filmler-muzikler-c-60001501,1,"Kitap, Muzik, Film, Hobi"
60001547,,"Kozmetik, Kisisel Bakim",https://www.hepsiburada.com/kozmetik-kisisel-bakim-urunleri-c-60001547,1,"Kozmetik, Kisisel Bakim"
2147483636,,Moda,https://www.hepsiburada.com/giyim-ayakkabi-c-2147483636,1,Moda
60002705,,"Oto, Bahce, Yapi Market",https://www.hepsiburada.com/yapi-market-bahce-oto-c-60002705,1,"Oto, Bahce, Yapi Market"
60001546,,"Spor, Outdoor",https://www.hepsiburada.com/spor-outdoor-urunleri-c-60001546,1,"Spor, Outdoor"
2147483619,,"Supermarket, Pet Shop",https://www.hepsiburada.com/supermarket-c-2147483619,1,"Supermarket, Pet Shop"
2147483640,60001501,Film,https://www.hepsiburada.com/filmler-c-2147483640,2,"Kitap, Muzik, Film, Hobi > Film"
2147483641,60001501,Müzik & Müzik Aletleri,https://www.hepsiburada.com/muzik-c-2147483641,2,"Kitap, Muzik, Film, Hobi > Müzik & Müzik Aletleri"
408010,60001501,akordiyonlar,https://www.hepsiburada.com/akordiyonlar-c-408010,2,"Kitap, Muzik, Film, Hobi > akordiyonlar"
234464,60001501,ales kitaplari,https://www.hepsiburada.com/ales-kitaplari-c-234464,2,"Kitap, Muzik, Film, Hobi > ales kitaplari"
1515050,60001501,atasozleri deyimler sozlukleri,https://www.hepsiburada.com/atasozleri-deyimler-sozlukleri-c-1515050,2,"Kitap, Muzik, Film, Hobi > atasozleri deyimler sozlukleri"
411157,60001501,baglama telleri,https://www.hepsiburada.com/baglama-telleri-c-411157,2,"Kitap, Muzik, Film, Hobi > baglama telleri"
402814,60001501,baglamalar,https://www.hepsiburada.com/baglamalar-c-402814,2,"Kitap, Muzik, Film, Hobi > baglamalar"
80530105,60001501,balon makinesi,https://www.hepsiburada.com/balon-makinesi-c-80530105,2,"Kitap, Muzik, Film, Hobi > balon makinesi"
1514630,60001501,biyoloji kitaplari,https://www.hepsiburada.com/biyoloji-kitaplari-c-1514630,2,"Kitap, Muzik, Film, Hobi > biyoloji kitaplari"
9914,60001501,cocuk kitaplari,https://www.hepsiburada.com/cocuk-kitaplari-c-9914,2,"Kitap, Muzik, Film, Hobi > cocuk kitaplari"
60005890,60001501,cumbusler,https://www.hepsiburada.com/cumbusler-c-60005890,2,"Kitap, Muzik, Film, Hobi > cumbusler"
402837,60001501,darbukalar,https://www.hepsiburada.com/darbukalar-c-402837,2,"Kitap, Muzik, Film, Hobi > darbukalar"
10787,60001501,davullar,https://www.hepsiburada.com/davullar-c-10787,2,"Kitap, Muzik, Film, Hobi > davullar"
10785,60001501,defler,https://www.hepsiburada.com/defler-c-10785,2,"Kitap, Muzik, Film, Hobi > defler"
15043649,60001501,e kitap okuma araclari,https://www.hepsiburada.com/e-kitap-okuma-araclari-c-15043649,2,"Kitap, Muzik, Film, Hobi > e kitap okuma araclari"
411248,60001501,flutler,https://www.hepsiburada.com/flutler-c-411248,2,"Kitap, Muzik, Film, Hobi > flutler"
1514685,60001501,ingilizce kitaplar,https://www.hepsiburada.com/ingilizce-kitaplar-c-1514685,2,"Kitap, Muzik, Film, Hobi > ingilizce kitaplar"
411210,60001501,kavallar,https://www.hepsiburada.com/kavallar-c-411210,2,"Kitap, Muzik, Film, Hobi > kavallar"
9915,60001501,kaynak kitaplari,https://www.hepsiburada.com/kaynak-kitaplari-c-9915,2,"Kitap, Muzik, Film, Hobi > kaynak kitaplari"
411243,60001501,kemaneler,https://www.hepsiburada.com/kemaneler-c-411243,2,"Kitap, Muzik, Film, Hobi > kemaneler"
411241,60001501,kemenceler,https://www.hepsiburada.com/kemenceler-c-411241,2,"Kitap, Muzik, Film, Hobi > kemenceler"
2147483645,60001501,kitaplar,https://www.hepsiburada.com/kitaplar-c-2147483645,2,"Kitap, Muzik, Film, Hobi > kitaplar"
411214,60001501,klarnet,https://www.hepsiburada.com/klarnet-c-411214,2,"Kitap, Muzik, Film, Hobi > klarnet"
80530132,60001501,konnektor jak,https://www.hepsiburada.com/konnektor-jak-c-80530132,2,"Kitap, Muzik, Film, Hobi > konnektor jak"
60003643,60001501,kpss genel kultur yetenek konu anlatimli kitaplar,https://www.hepsiburada.com/kpss-genel-kultur-yetenek-konu-anlatimli-kitaplar-c-60003643,2,"Kitap, Muzik, Film, Hobi > kpss genel kultur yetenek konu anlatimli kitaplar"
410756,60001501,mandolinler,https://www.hepsiburada.com/mandolinler-c-410756,2,"Kitap, Muzik, Film, Hobi > mandolinler"
1514631,60001501,matematik kitaplari,https://www.hepsiburada.com/matematik-kitaplari-c-1514631,2,"Kitap, Muzik, Film, Hobi > matematik kitaplari"
402930,60001501,melodikalar,https://www.hepsiburada.com/melodikalar-c-402930,2,"Kitap, Muzik, Film, Hobi > melodikalar"
411213,60001501,meyler,https://www.hepsiburada.com/meyler-c-411213,2,"Kitap, Muzik, Film, Hobi > meyler"
405134,60001501,mikrofonlar,https://www.hepsiburada.com/mikrofonlar-c-405134,2,"Kitap, Muzik, Film, Hobi > mikrofonlar"
411247,60001501,mixer,https://www.hepsiburada.com/mixer-c-411247,2,"Kitap, Muzik, Film, Hobi > mixer"
405379,60001501,muzik keyboard,https://www.hepsiburada.com/muzik-keyboard-c-405379,2,"Kitap, Muzik, Film, Hobi > muzik keyboard"
411501,60001501,neyler,https://www.hepsiburada.com/neyler-c-411501,2,"Kitap, Muzik, Film, Hobi > neyler"
19018195,60001501,orglar,https://www.hepsiburada.com/orglar-c-19018195,2,"Kitap, Muzik, Film, Hobi > orglar"
406932,60001501,pikaplar,https://www.hepsiburada.com/pikaplar-c-406932,2,"Kitap, Muzik, Film, Hobi > pikaplar"
80371044,60001501,plak,https://www.hepsiburada.com/plak-c-80371044,2,"Kitap, Muzik, Film, Hobi > plak"
411217,60001501,saksafonlar,https://www.hepsiburada.com/saksafonlar-c-411217,2,"Kitap, Muzik, Film, Hobi > saksafonlar"
80525103,60001501,santur,https://www.hepsiburada.com/santur-c-80525103,2,"Kitap, Muzik, Film, Hobi > santur"
60002234,60001501,trampetler,https://www.hepsiburada.com/trampetler-c-60002234,2,"Kitap, Muzik, Film, Hobi > trampetler"
411216,60001501,trompetler,https://www.hepsiburada.com/trompetler-c-411216,2,"Kitap, Muzik, Film, Hobi > trompetler"
1514681,60001501,tum dersler kitaplari,https://www.hepsiburada.com/tum-dersler-kitaplari-c-1514681,2,"Kitap, Muzik, Film, Hobi > tum dersler kitaplari"
1514634,60001501,turkce kitaplari,https://www.hepsiburada.com/turkce-kitaplari-c-1514634,2,"Kitap, Muzik, Film, Hobi > turkce kitaplari"
1515048,60001501,turkce sozluk kitaplari,https://www.hepsiburada.com/turkce-sozluk-kitaplari-c-1515048,2,"Kitap, Muzik, Film, Hobi > turkce sozluk kitaplari"
10784,60001501,ud,https://www.hepsiburada.com/ud-c-10784,2,"Kitap, Muzik, Film, Hobi > ud"
1515095,60001501,yazim imla kilavuzlari kitaplari,https://www.hepsiburada.com/yazim-imla-kilavuzlari-kitaplari-c-1515095,2,"Kitap, Muzik, Film, Hobi > yazim imla kilavuzlari kitaplari"
411211,60001501,zurnalar,https://www.hepsiburada.com/zurnalar-c-411211,2,"Kitap, Muzik, Film, Hobi > zurnalar"
2147483603,60001547,Kozmetik,https://www.hepsiburada.com/kozmetik-c-2147483603,2,"Kozmetik, Kisisel Bakim > Kozmetik"
2147483633,60001547,Sağlık / Kişisel Bakım,https://www.hepsiburada.com/saglik-kisisel-bakim-urunleri-c-2147483633,2,"Kozmetik, Kisisel Bakim > Sağlık / Kişisel Bakım"
80216054,60001547,agda makinesi,https://www.hepsiburada.com/agda-makinesi-c-80216054,2,"Kozmetik, Kisisel Bakim > agda makinesi"
26012119,60001547,dis ipleri,https://www.hepsiburada.com/dis-ipleri-c-26012119,2,"Kozmetik, Kisisel Bakim > dis ipleri"
26012145,60001547,epilatorler,https://www.hepsiburada.com/epilatorler-c-26012145,2,"Kozmetik, Kisisel Bakim > epilatorler"
26012244,60001547,hasta bezleri,https://www.hepsiburada.com/hasta-bezleri-c-26012244,2,"Kozmetik, Kisisel Bakim > hasta bezleri"
60003905,60001547,ipl lazerler,https://www.hepsiburada.com/ipl-lazerler-c-60003905,2,"Kozmetik, Kisisel Bakim > ipl lazerler"
32010907,60001547,jel sabunlar,https://www.hepsiburada.com/jel-sabunlar-c-32010907,2,"Kozmetik, Kisisel Bakim > jel sabunlar"
26012198,60001547,kayganlastirici jeller,https://www.hepsiburada.com/kayganlastirici-jeller-c-26012198,2,"Kozmetik, Kisisel Bakim > kayganlastirici jeller"
80759000,60001547,kolajen,https://www.hepsiburada.com/kolajen-c-80759000,2,"Kozmetik, Kisisel Bakim > kolajen"
26012186,60001547,masaj aletleri,https://www.hepsiburada.com/masaj-aletleri-c-26012186,2,"Kozmetik, Kisisel Bakim > masaj aletleri"
32010986,60001547,mascaralar,https://www.hepsiburada.com/mascaralar-c-32010986,2,"Kozmetik, Kisisel Bakim > mascaralar"
32010894,60001547,nemlendiriciler,https://www.hepsiburada.com/nemlendiriciler-c-32010894,2,"Kozmetik, Kisisel Bakim > nemlendiriciler"
80058002,60001547,omega 3 balik yaglari,https://www.hepsiburada.com/omega-3-balik-yaglari-c-80058002,2,"Kozmetik, Kisisel Bakim > omega 3 balik yaglari"
26012230,60001547,ortopedik dizlikler,https://www.hepsiburada.com/ortopedik-dizlikler-c-26012230,2,"Kozmetik, Kisisel Bakim > ortopedik dizlikler"
60004286,60001547,ortopedik terlikler,https://www.hepsiburada.com/ortopedik-terlikler-c-60004286,2,"Kozmetik, Kisisel Bakim > ortopedik terlikler"
341406,60001547,parfumler,https://www.hepsiburada.com/parfumler-c-341406,2,"Kozmetik, Kisisel Bakim > parfumler"
26012177,60001547,pedometreler adimsayarlar,https://www.hepsiburada.com/pedometreler-adimsayarlar-c-26012177,2,"Kozmetik, Kisisel Bakim > pedometreler adimsayarlar"
26012196,60001547,prezervatifler,https://www.hepsiburada.com/prezervatifler-c-26012196,2,"Kozmetik, Kisisel Bakim > prezervatifler"
26012284,60001547,sac boyalari beyazlik giderici urunler,https://www.hepsiburada.com/sac-boyalari-beyazlik-giderici-urunler-c-26012284,2,"Kozmetik, Kisisel Bakim > sac boyalari beyazlik giderici urunler"
26012128,60001547,sac kurutma makineleri,https://www.hepsiburada.com/sac-kurutma-makineleri-c-26012128,2,"Kozmetik, Kisisel Bakim > sac kurutma makineleri"
26012161,60001547,sac sakal kesme tuy temizleme makineleri,https://www.hepsiburada.com/sac-sakal-kesme-tuy-temizleme-makineleri-c-26012161,2,"Kozmetik, Kisisel Bakim > sac sakal kesme tuy temizleme makineleri"
26012129,60001547,sac sekillendirme cihazlari,https://www.hepsiburada.com/sac-sekillendirme-cihazlari-c-26012129,2,"Kozmetik, Kisisel Bakim > sac sekillendirme cihazlari"
26012282,60001547,sampuanlar,https://www.hepsiburada.com/sampuanlar-c-26012282,2,"Kozmetik, Kisisel Bakim > sampuanlar"
26012290,60001547,sekillendirici kremler waxlar,https://www.hepsiburada.com/sekillendirici-kremler-waxlar-c-26012290,2,"Kozmetik, Kisisel Bakim > sekillendirici kremler waxlar"
27073740,60001547,shaker,https://www.hepsiburada.com/shaker-c-27073740,2,"Kozmetik, Kisisel Bakim > shaker"
26012174,60001547,tansiyon aletleri,https://www.hepsiburada.com/tansiyon-aletleri-c-26012174,2,"Kozmetik, Kisisel Bakim > tansiyon aletleri"
80647033,60001547,tekerlekli sandalye,https://www.hepsiburada.com/tekerlekli-sandalye-c-80647033,2,"Kozmetik, Kisisel Bakim > tekerlekli sandalye"
26012156,60001547,tiras makineleri,https://www.hepsiburada.com/tiras-makineleri-c-26012156,2,"Kozmetik, Kisisel Bakim > tiras makineleri"
26000873,60001547,tirnak makasi,https://www.hepsiburada.com/tirnak-makasi-c-26000873,2,"Kozmetik, Kisisel Bakim > tirnak makasi"
80216061,60001547,topuk torpusu,https://www.hepsiburada.com/topuk-torpusu-c-80216061,2,"Kozmetik, Kisisel Bakim > topuk torpusu"
80216050,60001547,tuy dokucu krem,https://www.hepsiburada.com/tuy-dokucu-krem-c-80216050,2,"Kozmetik, Kisisel Bakim > tuy dokucu krem"
26012237,60001547,varis coraplari,https://www.hepsiburada.com/varis-coraplari-c-26012237,2,"Kozmetik, Kisisel Bakim > varis coraplari"
60003470,60001547,yara bantlari,https://www.hepsiburada.com/yara-bantlari-c-60003470,2,"Kozmetik, Kisisel Bakim > yara bantlari"
2147483604,60001546,Outdoor,https://www.hepsiburada.com/outdoor-urunleri-c-2147483604,2,"Spor, Outdoor > Outdoor"
2147483635,60001546,Spor / Fitness,https://www.hepsiburada.com/spor-fitness-urunleri-c-2147483635,2,"Spor, Outdoor > Spor / Fitness"
80717014,60001546,airsoft,https://www.hepsiburada.com/airsoft-c-80717014,2,"Spor, Outdoor > airsoft"
60006259,60001546,akilli elektrikli scooterlar,https://www.hepsiburada.com/akilli-elektrikli-scooterlar-c-60006259,2,"Spor, Outdoor > akilli elektrikli scooterlar"
80738004,60001546,askeri giyim ve malzemeler,https://www.hepsiburada.com/askeri-giyim-ve-malzemeler-c-80738004,2,"Spor, Outdoor > askeri giyim ve malzemeler"
1804088,60001546,bandanalar,https://www.hepsiburada.com/bandanalar-c-1804088,2,"Spor, Outdoor > bandanalar"
27081598,60001546,barfiks sinav barlari,https://www.hepsiburada.com/barfiks-sinav-barlari-c-27081598,2,"Spor, Outdoor > barfiks sinav barlari"
27045326,60001546,basketbol ayakkabilari,https://www.hepsiburada.com/basketbol-ayakkabilari-c-27045326,2,"Spor, Outdoor > basketbol ayakkabilari"
19020,60001546,basketbol toplari,https://www.hepsiburada.com/basketbol-toplari-c-19020,2,"Spor, Outdoor > basketbol toplari"
1300939,60001546,bavullar valizler,https://www.hepsiburada.com/bavullar-valizler-c-1300939,2,"Spor, Outdoor > bavullar valizler"
17421,60001546,besiktas formalari,https://www.hepsiburada.com/besiktas-formalari-c-17421,2,"Spor, Outdoor > besiktas formalari"
22005313,60001546,cocuk bisikletleri,https://www.hepsiburada.com/cocuk-bisikletleri-c-22005313,2,"Spor, Outdoor > cocuk bisikletleri"
353125,60001546,dag bisikletleri,https://www.hepsiburada.com/dag-bisikletleri-c-353125,2,"Spor, Outdoor > dag bisikletleri"
387329,60001546,dambil setler,https://www.hepsiburada.com/dambil-setler-c-387329,2,"Spor, Outdoor > dambil setler"
60000380,60001546,direnc lastikleri,https://www.hepsiburada.com/direnc-lastikleri-c-60000380,2,"Spor, Outdoor > direnc lastikleri"
354989,60001546,durbunler,https://www.hepsiburada.com/durbunler-c-354989,2,"Spor, Outdoor > durbunler"
369744,60001546,el yaylari,https://www.hepsiburada.com/el-yaylari-c-369744,2,"Spor, Outdoor > el yaylari"
27026409,60001546,elektrikli bisikletler,https://www.hepsiburada.com/elektrikli-bisikletler-c-27026409,2,"Spor, Outdoor > elektrikli bisikletler"
356600,60001546,elektronik optik pusulalar,https://www.hepsiburada.com/elektronik-optik-pusulalar-c-356600,2,"Spor, Outdoor > elektronik optik pusulalar"
60008821,60001546,fenerbahce yeni sezon formasi,https://www.hepsiburada.com/fenerbahce-yeni-sezon-formasi-c-60008821,2,"Spor, Outdoor > fenerbahce yeni sezon formasi"
356609,60001546,fenerler,https://www.hepsiburada.com/fenerler-c-356609,2,"Spor, Outdoor > fenerler"
19021,60001546,futbol toplari,https://www.hepsiburada.com/futbol-toplari-c-19021,2,"Spor, Outdoor > futbol toplari"
1308748,60001546,kamis olta takimlari,https://www.hepsiburada.com/kamis-olta-takimlari-c-1308748,2,"Spor, Outdoor > kamis olta takimlari"
1307142,60001546,kamp masalari,https://www.hepsiburada.com/kamp-masalari-c-1307142,2,"Spor, Outdoor > kamp masalari"
1301315,60001546,kamp matlari,https://www.hepsiburada.com/kamp-matlari-c-1301315,2,"Spor, Outdoor > kamp matlari"
19190,60001546,kamp sandalyeleri,https://www.hepsiburada.com/kamp-sandalyeleri-c-19190,2,"Spor, Outdoor > kamp sandalyeleri"
367284,60001546,kamp termoslari,https://www.hepsiburada.com/kamp-termoslari-c-367284,2,"Spor, Outdoor > kamp termoslari"
19233,60001546,katlanabilir bisikletler,https://www.hepsiburada.com/katlanabilir-bisikletler-c-19233,2,"Spor, Outdoor > katlanabilir bisikletler"
368028,60001546,kaykaylar,https://www.hepsiburada.com/kaykaylar-c-368028,2,"Spor, Outdoor > kaykaylar"
60001997,60001546,kinesiology bantlari,https://www.hepsiburada.com/kinesiology-bantlari-c-60001997,2,"Spor, Outdoor > kinesiology bantlari"
407474,60001546,kondisyon bisikletleri,https://www.hepsiburada.com/kondisyon-bisikletleri-c-407474,2,"Spor, Outdoor > kondisyon bisikletleri"
19249,60001546,kosu bantlari,https://www.hepsiburada.com/kosu-bantlari-c-19249,2,"Spor, Outdoor > kosu bantlari"
384555,60001546,kramponlar,https://www.hepsiburada.com/kramponlar-c-384555,2,"Spor, Outdoor > kramponlar"
27012987,60001546,kum boks torbalari,https://www.hepsiburada.com/kum-boks-torbalari-c-27012987,2,"Spor, Outdoor > kum boks torbalari"
374386,60001546,masaj koltuklari,https://www.hepsiburada.com/masaj-koltuklari-c-374386,2,"Spor, Outdoor > masaj koltuklari"
22003663,60001546,outdoor ayakkabilar,https://www.hepsiburada.com/outdoor-ayakkabilar-c-22003663,2,"Spor, Outdoor > outdoor ayakkabilar"
356946,60001546,outdoor batonlar,https://www.hepsiburada.com/outdoor-batonlar-c-356946,2,"Spor, Outdoor > outdoor batonlar"
1301694,60001546,outdoor pantolonlar kapriler,https://www.hepsiburada.com/outdoor-pantolonlar-kapriler-c-1301694,2,"Spor, Outdoor > outdoor pantolonlar kapriler"
368030,60001546,patenler,https://www.hepsiburada.com/patenler-c-368030,2,"Spor, Outdoor > patenler"
80757006,60001546,playstation 5 konsol,https://www.hepsiburada.com/playstation-5-konsol-c-80757006,2,"Spor, Outdoor > playstation 5 konsol"
1300223,60001546,sisme botlar,https://www.hepsiburada.com/sisme-botlar-c-1300223,2,"Spor, Outdoor > sisme botlar"
1300149,60001546,sisme havuzlar,https://www.hepsiburada.com/sisme-havuzlar-c-1300149,2,"Spor, Outdoor > sisme havuzlar"
19158,60001546,snorkeller,https://www.hepsiburada.com/snorkeller-c-19158,2,"Spor, Outdoor > snorkeller"
369686,60001546,spor cantalari,https://www.hepsiburada.com/spor-cantalari-c-369686,2,"Spor, Outdoor > spor cantalari"
21005100,60001546,suluklar mataralar,https://www.hepsiburada.com/suluklar-mataralar-c-21005100,2,"Spor, Outdoor > suluklar mataralar"
355456,60001546,trampolinler,https://www.hepsiburada.com/trampolinler-c-355456,2,"Spor, Outdoor > trampolinler"
352790,60001546,uyku tulumlari,https://www.hepsiburada.com/uyku-tulumlari-c-352790,2,"Spor, Outdoor > uyku tulumlari"
27061482,60001546,yoga egzersiz pilates minderleri,https://www.hepsiburada.com/yoga-egzersiz-pilates-minderleri-c-27061482,2,"Spor, Outdoor > yoga egzersiz pilates minderleri"
27047262,60001546,yuruyus kosu ayakkabilari,https://www.hepsiburada.com/yuruyus-kosu-ayakkabilari-c-27047262,2,"Spor, Outdoor > yuruyus kosu ayakkabilari"
19043,60001546,yuzucu gozlukleri,https://www.hepsiburada.com/yuzucu-gozlukleri-c-19043,2,"Spor, Outdoor > yuzucu gozlukleri"
22004232,60001546,zipkinlar zipkin uclari,https://www.hepsiburada.com/zipkinlar-zipkin-uclari-c-22004232,2,"Spor, Outdoor > zipkinlar zipkin uclari"
80296002,2147483619,Hijyenik Pedler,https://www.hepsiburada.com/hijyenik-pedler-c-80296002,2,"Supermarket, Pet Shop > Hijyenik Pedler"
28001547,2147483619,Kağıt Ürünleri,https://www.hepsiburada.com/kagit-urunleri-c-28001547,2,"Supermarket, Pet Shop > Kağıt Ürünleri"
80754000,2147483619,Kurban,https://www.hepsiburada.com/kurbanlik-fiyatlari-c-80754000,2,"Supermarket, Pet Shop > Kurban"
60001496,2147483619,Ofis Tüketim Malzemeleri,https://www.hepsiburada.com/ofis-tuketim-malzemeleri-c-60001496,2,"Supermarket, Pet Shop > Ofis Tüketim Malzemeleri"
80365054,2147483619,aci sos,https://www.hepsiburada.com/aci-sos-c-80365054,2,"Supermarket, Pet Shop > aci sos"
80461108,2147483619,aktar urunleri,https://www.hepsiburada.com/aktar-urunleri-c-80461108,2,"Supermarket, Pet Shop > aktar urunleri"
60001206,2147483619,aluminyum folyolar,https://www.hepsiburada.com/aluminyum-folyolar-c-60001206,2,"Supermarket, Pet Shop > aluminyum folyolar"
28001479,2147483619,baharatlar,https://www.hepsiburada.com/baharatlar-c-28001479,2,"Supermarket, Pet Shop > baharatlar"
60001048,2147483619,bebek bezi,https://www.hepsiburada.com/bebek-bezi-c-60001048,2,"Supermarket, Pet Shop > bebek bezi"
80015000,2147483619,biber salcasi,https://www.hepsiburada.com/biber-salcasi-c-80015000,2,"Supermarket, Pet Shop > biber salcasi"
28002654,2147483619,bulasik makinasi tablet jeller,https://www.hepsiburada.com/bulasik-makinasi-tablet-jeller-c-28002654,2,"Supermarket, Pet Shop > bulasik makinasi tablet jeller"
80366066,2147483619,bulasik makinesi tuzu,https://www.hepsiburada.com/bulasik-makinesi-tuzu-c-80366066,2,"Supermarket, Pet Shop > bulasik makinesi tuzu"
80366067,2147483619,bulasik sungeri,https://www.hepsiburada.com/bulasik-sungeri-c-80366067,2,"Supermarket, Pet Shop > bulasik sungeri"
60001208,2147483619,buzdolabi posetleri,https://www.hepsiburada.com/buzdolabi-posetleri-c-60001208,2,"Supermarket, Pet Shop > buzdolabi posetleri"
60001322,2147483619,camasir leke cikaricilar,https://www.hepsiburada.com/camasir-leke-cikaricilar-c-60001322,2,"Supermarket, Pet Shop > camasir leke cikaricilar"
60001088,2147483619,camasir makinasi sivi deterjanlari,https://www.hepsiburada.com/camasir-makinasi-sivi-deterjanlari-c-60001088,2,"Supermarket, Pet Shop > camasir makinasi sivi deterjanlari"
28002240,2147483619,camasir makinasi toz deterjanlari,https://www.hepsiburada.com/camasir-makinasi-toz-deterjanlari-c-28002240,2,"Supermarket, Pet Shop > camasir makinasi toz deterjanlari"
28002222,2147483619,camasir sulari,https://www.hepsiburada.com/camasir-sulari-c-28002222,2,"Supermarket, Pet Shop > camasir sulari"
28001525,2147483619,deterjan temizlik urunleri,https://www.hepsiburada.com/deterjan-temizlik-urunleri-c-28001525,2,"Supermarket, Pet Shop > deterjan temizlik urunleri"
28001469,2147483619,gida urunleri,https://www.hepsiburada.com/gida-urunleri-c-28001469,2,"Supermarket, Pet Shop > gida urunleri"
60001269,2147483619,hasere olduruculer,https://www.hepsiburada.com/hasere-olduruculer-c-60001269,2,"Supermarket, Pet Shop > hasere olduruculer"
80746000,2147483619,hijyen urunleri,https://www.hepsiburada.com/hijyen-urunleri-c-80746000,2,"Supermarket, Pet Shop > hijyen urunleri"
80738003,2147483619,hurma,https://www.hepsiburada.com/hurma-c-80738003,2,"Supermarket, Pet Shop > hurma"
28001517,2147483619,icecek urunleri,https://www.hepsiburada.com/icecek-urunleri-c-28001517,2,"Supermarket, Pet Shop > icecek urunleri"
28001549,2147483619,kagit havlular,https://www.hepsiburada.com/kagit-havlular-c-28001549,2,"Supermarket, Pet Shop > kagit havlular"
28001582,2147483619,kuru bakliyatlar,https://www.hepsiburada.com/kuru-bakliyatlar-c-28001582,2,"Supermarket, Pet Shop > kuru bakliyatlar"
28001502,2147483619,kuru meyveler,https://www.hepsiburada.com/kuru-meyveler-c-28001502,2,"Supermarket, Pet Shop > kuru meyveler"
80847003,2147483619,maden suyu,https://www.hepsiburada.com/maden-suyu-c-80847003,2,"Supermarket, Pet Shop > maden suyu"
60003452,2147483619,makarnalar,https://www.hepsiburada.com/makarnalar-c-60003452,2,"Supermarket, Pet Shop > makarnalar"
60006235,2147483619,meyveler,https://www.hepsiburada.com/meyveler-c-60006235,2,"Supermarket, Pet Shop > meyveler"
60001323,2147483619,mop paspas yedek ekipmanlari,https://www.hepsiburada.com/mop-paspas-yedek-ekipmanlari-c-60001323,2,"Supermarket, Pet Shop > mop paspas yedek ekipmanlari"
60001205,2147483619,mutfak sarf malzemeleri,https://www.hepsiburada.com/mutfak-sarf-malzemeleri-c-60001205,2,"Supermarket, Pet Shop > mutfak sarf malzemeleri"
28003028,2147483619,oda kokulari koku gidericiler,https://www.hepsiburada.com/oda-kokulari-koku-gidericiler-c-28003028,2,"Supermarket, Pet Shop > oda kokulari koku gidericiler"
28002376,2147483619,peynirler,https://www.hepsiburada.com/peynirler-c-28002376,2,"Supermarket, Pet Shop > peynirler"
60002935,2147483619,salgam sulari,https://www.hepsiburada.com/salgam-sulari-c-60002935,2,"Supermarket, Pet Shop > salgam sulari"
60001207,2147483619,strec filmler,https://www.hepsiburada.com/strec-filmler-c-60001207,2,"Supermarket, Pet Shop > strec filmler"
28001552,2147483619,tuvalet kagitlari,https://www.hepsiburada.com/tuvalet-kagitlari-c-28001552,2,"Supermarket, Pet Shop > tuvalet kagitlari"
28001484,2147483619,tuz,https://www.hepsiburada.com/tuz-c-28001484,2,"Supermarket, Pet Shop > tuz"
10007302,2147483640,Animasyon / Çizgi Film,https://www.hepsiburada.com/animasyon-cizgi-filmler-c-10007302,3,"Kitap, Muzik, Film, Hobi > Film > Animasyon / Çizgi Film"
177407,2147483640,Belgesel,https://www.hepsiburada.com/belgesel-filmleri-c-177407,3,"Kitap, Muzik, Film, Hobi > Film > Belgesel"
176839,2147483640,Eğitim / Sağlık,https://www.hepsiburada.com/egitim-saglik-filmleri-c-176839,3,"Kitap, Muzik, Film, Hobi > Film > Eğitim / Sağlık"
10005596,2147483640,Film Figür / Aksesuarları,https://www.hepsiburada.com/film-figur-aksesuarlari-c-10005596,3,"Kitap, Muzik, Film, Hobi > Film > Film Figür / Aksesuarları"
10007318,2147483640,Müzik / Sahne,https://www.hepsiburada.com/muzik-sahne-filmleri-c-10007318,3,"Kitap, Muzik, Film, Hobi > Film > Müzik / Sahne"
10007953,2147483640,Poster,https://www.hepsiburada.com/poster-c-10007953,3,"Kitap, Muzik, Film, Hobi > Film > Poster"
177278,2147483640,Spor / Yoga / Hobi,https://www.hepsiburada.com/spor-yoga-hobi-dvd-setleri-c-177278,3,"Kitap, Muzik, Film, Hobi > Film > Spor / Yoga / Hobi"
10007286,2147483640,Yabancı Film,https://www.hepsiburada.com/yabanci-filmler-c-10007286,3,"Kitap, Muzik, Film, Hobi > Film > Yabancı Film"
178174,2147483640,Yerli Film,https://www.hepsiburada.com/yerli-filmler-c-178174,3,"Kitap, Muzik, Film, Hobi > Film > Yerli Film"
60007251,2147483640,ev sinema sistemleri,https://www.hepsiburada.com/ev-sinema-sistemleri-c-60007251,3,"Kitap, Muzik, Film, Hobi > Film > ev sinema sistemleri"
19018197,408010,klasik gitarlar,https://www.hepsiburada.com/klasik-gitarlar-c-19018197,3,"Kitap, Muzik, Film, Hobi > akordiyonlar > klasik gitarlar"
213021,234464,Ders Sınav Kitapları,https://www.hepsiburada.com/ders-sinav-kitaplari-c-213021,3,"Kitap, Muzik, Film, Hobi > ales kitaplari > Ders Sınav Kitapları"
234462,234464,dgs kitaplari,https://www.hepsiburada.com/dgs-kitaplari-c-234462,3,"Kitap, Muzik, Film, Hobi > ales kitaplari > dgs kitaplari"
234456,234464,kpss kitaplari,https://www.hepsiburada.com/kpss-kitaplari-c-234456,3,"Kitap, Muzik, Film, Hobi > ales kitaplari > kpss kitaplari"
1515098,1515050,isim sozlukleri kitaplari,https://www.hepsiburada.com/isim-sozlukleri-kitaplari-c-1515098,3,"Kitap, Muzik, Film, Hobi > atasozleri deyimler sozlukleri > isim sozlukleri kitaplari"
411139,411157,Enstrüman Telleri,https://www.hepsiburada.com/enstruman-telleri-c-411139,3,"Kitap, Muzik, Film, Hobi > baglama telleri > Enstrüman Telleri"
60001365,402814,Telli Çalgılar,https://www.hepsiburada.com/telli-calgilar-c-60001365,3,"Kitap, Muzik, Film, Hobi > baglamalar > Telli Çalgılar"
80530104,80530105,"Sahne Işıklandırma, Şov",https://www.hepsiburada.com/sahne-isiklandirma-sov-c-80530104,3,"Kitap, Muzik, Film, Hobi > balon makinesi > Sahne Işıklandırma, Şov"
60000822,9914,muzik albumleri,https://www.hepsiburada.com/muzik-albumleri-c-60000822,3,"Kitap, Muzik, Film, Hobi > cocuk kitaplari > muzik albumleri"
400250,10785,Vurmali Çalgılar,https://www.hepsiburada.com/vurmali-calgilar-c-400250,3,"Kitap, Muzik, Film, Hobi > defler > Vurmali Çalgılar"
60001735,2147483645,Aile & Çocuk Bakımı,https://www.hepsiburada.com/aile-kitaplari-c-60001735,3,"Kitap, Muzik, Film, Hobi > kitaplar > Aile & Çocuk Bakımı"
15033031,2147483645,Akademik,https://www.hepsiburada.com/akademik-kitaplar-c-15033031,3,"Kitap, Muzik, Film, Hobi > kitaplar > Akademik"
80224072,2147483645,Aktivite & Eğitici Kitaplar,https://www.hepsiburada.com/aktivite-egitici-kitaplar-c-80224072,3,"Kitap, Muzik, Film, Hobi > kitaplar > Aktivite & Eğitici Kitaplar"
1501689,2147483645,"Araştırma ,Tarih & Siyaset",https://www.hepsiburada.com/arastirma-inceleme-c-1501689,3,"Kitap, Muzik, Film, Hobi > kitaplar > Araştırma ,Tarih & Siyaset"
10004,2147483645,Dergi,https://www.hepsiburada.com/dergiler-c-10004,3,"Kitap, Muzik, Film, Hobi > kitaplar > Dergi"
80196008,2147483645,Dijital Yayınlar,https://www.hepsiburada.com/dijital-yayinlar-c-80196008,3,"Kitap, Muzik, Film, Hobi > kitaplar > Dijital Yayınlar"
80196010,2147483645,Din ve Mitoloji,https://www.hepsiburada.com/din-ve-mitoloji-c-80196010,3,"Kitap, Muzik, Film, Hobi > kitaplar > Din ve Mitoloji"
1501753,2147483645,Edebiyat,https://www.hepsiburada.com/edebiyat-kitaplari-c-1501753,3,"Kitap, Muzik, Film, Hobi > kitaplar > Edebiyat"
15033037,2147483645,Eğitim,https://www.hepsiburada.com/egitim-kitaplari-c-15033037,3,"Kitap, Muzik, Film, Hobi > kitaplar > Eğitim"
9959,2147483645,Gezi & Turizm,https://www.hepsiburada.com/turizm-gezi-kitaplari-c-9959,3,"Kitap, Muzik, Film, Hobi > kitaplar > Gezi & Turizm"
215402,2147483645,Hobi,https://www.hepsiburada.com/hobi-kitaplari-c-215402,3,"Kitap, Muzik, Film, Hobi > kitaplar > Hobi"
80857054,2147483645,Kitap Okuma Aksesuarları,https://www.hepsiburada.com/kitap-okuma-aksesuarlari-c-80857054,3,"Kitap, Muzik, Film, Hobi > kitaplar > Kitap Okuma Aksesuarları"
9925,2147483645,Kişisel Gelişim & Psikoloji,https://www.hepsiburada.com/kisisel-gelisim-kitaplari-kitaplari-c-9925,3,"Kitap, Muzik, Film, Hobi > kitaplar > Kişisel Gelişim & Psikoloji"
60002402,2147483645,Online Eğitim,https://www.hepsiburada.com/online-egitim-c-60002402,3,"Kitap, Muzik, Film, Hobi > kitaplar > Online Eğitim"
80220105,2147483645,Sanat,https://www.hepsiburada.com/sanat-c-80220105,3,"Kitap, Muzik, Film, Hobi > kitaplar > Sanat"
80196007,2147483645,"Sağlık, Spor ve Diyet",https://www.hepsiburada.com/saglik-spor-ve-diyet-c-80196007,3,"Kitap, Muzik, Film, Hobi > kitaplar > Sağlık, Spor ve Diyet"
60001648,2147483645,Sesli Kitaplar,https://www.hepsiburada.com/sesli-kitaplar-c-60001648,3,"Kitap, Muzik, Film, Hobi > kitaplar > Sesli Kitaplar"
15039802,2147483645,Yabancı Dil Kitaplar (Foreign Languages),https://www.hepsiburada.com/ithal-kitaplar-c-15039802,3,"Kitap, Muzik, Film, Hobi > kitaplar > Yabancı Dil Kitaplar (Foreign Languages)"
9992,2147483645,Yemek,https://www.hepsiburada.com/yemek-gurme-icecek-kitaplari-c-9992,3,"Kitap, Muzik, Film, Hobi > kitaplar > Yemek"
213862,2147483645,ders kitaplari yardimci kitaplar,https://www.hepsiburada.com/ders-kitaplari-yardimci-kitaplar-c-213862,3,"Kitap, Muzik, Film, Hobi > kitaplar > ders kitaplari yardimci kitaplar"
10796,2147483645,poster,https://www.hepsiburada.com/poster-c-10796,3,"Kitap, Muzik, Film, Hobi > kitaplar > poster"
80196009,2147483645,Çizgi Roman & Mizah,https://www.hepsiburada.com/cizgi-roman-mizah-c-80196009,3,"Kitap, Muzik, Film, Hobi > kitaplar > Çizgi Roman & Mizah"
80196011,2147483645,"İş, Ekonomi & Pazarlama",https://www.hepsiburada.com/is-ekonomi-pazarlama-c-80196011,3,"Kitap, Muzik, Film, Hobi > kitaplar > İş, Ekonomi & Pazarlama"
60003639,60003643,kpss genel kultur genel yetenek kitaplari,https://www.hepsiburada.com/kpss-genel-kultur-genel-yetenek-kitaplari-c-60003639,3,"Kitap, Muzik, Film, Hobi > kpss genel kultur yetenek konu anlatimli kitaplar > kpss genel kultur genel yetenek kitaplari"
1514628,1514631,fizik kitaplari,https://www.hepsiburada.com/fizik-kitaplari-c-1514628,3,"Kitap, Muzik, Film, Hobi > matematik kitaplari > fizik kitaplari"
411209,402930,Nefesli Çalgılar,https://www.hepsiburada.com/nefesli-calgilar-c-411209,3,"Kitap, Muzik, Film, Hobi > melodikalar > Nefesli Çalgılar"
60001362,405379,Stüdyo & DJ Ekipmanları,https://www.hepsiburada.com/profesyonel-muzik-ses-sistemler-c-60001362,3,"Kitap, Muzik, Film, Hobi > muzik keyboard > Stüdyo & DJ Ekipmanları"
19018196,405379,gitarlar,https://www.hepsiburada.com/gitarlar-c-19018196,3,"Kitap, Muzik, Film, Hobi > muzik keyboard > gitarlar"
411237,405379,yayli calgilar,https://www.hepsiburada.com/yayli-calgilar-c-411237,3,"Kitap, Muzik, Film, Hobi > muzik keyboard > yayli calgilar"
411138,406932,muzik ekipman aksesuarlari,https://www.hepsiburada.com/muzik-ekipman-aksesuarlari-c-411138,3,"Kitap, Muzik, Film, Hobi > pikaplar > muzik ekipman aksesuarlari"
80530127,406932,tuslu calgilar,https://www.hepsiburada.com/tuslu-calgilar-c-80530127,3,"Kitap, Muzik, Film, Hobi > pikaplar > tuslu calgilar"
411238,80525103,kemanlar,https://www.hepsiburada.com/kemanlar-c-411238,3,"Kitap, Muzik, Film, Hobi > santur > kemanlar"
1501702,1514681,roman kitaplari,https://www.hepsiburada.com/roman-kitaplari-c-1501702,3,"Kitap, Muzik, Film, Hobi > tum dersler kitaplari > roman kitaplari"
1503568,1514634,yds kitaplari,https://www.hepsiburada.com/yds-kitaplari-c-1503568,3,"Kitap, Muzik, Film, Hobi > turkce kitaplari > yds kitaplari"
80371041,1515048,lgs,https://www.hepsiburada.com/lgs-c-80371041,3,"Kitap, Muzik, Film, Hobi > turkce sozluk kitaplari > lgs"
9916,1515095,Sözlük İmla Kitapları,https://www.hepsiburada.com/sozluk-imla-kilavuzlari-kitaplari-c-9916,3,"Kitap, Muzik, Film, Hobi > yazim imla kilavuzlari kitaplari > Sözlük İmla Kitapları"
9957,1515095,ansiklopediler,https://www.hepsiburada.com/ansiklopediler-c-9957,3,"Kitap, Muzik, Film, Hobi > yazim imla kilavuzlari kitaplari > ansiklopediler"
32010977,2147483603,rujlar,https://www.hepsiburada.com/rujlar-c-32010977,3,"Kozmetik, Kisisel Bakim > Kozmetik > rujlar"
60004068,2147483633,Ayak & Tırnak Bakımı,https://www.hepsiburada.com/ayak-bakim-urunleri-c-60004068,3,"Kozmetik, Kisisel Bakim > Sağlık / Kişisel Bakım > Ayak & Tırnak Bakımı"
26012354,2147483633,Duş ve Banyo Ürünleri,https://www.hepsiburada.com/dus-banyo-urunleri-c-26012354,3,"Kozmetik, Kisisel Bakim > Sağlık / Kişisel Bakım > Duş ve Banyo Ürünleri"
80111004,2147483633,Güzellik Salonu & Kuaför Ürünleri,https://www.hepsiburada.com/guzellik-salonu-kuafor-malzemeleri-c-80111004,3,"Kozmetik, Kisisel Bakim > Sağlık / Kişisel Bakım > Güzellik Salonu & Kuaför Ürünleri"
80134000,2147483633,"Hotel, Restoran & Cafe İhtiyaçları",https://www.hepsiburada.com/hotel-restoran-cafe-ihtiyaclari-c-80134000,3,"Kozmetik, Kisisel Bakim > Sağlık / Kişisel Bakım > Hotel, Restoran & Cafe İhtiyaçları"
26012115,2147483633,Kadın Pedleri & Hijyen Ürünleri,https://www.hepsiburada.com/kadin-bakim-urunleri-c-26012115,3,"Kozmetik, Kisisel Bakim > Sağlık / Kişisel Bakım > Kadın Pedleri & Hijyen Ürünleri"
80433054,2147483633,Kişisel Bakım & Tıraş Makinesi Yedek Parçaları,https://www.hepsiburada.com/tiras-makinesi-yedek-parcalari-c-80433054,3,"Kozmetik, Kisisel Bakim > Sağlık / Kişisel Bakım > Kişisel Bakım & Tıraş Makinesi Yedek Parçaları"
60005107,2147483633,Kişisel Bakım Aletleri,https://www.hepsiburada.com/kisisel-bakim-aletleri-c-60005107,3,"Kozmetik, Kisisel Bakim > Sağlık / Kişisel Bakım > Kişisel Bakım Aletleri"
80114004,2147483633,"Masaj, Spa & Wellness",https://www.hepsiburada.com/masaj-spa-wellness-c-80114004,3,"Kozmetik, Kisisel Bakim > Sağlık / Kişisel Bakım > Masaj, Spa & Wellness"
339715,2147483633,Medikal Ürünler,https://www.hepsiburada.com/medikal-urunler-c-339715,3,"Kozmetik, Kisisel Bakim > Sağlık / Kişisel Bakım > Medikal Ürünler"
26012170,2147483633,Sağlık Ürünleri,https://www.hepsiburada.com/saglik-urunleri-c-26012170,3,"Kozmetik, Kisisel Bakim > Sağlık / Kişisel Bakım > Sağlık Ürünleri"
354020,2147483633,Sporcu Besinleri & Suplementer,https://www.hepsiburada.com/sporcu-besinleri-c-354020,3,"Kozmetik, Kisisel Bakim > Sağlık / Kişisel Bakım > Sporcu Besinleri & Suplementer"
80381011,2147483633,Yetişkin Ürünler +18,https://www.hepsiburada.com/yetiskin-urunler-18-c-80381011,3,"Kozmetik, Kisisel Bakim > Sağlık / Kişisel Bakım > Yetişkin Ürünler +18"
26012117,2147483633,dis fircalari,https://www.hepsiburada.com/dis-fircalari-c-26012117,3,"Kozmetik, Kisisel Bakim > Sağlık / Kişisel Bakım > dis fircalari"
32010888,2147483633,el tirnak bakim urunleri,https://www.hepsiburada.com/el-tirnak-bakim-urunleri-c-32010888,3,"Kozmetik, Kisisel Bakim > Sağlık / Kişisel Bakım > el tirnak bakim urunleri"
80216058,80216054,agda aksesuarlari,https://www.hepsiburada.com/agda-aksesuarlari-c-80216058,3,"Kozmetik, Kisisel Bakim > agda makinesi > agda aksesuarlari"
26012146,80216054,agda epilasyon sonrasi bakim urunleri,https://www.hepsiburada.com/agda-epilasyon-sonrasi-bakim-urunleri-c-26012146,3,"Kozmetik, Kisisel Bakim > agda makinesi > agda epilasyon sonrasi bakim urunleri"
32010891,32010907,Temizleyiciler Tonikler,https://www.hepsiburada.com/temizleyiciler-tonikler-c-32010891,3,"Kozmetik, Kisisel Bakim > jel sabunlar > Temizleyiciler Tonikler"
32010965,32010986,Göz Makyajı Ürünleri,https://www.hepsiburada.com/goz-makyaji-urunleri-c-32010965,3,"Kozmetik, Kisisel Bakim > mascaralar > Göz Makyajı Ürünleri"
32010885,32010894,Yüz Bakım Ürünleri,https://www.hepsiburada.com/yuz-bakim-urunleri-c-32010885,3,"Kozmetik, Kisisel Bakim > nemlendiriciler > Yüz Bakım Ürünleri"
32010683,341406,Erkek Parfüm,https://www.hepsiburada.com/erkek-parfumler-c-32010683,3,"Kozmetik, Kisisel Bakim > parfumler > Erkek Parfüm"
32010684,341406,Kadın Parfüm,https://www.hepsiburada.com/kadin-parfumler-c-32010684,3,"Kozmetik, Kisisel Bakim > parfumler > Kadın Parfüm"
80590045,341406,cocuk parfum,https://www.hepsiburada.com/cocuk-parfum-c-80590045,3,"Kozmetik, Kisisel Bakim > parfumler > cocuk parfum"
80857230,341406,luks parfum,https://www.hepsiburada.com/luks-parfum-c-80857230,3,"Kozmetik, Kisisel Bakim > parfumler > luks parfum"
32010925,341406,vucut nemlendiriciler,https://www.hepsiburada.com/vucut-nemlendiriciler-c-32010925,3,"Kozmetik, Kisisel Bakim > parfumler > vucut nemlendiriciler"
60004670,26012177,akilli bileklikler,https://www.hepsiburada.com/akilli-bileklikler-c-60004670,3,"Kozmetik, Kisisel Bakim > pedometreler adimsayarlar > akilli bileklikler"
6000694,27073740,glutensiz urunler,https://www.hepsiburada.com/glutensiz-urunler-c-6000694,3,"Kozmetik, Kisisel Bakim > shaker > glutensiz urunler"
28002842,27073740,organik urunler,https://www.hepsiburada.com/organik-urunler-c-28002842,3,"Kozmetik, Kisisel Bakim > shaker > organik urunler"
26012213,80647033,hava nemlendirme cihazlarioksimetreler,https://www.hepsiburada.com/hava-nemlendirme-cihazlarioksimetreler-c-26012213,3,"Kozmetik, Kisisel Bakim > tekerlekli sandalye > hava nemlendirme cihazlarioksimetreler"
80111009,26000873,el ayak bakim urunleri,https://www.hepsiburada.com/el-ayak-bakim-urunleri-c-80111009,3,"Kozmetik, Kisisel Bakim > tirnak makasi > el ayak bakim urunleri"
32010975,26000873,ojeler,https://www.hepsiburada.com/ojeler-c-32010975,3,"Kozmetik, Kisisel Bakim > tirnak makasi > ojeler"
26012361,80216061,Manikür Pedikür Malzemeleri,https://www.hepsiburada.com/manikur-pedikur-malzemeleri-c-26012361,3,"Kozmetik, Kisisel Bakim > topuk torpusu > Manikür Pedikür Malzemeleri"
332758,80216061,tirnak bakim seti,https://www.hepsiburada.com/tirnak-bakim-seti-c-332758,3,"Kozmetik, Kisisel Bakim > topuk torpusu > tirnak bakim seti"
340062,80216061,tirnak torpusu,https://www.hepsiburada.com/tirnak-torpusu-c-340062,3,"Kozmetik, Kisisel Bakim > topuk torpusu > tirnak torpusu"
26012147,80216050,Tüy Dökücü Sarartıcı Ürünler,https://www.hepsiburada.com/tuy-dokucu-sarartici-urunler-c-26012147,3,"Kozmetik, Kisisel Bakim > tuy dokucu krem > Tüy Dökücü Sarartıcı Ürünler"
26012217,26012237,Ortopedi Ürünleri,https://www.hepsiburada.com/ortopedi-urunleri-c-26012217,3,"Kozmetik, Kisisel Bakim > varis coraplari > Ortopedi Ürünleri"
23017924,60003470,bebek temizleme pamugu,https://www.hepsiburada.com/bebek-temizleme-pamugu-c-23017924,3,"Kozmetik, Kisisel Bakim > yara bantlari > bebek temizleme pamugu"
26012179,60003470,İlk Yardim Ürünleri,https://www.hepsiburada.com/ilk-yardim-urunleri-c-26012179,3,"Kozmetik, Kisisel Bakim > yara bantlari > İlk Yardim Ürünleri"
22007482,2147483604,GPS & Navigasyon,https://www.hepsiburada.com/elektronik-optik-gps-durbunler-c-22007482,3,"Spor, Outdoor > Outdoor > GPS & Navigasyon"
22003834,2147483604,Kara & Balık Av Malzemeleri,https://www.hepsiburada.com/kara-balik-av-malzemeleri-c-22003834,3,"Spor, Outdoor > Outdoor > Kara & Balık Av Malzemeleri"
80096006,2147483604,Kış Sporları,https://www.hepsiburada.com/kis-sporlari-c-80096006,3,"Spor, Outdoor > Outdoor > Kış Sporları"
22006250,2147483604,Outdoor Giyim-Ayakkabı,https://www.hepsiburada.com/outdoor-giyim-ayakkabilar-c-22006250,3,"Spor, Outdoor > Outdoor > Outdoor Giyim-Ayakkabı"
80678116,2147483604,Outdoor Optik,https://www.hepsiburada.com/outdoor-optik-c-80678116,3,"Spor, Outdoor > Outdoor > Outdoor Optik"
22004138,2147483604,Tekne & Tekne Malzemeleri,https://www.hepsiburada.com/tekne-tekne-malzemeleri-c-22004138,3,"Spor, Outdoor > Outdoor > Tekne & Tekne Malzemeleri"
19102,2147483604,cadirlar,https://www.hepsiburada.com/cadirlar-c-19102,3,"Spor, Outdoor > Outdoor > cadirlar"
22001904,2147483604,outdoor mont ceketler,https://www.hepsiburada.com/outdoor-mont-ceketler-c-22001904,3,"Spor, Outdoor > Outdoor > outdoor mont ceketler"
1800549,2147483604,Şişme Su Aktivite Ürünleri,https://www.hepsiburada.com/sisme-su-urunleri-c-1800549,3,"Spor, Outdoor > Outdoor > Şişme Su Aktivite Ürünleri"
27026003,2147483635,Bisiklet,https://www.hepsiburada.com/bisikletler-c-27026003,3,"Spor, Outdoor > Spor / Fitness > Bisiklet"
353044,2147483635,Spor Branşları,https://www.hepsiburada.com/spor-branslari-c-353044,3,"Spor, Outdoor > Spor / Fitness > Spor Branşları"
27007679,2147483635,Taraftar Ürünleri,https://www.hepsiburada.com/taraftar-urunleri-c-27007679,3,"Spor, Outdoor > Spor / Fitness > Taraftar Ürünleri"
60004761,2147483635,Vücut Geliştirme Aletleri,https://www.hepsiburada.com/vucut-gelistirme-aletleri-c-60004761,3,"Spor, Outdoor > Spor / Fitness > Vücut Geliştirme Aletleri"
387330,2147483635,agirlik eldivenleri kemerler,https://www.hepsiburada.com/agirlik-eldivenleri-kemerler-c-387330,3,"Spor, Outdoor > Spor / Fitness > agirlik eldivenleri kemerler"
387327,2147483635,dambillar agirlik plakalari,https://www.hepsiburada.com/dambillar-agirlik-plakalari-c-387327,3,"Spor, Outdoor > Spor / Fitness > dambillar agirlik plakalari"
27042554,2147483635,koruyucu bandajlar,https://www.hepsiburada.com/koruyucu-bandajlar-c-27042554,3,"Spor, Outdoor > Spor / Fitness > koruyucu bandajlar"
60002470,2147483635,profesyonel fitness urunleri,https://www.hepsiburada.com/profesyonel-fitness-urunleri-c-60002470,3,"Spor, Outdoor > Spor / Fitness > profesyonel fitness urunleri"
60006533,60006259,cocuk scooter,https://www.hepsiburada.com/cocuk-scooter-c-60006533,3,"Spor, Outdoor > akilli elektrikli scooterlar > cocuk scooter"
19002,19020,Basketbol Ürünleri,https://www.hepsiburada.com/basketbol-urunleri-c-19002,3,"Spor, Outdoor > basketbol toplari > Basketbol Ürünleri"
9010094,19020,kaucuk kapi onu paspaslari,https://www.hepsiburada.com/kaucuk-kapi-onu-paspaslari-c-9010094,3,"Spor, Outdoor > basketbol toplari > kaucuk kapi onu paspaslari"
60000163,1300939,bayan cantalari,https://www.hepsiburada.com/bayan-cantalari-c-60000163,3,"Spor, Outdoor > bavullar valizler > bayan cantalari"
60003896,1300939,erkek cantalar,https://www.hepsiburada.com/erkek-cantalar-c-60003896,3,"Spor, Outdoor > bavullar valizler > erkek cantalar"
19111,17421,Beşiktaş Ürünleri,https://www.hepsiburada.com/besiktas-urunleri-c-19111,3,"Spor, Outdoor > besiktas formalari > Beşiktaş Ürünleri"
352914,22005313,outdoor cantalar,https://www.hepsiburada.com/outdoor-cantalar-c-352914,3,"Spor, Outdoor > cocuk bisikletleri > outdoor cantalar"
1302043,22005313,outdoor giyim yagmurluklar,https://www.hepsiburada.com/outdoor-giyim-yagmurluklar-c-1302043,3,"Spor, Outdoor > cocuk bisikletleri > outdoor giyim yagmurluklar"
27031194,353125,bisiklet aydinlatma ikazlari,https://www.hepsiburada.com/bisiklet-aydinlatma-ikazlari-c-27031194,3,"Spor, Outdoor > dag bisikletleri > bisiklet aydinlatma ikazlari"
60007053,353125,bisiklet pedallari,https://www.hepsiburada.com/bisiklet-pedallari-c-60007053,3,"Spor, Outdoor > dag bisikletleri > bisiklet pedallari"
60007055,353125,bisiklet zinciri,https://www.hepsiburada.com/bisiklet-zinciri-c-60007055,3,"Spor, Outdoor > dag bisikletleri > bisiklet zinciri"
19044,60000380,Kondisyon Aletleri,https://www.hepsiburada.com/kondisyon-aletleri-c-19044,3,"Spor, Outdoor > direnc lastikleri > Kondisyon Aletleri"
19031,60000380,Küçük Kondisyon Aletleri,https://www.hepsiburada.com/kucuk-kondisyon-aletleri-c-19031,3,"Spor, Outdoor > direnc lastikleri > Küçük Kondisyon Aletleri"
369743,60000380,atlama ipleri,https://www.hepsiburada.com/atlama-ipleri-c-369743,3,"Spor, Outdoor > direnc lastikleri > atlama ipleri"
369745,60000380,buk buk,https://www.hepsiburada.com/buk-buk-c-369745,3,"Spor, Outdoor > direnc lastikleri > buk buk"
354988,354989,teleskop aksesuarlari,https://www.hepsiburada.com/teleskop-aksesuarlari-c-354988,3,"Spor, Outdoor > durbunler > teleskop aksesuarlari"
27074921,60008821,Fenerium,https://www.hepsiburada.com/fenerium-c-27074921,3,"Spor, Outdoor > fenerbahce yeni sezon formasi > Fenerium"
27078135,60008821,fenerbahce aksesuarlari,https://www.hepsiburada.com/fenerbahce-aksesuarlari-c-27078135,3,"Spor, Outdoor > fenerbahce yeni sezon formasi > fenerbahce aksesuarlari"
19001,19021,Futbol Malzemeleri,https://www.hepsiburada.com/futbol-malzemeleri-c-19001,3,"Spor, Outdoor > futbol toplari > Futbol Malzemeleri"
403067,19021,futbol ayakkabilari,https://www.hepsiburada.com/futbol-ayakkabilari-c-403067,3,"Spor, Outdoor > futbol toplari > futbol ayakkabilari"
19024,19021,kaleci malzemeleri,https://www.hepsiburada.com/kaleci-malzemeleri-c-19024,3,"Spor, Outdoor > futbol toplari > kaleci malzemeleri"
1307055,1308748,Balık Av Malzemeleri,https://www.hepsiburada.com/balik-av-malzemeleri-c-1307055,3,"Spor, Outdoor > kamis olta takimlari > Balık Av Malzemeleri"
22006803,19190,Oturma Dinlenme,https://www.hepsiburada.com/oturma-dinlenme-c-22006803,3,"Spor, Outdoor > kamp sandalyeleri > Oturma Dinlenme"
19100,367284,Kamp Mutfak Ürünleri,https://www.hepsiburada.com/kamp-mutfak-urunleri-c-19100,3,"Spor, Outdoor > kamp termoslari > Kamp Mutfak Ürünleri"
60001995,60001997,Sporcu Sağlığı Ürünleri,https://www.hepsiburada.com/sporcu-sagligi-urunleri-c-60001995,3,"Spor, Outdoor > kinesiology bantlari > Sporcu Sağlığı Ürünleri"
60000689,60001997,bayan korseler,https://www.hepsiburada.com/bayan-korseler-c-60000689,3,"Spor, Outdoor > kinesiology bantlari > bayan korseler"
26012203,60001997,sargi bezleri steril kompresler,https://www.hepsiburada.com/sargi-bezleri-steril-kompresler-c-26012203,3,"Spor, Outdoor > kinesiology bantlari > sargi bezleri steril kompresler"
384551,384555,Spor Ayakkabılar,https://www.hepsiburada.com/spor-ayakkabilar-c-384551,3,"Spor, Outdoor > kramponlar > Spor Ayakkabılar"
3013122,384555,ag modemler,https://www.hepsiburada.com/ag-modemler-c-3013122,3,"Spor, Outdoor > kramponlar > ag modemler"
26012110,384555,agiz bakim urunleri,https://www.hepsiburada.com/agiz-bakim-urunleri-c-26012110,3,"Spor, Outdoor > kramponlar > agiz bakim urunleri"
60003676,384555,akilli saatler,https://www.hepsiburada.com/akilli-saatler-c-60003676,3,"Spor, Outdoor > kramponlar > akilli saatler"
22018092,384555,aksiyon kameralari,https://www.hepsiburada.com/aksiyon-kameralari-c-22018092,3,"Spor, Outdoor > kramponlar > aksiyon kameralari"
234329,384555,ankastre setler,https://www.hepsiburada.com/ankastre-setler-c-234329,3,"Spor, Outdoor > kramponlar > ankastre setler"
60002029,384555,aynasiz kompakt slr makineler,https://www.hepsiburada.com/aynasiz-kompakt-slr-makineler-c-60002029,3,"Spor, Outdoor > kramponlar > aynasiz kompakt slr makineler"
2147483601,384555,bahce malzemeleri,https://www.hepsiburada.com/bahce-malzemeleri-c-2147483601,3,"Spor, Outdoor > kramponlar > bahce malzemeleri"
455418,384555,banyolar,https://www.hepsiburada.com/banyolar-c-455418,3,"Spor, Outdoor > kramponlar > banyolar"
12087178,384555,bayan giyim modelleri,https://www.hepsiburada.com/bayan-giyim-modelleri-c-12087178,3,"Spor, Outdoor > kramponlar > bayan giyim modelleri"
25008405,384555,bayan kol saatleri,https://www.hepsiburada.com/bayan-kol-saatleri-c-25008405,3,"Spor, Outdoor > kramponlar > bayan kol saatleri"
26000865,384555,besin takviyeleri,https://www.hepsiburada.com/besin-takviyeleri-c-26000865,3,"Spor, Outdoor > kramponlar > besin takviyeleri"
235604,384555,beyaz esya ankastreler,https://www.hepsiburada.com/beyaz-esya-ankastreler-c-235604,3,"Spor, Outdoor > kramponlar > beyaz esya ankastreler"
60004956,384555,beyaz esya bakim urunleri,https://www.hepsiburada.com/beyaz-esya-bakim-urunleri-c-60004956,3,"Spor, Outdoor > kramponlar > beyaz esya bakim urunleri"
60005511,384555,beyaz esya paketleri,https://www.hepsiburada.com/beyaz-esya-paketleri-c-60005511,3,"Spor, Outdoor > kramponlar > beyaz esya paketleri"
42,384555,bilgisayar aksesuarlari,https://www.hepsiburada.com/bilgisayar-aksesuarlari-c-42,3,"Spor, Outdoor > kramponlar > bilgisayar aksesuarlari"
8,384555,bilgisayar parcalari,https://www.hepsiburada.com/bilgisayar-parcalari-c-8,3,"Spor, Outdoor > kramponlar > bilgisayar parcalari"
2147483646,384555,bilgisayar sistemleri ve ekipmanlari,https://www.hepsiburada.com/bilgisayar-sistemleri-ve-ekipmanlari-c-2147483646,3,"Spor, Outdoor > kramponlar > bilgisayar sistemleri ve ekipmanlari"
3000500,384555,bilgisayarlar,https://www.hepsiburada.com/bilgisayarlar-c-3000500,3,"Spor, Outdoor > kramponlar > bilgisayarlar"
22003,384555,blenderlar,https://www.hepsiburada.com/blenderlar-c-22003,3,"Spor, Outdoor > kramponlar > blenderlar"
60004557,384555,bluetooth hoparlorler,https://www.hepsiburada.com/bluetooth-hoparlorler-c-60004557,3,"Spor, Outdoor > kramponlar > bluetooth hoparlorler"
16218,384555,bluetooth kulakliklar,https://www.hepsiburada.com/bluetooth-kulakliklar-c-16218,3,"Spor, Outdoor > kramponlar > bluetooth kulakliklar"
22156,384555,bulasik makineleri,https://www.hepsiburada.com/bulasik-makineleri-c-22156,3,"Spor, Outdoor > kramponlar > bulasik makineleri"
22154,384555,buzdolaplari,https://www.hepsiburada.com/buzdolaplari-c-22154,3,"Spor, Outdoor > kramponlar > buzdolaplari"
155121,384555,camasir makineleri,https://www.hepsiburada.com/camasir-makineleri-c-155121,3,"Spor, Outdoor > kramponlar > camasir makineleri"
371965,384555,cep telefonlari,https://www.hepsiburada.com/cep-telefonlari-c-371965,3,"Spor, Outdoor > kramponlar > cep telefonlari"
371967,384555,cep telefonu aksesuarlari,https://www.hepsiburada.com/cep-telefonu-aksesuarlari-c-371967,3,"Spor, Outdoor > kramponlar > cep telefonu aksesuarlari"
16102,384555,cep telefonu kiliflari,https://www.hepsiburada.com/cep-telefonu-kiliflari-c-16102,3,"Spor, Outdoor > kramponlar > cep telefonu kiliflari"
3013120,384555,cevre birimleri,https://www.hepsiburada.com/cevre-birimleri-c-3013120,3,"Spor, Outdoor > kramponlar > cevre birimleri"
32000005,384555,cilt bakim urunleri,https://www.hepsiburada.com/cilt-bakim-urunleri-c-32000005,3,"Spor, Outdoor > kramponlar > cilt bakim urunleri"
26012178,384555,cinsel saglik aile planlamasi urunleri,https://www.hepsiburada.com/cinsel-saglik-aile-planlamasi-urunleri-c-26012178,3,"Spor, Outdoor > kramponlar > cinsel saglik aile planlamasi urunleri"
60002723,384555,cocuk giyim kiyafetleri,https://www.hepsiburada.com/cocuk-giyim-kiyafetleri-c-60002723,3,"Spor, Outdoor > kramponlar > cocuk giyim kiyafetleri"
22006,384555,davlumbazlar,https://www.hepsiburada.com/davlumbazlar-c-22006,3,"Spor, Outdoor > kramponlar > davlumbazlar"
18021300,384555,dekorasyon,https://www.hepsiburada.com/dekorasyon-c-18021300,3,"Spor, Outdoor > kramponlar > dekorasyon"
26012112,384555,deodorantlar,https://www.hepsiburada.com/deodorantlar-c-26012112,3,"Spor, Outdoor > kramponlar > deodorantlar"
22266,384555,derin dondurucular,https://www.hepsiburada.com/derin-dondurucular-c-22266,3,"Spor, Outdoor > kramponlar > derin dondurucular"
60003464,384555,dezenfektanlar,https://www.hepsiburada.com/dezenfektanlar-c-60003464,3,"Spor, Outdoor > kramponlar > dezenfektanlar"
33000343,384555,diger oyun konsollari,https://www.hepsiburada.com/diger-oyun-konsollari-c-33000343,3,"Spor, Outdoor > kramponlar > diger oyun konsollari"
248,384555,dijital fotograf makineleri,https://www.hepsiburada.com/dijital-fotograf-makineleri-c-248,3,"Spor, Outdoor > kramponlar > dijital fotograf makineleri"
80753000,384555,dijital urunler,https://www.hepsiburada.com/dijital-urunler-c-80753000,3,"Spor, Outdoor > kramponlar > dijital urunler"
60006033,384555,drone multikopter,https://www.hepsiburada.com/drone-multikopter-c-60006033,3,"Spor, Outdoor > kramponlar > drone multikopter"
26012355,384555,dus banyo sabunlari,https://www.hepsiburada.com/dus-banyo-sabunlari-c-26012355,3,"Spor, Outdoor > kramponlar > dus banyo sabunlari"
26012356,384555,dus jelleri,https://www.hepsiburada.com/dus-jelleri-c-26012356,3,"Spor, Outdoor > kramponlar > dus jelleri"
155124,384555,dvd blu ray oynaticilar,https://www.hepsiburada.com/dvd-blu-ray-oynaticilar-c-155124,3,"Spor, Outdoor > kramponlar > dvd blu ray oynaticilar"
80315023,384555,ekran koruyucu,https://www.hepsiburada.com/ekran-koruyucu-c-80315023,3,"Spor, Outdoor > kramponlar > ekran koruyucu"
13003201,384555,elektrik aydinlatma urunleri,https://www.hepsiburada.com/elektrik-aydinlatma-urunleri-c-13003201,3,"Spor, Outdoor > kramponlar > elektrik aydinlatma urunleri"
80571082,384555,elektrik tesisat malzemeleri,https://www.hepsiburada.com/elektrik-tesisat-malzemeleri-c-80571082,3,"Spor, Outdoor > kramponlar > elektrik tesisat malzemeleri"
17071,384555,elektrikli ev aletleri,https://www.hepsiburada.com/elektrikli-ev-aletleri-c-17071,3,"Spor, Outdoor > kramponlar > elektrikli ev aletleri"
80168015,384555,elektrikli mutfak aleti yedek parca aksesuarlari,https://www.hepsiburada.com/elektrikli-mutfak-aleti-yedek-parca-aksesuarlari-c-80168015,3,"Spor, Outdoor > kramponlar > elektrikli mutfak aleti yedek parca aksesuarlari"
22001,384555,elektrikli mutfak aletleri,https://www.hepsiburada.com/elektrikli-mutfak-aletleri-c-22001,3,"Spor, Outdoor > kramponlar > elektrikli mutfak aletleri"
60003096,384555,endustriyel mutfak urunleri,https://www.hepsiburada.com/endustriyel-mutfak-urunleri-c-60003096,3,"Spor, Outdoor > kramponlar > endustriyel mutfak urunleri"
80216049,384555,epilasyon agda,https://www.hepsiburada.com/epilasyon-agda-c-80216049,3,"Spor, Outdoor > kramponlar > epilasyon agda"
12087177,384555,erkek giyim modelleri,https://www.hepsiburada.com/erkek-giyim-modelleri-c-12087177,3,"Spor, Outdoor > kramponlar > erkek giyim modelleri"
25008404,384555,erkek kol saatleri,https://www.hepsiburada.com/erkek-kol-saatleri-c-25008404,3,"Spor, Outdoor > kramponlar > erkek kol saatleri"
26012116,384555,erkek tiras urunleri,https://www.hepsiburada.com/erkek-tiras-urunleri-c-26012116,3,"Spor, Outdoor > kramponlar > erkek tiras urunleri"
60002911,384555,ev gerecleri,https://www.hepsiburada.com/ev-gerecleri-c-60002911,3,"Spor, Outdoor > kramponlar > ev gerecleri"
152492,384555,ev sinema sistemleri,https://www.hepsiburada.com/ev-sinema-sistemleri-c-152492,3,"Spor, Outdoor > kramponlar > ev sinema sistemleri"
2147483618,384555,ev tekstili,https://www.hepsiburada.com/ev-tekstili-c-2147483618,3,"Spor, Outdoor > kramponlar > ev tekstili"
22016,384555,firinlar,https://www.hepsiburada.com/firinlar-c-22016,3,"Spor, Outdoor > kramponlar > firinlar"
2147483606,384555,foto kameralari,https://www.hepsiburada.com/foto-kameralari-c-2147483606,3,"Spor, Outdoor > kramponlar > foto kameralari"
60000190,384555,fotograf makinesi aksesuarlari,https://www.hepsiburada.com/fotograf-makinesi-aksesuarlari-c-60000190,3,"Spor, Outdoor > kramponlar > fotograf makinesi aksesuarlari"
32010889,384555,gunes koruyucu urunler,https://www.hepsiburada.com/gunes-koruyucu-urunler-c-32010889,3,"Spor, Outdoor > kramponlar > gunes koruyucu urunler"
161719,384555,guvenlik sistemleri,https://www.hepsiburada.com/guvenlik-sistemleri-c-161719,3,"Spor, Outdoor > kramponlar > guvenlik sistemleri"
17175,384555,hava temizleme nem alma cihazlari,https://www.hepsiburada.com/hava-temizleme-nem-alma-cihazlari-c-17175,3,"Spor, Outdoor > kramponlar > hava temizleme nem alma cihazlari"
13003347,384555,hirdavat urunleri,https://www.hepsiburada.com/hirdavat-urunleri-c-13003347,3,"Spor, Outdoor > kramponlar > hirdavat urunleri"
2147483605,384555,hobi eglence urunleri,https://www.hepsiburada.com/hobi-eglence-urunleri-c-2147483605,3,"Spor, Outdoor > kramponlar > hobi eglence urunleri"
13003349,384555,is guvenlik urunleri,https://www.hepsiburada.com/is-guvenlik-urunleri-c-13003349,3,"Spor, Outdoor > kramponlar > is guvenlik urunleri"
161876,384555,isitma sogutma urunleri,https://www.hepsiburada.com/isitma-sogutma-urunleri-c-161876,3,"Spor, Outdoor > kramponlar > isitma sogutma urunleri"
157410,384555,kablo soketler,https://www.hepsiburada.com/kablo-soketler-c-157410,3,"Spor, Outdoor > kramponlar > kablo soketler"
17343,384555,kablosuz ses goruntu aktaricilar,https://www.hepsiburada.com/kablosuz-ses-goruntu-aktaricilar-c-17343,3,"Spor, Outdoor > kramponlar > kablosuz ses goruntu aktaricilar"
17453,384555,klimalar,https://www.hepsiburada.com/klimalar-c-17453,3,"Spor, Outdoor > kramponlar > klimalar"
26012139,384555,kolonyalar,https://www.hepsiburada.com/kolonyalar-c-26012139,3,"Spor, Outdoor > kramponlar > kolonyalar"
17723,384555,kombiler,https://www.hepsiburada.com/kombiler-c-17723,3,"Spor, Outdoor > kramponlar > kombiler"
520,384555,kulakliklar,https://www.hepsiburada.com/kulakliklar-c-520,3,"Spor, Outdoor > kramponlar > kulakliklar"
530175,384555,kulce ziynet cumhuriyet altinlari,https://www.hepsiburada.com/kulce-ziynet-cumhuriyet-altinlari-c-530175,3,"Spor, Outdoor > kramponlar > kulce ziynet cumhuriyet altinlari"
153223,384555,kurutma makineleri,https://www.hepsiburada.com/kurutma-makineleri-c-153223,3,"Spor, Outdoor > kramponlar > kurutma makineleri"
80813000,384555,kurutmali camasir makinesi,https://www.hepsiburada.com/kurutmali-camasir-makinesi-c-80813000,3,"Spor, Outdoor > kramponlar > kurutmali camasir makinesi"
98,384555,laptop notebook dizustu bilgisayarlar,https://www.hepsiburada.com/laptop-notebook-dizustu-bilgisayarlar-c-98,3,"Spor, Outdoor > kramponlar > laptop notebook dizustu bilgisayarlar"
163192,384555,led tv televizyonlar,https://www.hepsiburada.com/led-tv-televizyonlar-c-163192,3,"Spor, Outdoor > kramponlar > led tv televizyonlar"
341425,384555,makyaj urunleri,https://www.hepsiburada.com/makyaj-urunleri-c-341425,3,"Spor, Outdoor > kramponlar > makyaj urunleri"
34,384555,masaustu bilgisayarlar,https://www.hepsiburada.com/masaustu-bilgisayarlar-c-34,3,"Spor, Outdoor > kramponlar > masaustu bilgisayarlar"
80271010,384555,media player,https://www.hepsiburada.com/media-player-c-80271010,3,"Spor, Outdoor > kramponlar > media player"
22021,384555,mikrodalga firinlar,https://www.hepsiburada.com/mikrodalga-firinlar-c-22021,3,"Spor, Outdoor > kramponlar > mikrodalga firinlar"
18021299,384555,mobilyalar,https://www.hepsiburada.com/mobilyalar-c-18021299,3,"Spor, Outdoor > kramponlar > mobilyalar"
57,384555,monitorler,https://www.hepsiburada.com/monitorler-c-57,3,"Spor, Outdoor > kramponlar > monitorler"
60008737,384555,motosiklet,https://www.hepsiburada.com/motosiklet-c-60008737,3,"Spor, Outdoor > kramponlar > motosiklet"
22500,384555,mutfak gerecleri,https://www.hepsiburada.com/mutfak-gerecleri-c-22500,3,"Spor, Outdoor > kramponlar > mutfak gerecleri"
17499,384555,muzik sistemleri,https://www.hepsiburada.com/muzik-sistemleri-c-17499,3,"Spor, Outdoor > kramponlar > muzik sistemleri"
80226061,384555,nintendo,https://www.hepsiburada.com/nintendo-c-80226061,3,"Spor, Outdoor > kramponlar > nintendo"
22026,384555,ocaklar,https://www.hepsiburada.com/ocaklar-c-22026,3,"Spor, Outdoor > kramponlar > ocaklar"
15312,384555,ofis mobilyalari,https://www.hepsiburada.com/ofis-mobilyalari-c-15312,3,"Spor, Outdoor > kramponlar > ofis mobilyalari"
80327167,384555,on odemeli kart,https://www.hepsiburada.com/on-odemeli-kart-c-80327167,3,"Spor, Outdoor > kramponlar > on odemeli kart"
2147483631,384555,oto aksesuarlari,https://www.hepsiburada.com/oto-aksesuarlari-c-2147483631,3,"Spor, Outdoor > kramponlar > oto aksesuarlari"
60003581,384555,outdoor sualti fotograf makineleri,https://www.hepsiburada.com/outdoor-sualti-fotograf-makineleri-c-60003581,3,"Spor, Outdoor > kramponlar > outdoor sualti fotograf makineleri"
60005206,384555,oyun figurleri,https://www.hepsiburada.com/oyun-figurleri-c-60005206,3,"Spor, Outdoor > kramponlar > oyun figurleri"
23031884,384555,oyuncaklar,https://www.hepsiburada.com/oyuncaklar-c-23031884,3,"Spor, Outdoor > kramponlar > oyuncaklar"
86008,384555,oyuncular ozel bilgisayar bilesenleri,https://www.hepsiburada.com/oyuncular-ozel-bilgisayar-bilesenleri-c-86008,3,"Spor, Outdoor > kramponlar > oyuncular ozel bilgisayar bilesenleri"
2147483602,384555,oyunlar oyun konsollari,https://www.hepsiburada.com/oyunlar-oyun-konsollari-c-2147483602,3,"Spor, Outdoor > kramponlar > oyunlar oyun konsollari"
2147483616,384555,pet shop,https://www.hepsiburada.com/pet-shop-c-2147483616,3,"Spor, Outdoor > kramponlar > pet shop"
80226063,384555,playstation 2,https://www.hepsiburada.com/playstation-2-c-80226063,3,"Spor, Outdoor > kramponlar > playstation 2"
80226059,384555,playstation 3,https://www.hepsiburada.com/playstation-3-c-80226059,3,"Spor, Outdoor > kramponlar > playstation 3"
80226057,384555,playstation 4,https://www.hepsiburada.com/playstation-4-c-80226057,3,"Spor, Outdoor > kramponlar > playstation 4"
80757005,384555,playstation 5,https://www.hepsiburada.com/playstation-5-c-80757005,3,"Spor, Outdoor > kramponlar > playstation 5"
285390,384555,projeksiyon sistemleri,https://www.hepsiburada.com/projeksiyon-sistemleri-c-285390,3,"Spor, Outdoor > kramponlar > projeksiyon sistemleri"
80226062,384555,psp vita,https://www.hepsiburada.com/psp-vita-c-80226062,3,"Spor, Outdoor > kramponlar > psp vita"
80160033,384555,robot supurge,https://www.hepsiburada.com/robot-supurge-c-80160033,3,"Spor, Outdoor > kramponlar > robot supurge"
26012111,384555,sac bakim urunleri,https://www.hepsiburada.com/sac-bakim-urunleri-c-26012111,3,"Spor, Outdoor > kramponlar > sac bakim urunleri"
3013119,384555,sarf malzemeleri,https://www.hepsiburada.com/sarf-malzemeleri-c-3013119,3,"Spor, Outdoor > kramponlar > sarf malzemeleri"
16113,384555,sarj cihazlari,https://www.hepsiburada.com/sarj-cihazlari-c-16113,3,"Spor, Outdoor > kramponlar > sarj cihazlari"
17201,384555,ses goruntu sistemleri,https://www.hepsiburada.com/ses-goruntu-sistemleri-c-17201,3,"Spor, Outdoor > kramponlar > ses goruntu sistemleri"
1100301,384555,slr fotograf makineleri,https://www.hepsiburada.com/slr-fotograf-makineleri-c-1100301,3,"Spor, Outdoor > kramponlar > slr fotograf makineleri"
8001872,384555,sobalar isiticilar,https://www.hepsiburada.com/sobalar-isiticilar-c-8001872,3,"Spor, Outdoor > kramponlar > sobalar isiticilar"
17434,384555,sofbenler,https://www.hepsiburada.com/sofbenler-c-17434,3,"Spor, Outdoor > kramponlar > sofbenler"
155123,384555,supurgeler,https://www.hepsiburada.com/supurgeler-c-155123,3,"Spor, Outdoor > kramponlar > supurgeler"
3008012,384555,tablet,https://www.hepsiburada.com/tablet-c-3008012,3,"Spor, Outdoor > kramponlar > tablet"
376097,384555,tasinabilir hoparlorler,https://www.hepsiburada.com/tasinabilir-hoparlorler-c-376097,3,"Spor, Outdoor > kramponlar > tasinabilir hoparlorler"
60004584,384555,tasinabilir pilli sarj cihazlari,https://www.hepsiburada.com/tasinabilir-pilli-sarj-cihazlari-c-60004584,3,"Spor, Outdoor > kramponlar > tasinabilir pilli sarj cihazlari"
29010123,384555,telefon kablolari,https://www.hepsiburada.com/telefon-kablolari-c-29010123,3,"Spor, Outdoor > kramponlar > telefon kablolari"
2147483642,384555,telefonlar,https://www.hepsiburada.com/telefonlar-c-2147483642,3,"Spor, Outdoor > kramponlar > telefonlar"
371966,384555,telsiz masaustu telefonlar,https://www.hepsiburada.com/telsiz-masaustu-telefonlar-c-371966,3,"Spor, Outdoor > kramponlar > telsiz masaustu telefonlar"
17769,384555,termosifonlar,https://www.hepsiburada.com/termosifonlar-c-17769,3,"Spor, Outdoor > kramponlar > termosifonlar"
22014,384555,tost makineleri,https://www.hepsiburada.com/tost-makineleri-c-22014,3,"Spor, Outdoor > kramponlar > tost makineleri"
8003673,384555,tv aksesuarlari,https://www.hepsiburada.com/tv-aksesuarlari-c-8003673,3,"Spor, Outdoor > kramponlar > tv aksesuarlari"
155122,384555,utuler,https://www.hepsiburada.com/utuler-c-155122,3,"Spor, Outdoor > kramponlar > utuler"
155057,384555,uydu alicilari,https://www.hepsiburada.com/uydu-alicilari-c-155057,3,"Spor, Outdoor > kramponlar > uydu alicilari"
17412,384555,vantilatorler,https://www.hepsiburada.com/vantilatorler-c-17412,3,"Spor, Outdoor > kramponlar > vantilatorler"
3013121,384555,veri depolama urunleri,https://www.hepsiburada.com/veri-depolama-urunleri-c-3013121,3,"Spor, Outdoor > kramponlar > veri depolama urunleri"
17076,384555,video kameralar,https://www.hepsiburada.com/video-kameralar-c-17076,3,"Spor, Outdoor > kramponlar > video kameralar"
80226058,384555,xbox 360,https://www.hepsiburada.com/xbox-360-c-80226058,3,"Spor, Outdoor > kramponlar > xbox 360"
80226056,384555,xbox one,https://www.hepsiburada.com/xbox-one-c-80226056,3,"Spor, Outdoor > kramponlar > xbox one"
80766004,384555,xbox series s,https://www.hepsiburada.com/xbox-series-s-c-80766004,3,"Spor, Outdoor > kramponlar > xbox series s"
80766000,384555,xbox series x,https://www.hepsiburada.com/xbox-series-x-c-80766000,3,"Spor, Outdoor > kramponlar > xbox series x"
2147483620,384555,yapi market hirdavatlar,https://www.hepsiburada.com/yapi-market-hirdavatlar-c-2147483620,3,"Spor, Outdoor > kramponlar > yapi market hirdavatlar"
511123,384555,yataklar,https://www.hepsiburada.com/yataklar-c-511123,3,"Spor, Outdoor > kramponlar > yataklar"
3013118,384555,yazicilar,https://www.hepsiburada.com/yazicilar-c-3013118,3,"Spor, Outdoor > kramponlar > yazicilar"
41,384555,yazilim urunleri,https://www.hepsiburada.com/yazilim-urunleri-c-41,3,"Spor, Outdoor > kramponlar > yazilim urunleri"
370052,27012987,Boks Ürünleri,https://www.hepsiburada.com/boks-urunleri-c-370052,3,"Spor, Outdoor > kum boks torbalari > Boks Ürünleri"
1303339,22003663,outdoor coraplar tozluklar,https://www.hepsiburada.com/outdoor-coraplar-tozluklar-c-1303339,3,"Spor, Outdoor > outdoor ayakkabilar > outdoor coraplar tozluklar"
1302737,22003663,outdoor sweatshirtler t shirtler,https://www.hepsiburada.com/outdoor-sweatshirtler-t-shirtler-c-1302737,3,"Spor, Outdoor > outdoor ayakkabilar > outdoor sweatshirtler t shirtler"
356945,356946,Outdoor Tırmanış Ürünleri,https://www.hepsiburada.com/outdoor-tirmanis-urunleri-c-356945,3,"Spor, Outdoor > outdoor batonlar > Outdoor Tırmanış Ürünleri"
80812007,1301694,kapri sort,https://www.hepsiburada.com/kapri-sort-c-80812007,3,"Spor, Outdoor > outdoor pantolonlar kapriler > kapri sort"
22008966,1301694,outdoor yelekler,https://www.hepsiburada.com/outdoor-yelekler-c-22008966,3,"Spor, Outdoor > outdoor pantolonlar kapriler > outdoor yelekler"
19050,368030,Scooter Patenler Kaykaylar,https://www.hepsiburada.com/scooter-patenler-kaykaylar-c-19050,3,"Spor, Outdoor > patenler > Scooter Patenler Kaykaylar"
80138060,368030,cocuk patenleri,https://www.hepsiburada.com/cocuk-patenleri-c-80138060,3,"Spor, Outdoor > patenler > cocuk patenleri"
60008293,80757006,1 gram altin,https://www.hepsiburada.com/1-gram-altin-c-60008293,3,"Spor, Outdoor > playstation 5 konsol > 1 gram altin"
60003054,80757006,Hobi Oyun Konsolları,https://www.hepsiburada.com/hobi-oyun-konsollari-c-60003054,3,"Spor, Outdoor > playstation 5 konsol > Hobi Oyun Konsolları"
306860,80757006,akulu pedalli araclar,https://www.hepsiburada.com/akulu-pedalli-araclar-c-306860,3,"Spor, Outdoor > playstation 5 konsol > akulu pedalli araclar"
2147483617,80757006,altin taki mucevherler,https://www.hepsiburada.com/altin-taki-mucevherler-c-2147483617,3,"Spor, Outdoor > playstation 5 konsol > altin taki mucevherler"
60005201,80757006,android telefonlar,https://www.hepsiburada.com/android-telefonlar-c-60005201,3,"Spor, Outdoor > playstation 5 konsol > android telefonlar"
60000117,80757006,ayakkabi,https://www.hepsiburada.com/ayakkabi-c-60000117,3,"Spor, Outdoor > playstation 5 konsol > ayakkabi"
60002211,80757006,aycicek yaglari,https://www.hepsiburada.com/aycicek-yaglari-c-60002211,3,"Spor, Outdoor > playstation 5 konsol > aycicek yaglari"
60000116,80757006,bayan ayakkabilar,https://www.hepsiburada.com/bayan-ayakkabilar-c-60000116,3,"Spor, Outdoor > playstation 5 konsol > bayan ayakkabilar"
60000119,80757006,bayan botlar,https://www.hepsiburada.com/bayan-botlar-c-60000119,3,"Spor, Outdoor > playstation 5 konsol > bayan botlar"
60000053,80757006,bayan kazaklar,https://www.hepsiburada.com/bayan-kazaklar-c-60000053,3,"Spor, Outdoor > playstation 5 konsol > bayan kazaklar"
60000721,80757006,bayan montlar,https://www.hepsiburada.com/bayan-montlar-c-60000721,3,"Spor, Outdoor > playstation 5 konsol > bayan montlar"
12101382,80757006,bayan sweatshirt,https://www.hepsiburada.com/bayan-sweatshirt-c-12101382,3,"Spor, Outdoor > playstation 5 konsol > bayan sweatshirt"
305668,80757006,bebek arabasi pusetleri,https://www.hepsiburada.com/bebek-arabasi-pusetleri-c-305668,3,"Spor, Outdoor > playstation 5 konsol > bebek arabasi pusetleri"
22005,80757006,cay makineleri,https://www.hepsiburada.com/cay-makineleri-c-22005,3,"Spor, Outdoor > playstation 5 konsol > cay makineleri"
18042736,80757006,duvar kagitlari,https://www.hepsiburada.com/duvar-kagitlari-c-18042736,3,"Spor, Outdoor > playstation 5 konsol > duvar kagitlari"
12087202,80757006,elbiseler,https://www.hepsiburada.com/elbiseler-c-12087202,3,"Spor, Outdoor > playstation 5 konsol > elbiseler"
60000125,80757006,erkek botlar,https://www.hepsiburada.com/erkek-botlar-c-60000125,3,"Spor, Outdoor > playstation 5 konsol > erkek botlar"
60000066,80757006,erkek kazaklar,https://www.hepsiburada.com/erkek-kazaklar-c-60000066,3,"Spor, Outdoor > playstation 5 konsol > erkek kazaklar"
60000759,80757006,erkek montlar,https://www.hepsiburada.com/erkek-montlar-c-60000759,3,"Spor, Outdoor > playstation 5 konsol > erkek montlar"
12102800,80757006,erkek sweatshirt,https://www.hepsiburada.com/erkek-sweatshirt-c-12102800,3,"Spor, Outdoor > playstation 5 konsol > erkek sweatshirt"
12140708,80757006,erkek takim elbiseler,https://www.hepsiburada.com/erkek-takim-elbiseler-c-12140708,3,"Spor, Outdoor > playstation 5 konsol > erkek takim elbiseler"
12087197,80757006,etekler,https://www.hepsiburada.com/etekler-c-12087197,3,"Spor, Outdoor > playstation 5 konsol > etekler"
22017,80757006,fritozler,https://www.hepsiburada.com/fritozler-c-22017,3,"Spor, Outdoor > playstation 5 konsol > fritozler"
23000,80757006,galatasaray store urunleri,https://www.hepsiburada.com/galatasaray-store-urunleri-c-23000,3,"Spor, Outdoor > playstation 5 konsol > galatasaray store urunleri"
60005202,80757006,iphone ios telefonlar,https://www.hepsiburada.com/iphone-ios-telefonlar-c-60005202,3,"Spor, Outdoor > playstation 5 konsol > iphone ios telefonlar"
22348,80757006,kahve makineleri,https://www.hepsiburada.com/kahve-makineleri-c-22348,3,"Spor, Outdoor > playstation 5 konsol > kahve makineleri"
60002948,80757006,mutfak masa takimlari,https://www.hepsiburada.com/mutfak-masa-takimlari-c-60002948,3,"Spor, Outdoor > playstation 5 konsol > mutfak masa takimlari"
259720,80757006,oto lastikler,https://www.hepsiburada.com/oto-lastikler-c-259720,3,"Spor, Outdoor > playstation 5 konsol > oto lastikler"
80757007,80757006,playstation 5 oyunlari,https://www.hepsiburada.com/playstation-5-oyunlari-c-80757007,3,"Spor, Outdoor > playstation 5 konsol > playstation 5 oyunlari"
80757008,80757006,ps 5 aksesuarlari,https://www.hepsiburada.com/ps-5-aksesuarlari-c-80757008,3,"Spor, Outdoor > playstation 5 konsol > ps 5 aksesuarlari"
28001320,80757006,ramazan paketi,https://www.hepsiburada.com/ramazan-paketi-c-28001320,3,"Spor, Outdoor > playstation 5 konsol > ramazan paketi"
80857019,80757006,resat altin,https://www.hepsiburada.com/resat-altin-c-80857019,3,"Spor, Outdoor > playstation 5 konsol > resat altin"
2147483632,80757006,saat gozluk aksesuarlari,https://www.hepsiburada.com/saat-gozluk-aksesuarlari-c-2147483632,3,"Spor, Outdoor > playstation 5 konsol > saat gozluk aksesuarlari"
352444,80757006,trabzonspor urunleri,https://www.hepsiburada.com/trabzonspor-urunleri-c-352444,3,"Spor, Outdoor > playstation 5 konsol > trabzonspor urunleri"
60000720,80757006,trenckotlar,https://www.hepsiburada.com/trenckotlar-c-60000720,3,"Spor, Outdoor > playstation 5 konsol > trenckotlar"
12095591,80757006,tunikler,https://www.hepsiburada.com/tunikler-c-12095591,3,"Spor, Outdoor > playstation 5 konsol > tunikler"
60008247,80757006,yarim altin,https://www.hepsiburada.com/yarim-altin-c-60008247,3,"Spor, Outdoor > playstation 5 konsol > yarim altin"
1300147,1300223,deniz yataklari,https://www.hepsiburada.com/deniz-yataklari-c-1300147,3,"Spor, Outdoor > sisme botlar > deniz yataklari"
22004231,1300223,sisme can yelekleri,https://www.hepsiburada.com/sisme-can-yelekleri-c-22004231,3,"Spor, Outdoor > sisme botlar > sisme can yelekleri"
60000546,369686,Spor Giyim Aksesuarları,https://www.hepsiburada.com/spor-giyim-aksesuarlari-c-60000546,3,"Spor, Outdoor > spor cantalari > Spor Giyim Aksesuarları"
60001186,369686,fitness doga sporlari,https://www.hepsiburada.com/fitness-doga-sporlari-c-60001186,3,"Spor, Outdoor > spor cantalari > fitness doga sporlari"
369685,369686,spor malzemeleri kiyafetleri,https://www.hepsiburada.com/spor-malzemeleri-kiyafetleri-c-369685,3,"Spor, Outdoor > spor cantalari > spor malzemeleri kiyafetleri"
2147483643,21005100,Kırtasiye Ofis Ürünleri,https://www.hepsiburada.com/kirtasiye-ofis-urunleri-c-2147483643,3,"Spor, Outdoor > suluklar mataralar > Kırtasiye Ofis Ürünleri"
15344,21005100,Kırtasiye Ürünleri,https://www.hepsiburada.com/kirtasiye-urunleri-c-15344,3,"Spor, Outdoor > suluklar mataralar > Kırtasiye Ürünleri"
21005092,21005100,Okul Çantaları,https://www.hepsiburada.com/okul-cantalari-c-21005092,3,"Spor, Outdoor > suluklar mataralar > Okul Çantaları"
80327224,21005100,a4 fotokopi kagidi,https://www.hepsiburada.com/a4-fotokopi-kagidi-c-80327224,3,"Spor, Outdoor > suluklar mataralar > a4 fotokopi kagidi"
15488,21005100,anaokulu cantalari,https://www.hepsiburada.com/anaokulu-cantalari-c-15488,3,"Spor, Outdoor > suluklar mataralar > anaokulu cantalari"
278279,21005100,beslenme cantalari,https://www.hepsiburada.com/beslenme-cantalari-c-278279,3,"Spor, Outdoor > suluklar mataralar > beslenme cantalari"
21005097,21005100,boyalar boya kalemleri,https://www.hepsiburada.com/boyalar-boya-kalemleri-c-21005097,3,"Spor, Outdoor > suluklar mataralar > boyalar boya kalemleri"
21005503,21005100,defter ajandalar,https://www.hepsiburada.com/defter-ajandalar-c-21005503,3,"Spor, Outdoor > suluklar mataralar > defter ajandalar"
21031173,21005100,dolmakalemler,https://www.hepsiburada.com/dolmakalemler-c-21031173,3,"Spor, Outdoor > suluklar mataralar > dolmakalemler"
60003835,21005100,erkek klasik ayakkabilar,https://www.hepsiburada.com/erkek-klasik-ayakkabilar-c-60003835,3,"Spor, Outdoor > suluklar mataralar > erkek klasik ayakkabilar"
60003843,21005100,erkek sandalet,https://www.hepsiburada.com/erkek-sandalet-c-60003843,3,"Spor, Outdoor > suluklar mataralar > erkek sandalet"
21005289,21005100,etiket stickerlar,https://www.hepsiburada.com/etiket-stickerlar-c-21005289,3,"Spor, Outdoor > suluklar mataralar > etiket stickerlar"
21031602,21005100,fosforlu kalemler,https://www.hepsiburada.com/fosforlu-kalemler-c-21031602,3,"Spor, Outdoor > suluklar mataralar > fosforlu kalemler"
60001412,21005100,guzel yazi defterleri,https://www.hepsiburada.com/guzel-yazi-defterleri-c-60001412,3,"Spor, Outdoor > suluklar mataralar > guzel yazi defterleri"
278416,21005100,ilkogretim cantalari,https://www.hepsiburada.com/ilkogretim-cantalari-c-278416,3,"Spor, Outdoor > suluklar mataralar > ilkogretim cantalari"
15220,21005100,kalem cizim gerecleri,https://www.hepsiburada.com/kalem-cizim-gerecleri-c-15220,3,"Spor, Outdoor > suluklar mataralar > kalem cizim gerecleri"
15089,21005100,kalemlikler,https://www.hepsiburada.com/kalemlikler-c-15089,3,"Spor, Outdoor > suluklar mataralar > kalemlikler"
21005099,21005100,kalemlikler kalem kutulari,https://www.hepsiburada.com/kalemlikler-kalem-kutulari-c-21005099,3,"Spor, Outdoor > suluklar mataralar > kalemlikler kalem kutulari"
21005094,21005100,kalemtraslar,https://www.hepsiburada.com/kalemtraslar-c-21005094,3,"Spor, Outdoor > suluklar mataralar > kalemtraslar"
21005095,21005100,kaplama kagitlari,https://www.hepsiburada.com/kaplama-kagitlari-c-21005095,3,"Spor, Outdoor > suluklar mataralar > kaplama kagitlari"
15085,21005100,keceli boyama kalemleri,https://www.hepsiburada.com/keceli-boyama-kalemleri-c-15085,3,"Spor, Outdoor > suluklar mataralar > keceli boyama kalemleri"
15440,21005100,kuru boyama kalemleri,https://www.hepsiburada.com/kuru-boyama-kalemleri-c-15440,3,"Spor, Outdoor > suluklar mataralar > kuru boyama kalemleri"
273199,21005100,lise universite cantalari,https://www.hepsiburada.com/lise-universite-cantalari-c-273199,3,"Spor, Outdoor > suluklar mataralar > lise universite cantalari"
80455056,21005100,mantar pano pano,https://www.hepsiburada.com/mantar-pano-pano-c-80455056,3,"Spor, Outdoor > suluklar mataralar > mantar pano pano"
80147055,21005100,not defteri,https://www.hepsiburada.com/not-defteri-c-80147055,3,"Spor, Outdoor > suluklar mataralar > not defteri"
60002748,21005100,okul cantasi,https://www.hepsiburada.com/okul-cantasi-c-60002748,3,"Spor, Outdoor > suluklar mataralar > okul cantasi"
15530,21005100,projeksiyon cihazlari,https://www.hepsiburada.com/projeksiyon-cihazlari-c-15530,3,"Spor, Outdoor > suluklar mataralar > projeksiyon cihazlari"
15008,21005100,projeksiyon perdeleri,https://www.hepsiburada.com/projeksiyon-perdeleri-c-15008,3,"Spor, Outdoor > suluklar mataralar > projeksiyon perdeleri"
15459,21005100,spiralli defterler,https://www.hepsiburada.com/spiralli-defterler-c-15459,3,"Spor, Outdoor > suluklar mataralar > spiralli defterler"
60002034,21005100,sunum planlama urunleri,https://www.hepsiburada.com/sunum-planlama-urunleri-c-60002034,3,"Spor, Outdoor > suluklar mataralar > sunum planlama urunleri"
80438128,21005100,tahta kalemi,https://www.hepsiburada.com/tahta-kalemi-c-80438128,3,"Spor, Outdoor > suluklar mataralar > tahta kalemi"
21037855,21005100,tukenmez kalemler,https://www.hepsiburada.com/tukenmez-kalemler-c-21037855,3,"Spor, Outdoor > suluklar mataralar > tukenmez kalemler"
21031169,21005100,versatil kalemler kursun kalem,https://www.hepsiburada.com/versatil-kalemler-kursun-kalem-c-21031169,3,"Spor, Outdoor > suluklar mataralar > versatil kalemler kursun kalem"
1302431,352790,Kamp Kampçılık Malzemeleri,https://www.hepsiburada.com/kamp-kampcilik-malzemeleri-c-1302431,3,"Spor, Outdoor > uyku tulumlari > Kamp Kampçılık Malzemeleri"
22007826,352790,outdoor doga sporlari,https://www.hepsiburada.com/outdoor-doga-sporlari-c-22007826,3,"Spor, Outdoor > uyku tulumlari > outdoor doga sporlari"
353045,27061482,Fitness Kondisyon Ürünleri,https://www.hepsiburada.com/fitness-kondisyon-urunleri-c-353045,3,"Spor, Outdoor > yoga egzersiz pilates minderleri > Fitness Kondisyon Ürünleri"
60004554,27047262,erkek yuruyus kosu urunleri,https://www.hepsiburada.com/erkek-yuruyus-kosu-urunleri-c-60004554,3,"Spor, Outdoor > yuruyus kosu ayakkabilari > erkek yuruyus kosu urunleri"
19007,19043,Yüzme Ürünleri,https://www.hepsiburada.com/yuzme-urunleri-c-19007,3,"Spor, Outdoor > yuzucu gozlukleri > Yüzme Ürünleri"
22003835,22004232,Dalış Malzemeleri,https://www.hepsiburada.com/dalis-malzemeleri-c-22003835,3,"Spor, Outdoor > zipkinlar zipkin uclari > Dalış Malzemeleri"
80365085,80296002,Günlük Ped,https://www.hepsiburada.com/gunluk-ped-c-80365085,3,"Supermarket, Pet Shop > Hijyenik Pedler > Günlük Ped"
80365084,80296002,Ultra Hijyenik Ped,https://www.hepsiburada.com/ultra-hijyenik-ped-c-80365084,3,"Supermarket, Pet Shop > Hijyenik Pedler > Ultra Hijyenik Ped"
28001550,28001547,Kağıt Mendil,https://www.hepsiburada.com/kagit-mendiller-c-28001550,3,"Supermarket, Pet Shop > Kağıt Ürünleri > Kağıt Mendil"
80412021,28001547,Klozet Örtüsü,https://www.hepsiburada.com/klozet-ortusu-c-80412021,3,"Supermarket, Pet Shop > Kağıt Ürünleri > Klozet Örtüsü"
28001551,28001547,Peçete,https://www.hepsiburada.com/kagit-peceteler-c-28001551,3,"Supermarket, Pet Shop > Kağıt Ürünleri > Peçete"
60002056,60001496,Gıda Ürünleri,https://www.hepsiburada.com/ofis-gida-urunleri-c-60002056,3,"Supermarket, Pet Shop > Ofis Tüketim Malzemeleri > Gıda Ürünleri"
60001497,60001496,Kağıt Ürünleri,https://www.hepsiburada.com/ofis-kagit-urunleri-c-60001497,3,"Supermarket, Pet Shop > Ofis Tüketim Malzemeleri > Kağıt Ürünleri"
60001500,60001496,Ofis Sarf Malzemeleri,https://www.hepsiburada.com/ofis-sarf-malzemeleri-c-60001500,3,"Supermarket, Pet Shop > Ofis Tüketim Malzemeleri > Ofis Sarf Malzemeleri"
60001498,60001496,Temizlik Ürünleri,https://www.hepsiburada.com/temizlik-urunleri-c-60001498,3,"Supermarket, Pet Shop > Ofis Tüketim Malzemeleri > Temizlik Ürünleri"
60003418,60001496,İçecek Ürünleri,https://www.hepsiburada.com/ofis-icecek-urunleri-c-60003418,3,"Supermarket, Pet Shop > Ofis Tüketim Malzemeleri > İçecek Ürünleri"
80412072,80365054,acuka kahvaltilik sos,https://www.hepsiburada.com/acuka-kahvaltilik-sos-c-80412072,3,"Supermarket, Pet Shop > aci sos > acuka kahvaltilik sos"
23020713,60001048,Alt Açma Minderi,https://www.hepsiburada.com/bebek-alt-acma-setleri-c-23020713,3,"Supermarket, Pet Shop > bebek bezi > Alt Açma Minderi"
60001049,60001048,Bebek Bezi,https://www.hepsiburada.com/bebek-bezleri-c-60001049,3,"Supermarket, Pet Shop > bebek bezi > Bebek Bezi"
60003986,60001048,Bebek Temizlik ve Bakım,https://www.hepsiburada.com/bebek-temizlik-bakim-urunleri-c-60003986,3,"Supermarket, Pet Shop > bebek bezi > Bebek Temizlik ve Bakım"
60001051,60001048,Islak Temizleme Mendili,https://www.hepsiburada.com/islak-temizleme-mendilleri-c-60001051,3,"Supermarket, Pet Shop > bebek bezi > Islak Temizleme Mendili"
80412000,60001048,Mayo Bebek Bezi,https://www.hepsiburada.com/mayo-bebek-bezi-c-80412000,3,"Supermarket, Pet Shop > bebek bezi > Mayo Bebek Bezi"
28001481,80015000,Salçalar,https://www.hepsiburada.com/salcalar-c-28001481,3,"Supermarket, Pet Shop > biber salcasi > Salçalar"
28001480,80015000,konserveler,https://www.hepsiburada.com/konserveler-c-28001480,3,"Supermarket, Pet Shop > biber salcasi > konserveler"
28003010,80015000,tursular,https://www.hepsiburada.com/tursular-c-28003010,3,"Supermarket, Pet Shop > biber salcasi > tursular"
28002776,60001088,yumusaticilar,https://www.hepsiburada.com/yumusaticilar-c-28002776,3,"Supermarket, Pet Shop > camasir makinasi sivi deterjanlari > yumusaticilar"
80364057,28002240,Makine Deterjanı,https://www.hepsiburada.com/makine-deterjani-c-80364057,3,"Supermarket, Pet Shop > camasir makinasi toz deterjanlari > Makine Deterjanı"
28001941,28001525,Bulaşık Deterjanları,https://www.hepsiburada.com/bulasik-yikama-urunleri-c-28001941,3,"Supermarket, Pet Shop > deterjan temizlik urunleri > Bulaşık Deterjanları"
28002071,28001525,Genel Temizlik,https://www.hepsiburada.com/genel-temizlik-urunleri-c-28002071,3,"Supermarket, Pet Shop > deterjan temizlik urunleri > Genel Temizlik"
28002798,28001525,Temizlik Eldiveni,https://www.hepsiburada.com/temizlik-eldivenleri-c-28002798,3,"Supermarket, Pet Shop > deterjan temizlik urunleri > Temizlik Eldiveni"
28002739,28001525,Temizlik Gereçleri,https://www.hepsiburada.com/ev-temizlik-gerecleri-c-28002739,3,"Supermarket, Pet Shop > deterjan temizlik urunleri > Temizlik Gereçleri"
28001529,28001525,Çamaşır Deterjanları,https://www.hepsiburada.com/camasir-yikama-urunleri-c-28001529,3,"Supermarket, Pet Shop > deterjan temizlik urunleri > Çamaşır Deterjanları"
60006947,28001469,Glutensiz Ürünler,https://www.hepsiburada.com/glutensiz-urunler-c-60006947,3,"Supermarket, Pet Shop > gida urunleri > Glutensiz Ürünler"
28002972,28001469,Gurme Ürünler,https://www.hepsiburada.com/gurme-urunler-c-28002972,3,"Supermarket, Pet Shop > gida urunleri > Gurme Ürünler"
80493040,28001469,Gıda Paketleri,https://www.hepsiburada.com/gida-paketleri-c-80493040,3,"Supermarket, Pet Shop > gida urunleri > Gıda Paketleri"
80365057,28001469,"Hazır Yemek, Konserve",https://www.hepsiburada.com/hazir-yemek-konserve-c-80365057,3,"Supermarket, Pet Shop > gida urunleri > Hazır Yemek, Konserve"
28001990,28001469,Hediyelik Çikolata,https://www.hepsiburada.com/hediyelik-cikolatalar-c-28001990,3,"Supermarket, Pet Shop > gida urunleri > Hediyelik Çikolata"
28001474,28001469,Kahvaltılık,https://www.hepsiburada.com/kahvaltilik-urunler-c-28001474,3,"Supermarket, Pet Shop > gida urunleri > Kahvaltılık"
80471017,28001469,Katkı Maddeleri,https://www.hepsiburada.com/katki-maddeleri-c-80471017,3,"Supermarket, Pet Shop > gida urunleri > Katkı Maddeleri"
28001470,28001469,Kuru Gıda,https://www.hepsiburada.com/kuru-gida-urunleri-c-28001470,3,"Supermarket, Pet Shop > gida urunleri > Kuru Gıda"
28001473,28001469,Kuruyemiş,https://www.hepsiburada.com/kuruyemisler-c-28001473,3,"Supermarket, Pet Shop > gida urunleri > Kuruyemiş"
60005576,28001469,Manav,https://www.hepsiburada.com/manav-c-60005576,3,"Supermarket, Pet Shop > gida urunleri > Manav"
80365058,28001469,"Unlu Mamül, Pasta",https://www.hepsiburada.com/unlu-mamul-pasta-c-80365058,3,"Supermarket, Pet Shop > gida urunleri > Unlu Mamül, Pasta"
80365051,28001469,Yemek Sosları,https://www.hepsiburada.com/sos-surup-c-80365051,3,"Supermarket, Pet Shop > gida urunleri > Yemek Sosları"
28001472,28001469,atistirmaliklar,https://www.hepsiburada.com/atistirmaliklar-c-28001472,3,"Supermarket, Pet Shop > gida urunleri > atistirmaliklar"
60001330,28001469,sivi yaglar,https://www.hepsiburada.com/sivi-yaglar-c-60001330,3,"Supermarket, Pet Shop > gida urunleri > sivi yaglar"
60006440,28001469,yumurta,https://www.hepsiburada.com/yumurta-c-60006440,3,"Supermarket, Pet Shop > gida urunleri > yumurta"
60005577,28001469,Şarküteri,https://www.hepsiburada.com/sarkuteri-c-60005577,3,"Supermarket, Pet Shop > gida urunleri > Şarküteri"
80746007,80746000,Bone,https://www.hepsiburada.com/bone-c-80746007,3,"Supermarket, Pet Shop > hijyen urunleri > Bone"
80746005,80746000,Eldiven,https://www.hepsiburada.com/eldiven-c-80746005,3,"Supermarket, Pet Shop > hijyen urunleri > Eldiven"
80746004,80746000,Galoş,https://www.hepsiburada.com/galos-c-80746004,3,"Supermarket, Pet Shop > hijyen urunleri > Galoş"
80746001,80746000,Hijyen Aparatları,https://www.hepsiburada.com/hijyen-aparatlari-c-80746001,3,"Supermarket, Pet Shop > hijyen urunleri > Hijyen Aparatları"
80746002,80746000,Maske,https://www.hepsiburada.com/maske-c-80746002,3,"Supermarket, Pet Shop > hijyen urunleri > Maske"
80746003,80746000,Yatak Koruyucu,https://www.hepsiburada.com/yatak-koruyucu-c-80746003,3,"Supermarket, Pet Shop > hijyen urunleri > Yatak Koruyucu"
80746006,80746000,Önlük,https://www.hepsiburada.com/onluk-c-80746006,3,"Supermarket, Pet Shop > hijyen urunleri > Önlük"
28002163,28001517,Gazlı İçecek,https://www.hepsiburada.com/gazli-icecekler-c-28002163,3,"Supermarket, Pet Shop > icecek urunleri > Gazlı İçecek"
60000261,28001517,Gazsız İçecek,https://www.hepsiburada.com/gazsiz-icecek-c-60000261,3,"Supermarket, Pet Shop > icecek urunleri > Gazsız İçecek"
28001486,28001517,Kahve,https://www.hepsiburada.com/kahveler-c-28001486,3,"Supermarket, Pet Shop > icecek urunleri > Kahve"
28001491,28001517,hazir kahveler,https://www.hepsiburada.com/hazir-kahveler-c-28001491,3,"Supermarket, Pet Shop > icecek urunleri > hazir kahveler"
28001519,28001517,meyve sulari,https://www.hepsiburada.com/meyve-sulari-c-28001519,3,"Supermarket, Pet Shop > icecek urunleri > meyve sulari"
28001523,28001517,su,https://www.hepsiburada.com/su-c-28001523,3,"Supermarket, Pet Shop > icecek urunleri > su"
60001346,28001517,Çay,https://www.hepsiburada.com/caylar-c-60001346,3,"Supermarket, Pet Shop > icecek urunleri > Çay"
80365052,28001517,İçecek Şurubu,https://www.hepsiburada.com/yemek-surup-c-80365052,3,"Supermarket, Pet Shop > icecek urunleri > İçecek Şurubu"
22020,60006235,meyve sikacaklari,https://www.hepsiburada.com/meyve-sikacaklari-c-22020,3,"Supermarket, Pet Shop > meyveler > meyve sikacaklari"
80521008,60001205,Alışveriş Torbası,https://www.hepsiburada.com/alisveris-torbasi-c-80521008,3,"Supermarket, Pet Shop > mutfak sarf malzemeleri > Alışveriş Torbası"
80857015,60001205,Gıda Vakum Torbası,https://www.hepsiburada.com/gida-vakum-torbasi-c-80857015,3,"Supermarket, Pet Shop > mutfak sarf malzemeleri > Gıda Vakum Torbası"
60002933,60001205,Kullan At Ürünler,https://www.hepsiburada.com/plastik-mutfak-malzemeleri-c-60002933,3,"Supermarket, Pet Shop > mutfak sarf malzemeleri > Kullan At Ürünler"
80523016,60001205,Kuruyemiş Torbası,https://www.hepsiburada.com/kuruyemis-torbasi-c-80523016,3,"Supermarket, Pet Shop > mutfak sarf malzemeleri > Kuruyemiş Torbası"
60002318,60001205,Pişirme Kağıdı,https://www.hepsiburada.com/pisirme-kagitlari-c-60002318,3,"Supermarket, Pet Shop > mutfak sarf malzemeleri > Pişirme Kağıdı"
60002316,60001205,Çöp Torbası,https://www.hepsiburada.com/cop-torbalari-c-60002316,3,"Supermarket, Pet Shop > mutfak sarf malzemeleri > Çöp Torbası"
80330139,60002935,kavanoz,https://www.hepsiburada.com/kavanoz-c-80330139,3,"Supermarket, Pet Shop > salgam sulari > kavanoz"
177775,10007302,Animasyon / Canlandırma,https://www.hepsiburada.com/animasyon-filmleri-c-177775,4,"Kitap, Muzik, Film, Hobi > Film > Animasyon / Çizgi Film > Animasyon / Canlandırma"
11008,10007302,Çizgi Film,https://www.hepsiburada.com/cizgi-filmler-c-11008,4,"Kitap, Muzik, Film, Hobi > Film > Animasyon / Çizgi Film > Çizgi Film"
11010,10007302,Çocuk Filmleri,https://www.hepsiburada.com/cocuk-filmleri-c-11010,4,"Kitap, Muzik, Film, Hobi > Film > Animasyon / Çizgi Film > Çocuk Filmleri"
10007303,177407,Bilim Belgeselleri,https://www.hepsiburada.com/bilim-belgeselleri-c-10007303,4,"Kitap, Muzik, Film, Hobi > Film > Belgesel > Bilim Belgeselleri"
177410,177407,Dini Belgeseller,https://www.hepsiburada.com/dini-belgeseller-c-177410,4,"Kitap, Muzik, Film, Hobi > Film > Belgesel > Dini Belgeseller"
177415,177407,Discovery Channel,https://www.hepsiburada.com/discovery-channel-belgeselleri-c-177415,4,"Kitap, Muzik, Film, Hobi > Film > Belgesel > Discovery Channel"
181529,177407,Doğa Belgeselleri,https://www.hepsiburada.com/doga-belgeselleri-c-181529,4,"Kitap, Muzik, Film, Hobi > Film > Belgesel > Doğa Belgeselleri"
177421,177407,Filmografi Belgeselleri,https://www.hepsiburada.com/filmografi-belgeselleri-c-177421,4,"Kitap, Muzik, Film, Hobi > Film > Belgesel > Filmografi Belgeselleri"
177412,177407,Gezi Belgeselleri,https://www.hepsiburada.com/gezi-belgeselleri-c-177412,4,"Kitap, Muzik, Film, Hobi > Film > Belgesel > Gezi Belgeselleri"
10007294,177407,Kültür / Sanat Belgeselleri,https://www.hepsiburada.com/kultur-sanat-belgesel-filmleri-c-10007294,4,"Kitap, Muzik, Film, Hobi > Film > Belgesel > Kültür / Sanat Belgeselleri"
178123,177407,Kültür ve Sanat,https://www.hepsiburada.com/kultur-sanat-belgeselleri-c-178123,4,"Kitap, Muzik, Film, Hobi > Film > Belgesel > Kültür ve Sanat"
177416,177407,National Geographic,https://www.hepsiburada.com/national-geographic-belgeselleri-c-177416,4,"Kitap, Muzik, Film, Hobi > Film > Belgesel > National Geographic"
10007300,177407,Vahşi Yaşam / Yeryüzü Belgeselleri,https://www.hepsiburada.com/vahsi-yasam-yeryuzu-belgesel-filmleri-c-10007300,4,"Kitap, Muzik, Film, Hobi > Film > Belgesel > Vahşi Yaşam / Yeryüzü Belgeselleri"
177420,177407,Yaşam Öyküleri,https://www.hepsiburada.com/yasam-oykusu-belgeselleri-c-177420,4,"Kitap, Muzik, Film, Hobi > Film > Belgesel > Yaşam Öyküleri"
10007304,177407,İnsan / Genetik Belgeselleri,https://www.hepsiburada.com/insan-genetik-belgeselleri-c-10007304,4,"Kitap, Muzik, Film, Hobi > Film > Belgesel > İnsan / Genetik Belgeselleri"
186049,176839,Anne ve Çocuk Sağlığı,https://www.hepsiburada.com/anne-cocuk-sagligi-filmleri-c-186049,4,"Kitap, Muzik, Film, Hobi > Film > Eğitim / Sağlık > Anne ve Çocuk Sağlığı"
186052,176839,Bebek ve Çocuk Eğitimi,https://www.hepsiburada.com/bebek-cocuk-egitim-dvd-setleri-c-186052,4,"Kitap, Muzik, Film, Hobi > Film > Eğitim / Sağlık > Bebek ve Çocuk Eğitimi"
186050,176839,Bilgisayar Eğitimleri,https://www.hepsiburada.com/bilgisayar-egitim-setleri-goruntulu-c-186050,4,"Kitap, Muzik, Film, Hobi > Film > Eğitim / Sağlık > Bilgisayar Eğitimleri"
186924,176839,Cilt Bakımı ve Güzellik,https://www.hepsiburada.com/cilt-bakimi-guzellik-dvd-setleri-c-186924,4,"Kitap, Muzik, Film, Hobi > Film > Eğitim / Sağlık > Cilt Bakımı ve Güzellik"
186051,176839,Dans Eğitimleri,https://www.hepsiburada.com/dans-egitimleri-cd-dvd-c-186051,4,"Kitap, Muzik, Film, Hobi > Film > Eğitim / Sağlık > Dans Eğitimleri"
10005805,176839,Ders Eğitimi,https://www.hepsiburada.com/ders-egitimi-dvd-setleri-c-10005805,4,"Kitap, Muzik, Film, Hobi > Film > Eğitim / Sağlık > Ders Eğitimi"
186048,176839,Dil Eğitimi,https://www.hepsiburada.com/goruntulu-dil-egitim-setleri-c-186048,4,"Kitap, Muzik, Film, Hobi > Film > Eğitim / Sağlık > Dil Eğitimi"
186047,176839,Genel Sağlık,https://www.hepsiburada.com/genel-saglik-filmleri-c-186047,4,"Kitap, Muzik, Film, Hobi > Film > Eğitim / Sağlık > Genel Sağlık"
178013,176839,Hobi,https://www.hepsiburada.com/hobi-filmleri-c-178013,4,"Kitap, Muzik, Film, Hobi > Film > Eğitim / Sağlık > Hobi"
10006664,10005596,3D Gözlükler,https://www.hepsiburada.com/3d-gozlukler-c-10006664,4,"Kitap, Muzik, Film, Hobi > Film > Film Figür / Aksesuarları > 3D Gözlükler"
10005377,10005596,Action Figure,https://www.hepsiburada.com/action-figure-aksesuarlari-c-10005377,4,"Kitap, Muzik, Film, Hobi > Film > Film Figür / Aksesuarları > Action Figure"
10005378,10005596,Bust - Mini Büst,https://www.hepsiburada.com/bust-mini-bust-aksesuarlari-c-10005378,4,"Kitap, Muzik, Film, Hobi > Film > Film Figür / Aksesuarları > Bust - Mini Büst"
10005612,10005596,DVD/VCD Koruyucu Aksesuarları,https://www.hepsiburada.com/dvd-vcd-koruyucu-aksesuarlari-c-10005612,4,"Kitap, Muzik, Film, Hobi > Film > Film Figür / Aksesuarları > DVD/VCD Koruyucu Aksesuarları"
10005414,10005596,Replica,https://www.hepsiburada.com/replica-figurleri-c-10005414,4,"Kitap, Muzik, Film, Hobi > Film > Film Figür / Aksesuarları > Replica"
10005379,10005596,Statue - Heykel,https://www.hepsiburada.com/statue-heykel-figurleri-c-10005379,4,"Kitap, Muzik, Film, Hobi > Film > Film Figür / Aksesuarları > Statue - Heykel"
11017,10007318,Gösteri Sanatları,https://www.hepsiburada.com/gosteri-sanatlari-c-11017,4,"Kitap, Muzik, Film, Hobi > Film > Müzik / Sahne > Gösteri Sanatları"
10007320,10007318,Yabancı,https://www.hepsiburada.com/yabanci-muzik-sahneleri-c-10007320,4,"Kitap, Muzik, Film, Hobi > Film > Müzik / Sahne > Yabancı"
10007319,10007318,Yerli,https://www.hepsiburada.com/yerli-muzik-sahneleri-c-10007319,4,"Kitap, Muzik, Film, Hobi > Film > Müzik / Sahne > Yerli"
60002760,10007953,Doğa Posterleri,https://www.hepsiburada.com/doga-posterleri-c-60002760,4,"Kitap, Muzik, Film, Hobi > Film > Poster > Doğa Posterleri"
60002761,10007953,Film Posterleri,https://www.hepsiburada.com/film-posterleri-c-60002761,4,"Kitap, Muzik, Film, Hobi > Film > Poster > Film Posterleri"
60002762,10007953,Mizah ve Genel,https://www.hepsiburada.com/mizah-genel-posterler-c-60002762,4,"Kitap, Muzik, Film, Hobi > Film > Poster > Mizah ve Genel"
60002763,10007953,Müzik Posterleri,https://www.hepsiburada.com/muzik-posterleri-c-60002763,4,"Kitap, Muzik, Film, Hobi > Film > Poster > Müzik Posterleri"
60002759,10007953,Spor Posterleri,https://www.hepsiburada.com/spor-posterleri-c-60002759,4,"Kitap, Muzik, Film, Hobi > Film > Poster > Spor Posterleri"
186002,177278,Aerobic / Fitness,https://www.hepsiburada.com/aerobic-fitness-dvd-setleri-c-186002,4,"Kitap, Muzik, Film, Hobi > Film > Spor / Yoga / Hobi > Aerobic / Fitness"
186000,177278,Pilates Filmleri,https://www.hepsiburada.com/pilates-filmleri-c-186000,4,"Kitap, Muzik, Film, Hobi > Film > Spor / Yoga / Hobi > Pilates Filmleri"
185999,177278,Yoga,https://www.hepsiburada.com/yoga-dvd-filmleri-c-185999,4,"Kitap, Muzik, Film, Hobi > Film > Spor / Yoga / Hobi > Yoga"
11002,10007286,Aksiyon / Macera,https://www.hepsiburada.com/yabanci-aksiyon-macera-filmleri-c-11002,4,"Kitap, Muzik, Film, Hobi > Film > Yabancı Film > Aksiyon / Macera"
11004,10007286,Drama / Duygusal,https://www.hepsiburada.com/yabanci-dram-duygusal-filmleri-c-11004,4,"Kitap, Muzik, Film, Hobi > Film > Yabancı Film > Drama / Duygusal"
11003,10007286,Fantastik / Bilim Kurgu,https://www.hepsiburada.com/yabanci-fantastik-bilim-kurgu-filmleri-c-11003,4,"Kitap, Muzik, Film, Hobi > Film > Yabancı Film > Fantastik / Bilim Kurgu"
172993,10007286,Gençlik,https://www.hepsiburada.com/yabanci-genclik-filmleri-c-172993,4,"Kitap, Muzik, Film, Hobi > Film > Yabancı Film > Gençlik"
11011,10007286,Klasikler,https://www.hepsiburada.com/yabanci-klasik-filmler-c-11011,4,"Kitap, Muzik, Film, Hobi > Film > Yabancı Film > Klasikler"
11005,10007286,Komedi,https://www.hepsiburada.com/yabanci-komedi-filmleri-c-11005,4,"Kitap, Muzik, Film, Hobi > Film > Yabancı Film > Komedi"
11006,10007286,Korku / Gerilim,https://www.hepsiburada.com/yabanci-korku-gerilim-filmleri-c-11006,4,"Kitap, Muzik, Film, Hobi > Film > Yabancı Film > Korku / Gerilim"
177297,10007286,Playboy,https://www.hepsiburada.com/playboy-filmleri-c-177297,4,"Kitap, Muzik, Film, Hobi > Film > Yabancı Film > Playboy"
179928,10007286,Savaş & Askeri,https://www.hepsiburada.com/yabanci-savas-askeri-filmleri-c-179928,4,"Kitap, Muzik, Film, Hobi > Film > Yabancı Film > Savaş & Askeri"
11015,10007286,Western,https://www.hepsiburada.com/western-filmleri-c-11015,4,"Kitap, Muzik, Film, Hobi > Film > Yabancı Film > Western"
177281,10007286,Yabancı Diziler,https://www.hepsiburada.com/yabanci-diziler-c-177281,4,"Kitap, Muzik, Film, Hobi > Film > Yabancı Film > Yabancı Diziler"
177299,10007286,Yabancı Erotik,https://www.hepsiburada.com/yabanci-erotik-filmler-c-177299,4,"Kitap, Muzik, Film, Hobi > Film > Yabancı Film > Yabancı Erotik"
174710,10007286,Özel Setler,https://www.hepsiburada.com/ozel-yabanci-film-setleri-c-174710,4,"Kitap, Muzik, Film, Hobi > Film > Yabancı Film > Özel Setler"
10007291,178174,Aksiyon / Macera,https://www.hepsiburada.com/yerli-aksiyon-macera-filmleri-c-10007291,4,"Kitap, Muzik, Film, Hobi > Film > Yerli Film > Aksiyon / Macera"
10007287,178174,Drama / Duygusal,https://www.hepsiburada.com/yerli-drama-duygusal-filmleri-c-10007287,4,"Kitap, Muzik, Film, Hobi > Film > Yerli Film > Drama / Duygusal"
178180,178174,Eski Türk Sinema Filmleri,https://www.hepsiburada.com/eski-turk-sinema-filmleri-c-178180,4,"Kitap, Muzik, Film, Hobi > Film > Yerli Film > Eski Türk Sinema Filmleri"
10007288,178174,Gençlik,https://www.hepsiburada.com/yerli-genclik-filmleri-c-10007288,4,"Kitap, Muzik, Film, Hobi > Film > Yerli Film > Gençlik"
10007289,178174,Komedi,https://www.hepsiburada.com/yerli-komedi-filmleri-c-10007289,4,"Kitap, Muzik, Film, Hobi > Film > Yerli Film > Komedi"
10007290,178174,Korku / Gerilim,https://www.hepsiburada.com/yerli-korku-gerilim-filmleri-c-10007290,4,"Kitap, Muzik, Film, Hobi > Film > Yerli Film > Korku / Gerilim"
177280,178174,Yerli Diziler,https://www.hepsiburada.com/yerli-diziler-c-177280,4,"Kitap, Muzik, Film, Hobi > Film > Yerli Film > Yerli Diziler"
177298,178174,Yerli Erotik,https://www.hepsiburada.com/yerli-erotik-filmler-c-177298,4,"Kitap, Muzik, Film, Hobi > Film > Yerli Film > Yerli Erotik"
10007292,178174,Özel Setler,https://www.hepsiburada.com/ozel-yerli-film-setleri-c-10007292,4,"Kitap, Muzik, Film, Hobi > Film > Yerli Film > Özel Setler"
60002524,2147483641,Konsept Hediyelikler,https://www.hepsiburada.com/muzikal-hediyelikler-c-60002524,4,"Kitap, Muzik, Film, Hobi > Müzik & Müzik Aletleri > Konsept Hediyelikler"
405158,2147483641,Kulaklıklar,https://www.hepsiburada.com/kulakliklar-c-405158,4,"Kitap, Muzik, Film, Hobi > Müzik & Müzik Aletleri > Kulaklıklar"
1500000,213021,Açıköğretim Kitapları ve Setleri,https://www.hepsiburada.com/acikogretim-kitaplari-setleri-c-1500000,4,"Kitap, Muzik, Film, Hobi > ales kitaplari > Ders Sınav Kitapları > Açıköğretim Kitapları ve Setleri"
1514639,213021,Eğitim Setleri,https://www.hepsiburada.com/egitim-setleri-kitaplari-c-1514639,4,"Kitap, Muzik, Film, Hobi > ales kitaplari > Ders Sınav Kitapları > Eğitim Setleri"
1506725,213021,Eğitim Yönetimi,https://www.hepsiburada.com/egitim-yonetimi-kitaplari-c-1506725,4,"Kitap, Muzik, Film, Hobi > ales kitaplari > Ders Sınav Kitapları > Eğitim Yönetimi"
1506580,213021,Görevde Yükselme Sınavları Kitapları,https://www.hepsiburada.com/gorevde-yukselme-sinavlari-kitaplari-c-1506580,4,"Kitap, Muzik, Film, Hobi > ales kitaplari > Ders Sınav Kitapları > Görevde Yükselme Sınavları Kitapları"
234461,213021,SBS,https://www.hepsiburada.com/sbs-kitaplari-c-234461,4,"Kitap, Muzik, Film, Hobi > ales kitaplari > Ders Sınav Kitapları > SBS"
1515166,213021,SPK,https://www.hepsiburada.com/spk-kitaplari-c-1515166,4,"Kitap, Muzik, Film, Hobi > ales kitaplari > Ders Sınav Kitapları > SPK"
80168002,213021,TEOG Kitapları,https://www.hepsiburada.com/teog-kitaplari-c-80168002,4,"Kitap, Muzik, Film, Hobi > ales kitaplari > Ders Sınav Kitapları > TEOG Kitapları"
80298195,213021,TYT & AYT,https://www.hepsiburada.com/yks-c-80298195,4,"Kitap, Muzik, Film, Hobi > ales kitaplari > Ders Sınav Kitapları > TYT & AYT"
1518794,213021,YGS ve LYS Kitapları,https://www.hepsiburada.com/ygs-lys-kitaplari-c-1518794,4,"Kitap, Muzik, Film, Hobi > ales kitaplari > Ders Sınav Kitapları > YGS ve LYS Kitapları"
232178,213021,Yaprak Testler,https://www.hepsiburada.com/yaprak-testler-kitaplari-c-232178,4,"Kitap, Muzik, Film, Hobi > ales kitaplari > Ders Sınav Kitapları > Yaprak Testler"
234460,213021,Öss,https://www.hepsiburada.com/oss-kitaplari-c-234460,4,"Kitap, Muzik, Film, Hobi > ales kitaplari > Ders Sınav Kitapları > Öss"
60003640,234456,Eğitim Bilimleri,https://www.hepsiburada.com/kpss-egitim-bilimleri-kitaplari-c-60003640,4,"Kitap, Muzik, Film, Hobi > ales kitaplari > kpss kitaplari > Eğitim Bilimleri"
60003642,234456,KPSS A Grubu,https://www.hepsiburada.com/kpss-a-grubu-kitaplari-c-60003642,4,"Kitap, Muzik, Film, Hobi > ales kitaplari > kpss kitaplari > KPSS A Grubu"
60003641,234456,Lise - Önlisans,https://www.hepsiburada.com/kpss-lise-onlisans-kitaplari-c-60003641,4,"Kitap, Muzik, Film, Hobi > ales kitaplari > kpss kitaplari > Lise - Önlisans"
411141,411139,Akustik Gitar Telleri,https://www.hepsiburada.com/akustik-gitar-telleri-c-411141,4,"Kitap, Muzik, Film, Hobi > baglama telleri > Enstrüman Telleri > Akustik Gitar Telleri"
411143,411139,Bass Gitar Telleri,https://www.hepsiburada.com/bass-gitar-telleri-c-411143,4,"Kitap, Muzik, Film, Hobi > baglama telleri > Enstrüman Telleri > Bass Gitar Telleri"
411140,411139,Elektro Gitar Telleri,https://www.hepsiburada.com/elektro-gitar-telleri-c-411140,4,"Kitap, Muzik, Film, Hobi > baglama telleri > Enstrüman Telleri > Elektro Gitar Telleri"
19019419,411139,Keman Teli,https://www.hepsiburada.com/keman-telleri-c-19019419,4,"Kitap, Muzik, Film, Hobi > baglama telleri > Enstrüman Telleri > Keman Teli"
411142,411139,Klasik Gitar Telleri,https://www.hepsiburada.com/klasik-gitar-telleri-c-411142,4,"Kitap, Muzik, Film, Hobi > baglama telleri > Enstrüman Telleri > Klasik Gitar Telleri"
19017092,411139,Kontrabas Teli,https://www.hepsiburada.com/kontrabas-telleri-c-19017092,4,"Kitap, Muzik, Film, Hobi > baglama telleri > Enstrüman Telleri > Kontrabas Teli"
411148,411139,Ud Telleri,https://www.hepsiburada.com/ud-telleri-c-411148,4,"Kitap, Muzik, Film, Hobi > baglama telleri > Enstrüman Telleri > Ud Telleri"
411149,411139,Violonsel Teli,https://www.hepsiburada.com/violonsel-telleri-c-411149,4,"Kitap, Muzik, Film, Hobi > baglama telleri > Enstrüman Telleri > Violonsel Teli"
411975,60001365,Kanun,https://www.hepsiburada.com/kanun-c-411975,4,"Kitap, Muzik, Film, Hobi > baglamalar > Telli Çalgılar > Kanun"
60005427,60001365,Ukulele,https://www.hepsiburada.com/ukuleleler-c-60005427,4,"Kitap, Muzik, Film, Hobi > baglamalar > Telli Çalgılar > Ukulele"
80530107,80530104,Efekt Işık,https://www.hepsiburada.com/efekt-isik-c-80530107,4,"Kitap, Muzik, Film, Hobi > balon makinesi > Sahne Işıklandırma, Şov > Efekt Işık"
80530108,80530104,Işık Kontrol,https://www.hepsiburada.com/isik-kontrol-c-80530108,4,"Kitap, Muzik, Film, Hobi > balon makinesi > Sahne Işıklandırma, Şov > Işık Kontrol"
410539,80530104,Işık Sistemleri,https://www.hepsiburada.com/isik-sistemleri-c-410539,4,"Kitap, Muzik, Film, Hobi > balon makinesi > Sahne Işıklandırma, Şov > Işık Sistemleri"
80530113,80530104,Moving Head,https://www.hepsiburada.com/moving-head-c-80530113,4,"Kitap, Muzik, Film, Hobi > balon makinesi > Sahne Işıklandırma, Şov > Moving Head"
408500,80530104,Parti Ürünleri,https://www.hepsiburada.com/parti-urunleri-c-408500,4,"Kitap, Muzik, Film, Hobi > balon makinesi > Sahne Işıklandırma, Şov > Parti Ürünleri"
10751,60000822,Türk Sanatçılar,https://www.hepsiburada.com/turk-sanatci-albumleri-c-10751,4,"Kitap, Muzik, Film, Hobi > cocuk kitaplari > muzik albumleri > Türk Sanatçılar"
10770,60000822,Yabancı Sanatçılar,https://www.hepsiburada.com/yabanci-sanatcilar-c-10770,4,"Kitap, Muzik, Film, Hobi > cocuk kitaplari > muzik albumleri > Yabancı Sanatçılar"
411206,400250,Bateri,https://www.hepsiburada.com/bateriler-c-411206,4,"Kitap, Muzik, Film, Hobi > defler > Vurmali Çalgılar > Bateri"
411150,400250,Perküsyon,https://www.hepsiburada.com/perkusyonlar-c-411150,4,"Kitap, Muzik, Film, Hobi > defler > Vurmali Çalgılar > Perküsyon"
2147483634,400250,hediye,https://www.hepsiburada.com/hediye-c-2147483634,4,"Kitap, Muzik, Film, Hobi > defler > Vurmali Çalgılar > hediye"
60001737,60001735,Aile Hayatı & Evlilik,https://www.hepsiburada.com/aile-hayati-kitaplari-c-60001737,4,"Kitap, Muzik, Film, Hobi > kitaplar > Aile & Çocuk Bakımı > Aile Hayatı & Evlilik"
1501608,60001735,Aile Sağlığı,https://www.hepsiburada.com/aile-sagligi-kitaplari-c-1501608,4,"Kitap, Muzik, Film, Hobi > kitaplar > Aile & Çocuk Bakımı > Aile Sağlığı"
60001736,60001735,Anne - Baba Kitaplığı,https://www.hepsiburada.com/anne-baba-icin-kitaplar-c-60001736,4,"Kitap, Muzik, Film, Hobi > kitaplar > Aile & Çocuk Bakımı > Anne - Baba Kitaplığı"
80690018,60001735,Bebek Bakımı,https://www.hepsiburada.com/bebek-bakimi-c-80690018,4,"Kitap, Muzik, Film, Hobi > kitaplar > Aile & Çocuk Bakımı > Bebek Bakımı"
80181017,60001735,Hamilelik,https://www.hepsiburada.com/hamilelik-kitaplari-c-80181017,4,"Kitap, Muzik, Film, Hobi > kitaplar > Aile & Çocuk Bakımı > Hamilelik"
9935,60001735,Çocuk Bakımı & Ebeveynlik,https://www.hepsiburada.com/cocuk-bakimi-kitaplari-c-9935,4,"Kitap, Muzik, Film, Hobi > kitaplar > Aile & Çocuk Bakımı > Çocuk Bakımı & Ebeveynlik"
211846,15033031,Bilim - Teknik - Mühendislik,https://www.hepsiburada.com/bilim-teknik-muhendislik-kitaplari-c-211846,4,"Kitap, Muzik, Film, Hobi > kitaplar > Akademik > Bilim - Teknik - Mühendislik"
15033032,15033031,Edebiyat,https://www.hepsiburada.com/akademik-edebiyat-kitaplari-c-15033032,4,"Kitap, Muzik, Film, Hobi > kitaplar > Akademik > Edebiyat"
9943,15033031,Felsefe,https://www.hepsiburada.com/felsefe-kitaplari-c-9943,4,"Kitap, Muzik, Film, Hobi > kitaplar > Akademik > Felsefe"
1504149,15033031,Hukuk,https://www.hepsiburada.com/hukuk-kitaplari-c-1504149,4,"Kitap, Muzik, Film, Hobi > kitaplar > Akademik > Hukuk"
9950,15033031,Kuram,https://www.hepsiburada.com/kuram-kitaplari-c-9950,4,"Kitap, Muzik, Film, Hobi > kitaplar > Akademik > Kuram"
9953,15033031,Tıp,https://www.hepsiburada.com/tip-yayinlari-kitaplari-c-9953,4,"Kitap, Muzik, Film, Hobi > kitaplar > Akademik > Tıp"
9907,15033031,İnceleme,https://www.hepsiburada.com/inceleme-kitaplari-c-9907,4,"Kitap, Muzik, Film, Hobi > kitaplar > Akademik > İnceleme"
1502108,1501689,Araştırma,https://www.hepsiburada.com/arastirma-c-1502108,4,"Kitap, Muzik, Film, Hobi > kitaplar > Araştırma ,Tarih & Siyaset > Araştırma"
15033040,1501689,Araştırma Kitapları,https://www.hepsiburada.com/arastirma-c-15033040,4,"Kitap, Muzik, Film, Hobi > kitaplar > Araştırma ,Tarih & Siyaset > Araştırma Kitapları"
9958,1501689,Güncel - Genel Konular,https://www.hepsiburada.com/guncel-genel-konular-c-9958,4,"Kitap, Muzik, Film, Hobi > kitaplar > Araştırma ,Tarih & Siyaset > Güncel - Genel Konular"
9946,1501689,Siyaset & İdeolojiler,https://www.hepsiburada.com/siyaset-ideoloji-kitaplari-c-9946,4,"Kitap, Muzik, Film, Hobi > kitaplar > Araştırma ,Tarih & Siyaset > Siyaset & İdeolojiler"
9939,1501689,Tarih,https://www.hepsiburada.com/tarih-kitaplari-c-9939,4,"Kitap, Muzik, Film, Hobi > kitaplar > Araştırma ,Tarih & Siyaset > Tarih"
15018810,10004,Bilim Dergileri,https://www.hepsiburada.com/bilim-dergileri-c-15018810,4,"Kitap, Muzik, Film, Hobi > kitaplar > Dergi > Bilim Dergileri"
15018807,10004,Dergi Abonelikleri,https://www.hepsiburada.com/dergi-abonelikleri-c-15018807,4,"Kitap, Muzik, Film, Hobi > kitaplar > Dergi > Dergi Abonelikleri"
15018811,10004,Edebiyat Dergileri,https://www.hepsiburada.com/edebiyat-dergileri-c-15018811,4,"Kitap, Muzik, Film, Hobi > kitaplar > Dergi > Edebiyat Dergileri"
15023521,10004,Hukuk Dergileri,https://www.hepsiburada.com/hukuk-dergileri-c-15023521,4,"Kitap, Muzik, Film, Hobi > kitaplar > Dergi > Hukuk Dergileri"
15020596,10004,Kültür Dergileri,https://www.hepsiburada.com/kultur-dergileri-c-15020596,4,"Kitap, Muzik, Film, Hobi > kitaplar > Dergi > Kültür Dergileri"
15018814,10004,Sanat Dergileri,https://www.hepsiburada.com/sanat-dergileri-c-15018814,4,"Kitap, Muzik, Film, Hobi > kitaplar > Dergi > Sanat Dergileri"
15018813,10004,Sağlık Dergileri,https://www.hepsiburada.com/saglik-dergileri-c-15018813,4,"Kitap, Muzik, Film, Hobi > kitaplar > Dergi > Sağlık Dergileri"
15018812,10004,Sinema & TV Dergileri,https://www.hepsiburada.com/sinema-tv-dergileri-c-15018812,4,"Kitap, Muzik, Film, Hobi > kitaplar > Dergi > Sinema & TV Dergileri"
15018809,10004,Tarih Dergileri,https://www.hepsiburada.com/tarih-dergileri-c-15018809,4,"Kitap, Muzik, Film, Hobi > kitaplar > Dergi > Tarih Dergileri"
80660029,10004,Çocuk Dergileri,https://www.hepsiburada.com/cocuk-dergileri-c-80660029,4,"Kitap, Muzik, Film, Hobi > kitaplar > Dergi > Çocuk Dergileri"
80562392,10004,İş Dünyası & Ekonomi,https://www.hepsiburada.com/is-dunyasi-ekonomi-c-80562392,4,"Kitap, Muzik, Film, Hobi > kitaplar > Dergi > İş Dünyası & Ekonomi"
80235050,80196008,Dijital Dergiler,https://www.hepsiburada.com/dijital-dergiler-c-80235050,4,"Kitap, Muzik, Film, Hobi > kitaplar > Dijital Yayınlar > Dijital Dergiler"
60001649,80196008,Sesli Edebiyat Kitapları,https://www.hepsiburada.com/sesli-edebiyat-kitaplari-c-60001649,4,"Kitap, Muzik, Film, Hobi > kitaplar > Dijital Yayınlar > Sesli Edebiyat Kitapları"
213897,80196010,Din,https://www.hepsiburada.com/din-kitaplari-c-213897,4,"Kitap, Muzik, Film, Hobi > kitaplar > Din ve Mitoloji > Din"
1502105,80196010,Din-Mitoloji,https://www.hepsiburada.com/din-mitoloji-kitaplari-c-1502105,4,"Kitap, Muzik, Film, Hobi > kitaplar > Din ve Mitoloji > Din-Mitoloji"
9906,1501753,Anı - Anlatı - Günlük - Seyahatname,https://www.hepsiburada.com/ani-anlati-gunluk-seyahatname-kitaplari-c-9906,4,"Kitap, Muzik, Film, Hobi > kitaplar > Edebiyat > Anı - Anlatı - Günlük - Seyahatname"
9930,1501753,Biyografi,https://www.hepsiburada.com/biyografi-otobiyografi-monografi-kitaplari-c-9930,4,"Kitap, Muzik, Film, Hobi > kitaplar > Edebiyat > Biyografi"
9904,1501753,Deneme - İnceleme,https://www.hepsiburada.com/deneme-inceleme-kitaplari-c-9904,4,"Kitap, Muzik, Film, Hobi > kitaplar > Edebiyat > Deneme - İnceleme"
9999,1501753,Derleme & Antoloji,https://www.hepsiburada.com/derleme-kitaplari-c-9999,4,"Kitap, Muzik, Film, Hobi > kitaplar > Edebiyat > Derleme & Antoloji"
1501757,1501753,Dünya Edebiyatı,https://www.hepsiburada.com/dunya-edebiyati-c-1501757,4,"Kitap, Muzik, Film, Hobi > kitaplar > Edebiyat > Dünya Edebiyatı"
1501755,1501753,Edebiyat Kuramı,https://www.hepsiburada.com/edebiyat-kurami-kitaplari-c-1501755,4,"Kitap, Muzik, Film, Hobi > kitaplar > Edebiyat > Edebiyat Kuramı"
9945,1501753,Günlük,https://www.hepsiburada.com/gunluk-kitaplari-c-9945,4,"Kitap, Muzik, Film, Hobi > kitaplar > Edebiyat > Günlük"
9921,1501753,Mektup,https://www.hepsiburada.com/mektup-kitaplari-c-9921,4,"Kitap, Muzik, Film, Hobi > kitaplar > Edebiyat > Mektup"
1501920,1501753,Söyleşi & Röportaj,https://www.hepsiburada.com/soylesi-roportaj-c-1501920,4,"Kitap, Muzik, Film, Hobi > kitaplar > Edebiyat > Söyleşi & Röportaj"
1501764,1501753,Türk Edebiyatı,https://www.hepsiburada.com/turk-edebiyatlari-c-1501764,4,"Kitap, Muzik, Film, Hobi > kitaplar > Edebiyat > Türk Edebiyatı"
1501772,1501753,Türk ve Dünya Klasikleri,https://www.hepsiburada.com/turk-dunya-klasikleri-c-1501772,4,"Kitap, Muzik, Film, Hobi > kitaplar > Edebiyat > Türk ve Dünya Klasikleri"
9905,1501753,Öykü,https://www.hepsiburada.com/oyku-kitaplari-c-9905,4,"Kitap, Muzik, Film, Hobi > kitaplar > Edebiyat > Öykü"
9911,1501753,Şiir,https://www.hepsiburada.com/siir-kitaplari-c-9911,4,"Kitap, Muzik, Film, Hobi > kitaplar > Edebiyat > Şiir"
60001672,15033037,Açık Öğretim Kitapları & Setleri,https://www.hepsiburada.com/acik-lise-kitaplari-c-60001672,4,"Kitap, Muzik, Film, Hobi > kitaplar > Eğitim > Açık Öğretim Kitapları & Setleri"
9934,15033037,Bilgisayar Kitapları,https://www.hepsiburada.com/bilgisayar-kitaplari-c-9934,4,"Kitap, Muzik, Film, Hobi > kitaplar > Eğitim > Bilgisayar Kitapları"
214049,15033037,Yabancı Dil Eğitimi,https://www.hepsiburada.com/yabanci-dil-kitaplari-c-214049,4,"Kitap, Muzik, Film, Hobi > kitaplar > Eğitim > Yabancı Dil Eğitimi"
15035985,215402,Aksesuarlar,https://www.hepsiburada.com/hobi-kitaplari-aksesuarlar-c-15035985,4,"Kitap, Muzik, Film, Hobi > kitaplar > Hobi > Aksesuarlar"
215403,215402,Astroloji,https://www.hepsiburada.com/astroloji-kitaplari-c-215403,4,"Kitap, Muzik, Film, Hobi > kitaplar > Hobi > Astroloji"
60001047,215402,DVD,https://www.hepsiburada.com/dvd-kitaplari-c-60001047,4,"Kitap, Muzik, Film, Hobi > kitaplar > Hobi > DVD"
60001727,215402,El Sanatları,https://www.hepsiburada.com/el-sanatlari-el-isleri-kitaplari-c-60001727,4,"Kitap, Muzik, Film, Hobi > kitaplar > Hobi > El Sanatları"
215405,215402,Evcil Hayvanlar,https://www.hepsiburada.com/evcil-hayvanlar-kitaplari-c-215405,4,"Kitap, Muzik, Film, Hobi > kitaplar > Hobi > Evcil Hayvanlar"
9938,215402,Fotoğraf,https://www.hepsiburada.com/fotografcilik-kitaplari-c-9938,4,"Kitap, Muzik, Film, Hobi > kitaplar > Hobi > Fotoğraf"
60002720,215402,Hediye Kitap,https://www.hepsiburada.com/hediye-kitaplar-c-60002720,4,"Kitap, Muzik, Film, Hobi > kitaplar > Hobi > Hediye Kitap"
10006,215402,Kültür,https://www.hepsiburada.com/kultur-kitaplari-c-10006,4,"Kitap, Muzik, Film, Hobi > kitaplar > Hobi > Kültür"
218160,215402,Moda - Giyim,https://www.hepsiburada.com/moda-giyim-kitaplari-c-218160,4,"Kitap, Muzik, Film, Hobi > kitaplar > Hobi > Moda - Giyim"
211392,215402,Müzik,https://www.hepsiburada.com/muzik-kitaplari-c-211392,4,"Kitap, Muzik, Film, Hobi > kitaplar > Hobi > Müzik"
215404,215402,Oyunlar & Bulmacalar,https://www.hepsiburada.com/oyun-kitaplari-c-215404,4,"Kitap, Muzik, Film, Hobi > kitaplar > Hobi > Oyunlar & Bulmacalar"
60001725,215402,Resim,https://www.hepsiburada.com/resim-kitaplari-c-60001725,4,"Kitap, Muzik, Film, Hobi > kitaplar > Hobi > Resim"
9944,215402,Sahne Sanatları & Tiyatro,https://www.hepsiburada.com/sahne-sanatlari-tiyatro-kitaplari-c-9944,4,"Kitap, Muzik, Film, Hobi > kitaplar > Hobi > Sahne Sanatları & Tiyatro"
211446,215402,Sanat / Mimari,https://www.hepsiburada.com/sanat-mimari-kitaplari-c-211446,4,"Kitap, Muzik, Film, Hobi > kitaplar > Hobi > Sanat / Mimari"
10011,215402,Sinema,https://www.hepsiburada.com/sinema-kitaplari-c-10011,4,"Kitap, Muzik, Film, Hobi > kitaplar > Hobi > Sinema"
215533,215402,Çiçek & Bahçe,https://www.hepsiburada.com/cicek-bahce-kitaplari-c-215533,4,"Kitap, Muzik, Film, Hobi > kitaplar > Hobi > Çiçek & Bahçe"
1503108,9925,Başarı,https://www.hepsiburada.com/basari-kitaplari-c-1503108,4,"Kitap, Muzik, Film, Hobi > kitaplar > Kişisel Gelişim & Psikoloji > Başarı"
1503109,9925,Bireysel Gelişim,https://www.hepsiburada.com/bireysel-gelisim-kitaplari-c-1503109,4,"Kitap, Muzik, Film, Hobi > kitaplar > Kişisel Gelişim & Psikoloji > Bireysel Gelişim"
1510750,9925,Duygusal Zeka,https://www.hepsiburada.com/duygusal-zeka-kitaplari-c-1510750,4,"Kitap, Muzik, Film, Hobi > kitaplar > Kişisel Gelişim & Psikoloji > Duygusal Zeka"
1510749,9925,Olumlu - Mutlu Yaşama,https://www.hepsiburada.com/olumlu-mutlu-yasama-kitaplari-c-1510749,4,"Kitap, Muzik, Film, Hobi > kitaplar > Kişisel Gelişim & Psikoloji > Olumlu - Mutlu Yaşama"
9936,9925,Psikoloji,https://www.hepsiburada.com/psikoloji-kitaplari-c-9936,4,"Kitap, Muzik, Film, Hobi > kitaplar > Kişisel Gelişim & Psikoloji > Psikoloji"
9961,9925,Ruhsal & Metafizik,https://www.hepsiburada.com/ruhsal-metafizik-kitaplari-c-9961,4,"Kitap, Muzik, Film, Hobi > kitaplar > Kişisel Gelişim & Psikoloji > Ruhsal & Metafizik"
1503104,9925,Stres Yönetimi,https://www.hepsiburada.com/stres-yonetimi-kitaplari-c-1503104,4,"Kitap, Muzik, Film, Hobi > kitaplar > Kişisel Gelişim & Psikoloji > Stres Yönetimi"
1503107,9925,Sözlü İletişim ve Beden Dili,https://www.hepsiburada.com/sozlu-iletisim-beden-dili-kitaplari-c-1503107,4,"Kitap, Muzik, Film, Hobi > kitaplar > Kişisel Gelişim & Psikoloji > Sözlü İletişim ve Beden Dili"
1503106,9925,Yaratıcılık,https://www.hepsiburada.com/yaraticilik-kitaplari-c-1503106,4,"Kitap, Muzik, Film, Hobi > kitaplar > Kişisel Gelişim & Psikoloji > Yaratıcılık"
1503105,9925,Zaman Yönetimi,https://www.hepsiburada.com/zaman-yonetimi-kitaplari-c-1503105,4,"Kitap, Muzik, Film, Hobi > kitaplar > Kişisel Gelişim & Psikoloji > Zaman Yönetimi"
1503103,9925,Zihinsel Gelişim,https://www.hepsiburada.com/zihinsel-gelisim-kitaplari-c-1503103,4,"Kitap, Muzik, Film, Hobi > kitaplar > Kişisel Gelişim & Psikoloji > Zihinsel Gelişim"
80220106,80220105,Fotoğraf,https://www.hepsiburada.com/fotograf-kitaplari-c-80220106,4,"Kitap, Muzik, Film, Hobi > kitaplar > Sanat > Fotoğraf"
80220107,80220105,Müzik,https://www.hepsiburada.com/muzik-kitaplari-c-80220107,4,"Kitap, Muzik, Film, Hobi > kitaplar > Sanat > Müzik"
80220108,80220105,Resim,https://www.hepsiburada.com/resim-kitaplari-c-80220108,4,"Kitap, Muzik, Film, Hobi > kitaplar > Sanat > Resim"
80220109,80220105,Sahne Sanatları & Tiyatro,https://www.hepsiburada.com/sahne-sanatlari-tiyatro-c-80220109,4,"Kitap, Muzik, Film, Hobi > kitaplar > Sanat > Sahne Sanatları & Tiyatro"
80220110,80220105,Sinema,https://www.hepsiburada.com/sinema-kitaplari-c-80220110,4,"Kitap, Muzik, Film, Hobi > kitaplar > Sanat > Sinema"
213088,80196007,Bakım & Güzellik,https://www.hepsiburada.com/guzellik-kitaplari-c-213088,4,"Kitap, Muzik, Film, Hobi > kitaplar > Sağlık, Spor ve Diyet > Bakım & Güzellik"
213089,80196007,Beslenme & Diyet,https://www.hepsiburada.com/saglik-beslenme-kitaplari-c-213089,4,"Kitap, Muzik, Film, Hobi > kitaplar > Sağlık, Spor ve Diyet > Beslenme & Diyet"
10002,80196007,Cinsellik,https://www.hepsiburada.com/cinsellik-kitaplari-c-10002,4,"Kitap, Muzik, Film, Hobi > kitaplar > Sağlık, Spor ve Diyet > Cinsellik"
80205003,80196007,Pilates & Fitness,https://www.hepsiburada.com/pilates-fitness-kitaplari-c-80205003,4,"Kitap, Muzik, Film, Hobi > kitaplar > Sağlık, Spor ve Diyet > Pilates & Fitness"
80205002,80196007,Sağlık,https://www.hepsiburada.com/saglik-kitaplari-c-80205002,4,"Kitap, Muzik, Film, Hobi > kitaplar > Sağlık, Spor ve Diyet > Sağlık"
15033042,80196007,Sağlık / Cinsellik,https://www.hepsiburada.com/saglik-cinsellik-kitaplari-c-15033042,4,"Kitap, Muzik, Film, Hobi > kitaplar > Sağlık, Spor ve Diyet > Sağlık / Cinsellik"
9955,80196007,Spor,https://www.hepsiburada.com/spor-kitaplari-c-9955,4,"Kitap, Muzik, Film, Hobi > kitaplar > Sağlık, Spor ve Diyet > Spor"
80220104,80196007,Yoga ve Meditasyon,https://www.hepsiburada.com/yoga-ve-meditasyon-kitaplari-c-80220104,4,"Kitap, Muzik, Film, Hobi > kitaplar > Sağlık, Spor ve Diyet > Yoga ve Meditasyon"
80700013,15039802,Edebiyat,https://www.hepsiburada.com/edebiyat-c-80700013,4,"Kitap, Muzik, Film, Hobi > kitaplar > Yabancı Dil Kitaplar (Foreign Languages) > Edebiyat"
80700017,15039802,Eğitim ve Sınav,https://www.hepsiburada.com/egitim-ve-sinav-c-80700017,4,"Kitap, Muzik, Film, Hobi > kitaplar > Yabancı Dil Kitaplar (Foreign Languages) > Eğitim ve Sınav"
15039806,15039802,Hobi,https://www.hepsiburada.com/ingilizce-hobi-kitaplari-c-15039806,4,"Kitap, Muzik, Film, Hobi > kitaplar > Yabancı Dil Kitaplar (Foreign Languages) > Hobi"
80700021,15039802,Kişisel Gelişim,https://www.hepsiburada.com/ingilizce-kisisel-gelisim-kitaplari-c-80700021,4,"Kitap, Muzik, Film, Hobi > kitaplar > Yabancı Dil Kitaplar (Foreign Languages) > Kişisel Gelişim"
80700022,15039802,Sanat,https://www.hepsiburada.com/sanat-c-80700022,4,"Kitap, Muzik, Film, Hobi > kitaplar > Yabancı Dil Kitaplar (Foreign Languages) > Sanat"
80700024,15039802,"Sağlık, Diyet ve Spor",https://www.hepsiburada.com/saglik-diyet-ve-spor-c-80700024,4,"Kitap, Muzik, Film, Hobi > kitaplar > Yabancı Dil Kitaplar (Foreign Languages) > Sağlık, Diyet ve Spor"
80700009,15039802,"Tarih, Araştırma ve Popüler Bilim",https://www.hepsiburada.com/ingilizce-tarih-arastirma-ve-populer-bilim-kitaplari-c-80700009,4,"Kitap, Muzik, Film, Hobi > kitaplar > Yabancı Dil Kitaplar (Foreign Languages) > Tarih, Araştırma ve Popüler Bilim"
60003469,15039802,Turizm / Gezi,https://www.hepsiburada.com/ingilizce-turizm-gezi-kitaplari-c-60003469,4,"Kitap, Muzik, Film, Hobi > kitaplar > Yabancı Dil Kitaplar (Foreign Languages) > Turizm / Gezi"
80744000,15039802,Yeme-İçme,https://www.hepsiburada.com/yeme-icme-c-80744000,4,"Kitap, Muzik, Film, Hobi > kitaplar > Yabancı Dil Kitaplar (Foreign Languages) > Yeme-İçme"
80700018,15039802,Çocuk ve Gençlik,https://www.hepsiburada.com/cocuk-ve-genclik-c-80700018,4,"Kitap, Muzik, Film, Hobi > kitaplar > Yabancı Dil Kitaplar (Foreign Languages) > Çocuk ve Gençlik"
80700023,15039802,İş ve Ekonomi,https://www.hepsiburada.com/is-ve-ekonomi-c-80700023,4,"Kitap, Muzik, Film, Hobi > kitaplar > Yabancı Dil Kitaplar (Foreign Languages) > İş ve Ekonomi"
1514633,213862,Coğrafya,https://www.hepsiburada.com/cografya-kitaplari-c-1514633,4,"Kitap, Muzik, Film, Hobi > kitaplar > ders kitaplari yardimci kitaplar > Coğrafya"
80289091,213862,Din Kültürü ve Ahlak Bilgisi,https://www.hepsiburada.com/din-kulturu-ve-ahlak-bilgisi-c-80289091,4,"Kitap, Muzik, Film, Hobi > kitaplar > ders kitaplari yardimci kitaplar > Din Kültürü ve Ahlak Bilgisi"
15019923,213862,Edebiyat,https://www.hepsiburada.com/edebiyat-ders-kitaplari-c-15019923,4,"Kitap, Muzik, Film, Hobi > kitaplar > ders kitaplari yardimci kitaplar > Edebiyat"
15022406,213862,Felsefe,https://www.hepsiburada.com/felsefe-ders-kitaplari-c-15022406,4,"Kitap, Muzik, Film, Hobi > kitaplar > ders kitaplari yardimci kitaplar > Felsefe"
1514747,213862,Fen - Bilişim ve Teknoloji,https://www.hepsiburada.com/fen-bilisim-teknoloji-kitaplari-c-1514747,4,"Kitap, Muzik, Film, Hobi > kitaplar > ders kitaplari yardimci kitaplar > Fen - Bilişim ve Teknoloji"
1514643,213862,Geometri,https://www.hepsiburada.com/geometri-kitaplari-c-1514643,4,"Kitap, Muzik, Film, Hobi > kitaplar > ders kitaplari yardimci kitaplar > Geometri"
1514754,213862,Hayat Bilgisi,https://www.hepsiburada.com/hayat-bilgisi-kitaplari-c-1514754,4,"Kitap, Muzik, Film, Hobi > kitaplar > ders kitaplari yardimci kitaplar > Hayat Bilgisi"
1514629,213862,Kimya,https://www.hepsiburada.com/kimya-kitaplari-c-1514629,4,"Kitap, Muzik, Film, Hobi > kitaplar > ders kitaplari yardimci kitaplar > Kimya"
15036674,213862,Psikoloji,https://www.hepsiburada.com/psikoloji-ders-kitaplari-c-15036674,4,"Kitap, Muzik, Film, Hobi > kitaplar > ders kitaplari yardimci kitaplar > Psikoloji"
1514753,213862,Sosyal Bilgiler,https://www.hepsiburada.com/sosyal-bilgiler-kitaplari-c-1514753,4,"Kitap, Muzik, Film, Hobi > kitaplar > ders kitaplari yardimci kitaplar > Sosyal Bilgiler"
1514636,213862,Tarih´,https://www.hepsiburada.com/tarih-ders-kitaplari-c-1514636,4,"Kitap, Muzik, Film, Hobi > kitaplar > ders kitaplari yardimci kitaplar > Tarih´"
9913,80196009,Mizah & Karikatür,https://www.hepsiburada.com/mizah-karikatur-kitaplari-c-9913,4,"Kitap, Muzik, Film, Hobi > kitaplar > Çizgi Roman & Mizah > Mizah & Karikatür"
211822,80196009,Çizgi Roman,https://www.hepsiburada.com/cizgi-roman-kitaplari-c-211822,4,"Kitap, Muzik, Film, Hobi > kitaplar > Çizgi Roman & Mizah > Çizgi Roman"
60001785,80196011,Ekonomi & İktisat,https://www.hepsiburada.com/iktisat-tarihi-kitaplari-c-60001785,4,"Kitap, Muzik, Film, Hobi > kitaplar > İş, Ekonomi & Pazarlama > Ekonomi & İktisat"
9940,80196011,"Ekonomi, Pazarlama & İş Dünyası",https://www.hepsiburada.com/ekonomi-pazarlama-is-dunyasi-kitaplari-c-9940,4,"Kitap, Muzik, Film, Hobi > kitaplar > İş, Ekonomi & Pazarlama > Ekonomi, Pazarlama & İş Dünyası"
1502099,80196011,Medya & İletişim,https://www.hepsiburada.com/medya-iletisim-kitaplari-c-1502099,4,"Kitap, Muzik, Film, Hobi > kitaplar > İş, Ekonomi & Pazarlama > Medya & İletişim"
1506216,80196011,Muhasebe & Finans,https://www.hepsiburada.com/muhasebe-finans-kitaplari-c-1506216,4,"Kitap, Muzik, Film, Hobi > kitaplar > İş, Ekonomi & Pazarlama > Muhasebe & Finans"
9960,80196011,Reklam & Halkla İlişkiler,https://www.hepsiburada.com/reklam-halkla-iliskiler-kitaplari-c-9960,4,"Kitap, Muzik, Film, Hobi > kitaplar > İş, Ekonomi & Pazarlama > Reklam & Halkla İlişkiler"
9937,80196011,İş Yönetimi,https://www.hepsiburada.com/is-yonetimi-kitaplari-c-9937,4,"Kitap, Muzik, Film, Hobi > kitaplar > İş, Ekonomi & Pazarlama > İş Yönetimi"
60003663,60003639,Cep Kitapları,https://www.hepsiburada.com/kpss-genel-kultur-yetenek-cep-kitaplari-c-60003663,4,"Kitap, Muzik, Film, Hobi > kpss genel kultur yetenek konu anlatimli kitaplar > kpss genel kultur genel yetenek kitaplari > Cep Kitapları"
60003667,60003639,DVD Eğitim Setleri,https://www.hepsiburada.com/kpss-genel-kultur-yetenek-dvd-egitim-setleri-c-60003667,4,"Kitap, Muzik, Film, Hobi > kpss genel kultur yetenek konu anlatimli kitaplar > kpss genel kultur genel yetenek kitaplari > DVD Eğitim Setleri"
60003651,60003639,Deneme,https://www.hepsiburada.com/kpss-genel-kultur-yetenek-deneme-kitaplari-c-60003651,4,"Kitap, Muzik, Film, Hobi > kpss genel kultur yetenek konu anlatimli kitaplar > kpss genel kultur genel yetenek kitaplari > Deneme"
60003671,60003639,KPSS Setler,https://www.hepsiburada.com/kpss-genel-kultur-yetenek-setleri-c-60003671,4,"Kitap, Muzik, Film, Hobi > kpss genel kultur yetenek konu anlatimli kitaplar > kpss genel kultur genel yetenek kitaplari > KPSS Setler"
60003647,60003639,Soru Bankası,https://www.hepsiburada.com/kpss-genel-kultur-yetenek-soru-bankasi-kitaplari-c-60003647,4,"Kitap, Muzik, Film, Hobi > kpss genel kultur yetenek konu anlatimli kitaplar > kpss genel kultur genel yetenek kitaplari > Soru Bankası"
60003655,60003639,Yaprak Testler,https://www.hepsiburada.com/kpss-genel-kultur-yetenek-yaprak-testleri-c-60003655,4,"Kitap, Muzik, Film, Hobi > kpss genel kultur yetenek konu anlatimli kitaplar > kpss genel kultur genel yetenek kitaplari > Yaprak Testler"
60003659,60003639,Çıkmış Sorular,https://www.hepsiburada.com/kpss-genel-kultur-yetenek-cikmis-sorular-c-60003659,4,"Kitap, Muzik, Film, Hobi > kpss genel kultur yetenek konu anlatimli kitaplar > kpss genel kultur genel yetenek kitaplari > Çıkmış Sorular"
411222,411209,Bariton,https://www.hepsiburada.com/baritonlar-c-411222,4,"Kitap, Muzik, Film, Hobi > melodikalar > Nefesli Çalgılar > Bariton"
411218,411209,Fagot,https://www.hepsiburada.com/fagot-c-411218,4,"Kitap, Muzik, Film, Hobi > melodikalar > Nefesli Çalgılar > Fagot"
411219,411209,Korno,https://www.hepsiburada.com/kornolar-c-411219,4,"Kitap, Muzik, Film, Hobi > melodikalar > Nefesli Çalgılar > Korno"
10790,411209,Mızıka,https://www.hepsiburada.com/mizikalar-c-10790,4,"Kitap, Muzik, Film, Hobi > melodikalar > Nefesli Çalgılar > Mızıka"
411215,411209,Trombon,https://www.hepsiburada.com/trombonlar-c-411215,4,"Kitap, Muzik, Film, Hobi > melodikalar > Nefesli Çalgılar > Trombon"
411212,411209,Yan Flüt,https://www.hepsiburada.com/yan-flutler-c-411212,4,"Kitap, Muzik, Film, Hobi > melodikalar > Nefesli Çalgılar > Yan Flüt"
80530119,60001362,DJ & Stüdyo Amfisi,https://www.hepsiburada.com/dj-studyo-amfisi-c-80530119,4,"Kitap, Muzik, Film, Hobi > muzik keyboard > Stüdyo & DJ Ekipmanları > DJ & Stüdyo Amfisi"
405130,60001362,DJ Setup,https://www.hepsiburada.com/dj-urunleri-c-405130,4,"Kitap, Muzik, Film, Hobi > muzik keyboard > Stüdyo & DJ Ekipmanları > DJ Setup"
404124,60001362,Kabin-Hoparlör-Monitör,https://www.hepsiburada.com/ses-kabinleri-hoparlor-monitor-c-404124,4,"Kitap, Muzik, Film, Hobi > muzik keyboard > Stüdyo & DJ Ekipmanları > Kabin-Hoparlör-Monitör"
404272,60001362,Kayıt Teknolojileri,https://www.hepsiburada.com/kayit-teknolojileri-c-404272,4,"Kitap, Muzik, Film, Hobi > muzik keyboard > Stüdyo & DJ Ekipmanları > Kayıt Teknolojileri"
404090,60001362,Müzik Yazılımları,https://www.hepsiburada.com/muzik-yazilimlari-c-404090,4,"Kitap, Muzik, Film, Hobi > muzik keyboard > Stüdyo & DJ Ekipmanları > Müzik Yazılımları"
411405,60001362,Stüdyo & Sahne Aksesuarları,https://www.hepsiburada.com/studyo-sahne-aksesuarlari-c-411405,4,"Kitap, Muzik, Film, Hobi > muzik keyboard > Stüdyo & DJ Ekipmanları > Stüdyo & Sahne Aksesuarları"
405065,60001362,Synthesizer,https://www.hepsiburada.com/synthesizer-c-405065,4,"Kitap, Muzik, Film, Hobi > muzik keyboard > Stüdyo & DJ Ekipmanları > Synthesizer"
19018200,19018196,Bass Gitarlar,https://www.hepsiburada.com/bass-gitarlar-c-19018200,4,"Kitap, Muzik, Film, Hobi > muzik keyboard > gitarlar > Bass Gitarlar"
403911,19018196,Gitar Amfisi,https://www.hepsiburada.com/muzik-amfileri-c-403911,4,"Kitap, Muzik, Film, Hobi > muzik keyboard > gitarlar > Gitar Amfisi"
411154,19018196,Pedal,https://www.hepsiburada.com/muzik-pedallari-c-411154,4,"Kitap, Muzik, Film, Hobi > muzik keyboard > gitarlar > Pedal"
19018198,19018196,akustik gitarlar,https://www.hepsiburada.com/akustik-gitarlar-c-19018198,4,"Kitap, Muzik, Film, Hobi > muzik keyboard > gitarlar > akustik gitarlar"
19018199,19018196,elektro gitarlar,https://www.hepsiburada.com/elektro-gitarlar-c-19018199,4,"Kitap, Muzik, Film, Hobi > muzik keyboard > gitarlar > elektro gitarlar"
411245,411237,Elektro Keman,https://www.hepsiburada.com/elektro-kemanlar-c-411245,4,"Kitap, Muzik, Film, Hobi > muzik keyboard > yayli calgilar > Elektro Keman"
411240,411237,Kontrabas,https://www.hepsiburada.com/kontrabaslar-c-411240,4,"Kitap, Muzik, Film, Hobi > muzik keyboard > yayli calgilar > Kontrabas"
60005891,411237,Tambur,https://www.hepsiburada.com/tamburlar-c-60005891,4,"Kitap, Muzik, Film, Hobi > muzik keyboard > yayli calgilar > Tambur"
411239,411237,Viyola,https://www.hepsiburada.com/viyola-c-411239,4,"Kitap, Muzik, Film, Hobi > muzik keyboard > yayli calgilar > Viyola"
411244,411237,Viyolonsel,https://www.hepsiburada.com/viyolonsel-c-411244,4,"Kitap, Muzik, Film, Hobi > muzik keyboard > yayli calgilar > Viyolonsel"
411242,411237,Çello,https://www.hepsiburada.com/cello-c-411242,4,"Kitap, Muzik, Film, Hobi > muzik keyboard > yayli calgilar > Çello"
412414,411138,Adaptörler,https://www.hepsiburada.com/muzik-adaptorleri-c-412414,4,"Kitap, Muzik, Film, Hobi > pikaplar > muzik ekipman aksesuarlari > Adaptörler"
60006548,411138,Askılar,https://www.hepsiburada.com/enstruman-askilari-c-60006548,4,"Kitap, Muzik, Film, Hobi > pikaplar > muzik ekipman aksesuarlari > Askılar"
10792,411138,Eğitim Vcd ve Kitapları,https://www.hepsiburada.com/muzik-aletleri-egitim-vcd-kitaplari-c-10792,4,"Kitap, Muzik, Film, Hobi > pikaplar > muzik ekipman aksesuarlari > Eğitim Vcd ve Kitapları"
411153,411138,Keman Yastıkları,https://www.hepsiburada.com/keman-yastiklari-c-411153,4,"Kitap, Muzik, Film, Hobi > pikaplar > muzik ekipman aksesuarlari > Keman Yastıkları"
80530130,411138,Megafon,https://www.hepsiburada.com/megafon-c-80530130,4,"Kitap, Muzik, Film, Hobi > pikaplar > muzik ekipman aksesuarlari > Megafon"
411155,411138,Mikrofon Aksesuarları,https://www.hepsiburada.com/mikrofon-aksesuarlari-c-411155,4,"Kitap, Muzik, Film, Hobi > pikaplar > muzik ekipman aksesuarlari > Mikrofon Aksesuarları"
411156,411138,Nefesli Çalgı Aksesuarları,https://www.hepsiburada.com/nefesli-calgi-aksesuarlari-c-411156,4,"Kitap, Muzik, Film, Hobi > pikaplar > muzik ekipman aksesuarlari > Nefesli Çalgı Aksesuarları"
10793,411138,Ritim Pedleri,https://www.hepsiburada.com/drumpad-c-10793,4,"Kitap, Muzik, Film, Hobi > pikaplar > muzik ekipman aksesuarlari > Ritim Pedleri"
411144,411138,Standlar ve Tabureler,https://www.hepsiburada.com/muzik-enstrumanlari-icin-standlar-tabureler-c-411144,4,"Kitap, Muzik, Film, Hobi > pikaplar > muzik ekipman aksesuarlari > Standlar ve Tabureler"
411146,411138,Telli Çalgı Aksesuarları,https://www.hepsiburada.com/telli-calgi-aksesuarlari-c-411146,4,"Kitap, Muzik, Film, Hobi > pikaplar > muzik ekipman aksesuarlari > Telli Çalgı Aksesuarları"
411152,411138,Tuner & Metronom,https://www.hepsiburada.com/tuner-metronom-c-411152,4,"Kitap, Muzik, Film, Hobi > pikaplar > muzik ekipman aksesuarlari > Tuner & Metronom"
411147,411138,Vurmalı Çalgı Aksesuarları,https://www.hepsiburada.com/vurmali-calgi-aksesuarlari-c-411147,4,"Kitap, Muzik, Film, Hobi > pikaplar > muzik ekipman aksesuarlari > Vurmalı Çalgı Aksesuarları"
411145,411138,Yaylı Çalgı Aksesuarları,https://www.hepsiburada.com/yayli-calgi-aksesuarlari-c-411145,4,"Kitap, Muzik, Film, Hobi > pikaplar > muzik ekipman aksesuarlari > Yaylı Çalgı Aksesuarları"
411151,411138,Çanta ve Kılıflar,https://www.hepsiburada.com/muzik-canta-kiliflar-c-411151,4,"Kitap, Muzik, Film, Hobi > pikaplar > muzik ekipman aksesuarlari > Çanta ve Kılıflar"
402326,80530127,Piyano,https://www.hepsiburada.com/piyanolar-c-402326,4,"Kitap, Muzik, Film, Hobi > pikaplar > tuslu calgilar > Piyano"
1501708,1501702,Aşk Roman ve Öyküleri,https://www.hepsiburada.com/ask-roman-kitaplari-c-1501708,4,"Kitap, Muzik, Film, Hobi > tum dersler kitaplari > roman kitaplari > Aşk Roman ve Öyküleri"
1501713,1501702,Bilim Kurgu & Fantastik,https://www.hepsiburada.com/fantastik-kitaplar-c-1501713,4,"Kitap, Muzik, Film, Hobi > tum dersler kitaplari > roman kitaplari > Bilim Kurgu & Fantastik"
1502318,1501702,Genel Konular,https://www.hepsiburada.com/genel-konular-kitaplari-c-1502318,4,"Kitap, Muzik, Film, Hobi > tum dersler kitaplari > roman kitaplari > Genel Konular"
1501715,1501702,Korku-Gerilim,https://www.hepsiburada.com/korku-gerilim-kitaplari-c-1501715,4,"Kitap, Muzik, Film, Hobi > tum dersler kitaplari > roman kitaplari > Korku-Gerilim"
1501717,1501702,Macera,https://www.hepsiburada.com/macera-kitaplari-c-1501717,4,"Kitap, Muzik, Film, Hobi > tum dersler kitaplari > roman kitaplari > Macera"
1501719,1501702,Polisiye,https://www.hepsiburada.com/polisiye-kitaplari-c-1501719,4,"Kitap, Muzik, Film, Hobi > tum dersler kitaplari > roman kitaplari > Polisiye"
1501750,1501702,Tarihi,https://www.hepsiburada.com/tarihi-roman-oyku-kitaplari-c-1501750,4,"Kitap, Muzik, Film, Hobi > tum dersler kitaplari > roman kitaplari > Tarihi"
1501704,1501702,Çeviri Romanlar,https://www.hepsiburada.com/ceviri-romanlar-c-1501704,4,"Kitap, Muzik, Film, Hobi > tum dersler kitaplari > roman kitaplari > Çeviri Romanlar"
80371042,80371041,Sayısal Bölüm,https://www.hepsiburada.com/lgs-sayisal-c-80371042,4,"Kitap, Muzik, Film, Hobi > turkce sozluk kitaplari > lgs > Sayısal Bölüm"
80371043,80371041,Sözel Bölüm,https://www.hepsiburada.com/lgs-sozel-c-80371043,4,"Kitap, Muzik, Film, Hobi > turkce sozluk kitaplari > lgs > Sözel Bölüm"
1515052,9916,Başvuru - Kaynak Sözlükler,https://www.hepsiburada.com/basvuru-kaynak-sozlukler-kitaplari-c-1515052,4,"Kitap, Muzik, Film, Hobi > yazim imla kilavuzlari kitaplari > Sözlük İmla Kitapları > Başvuru - Kaynak Sözlükler"
1515099,9916,Türk Lehçe ve Şive Sözlükleri,https://www.hepsiburada.com/turk-lehce-sive-sozlukleri-kitaplari-c-1515099,4,"Kitap, Muzik, Film, Hobi > yazim imla kilavuzlari kitaplari > Sözlük İmla Kitapları > Türk Lehçe ve Şive Sözlükleri"
1515096,9916,Yabancı Dil Başvuru ve Kaynak Sözlükleri,https://www.hepsiburada.com/yabanci-dil-basvuru-kaynak-sozlukleri-kitaplari-c-1515096,4,"Kitap, Muzik, Film, Hobi > yazim imla kilavuzlari kitaplari > Sözlük İmla Kitapları > Yabancı Dil Başvuru ve Kaynak Sözlükleri"
1515049,9916,Yabancı Dil Sözlükleri,https://www.hepsiburada.com/yabanci-dil-sozluk-kitaplari-c-1515049,4,"Kitap, Muzik, Film, Hobi > yazim imla kilavuzlari kitaplari > Sözlük İmla Kitapları > Yabancı Dil Sözlükleri"
60004071,60004068,Ayak Kokusu Önleme,https://www.hepsiburada.com/ayak-kokusu-urunleri-c-60004071,4,"Kozmetik, Kisisel Bakim > Sağlık / Kişisel Bakım > Ayak & Tırnak Bakımı > Ayak Kokusu Önleme"
60004074,60004068,Bakım Cihazları,https://www.hepsiburada.com/ayak-bakim-cihazlari-c-60004074,4,"Kozmetik, Kisisel Bakim > Sağlık / Kişisel Bakım > Ayak & Tırnak Bakımı > Bakım Cihazları"
60004075,60004068,Diğer Ürünler,https://www.hepsiburada.com/diger-ayak-bakim-urunleri-c-60004075,4,"Kozmetik, Kisisel Bakim > Sağlık / Kişisel Bakım > Ayak & Tırnak Bakımı > Diğer Ürünler"
60004073,60004068,Koruyucu Ürünler,https://www.hepsiburada.com/ayak-koruyucu-urunler-c-60004073,4,"Kozmetik, Kisisel Bakim > Sağlık / Kişisel Bakım > Ayak & Tırnak Bakımı > Koruyucu Ürünler"
60004072,60004068,Nasır ve Mantar Ürünleri,https://www.hepsiburada.com/nasir-mantar-urunleri-c-60004072,4,"Kozmetik, Kisisel Bakim > Sağlık / Kişisel Bakım > Ayak & Tırnak Bakımı > Nasır ve Mantar Ürünleri"
60003251,26012354,Antibakteriyel Sabunlar,https://www.hepsiburada.com/antibakteriyel-sabunlar-c-60003251,4,"Kozmetik, Kisisel Bakim > Sağlık / Kişisel Bakım > Duş ve Banyo Ürünleri > Antibakteriyel Sabunlar"
26012360,26012354,Aynalar ve Banyo Aksesuarları,https://www.hepsiburada.com/banyo-aynasi-aksesuarlari-c-26012360,4,"Kozmetik, Kisisel Bakim > Sağlık / Kişisel Bakım > Duş ve Banyo Ürünleri > Aynalar ve Banyo Aksesuarları"
26012359,26012354,"Banyo Fırçaları, Süngerleri ve Lifleri",https://www.hepsiburada.com/banyo-fircalari-sungerleri-lifleri-c-26012359,4,"Kozmetik, Kisisel Bakim > Sağlık / Kişisel Bakım > Duş ve Banyo Ürünleri > Banyo Fırçaları, Süngerleri ve Lifleri"
26012357,26012354,Banyo Köpükleri & Yağları,https://www.hepsiburada.com/banyo-tuzlari-kopukleri-yaglari-c-26012357,4,"Kozmetik, Kisisel Bakim > Sağlık / Kişisel Bakım > Duş ve Banyo Ürünleri > Banyo Köpükleri & Yağları"
60004537,26012354,Masaj Yağları,https://www.hepsiburada.com/masaj-yaglari-c-60004537,4,"Kozmetik, Kisisel Bakim > Sağlık / Kişisel Bakım > Duş ve Banyo Ürünleri > Masaj Yağları"
80111006,80111004,Boya & Saç Açıcılar,https://www.hepsiburada.com/boya-sac-acicilar-c-80111006,4,"Kozmetik, Kisisel Bakim > Sağlık / Kişisel Bakım > Güzellik Salonu & Kuaför Ürünleri > Boya & Saç Açıcılar"
80445032,80111004,Dövme,https://www.hepsiburada.com/dovme-c-80445032,4,"Kozmetik, Kisisel Bakim > Sağlık / Kişisel Bakım > Güzellik Salonu & Kuaför Ürünleri > Dövme"
80493045,80111004,Güzellik Salonu Makineleri,https://www.hepsiburada.com/guzellik-salonu-makineleri-c-80493045,4,"Kozmetik, Kisisel Bakim > Sağlık / Kişisel Bakım > Güzellik Salonu & Kuaför Ürünleri > Güzellik Salonu Makineleri"
80484068,80111004,Kalıcı Makyaj Cihazları,https://www.hepsiburada.com/kalici-makyaj-cihazlari-c-80484068,4,"Kozmetik, Kisisel Bakim > Sağlık / Kişisel Bakım > Güzellik Salonu & Kuaför Ürünleri > Kalıcı Makyaj Cihazları"
80388009,80111004,Klimazon Cihazları,https://www.hepsiburada.com/klimazon-cihazlari-c-80388009,4,"Kozmetik, Kisisel Bakim > Sağlık / Kişisel Bakım > Güzellik Salonu & Kuaför Ürünleri > Klimazon Cihazları"
80111005,80111004,Salon Mobilyaları,https://www.hepsiburada.com/salon-mobilyalari-c-80111005,4,"Kozmetik, Kisisel Bakim > Sağlık / Kişisel Bakım > Güzellik Salonu & Kuaför Ürünleri > Salon Mobilyaları"
80111008,80111004,"Salon, Makas ve Ekipmanları",https://www.hepsiburada.com/salon-makas-ve-ekipmanlari-c-80111008,4,"Kozmetik, Kisisel Bakim > Sağlık / Kişisel Bakım > Güzellik Salonu & Kuaför Ürünleri > Salon, Makas ve Ekipmanları"
80111007,80111004,Saç Peruk & Kaynakları,https://www.hepsiburada.com/sac-peruk-kaynaklari-c-80111007,4,"Kozmetik, Kisisel Bakim > Sağlık / Kişisel Bakım > Güzellik Salonu & Kuaför Ürünleri > Saç Peruk & Kaynakları"
80134007,80134000,Otel Banyo Aksesuarları & Ekipmanlar,https://www.hepsiburada.com/otel-banyo-aksesuarlari-ekipmanlar-c-80134007,4,"Kozmetik, Kisisel Bakim > Sağlık / Kişisel Bakım > Hotel, Restoran & Cafe İhtiyaçları > Otel Banyo Aksesuarları & Ekipmanlar"
80134006,80134000,Otel Tipi Kişisel Bakım Ürünleri,https://www.hepsiburada.com/otel-tipi-kisisel-bakim-urunleri-c-80134006,4,"Kozmetik, Kisisel Bakim > Sağlık / Kişisel Bakım > Hotel, Restoran & Cafe İhtiyaçları > Otel Tipi Kişisel Bakım Ürünleri"
80134003,80134000,Otel Tipi Saç Kurutma Makineleri,https://www.hepsiburada.com/otel-tipi-sac-kurutma-makineleri-c-80134003,4,"Kozmetik, Kisisel Bakim > Sağlık / Kişisel Bakım > Hotel, Restoran & Cafe İhtiyaçları > Otel Tipi Saç Kurutma Makineleri"
80134011,80134000,Yük Taşıma Araçları,https://www.hepsiburada.com/yuk-tasima-araclari-c-80134011,4,"Kozmetik, Kisisel Bakim > Sağlık / Kişisel Bakım > Hotel, Restoran & Cafe İhtiyaçları > Yük Taşıma Araçları"
80024001,26012115,Cilt Terapi Ürünleri,https://www.hepsiburada.com/cilt-terapi-urunleri-c-80024001,4,"Kozmetik, Kisisel Bakim > Sağlık / Kişisel Bakım > Kadın Pedleri & Hijyen Ürünleri > Cilt Terapi Ürünleri"
26012144,26012115,Genital Bölge Bakımı,https://www.hepsiburada.com/genital-bolge-temizlik-bakim-urunleri-c-26012144,4,"Kozmetik, Kisisel Bakim > Sağlık / Kişisel Bakım > Kadın Pedleri & Hijyen Ürünleri > Genital Bölge Bakımı"
26012141,26012115,Hijyenik Pedler,https://www.hepsiburada.com/hijyenik-pedler-c-26012141,4,"Kozmetik, Kisisel Bakim > Sağlık / Kişisel Bakım > Kadın Pedleri & Hijyen Ürünleri > Hijyenik Pedler"
80857388,339715,Astım Ürünleri,https://www.hepsiburada.com/astim-urunleri-c-80857388,4,"Kozmetik, Kisisel Bakim > Sağlık / Kişisel Bakım > Medikal Ürünler > Astım Ürünleri"
26012218,339715,Hastane Ve Hasta Bakım Ürünleri,https://www.hepsiburada.com/hastane-hasta-bakim-urunleri-c-26012218,4,"Kozmetik, Kisisel Bakim > Sağlık / Kişisel Bakım > Medikal Ürünler > Hastane Ve Hasta Bakım Ürünleri"
26012172,26012170,Alerji Ve Enfeksiyon Ürünleri,https://www.hepsiburada.com/alerji-enfeksiyon-urunleri-c-26012172,4,"Kozmetik, Kisisel Bakim > Sağlık / Kişisel Bakım > Sağlık Ürünleri > Alerji Ve Enfeksiyon Ürünleri"
26012173,26012170,Ateş Ölçerler,https://www.hepsiburada.com/ates-olcerler-c-26012173,4,"Kozmetik, Kisisel Bakim > Sağlık / Kişisel Bakım > Sağlık Ürünleri > Ateş Ölçerler"
26012175,26012170,Ayak Sağlığı Ve El Terapi Ürünleri,https://www.hepsiburada.com/ayak-sagligi-el-terapi-urunleri-c-26012175,4,"Kozmetik, Kisisel Bakim > Sağlık / Kişisel Bakım > Sağlık Ürünleri > Ayak Sağlığı Ve El Terapi Ürünleri"
26012176,26012170,"Baskül Ve Teraziler,Vücut Analiz Cihazları",https://www.hepsiburada.com/baskuller-teraziler-vucut-analiz-cihazlari-c-26012176,4,"Kozmetik, Kisisel Bakim > Sağlık / Kişisel Bakım > Sağlık Ürünleri > Baskül Ve Teraziler,Vücut Analiz Cihazları"
26012181,26012170,Form Ürünleri,https://www.hepsiburada.com/form-urunleri-c-26012181,4,"Kozmetik, Kisisel Bakim > Sağlık / Kişisel Bakım > Sağlık Ürünleri > Form Ürünleri"
60003447,26012170,Hasta Temizlik Ürünleri,https://www.hepsiburada.com/hasta-temizlik-urunleri-c-60003447,4,"Kozmetik, Kisisel Bakim > Sağlık / Kişisel Bakım > Sağlık Ürünleri > Hasta Temizlik Ürünleri"
26012182,26012170,Horlama Önleyiciler,https://www.hepsiburada.com/horlama-onleyiciler-c-26012182,4,"Kozmetik, Kisisel Bakim > Sağlık / Kişisel Bakım > Sağlık Ürünleri > Horlama Önleyiciler"
26012180,26012170,Kulak Temizleme Ürünleri,https://www.hepsiburada.com/kulak-temizleme-urunleri-c-26012180,4,"Kozmetik, Kisisel Bakim > Sağlık / Kişisel Bakım > Sağlık Ürünleri > Kulak Temizleme Ürünleri"
26012171,26012170,Tens Cihazı,https://www.hepsiburada.com/tens-cihazlari-c-26012171,4,"Kozmetik, Kisisel Bakim > Sağlık / Kişisel Bakım > Sağlık Ürünleri > Tens Cihazı"
80381019,26012170,Ter Önleyici Pedler,https://www.hepsiburada.com/ter-onleyici-pedler-c-80381019,4,"Kozmetik, Kisisel Bakim > Sağlık / Kişisel Bakım > Sağlık Ürünleri > Ter Önleyici Pedler"
26012188,26012170,Termoforlar Ve Isıtma Ürünleri,https://www.hepsiburada.com/termoforlar-isitma-urunleri-c-26012188,4,"Kozmetik, Kisisel Bakim > Sağlık / Kişisel Bakım > Sağlık Ürünleri > Termoforlar Ve Isıtma Ürünleri"
354033,354020,Amino Asit (BCAA),https://www.hepsiburada.com/amino-asitler-c-354033,4,"Kozmetik, Kisisel Bakim > Sağlık / Kişisel Bakım > Sporcu Besinleri & Suplementer > Amino Asit (BCAA)"
27030998,354020,Karbonhidrat (Mass Gainer),https://www.hepsiburada.com/karbonhidrat-mass-gainer-c-27030998,4,"Kozmetik, Kisisel Bakim > Sağlık / Kişisel Bakım > Sporcu Besinleri & Suplementer > Karbonhidrat (Mass Gainer)"
354054,354020,Kreatin,https://www.hepsiburada.com/kreatinler-c-354054,4,"Kozmetik, Kisisel Bakim > Sağlık / Kişisel Bakım > Sporcu Besinleri & Suplementer > Kreatin"
354265,354020,L-Karnitin (CLA),https://www.hepsiburada.com/l-karnitinler-c-354265,4,"Kozmetik, Kisisel Bakim > Sağlık / Kişisel Bakım > Sporcu Besinleri & Suplementer > L-Karnitin (CLA)"
354041,354020,Protein Tozu,https://www.hepsiburada.com/protein-tozlari-c-354041,4,"Kozmetik, Kisisel Bakim > Sağlık / Kişisel Bakım > Sporcu Besinleri & Suplementer > Protein Tozu"
80381017,80381011,Anal Oyuncaklar & Fantezi Ürünler,https://www.hepsiburada.com/anal-oyuncaklar-fantezi-urunler-c-80381017,4,"Kozmetik, Kisisel Bakim > Sağlık / Kişisel Bakım > Yetişkin Ürünler +18 > Anal Oyuncaklar & Fantezi Ürünler"
80455054,80381011,"Krem, Jel & Yağlar",https://www.hepsiburada.com/krem-jel-yaglar-c-80455054,4,"Kozmetik, Kisisel Bakim > Sağlık / Kişisel Bakım > Yetişkin Ürünler +18 > Krem, Jel & Yağlar"
80381015,80381011,Mastürbatörler,https://www.hepsiburada.com/masturbatorler-c-80381015,4,"Kozmetik, Kisisel Bakim > Sağlık / Kişisel Bakım > Yetişkin Ürünler +18 > Mastürbatörler"
80381016,80381011,Penis Kılıfları & Halkalar,https://www.hepsiburada.com/penis-kiliflari-halkalar-c-80381016,4,"Kozmetik, Kisisel Bakim > Sağlık / Kişisel Bakım > Yetişkin Ürünler +18 > Penis Kılıfları & Halkalar"
80381012,80381011,Penis Pompaları,https://www.hepsiburada.com/penis-pompalari-c-80381012,4,"Kozmetik, Kisisel Bakim > Sağlık / Kişisel Bakım > Yetişkin Ürünler +18 > Penis Pompaları"
26012197,80381011,Strapon & Belden Bağlamalı Ürünler,https://www.hepsiburada.com/cinsel-urunler-c-26012197,4,"Kozmetik, Kisisel Bakim > Sağlık / Kişisel Bakım > Yetişkin Ürünler +18 > Strapon & Belden Bağlamalı Ürünler"
80381014,80381011,Vibratör & Dildolar,https://www.hepsiburada.com/vibrator-dildolar-c-80381014,4,"Kozmetik, Kisisel Bakim > Sağlık / Kişisel Bakım > Yetişkin Ürünler +18 > Vibratör & Dildolar"
80381013,80381011,Şişme Bebek & Realistik Mankenler,https://www.hepsiburada.com/sisme-bebek-realistik-mankenler-c-80381013,4,"Kozmetik, Kisisel Bakim > Sağlık / Kişisel Bakım > Yetişkin Ürünler +18 > Şişme Bebek & Realistik Mankenler"
80857188,26012117,Elektrikli Diş Fırçası,https://www.hepsiburada.com/elektrikli-dis-fircasi-c-80857188,4,"Kozmetik, Kisisel Bakim > Sağlık / Kişisel Bakım > dis fircalari > Elektrikli Diş Fırçası"
80857191,26012117,Fırça Kabı,https://www.hepsiburada.com/firca-kabi-c-80857191,4,"Kozmetik, Kisisel Bakim > Sağlık / Kişisel Bakım > dis fircalari > Fırça Kabı"
80857189,26012117,Manuel Diş Fırçası,https://www.hepsiburada.com/manuel-dis-fircasi-c-80857189,4,"Kozmetik, Kisisel Bakim > Sağlık / Kişisel Bakım > dis fircalari > Manuel Diş Fırçası"
80857190,26012117,Yedek Başlık,https://www.hepsiburada.com/yedek-baslik-c-80857190,4,"Kozmetik, Kisisel Bakim > Sağlık / Kişisel Bakım > dis fircalari > Yedek Başlık"
32010928,32010888,Ayak Bakım Ürünleri,https://www.hepsiburada.com/ayak-bakim-kremleri-c-32010928,4,"Kozmetik, Kisisel Bakim > Sağlık / Kişisel Bakım > el tirnak bakim urunleri > Ayak Bakım Ürünleri"
80216056,26012146,Ağda Bandı,https://www.hepsiburada.com/agda-bandi-c-80216056,4,"Kozmetik, Kisisel Bakim > agda makinesi > agda epilasyon sonrasi bakim urunleri > Ağda Bandı"
80216057,26012146,Ağda Bezi,https://www.hepsiburada.com/agda-bezi-c-80216057,4,"Kozmetik, Kisisel Bakim > agda makinesi > agda epilasyon sonrasi bakim urunleri > Ağda Bezi"
80216055,26012146,Roll-On Ağda,https://www.hepsiburada.com/roll-on-agda-c-80216055,4,"Kozmetik, Kisisel Bakim > agda makinesi > agda epilasyon sonrasi bakim urunleri > Roll-On Ağda"
32010906,32010891,Krem/Süt,https://www.hepsiburada.com/temizleyici-kremler-sutler-c-32010906,4,"Kozmetik, Kisisel Bakim > jel sabunlar > Temizleyiciler Tonikler > Krem/Süt"
32010908,32010891,Köpük,https://www.hepsiburada.com/temizleyici-kopukler-c-32010908,4,"Kozmetik, Kisisel Bakim > jel sabunlar > Temizleyiciler Tonikler > Köpük"
32010910,32010891,Temizleyici Mendiller ve Bantlar,https://www.hepsiburada.com/temizleyici-mendiller-bantlar-c-32010910,4,"Kozmetik, Kisisel Bakim > jel sabunlar > Temizleyiciler Tonikler > Temizleyici Mendiller ve Bantlar"
32010909,32010891,Tonikler,https://www.hepsiburada.com/tonikler-c-32010909,4,"Kozmetik, Kisisel Bakim > jel sabunlar > Temizleyiciler Tonikler > Tonikler"
32010987,32010965,Eyeliner,https://www.hepsiburada.com/eyeliner-c-32010987,4,"Kozmetik, Kisisel Bakim > mascaralar > Göz Makyajı Ürünleri > Eyeliner"
32010984,32010965,Göz Farı,https://www.hepsiburada.com/goz-farlari-c-32010984,4,"Kozmetik, Kisisel Bakim > mascaralar > Göz Makyajı Ürünleri > Göz Farı"
32010985,32010965,Göz Kalemi,https://www.hepsiburada.com/goz-kalemleri-c-32010985,4,"Kozmetik, Kisisel Bakim > mascaralar > Göz Makyajı Ürünleri > Göz Kalemi"
32010991,32010965,Göz Makyaj Temizleyicileri,https://www.hepsiburada.com/goz-makyaji-temizleyicileri-c-32010991,4,"Kozmetik, Kisisel Bakim > mascaralar > Göz Makyajı Ürünleri > Göz Makyaj Temizleyicileri"
32010990,32010965,Kapatıcılar,https://www.hepsiburada.com/kapaticilar-c-32010990,4,"Kozmetik, Kisisel Bakim > mascaralar > Göz Makyajı Ürünleri > Kapatıcılar"
32010989,32010965,Kaş Makyajı,https://www.hepsiburada.com/kas-makyaji-urunleri-c-32010989,4,"Kozmetik, Kisisel Bakim > mascaralar > Göz Makyajı Ürünleri > Kaş Makyajı"
32010988,32010965,Takma Kirpikler,https://www.hepsiburada.com/takma-kirpikler-c-32010988,4,"Kozmetik, Kisisel Bakim > mascaralar > Göz Makyajı Ürünleri > Takma Kirpikler"
32010897,32010885,Akne / Gözenek Kontrolü,https://www.hepsiburada.com/akne-gozenek-kontrolu-c-32010897,4,"Kozmetik, Kisisel Bakim > nemlendiriciler > Yüz Bakım Ürünleri > Akne / Gözenek Kontrolü"
32010899,32010885,Boyun ve Dekolte Bakımı,https://www.hepsiburada.com/boyun-dekolte-bakim-urunleri-c-32010899,4,"Kozmetik, Kisisel Bakim > nemlendiriciler > Yüz Bakım Ürünleri > Boyun ve Dekolte Bakımı"
32010892,32010885,Peeling Ürünleri,https://www.hepsiburada.com/yuz-icin-arindirici-olu-hucre-temizleyiciler-c-32010892,4,"Kozmetik, Kisisel Bakim > nemlendiriciler > Yüz Bakım Ürünleri > Peeling Ürünleri"
32010896,32010885,anti aging kirisiklik karsitlari,https://www.hepsiburada.com/anti-aging-kirisiklik-karsitlari-c-32010896,4,"Kozmetik, Kisisel Bakim > nemlendiriciler > Yüz Bakım Ürünleri > anti aging kirisiklik karsitlari"
32010898,32010885,koyu leke cilt tonu dengeleyiciler,https://www.hepsiburada.com/koyu-leke-cilt-tonu-dengeleyiciler-c-32010898,4,"Kozmetik, Kisisel Bakim > nemlendiriciler > Yüz Bakım Ürünleri > koyu leke cilt tonu dengeleyiciler"
80268078,32010885,yuz temizleme cihazi,https://www.hepsiburada.com/yuz-temizleme-cihazi-c-80268078,4,"Kozmetik, Kisisel Bakim > nemlendiriciler > Yüz Bakım Ürünleri > yuz temizleme cihazi"
32010685,32010683,Parfüm,https://www.hepsiburada.com/erkek-parfumleri-c-32010685,4,"Kozmetik, Kisisel Bakim > parfumler > Erkek Parfüm > Parfüm"
32010689,32010683,Parfüm Deodorantlar,https://www.hepsiburada.com/erkek-deodorantlar-c-32010689,4,"Kozmetik, Kisisel Bakim > parfumler > Erkek Parfüm > Parfüm Deodorantlar"
32010688,32010683,Setler,https://www.hepsiburada.com/erkek-parfum-setleri-c-32010688,4,"Kozmetik, Kisisel Bakim > parfumler > Erkek Parfüm > Setler"
32010686,32010684,Parfüm,https://www.hepsiburada.com/bayan-parfum-c-32010686,4,"Kozmetik, Kisisel Bakim > parfumler > Kadın Parfüm > Parfüm"
32010690,32010684,Parfüm Deodorantlar,https://www.hepsiburada.com/kadin-deodorantlar-c-32010690,4,"Kozmetik, Kisisel Bakim > parfumler > Kadın Parfüm > Parfüm Deodorantlar"
32010687,32010684,Setler,https://www.hepsiburada.com/bayan-parfum-setleri-c-32010687,4,"Kozmetik, Kisisel Bakim > parfumler > Kadın Parfüm > Setler"
80519118,32010684,Vücut Spreyi & Parfümü,https://www.hepsiburada.com/vucut-spreyi-parfumu-c-80519118,4,"Kozmetik, Kisisel Bakim > parfumler > Kadın Parfüm > Vücut Spreyi & Parfümü"
32010930,32010925,Vücut Losyon ve Kremleri,https://www.hepsiburada.com/vucut-losyon-kremleri-c-32010930,4,"Kozmetik, Kisisel Bakim > parfumler > vucut nemlendiriciler > Vücut Losyon ve Kremleri"
32010932,32010925,Vücut Yağları,https://www.hepsiburada.com/vucut-yaglari-c-32010932,4,"Kozmetik, Kisisel Bakim > parfumler > vucut nemlendiriciler > Vücut Yağları"
80079038,6000694,Akıllı Ev & Yaşam,https://www.hepsiburada.com/akilli-ev-yasam-c-80079038,4,"Kozmetik, Kisisel Bakim > shaker > glutensiz urunler > Akıllı Ev & Yaşam"
60001339,28002842,Organik Sos,https://www.hepsiburada.com/organik-soslar-c-60001339,4,"Kozmetik, Kisisel Bakim > shaker > organik urunler > Organik Sos"
60002522,28002842,Organik Tahıl ve Müsli,https://www.hepsiburada.com/organik-tahil-ezmeleri-ve-musli-c-60002522,4,"Kozmetik, Kisisel Bakim > shaker > organik urunler > Organik Tahıl ve Müsli"
28003124,28002842,Organik Zeytinyağı,https://www.hepsiburada.com/organik-zeytin-zeytinyaglari-c-28003124,4,"Kozmetik, Kisisel Bakim > shaker > organik urunler > Organik Zeytinyağı"
340382,26012361,Batık Cımbızı,https://www.hepsiburada.com/batik-cimbizi-c-340382,4,"Kozmetik, Kisisel Bakim > topuk torpusu > Manikür Pedikür Malzemeleri > Batık Cımbızı"
80216062,26012361,Et Pensi,https://www.hepsiburada.com/et-pensi-c-80216062,4,"Kozmetik, Kisisel Bakim > topuk torpusu > Manikür Pedikür Malzemeleri > Et Pensi"
331260,26012361,Manikür Pensesi,https://www.hepsiburada.com/manikur-pensi-c-331260,4,"Kozmetik, Kisisel Bakim > topuk torpusu > Manikür Pedikür Malzemeleri > Manikür Pensesi"
332305,26012361,Tırnak Fırçası,https://www.hepsiburada.com/tirnak-fircasi-c-332305,4,"Kozmetik, Kisisel Bakim > topuk torpusu > Manikür Pedikür Malzemeleri > Tırnak Fırçası"
80216052,26012147,Tüy Dökücü Köpükler,https://www.hepsiburada.com/tuy-dokucu-kopuk-c-80216052,4,"Kozmetik, Kisisel Bakim > tuy dokucu krem > Tüy Dökücü Sarartıcı Ürünler > Tüy Dökücü Köpükler"
80216051,26012147,Tüy Dökücü Spreyler,https://www.hepsiburada.com/tuy-dokucu-sprey-c-80216051,4,"Kozmetik, Kisisel Bakim > tuy dokucu krem > Tüy Dökücü Sarartıcı Ürünler > Tüy Dökücü Spreyler"
80216053,26012147,Tüy Sarartıcılar,https://www.hepsiburada.com/tuy-sarartici-c-80216053,4,"Kozmetik, Kisisel Bakim > tuy dokucu krem > Tüy Dökücü Sarartıcı Ürünler > Tüy Sarartıcılar"
26012226,26012217,Baldırlıklar,https://www.hepsiburada.com/baldirliklar-c-26012226,4,"Kozmetik, Kisisel Bakim > varis coraplari > Ortopedi Ürünleri > Baldırlıklar"
26012227,26012217,Bileklikler,https://www.hepsiburada.com/ortopedi-bileklikler-c-26012227,4,"Kozmetik, Kisisel Bakim > varis coraplari > Ortopedi Ürünleri > Bileklikler"
26012234,26012217,Destekleyici Ürünler,https://www.hepsiburada.com/destekleyici-urunler-c-26012234,4,"Kozmetik, Kisisel Bakim > varis coraplari > Ortopedi Ürünleri > Destekleyici Ürünler"
26012231,26012217,Kol Askıları,https://www.hepsiburada.com/kol-askilari-c-26012231,4,"Kozmetik, Kisisel Bakim > varis coraplari > Ortopedi Ürünleri > Kol Askıları"
26012232,26012217,Korseler,https://www.hepsiburada.com/korseler-c-26012232,4,"Kozmetik, Kisisel Bakim > varis coraplari > Ortopedi Ürünleri > Korseler"
80383015,23017924,Bebek Bakım ve Sağlık,https://www.hepsiburada.com/bebek-bakim-ve-saglik-c-80383015,4,"Kozmetik, Kisisel Bakim > yara bantlari > bebek temizleme pamugu > Bebek Bakım ve Sağlık"
301160,23017924,Bebek Sağlığı Ürünleri,https://www.hepsiburada.com/bebek-sagligi-urunleri-c-301160,4,"Kozmetik, Kisisel Bakim > yara bantlari > bebek temizleme pamugu > Bebek Sağlığı Ürünleri"
80383021,23017924,bebek yagi,https://www.hepsiburada.com/bebek-yagi-c-80383021,4,"Kozmetik, Kisisel Bakim > yara bantlari > bebek temizleme pamugu > bebek yagi"
301175,23017924,islak mendiller,https://www.hepsiburada.com/islak-mendiller-c-301175,4,"Kozmetik, Kisisel Bakim > yara bantlari > bebek temizleme pamugu > islak mendiller"
60001366,26012179,İlk Yardım Cihazları,https://www.hepsiburada.com/ilk-yardim-cihazlari-c-60001366,4,"Kozmetik, Kisisel Bakim > yara bantlari > İlk Yardim Ürünleri > İlk Yardım Cihazları"
1300248,22007482,GPS Aksesuarları,https://www.hepsiburada.com/gps-aksesuarlari-c-1300248,4,"Spor, Outdoor > Outdoor > GPS & Navigasyon > GPS Aksesuarları"
1303494,22007482,GPS Cihazı (El Tipi),https://www.hepsiburada.com/gps-cihazlari-el-tipi-c-1303494,4,"Spor, Outdoor > Outdoor > GPS & Navigasyon > GPS Cihazı (El Tipi)"
60002032,22007482,Outdoor Şarj Cihazları,https://www.hepsiburada.com/tasinabilir-sarj-cihazlari-c-60002032,4,"Spor, Outdoor > Outdoor > GPS & Navigasyon > Outdoor Şarj Cihazları"
22008494,22003834,Kara Av Malzemeleri,https://www.hepsiburada.com/kara-av-malzemeleri-c-22008494,4,"Spor, Outdoor > Outdoor > Kara & Balık Av Malzemeleri > Kara Av Malzemeleri"
80097023,80096006,Aksesuarlar,https://www.hepsiburada.com/kis-sporlari-aksesuarlari-c-80097023,4,"Spor, Outdoor > Outdoor > Kış Sporları > Aksesuarlar"
80097020,80096006,Kar Yürüyüşü,https://www.hepsiburada.com/kar-yuruyusu-c-80097020,4,"Spor, Outdoor > Outdoor > Kış Sporları > Kar Yürüyüşü"
22001697,80096006,Kayak,https://www.hepsiburada.com/kayak-snowboardlar-c-22001697,4,"Spor, Outdoor > Outdoor > Kış Sporları > Kayak"
1301208,80096006,Kızak & Kızak Aksesuarları,https://www.hepsiburada.com/kizak-kizak-aksesuarlari-c-1301208,4,"Spor, Outdoor > Outdoor > Kış Sporları > Kızak & Kızak Aksesuarları"
60000202,80096006,Snowboard,https://www.hepsiburada.com/snowboard-setleri-c-60000202,4,"Spor, Outdoor > Outdoor > Kış Sporları > Snowboard"
363436,22006250,Eldivenler,https://www.hepsiburada.com/outdoor-eldivenler-c-363436,4,"Spor, Outdoor > Outdoor > Outdoor Giyim-Ayakkabı > Eldivenler"
1302724,22006250,Gömlekler,https://www.hepsiburada.com/gomlekler-c-1302724,4,"Spor, Outdoor > Outdoor > Outdoor Giyim-Ayakkabı > Gömlekler"
22007585,22006250,Kemerler,https://www.hepsiburada.com/outdoor-kemerler-c-22007585,4,"Spor, Outdoor > Outdoor > Outdoor Giyim-Ayakkabı > Kemerler"
60000237,22006250,Outdoor Gözlükler,https://www.hepsiburada.com/outdoor-gozlukler-c-60000237,4,"Spor, Outdoor > Outdoor > Outdoor Giyim-Ayakkabı > Outdoor Gözlükler"
1300379,22006250,Outdoor Kol Saati,https://www.hepsiburada.com/outdoor-kol-saatleri-c-1300379,4,"Spor, Outdoor > Outdoor > Outdoor Giyim-Ayakkabı > Outdoor Kol Saati"
22003833,22006250,Softshell ve Polar,https://www.hepsiburada.com/spor-outdoor-softshell-polar-c-22003833,4,"Spor, Outdoor > Outdoor > Outdoor Giyim-Ayakkabı > Softshell ve Polar"
80812006,22006250,T-Shirt,https://www.hepsiburada.com/t-shirt-c-80812006,4,"Spor, Outdoor > Outdoor > Outdoor Giyim-Ayakkabı > T-Shirt"
1302822,22006250,Termal İç Giyim,https://www.hepsiburada.com/outdoor-termal-ic-giyim-urunleri-c-1302822,4,"Spor, Outdoor > Outdoor > Outdoor Giyim-Ayakkabı > Termal İç Giyim"
1302195,22006250,Yelken Giyim & Aksesuar,https://www.hepsiburada.com/yelken-giyim-aksesuarlari-c-1302195,4,"Spor, Outdoor > Outdoor > Outdoor Giyim-Ayakkabı > Yelken Giyim & Aksesuar"
379419,22006250,mont kabanlar,https://www.hepsiburada.com/mont-kabanlar-c-379419,4,"Spor, Outdoor > Outdoor > Outdoor Giyim-Ayakkabı > mont kabanlar"
1301400,22006250,Şapkalar,https://www.hepsiburada.com/outdoor-sapkalar-c-1301400,4,"Spor, Outdoor > Outdoor > Outdoor Giyim-Ayakkabı > Şapkalar"
22014181,80678116,Spotting Scope,https://www.hepsiburada.com/spotting-scope-c-22014181,4,"Spor, Outdoor > Outdoor > Outdoor Optik > Spotting Scope"
22013995,22004138,Can Simitleri ve Aksesuarları,https://www.hepsiburada.com/can-simitleri-aksesuarlari-c-22013995,4,"Spor, Outdoor > Outdoor > Tekne & Tekne Malzemeleri > Can Simitleri ve Aksesuarları"
60001271,22004138,Marin Giyim,https://www.hepsiburada.com/marin-giyim-urunleri-c-60001271,4,"Spor, Outdoor > Outdoor > Tekne & Tekne Malzemeleri > Marin Giyim"
60001102,22004138,Su Sporu,https://www.hepsiburada.com/su-sporu-c-60001102,4,"Spor, Outdoor > Outdoor > Tekne & Tekne Malzemeleri > Su Sporu"
60005519,22004138,Tekne,https://www.hepsiburada.com/tekneler-c-60005519,4,"Spor, Outdoor > Outdoor > Tekne & Tekne Malzemeleri > Tekne"
22005409,22004138,Tekne Aksesuarları,https://www.hepsiburada.com/tekne-aksesuarlari-c-22005409,4,"Spor, Outdoor > Outdoor > Tekne & Tekne Malzemeleri > Tekne Aksesuarları"
22005106,22004138,Tekne Aydınlatma,https://www.hepsiburada.com/tekne-aydinlatmalari-c-22005106,4,"Spor, Outdoor > Outdoor > Tekne & Tekne Malzemeleri > Tekne Aydınlatma"
1302510,22004138,Tekne Bakımı,https://www.hepsiburada.com/tekne-bakim-urunleri-c-1302510,4,"Spor, Outdoor > Outdoor > Tekne & Tekne Malzemeleri > Tekne Bakımı"
1300208,22004138,Tekne Motoru,https://www.hepsiburada.com/tekne-motorlari-c-1300208,4,"Spor, Outdoor > Outdoor > Tekne & Tekne Malzemeleri > Tekne Motoru"
60001055,22004138,Tekne Teknik Ekipman & Parçalar,https://www.hepsiburada.com/tekne-teknik-ekipman-parcalar-c-60001055,4,"Spor, Outdoor > Outdoor > Tekne & Tekne Malzemeleri > Tekne Teknik Ekipman & Parçalar"
60001096,22004138,Tekne Tipi Soğutucular,https://www.hepsiburada.com/tekne-tipi-buzdolaplari-c-60001096,4,"Spor, Outdoor > Outdoor > Tekne & Tekne Malzemeleri > Tekne Tipi Soğutucular"
22005093,22004138,Tuvalet ve Mutfak,https://www.hepsiburada.com/tekne-tuvalet-mutfak-urunleri-c-22005093,4,"Spor, Outdoor > Outdoor > Tekne & Tekne Malzemeleri > Tuvalet ve Mutfak"
22016101,22004138,Yakıt Katkıları,https://www.hepsiburada.com/tekne-yakit-katkilari-c-22016101,4,"Spor, Outdoor > Outdoor > Tekne & Tekne Malzemeleri > Yakıt Katkıları"
22001931,22004138,Zodyak Bot,https://www.hepsiburada.com/zodyak-botlar-c-22001931,4,"Spor, Outdoor > Outdoor > Tekne & Tekne Malzemeleri > Zodyak Bot"
22004527,19102,2 kisilik cadirlar,https://www.hepsiburada.com/2-kisilik-cadirlar-c-22004527,4,"Spor, Outdoor > Outdoor > cadirlar > 2 kisilik cadirlar"
1307141,19102,3 Kişilik Çadır,https://www.hepsiburada.com/3-kisilik-cadirlar-c-1307141,4,"Spor, Outdoor > Outdoor > cadirlar > 3 Kişilik Çadır"
367230,19102,4 Kişilik Çadır,https://www.hepsiburada.com/4-kisilik-cadirlar-c-367230,4,"Spor, Outdoor > Outdoor > cadirlar > 4 Kişilik Çadır"
22004504,19102,5+ Kişilik Çadır,https://www.hepsiburada.com/5-kisilik-cadirlar-c-22004504,4,"Spor, Outdoor > Outdoor > cadirlar > 5+ Kişilik Çadır"
353100,19102,tek kisilik cadirlar,https://www.hepsiburada.com/tek-kisilik-cadirlar-c-353100,4,"Spor, Outdoor > Outdoor > cadirlar > tek kisilik cadirlar"
1307140,19102,Çadır Aksesuarları,https://www.hepsiburada.com/cadir-aksesuarlari-c-1307140,4,"Spor, Outdoor > Outdoor > cadirlar > Çadır Aksesuarları"
352930,19102,Çadır Brandası,https://www.hepsiburada.com/cadir-brandalari-c-352930,4,"Spor, Outdoor > Outdoor > cadirlar > Çadır Brandası"
80571189,1800549,Bebek Su Aktivite Ürünleri,https://www.hepsiburada.com/bebek-su-aktivite-urunleri-c-80571189,4,"Spor, Outdoor > Outdoor > Şişme Su Aktivite Ürünleri > Bebek Su Aktivite Ürünleri"
1304543,1800549,Deniz Kolluğu,https://www.hepsiburada.com/deniz-kolluklari-c-1304543,4,"Spor, Outdoor > Outdoor > Şişme Su Aktivite Ürünleri > Deniz Kolluğu"
1300146,1800549,Deniz Simidi,https://www.hepsiburada.com/deniz-simitleri-c-1300146,4,"Spor, Outdoor > Outdoor > Şişme Su Aktivite Ürünleri > Deniz Simidi"
1300771,1800549,Deniz Topu,https://www.hepsiburada.com/deniz-toplari-c-1300771,4,"Spor, Outdoor > Outdoor > Şişme Su Aktivite Ürünleri > Deniz Topu"
1302447,1800549,Pompa & Aksesuarlar,https://www.hepsiburada.com/pompa-aksesuarlar-c-1302447,4,"Spor, Outdoor > Outdoor > Şişme Su Aktivite Ürünleri > Pompa & Aksesuarlar"
60005721,27026003,ATV Motor,https://www.hepsiburada.com/atv-motor-c-60005721,4,"Spor, Outdoor > Spor / Fitness > Bisiklet > ATV Motor"
19234,27026003,BMX Bisiklet,https://www.hepsiburada.com/bmx-bisikletler-c-19234,4,"Spor, Outdoor > Spor / Fitness > Bisiklet > BMX Bisiklet"
27064236,27026003,Bisiklet Aksesuar ve Parçaları,https://www.hepsiburada.com/bisiklet-aksesuarlari-parcalari-c-27064236,4,"Spor, Outdoor > Spor / Fitness > Bisiklet > Bisiklet Aksesuar ve Parçaları"
80834000,27026003,Elektrikli Bisiklet Yedek Parça & Aksesuar,https://www.hepsiburada.com/elektirikli-bisiklet-yedek-parca-aksesuar-c-80834000,4,"Spor, Outdoor > Spor / Fitness > Bisiklet > Elektrikli Bisiklet Yedek Parça & Aksesuar"
370963,27026003,Giyim,https://www.hepsiburada.com/bisiklet-giyim-urunleri-c-370963,4,"Spor, Outdoor > Spor / Fitness > Bisiklet > Giyim"
60003468,27026003,Yedek Parça & Bakım,https://www.hepsiburada.com/bisiklet-yedek-parcalari-c-60003468,4,"Spor, Outdoor > Spor / Fitness > Bisiklet > Yedek Parça & Bakım"
1801018,27026003,Yol Yarış Bisikleti,https://www.hepsiburada.com/yol-yaris-bisikletleri-c-1801018,4,"Spor, Outdoor > Spor / Fitness > Bisiklet > Yol Yarış Bisikleti"
367159,27026003,Şehir Bisikleti,https://www.hepsiburada.com/sehir-bisikletleri-c-367159,4,"Spor, Outdoor > Spor / Fitness > Bisiklet > Şehir Bisikleti"
60000050,353044,Atletizm Ürünleri,https://www.hepsiburada.com/atletizm-urunleri-c-60000050,4,"Spor, Outdoor > Spor / Fitness > Spor Branşları > Atletizm Ürünleri"
19032,353044,Badminton,https://www.hepsiburada.com/badminton-urunleri-c-19032,4,"Spor, Outdoor > Spor / Fitness > Spor Branşları > Badminton"
80563063,353044,Bale,https://www.hepsiburada.com/bale-urunleri-c-80563063,4,"Spor, Outdoor > Spor / Fitness > Spor Branşları > Bale"
19051,353044,Beyzbol,https://www.hepsiburada.com/beyzbol-urunleri-c-19051,4,"Spor, Outdoor > Spor / Fitness > Spor Branşları > Beyzbol"
373970,353044,Bilardo,https://www.hepsiburada.com/bilardo-c-373970,4,"Spor, Outdoor > Spor / Fitness > Spor Branşları > Bilardo"
378441,353044,Binicilik,https://www.hepsiburada.com/binicilik-malzemeleri-c-378441,4,"Spor, Outdoor > Spor / Fitness > Spor Branşları > Binicilik"
60005633,353044,Buz Hokeyi,https://www.hepsiburada.com/buz-hokeyi-c-60005633,4,"Spor, Outdoor > Spor / Fitness > Spor Branşları > Buz Hokeyi"
19264,353044,Dart,https://www.hepsiburada.com/dart-urunleri-c-19264,4,"Spor, Outdoor > Spor / Fitness > Spor Branşları > Dart"
80081035,353044,Eskrim,https://www.hepsiburada.com/eskrim-c-80081035,4,"Spor, Outdoor > Spor / Fitness > Spor Branşları > Eskrim"
60002121,353044,Golf,https://www.hepsiburada.com/golf-c-60002121,4,"Spor, Outdoor > Spor / Fitness > Spor Branşları > Golf"
60006220,353044,Hemsball,https://www.hepsiburada.com/hemsball-c-60006220,4,"Spor, Outdoor > Spor / Fitness > Spor Branşları > Hemsball"
377531,353044,Hentbol,https://www.hepsiburada.com/hentbol-urunleri-c-377531,4,"Spor, Outdoor > Spor / Fitness > Spor Branşları > Hentbol"
27086183,353044,Jimnastik,https://www.hepsiburada.com/jimnastik-malzemeleri-c-27086183,4,"Spor, Outdoor > Spor / Fitness > Spor Branşları > Jimnastik"
80770000,353044,Jonglör,https://www.hepsiburada.com/jonglor-c-80770000,4,"Spor, Outdoor > Spor / Fitness > Spor Branşları > Jonglör"
27019227,353044,Kayak - Snowboard,https://www.hepsiburada.com/kayak-snowboard-urunleri-c-27019227,4,"Spor, Outdoor > Spor / Fitness > Spor Branşları > Kayak - Snowboard"
19070,353044,Kupalar ve Madalyalar,https://www.hepsiburada.com/kupalar-madalyalar-c-19070,4,"Spor, Outdoor > Spor / Fitness > Spor Branşları > Kupalar ve Madalyalar"
80857365,353044,Körling Ekipmanları,https://www.hepsiburada.com/korling-ekipmanlari-c-80857365,4,"Spor, Outdoor > Spor / Fitness > Spor Branşları > Körling Ekipmanları"
366047,353044,Masa Futbolu (Langırt),https://www.hepsiburada.com/masa-futbolu-langirt-c-366047,4,"Spor, Outdoor > Spor / Fitness > Spor Branşları > Masa Futbolu (Langırt)"
19006,353044,Masa Tenisi,https://www.hepsiburada.com/masa-tenisi-c-19006,4,"Spor, Outdoor > Spor / Fitness > Spor Branşları > Masa Tenisi"
19036,353044,Squash,https://www.hepsiburada.com/squash-urunleri-c-19036,4,"Spor, Outdoor > Spor / Fitness > Spor Branşları > Squash"
19005,353044,Tenis,https://www.hepsiburada.com/tenis-urunleri-c-19005,4,"Spor, Outdoor > Spor / Fitness > Spor Branşları > Tenis"
80832000,353044,Triatlon,https://www.hepsiburada.com/triatlon-c-80832000,4,"Spor, Outdoor > Spor / Fitness > Spor Branşları > Triatlon"
19053,353044,Uzakdoğu Sporları,https://www.hepsiburada.com/uzakdogu-sporlari-c-19053,4,"Spor, Outdoor > Spor / Fitness > Spor Branşları > Uzakdoğu Sporları"
19004,353044,Voleybol,https://www.hepsiburada.com/voleybol-urunleri-c-19004,4,"Spor, Outdoor > Spor / Fitness > Spor Branşları > Voleybol"
20029253,353044,kasklar,https://www.hepsiburada.com/kasklar-c-20029253,4,"Spor, Outdoor > Spor / Fitness > Spor Branşları > kasklar"
19274,353044,koruyucu ekipmanlar,https://www.hepsiburada.com/koruyucu-ekipmanlar-c-19274,4,"Spor, Outdoor > Spor / Fitness > Spor Branşları > koruyucu ekipmanlar"
60006183,27007679,Anadolu Efes,https://www.hepsiburada.com/anadolu-efes-c-60006183,4,"Spor, Outdoor > Spor / Fitness > Taraftar Ürünleri > Anadolu Efes"
80857070,27007679,Samsunspor,https://www.hepsiburada.com/samsunspor-c-80857070,4,"Spor, Outdoor > Spor / Fitness > Taraftar Ürünleri > Samsunspor"
60000315,27007679,Taraftar Aksesuarları,https://www.hepsiburada.com/taraftar-aksesuarlari-c-60000315,4,"Spor, Outdoor > Spor / Fitness > Taraftar Ürünleri > Taraftar Aksesuarları"
22001915,27007679,bereler,https://www.hepsiburada.com/bereler-c-22001915,4,"Spor, Outdoor > Spor / Fitness > Taraftar Ürünleri > bereler"
27060580,27007679,futbol formalari,https://www.hepsiburada.com/futbol-formalari-c-27060580,4,"Spor, Outdoor > Spor / Fitness > Taraftar Ürünleri > futbol formalari"
355454,60004761,Ağırlık Sehpaları,https://www.hepsiburada.com/agirlik-sehpalari-c-355454,4,"Spor, Outdoor > Spor / Fitness > Vücut Geliştirme Aletleri > Ağırlık Sehpaları"
80857621,60004761,Dambıl & Ağırlık Standı,https://www.hepsiburada.com/dambil-agirlik-standi-c-80857621,4,"Spor, Outdoor > Spor / Fitness > Vücut Geliştirme Aletleri > Dambıl & Ağırlık Standı"
367341,60004761,Fitwear (Giyim),https://www.hepsiburada.com/fitwear-giyim-urunleri-c-367341,4,"Spor, Outdoor > Spor / Fitness > Vücut Geliştirme Aletleri > Fitwear (Giyim)"
355451,60004761,Kürek,https://www.hepsiburada.com/kurek-cekme-spor-aletleri-c-355451,4,"Spor, Outdoor > Spor / Fitness > Vücut Geliştirme Aletleri > Kürek"
355457,60004761,Çalışma İstasyonları,https://www.hepsiburada.com/calisma-istasyonlari-c-355457,4,"Spor, Outdoor > Spor / Fitness > Vücut Geliştirme Aletleri > Çalışma İstasyonları"
387326,387327,Barlar ve Plakalar,https://www.hepsiburada.com/barlar-plakalar-c-387326,4,"Spor, Outdoor > Spor / Fitness > dambillar agirlik plakalari > Barlar ve Plakalar"
384436,387327,Demir Dambıl Setler,https://www.hepsiburada.com/demir-dambil-setler-c-384436,4,"Spor, Outdoor > Spor / Fitness > dambillar agirlik plakalari > Demir Dambıl Setler"
60004344,387327,Kettlebell,https://www.hepsiburada.com/kettlebell-c-60004344,4,"Spor, Outdoor > Spor / Fitness > dambillar agirlik plakalari > Kettlebell"
387331,387327,Vinyl ve Plastik Dambıllar,https://www.hepsiburada.com/vinyl-plastik-dambillar-c-387331,4,"Spor, Outdoor > Spor / Fitness > dambillar agirlik plakalari > Vinyl ve Plastik Dambıllar"
19040,19002,Basketbol Aksesuarları,https://www.hepsiburada.com/basketbol-aksesuarlari-c-19040,4,"Spor, Outdoor > basketbol toplari > Basketbol Ürünleri > Basketbol Aksesuarları"
403006,19002,Basketbol Ayakkabıları,https://www.hepsiburada.com/basketbol-ayakkabilari-c-403006,4,"Spor, Outdoor > basketbol toplari > Basketbol Ürünleri > Basketbol Ayakkabıları"
27031874,19002,Basketbol Giyim,https://www.hepsiburada.com/basketbol-giyim-urunleri-c-27031874,4,"Spor, Outdoor > basketbol toplari > Basketbol Ürünleri > Basketbol Giyim"
9010411,9010094,Zemin Koruyucular,https://www.hepsiburada.com/zemin-koruyucular-c-9010411,4,"Spor, Outdoor > basketbol toplari > kaucuk kapi onu paspaslari > Zemin Koruyucular"
205351,60000163,Abiye Çanta,https://www.hepsiburada.com/abiye-canta-c-205351,4,"Spor, Outdoor > bavullar valizler > bayan cantalari > Abiye Çanta"
60000809,60000163,Bel Çantası,https://www.hepsiburada.com/bayan-bel-cantalari-c-60000809,4,"Spor, Outdoor > bavullar valizler > bayan cantalari > Bel Çantası"
60003895,60000163,Clutch,https://www.hepsiburada.com/bayan-clutch-c-60003895,4,"Spor, Outdoor > bavullar valizler > bayan cantalari > Clutch"
60000164,60000163,Cüzdan,https://www.hepsiburada.com/bayan-cuzdanlar-c-60000164,4,"Spor, Outdoor > bavullar valizler > bayan cantalari > Cüzdan"
60003948,60000163,Kartlık Cüzdan,https://www.hepsiburada.com/kartlik-cuzdan-c-60003948,4,"Spor, Outdoor > bavullar valizler > bayan cantalari > Kartlık Cüzdan"
60003899,60000163,Makyaj Çantası,https://www.hepsiburada.com/makyaj-cantalari-c-60003899,4,"Spor, Outdoor > bavullar valizler > bayan cantalari > Makyaj Çantası"
60000806,60000163,Omuz Çantası,https://www.hepsiburada.com/bayan-omuz-cantasi-c-60000806,4,"Spor, Outdoor > bavullar valizler > bayan cantalari > Omuz Çantası"
60005715,60000163,Portföy Çanta,https://www.hepsiburada.com/portfoy-canta-c-60005715,4,"Spor, Outdoor > bavullar valizler > bayan cantalari > Portföy Çanta"
60000145,60000163,Seyahat Çantası,https://www.hepsiburada.com/bayan-seyahat-cantalari-c-60000145,4,"Spor, Outdoor > bavullar valizler > bayan cantalari > Seyahat Çantası"
60003938,60000163,Valiz Kılıfı,https://www.hepsiburada.com/bayan-valiz-kiliflari-c-60003938,4,"Spor, Outdoor > bavullar valizler > bayan cantalari > Valiz Kılıfı"
60000165,60000163,Çanta,https://www.hepsiburada.com/kadin-cantalari-c-60000165,4,"Spor, Outdoor > bavullar valizler > bayan cantalari > Çanta"
60007465,60000163,Çapraz Çanta,https://www.hepsiburada.com/capraz-canta-c-60007465,4,"Spor, Outdoor > bavullar valizler > bayan cantalari > Çapraz Çanta"
60001104,60003896,Aksesuar,https://www.hepsiburada.com/erkek-aksesuarlari-c-60001104,4,"Spor, Outdoor > bavullar valizler > erkek cantalar > Aksesuar"
60005616,60003896,Bel Çantası,https://www.hepsiburada.com/erkek-bel-cantalari-c-60005616,4,"Spor, Outdoor > bavullar valizler > erkek cantalar > Bel Çantası"
60003897,60003896,El Çantası,https://www.hepsiburada.com/erkek-el-cantalari-c-60003897,4,"Spor, Outdoor > bavullar valizler > erkek cantalar > El Çantası"
60000109,60003896,Evrak Çantası,https://www.hepsiburada.com/evrak-cantasi-c-60000109,4,"Spor, Outdoor > bavullar valizler > erkek cantalar > Evrak Çantası"
60003985,60003896,Kartlık,https://www.hepsiburada.com/erkek-kartliklar-c-60003985,4,"Spor, Outdoor > bavullar valizler > erkek cantalar > Kartlık"
60005617,60003896,Omuz Çantası,https://www.hepsiburada.com/omuz-cantasi-c-60005617,4,"Spor, Outdoor > bavullar valizler > erkek cantalar > Omuz Çantası"
60003901,60003896,Postacı Çantası,https://www.hepsiburada.com/postaci-cantalari-c-60003901,4,"Spor, Outdoor > bavullar valizler > erkek cantalar > Postacı Çantası"
60003967,60003896,Seyahat,https://www.hepsiburada.com/erkek-seyahat-cantalar-c-60003967,4,"Spor, Outdoor > bavullar valizler > erkek cantalar > Seyahat"
60000110,60003896,Spor Çanta,https://www.hepsiburada.com/erkek-spor-cantalar-c-60000110,4,"Spor, Outdoor > bavullar valizler > erkek cantalar > Spor Çanta"
60000108,60003896,Sırt Çantası,https://www.hepsiburada.com/erkek-sirt-cantalari-c-60000108,4,"Spor, Outdoor > bavullar valizler > erkek cantalar > Sırt Çantası"
60003984,60003896,erkek cuzdanlar,https://www.hepsiburada.com/erkek-cuzdanlar-c-60003984,4,"Spor, Outdoor > bavullar valizler > erkek cantalar > erkek cuzdanlar"
80114006,19111,Beşiktaş Eşofman,https://www.hepsiburada.com/besiktas-esofman-c-80114006,4,"Spor, Outdoor > besiktas formalari > Beşiktaş Ürünleri > Beşiktaş Eşofman"
80857373,19111,Sweatshirt,https://www.hepsiburada.com/sweatshirt-c-80857373,4,"Spor, Outdoor > besiktas formalari > Beşiktaş Ürünleri > Sweatshirt"
80857372,19111,T-Shirt,https://www.hepsiburada.com/t-shirt-c-80857372,4,"Spor, Outdoor > besiktas formalari > Beşiktaş Ürünleri > T-Shirt"
80857374,19111,Şort,https://www.hepsiburada.com/sort-c-80857374,4,"Spor, Outdoor > besiktas formalari > Beşiktaş Ürünleri > Şort"
1300938,352914,Cüzdan - Bel ve Omuz Çantaları,https://www.hepsiburada.com/cuzdan-bel-omuz-cantalari-c-1300938,4,"Spor, Outdoor > cocuk bisikletleri > outdoor cantalar > Cüzdan - Bel ve Omuz Çantaları"
1300934,352914,Dağcılık ve Kamp Çantaları,https://www.hepsiburada.com/dagcilik-kamp-cantalari-c-1300934,4,"Spor, Outdoor > cocuk bisikletleri > outdoor cantalar > Dağcılık ve Kamp Çantaları"
1300936,352914,Günlük Sırt Çantası,https://www.hepsiburada.com/sirt-cantasi-c-1300936,4,"Spor, Outdoor > cocuk bisikletleri > outdoor cantalar > Günlük Sırt Çantası"
1300935,352914,Trekking Çantaları,https://www.hepsiburada.com/trekking-cantalari-c-1300935,4,"Spor, Outdoor > cocuk bisikletleri > outdoor cantalar > Trekking Çantaları"
1301350,352914,Çanta Aksesuarları ve Kılıfları,https://www.hepsiburada.com/canta-aksesuarlari-kiliflari-c-1301350,4,"Spor, Outdoor > cocuk bisikletleri > outdoor cantalar > Çanta Aksesuarları ve Kılıfları"
369812,19031,Göğüs Yayı,https://www.hepsiburada.com/gogus-yaylari-c-369812,4,"Spor, Outdoor > direnc lastikleri > Küçük Kondisyon Aletleri > Göğüs Yayı"
376352,19031,Küçük Kondisyon Setler,https://www.hepsiburada.com/kucuk-kondisyon-setler-c-376352,4,"Spor, Outdoor > direnc lastikleri > Küçük Kondisyon Aletleri > Küçük Kondisyon Setler"
369746,19031,Sağlık Topu,https://www.hepsiburada.com/saglik-toplari-c-369746,4,"Spor, Outdoor > direnc lastikleri > Küçük Kondisyon Aletleri > Sağlık Topu"
27075532,27074921,Erkek,https://www.hepsiburada.com/fenerbahce-erkek-urunleri-c-27075532,4,"Spor, Outdoor > fenerbahce yeni sezon formasi > Fenerium > Erkek"
27075569,27074921,Kadın,https://www.hepsiburada.com/fenerium-kadin-c-27075569,4,"Spor, Outdoor > fenerbahce yeni sezon formasi > Fenerium > Kadın"
27075642,27074921,Çocuk,https://www.hepsiburada.com/fenerbahce-cocuk-urunleri-c-27075642,4,"Spor, Outdoor > fenerbahce yeni sezon formasi > Fenerium > Çocuk"
60000210,27078135,Fb Ev,https://www.hepsiburada.com/fenerbahce-ev-urunleri-c-60000210,4,"Spor, Outdoor > fenerbahce yeni sezon formasi > fenerbahce aksesuarlari > Fb Ev"
373486,27078135,Fb Takı Aksesuar,https://www.hepsiburada.com/fenerbahce-taki-aksesuarlari-c-373486,4,"Spor, Outdoor > fenerbahce yeni sezon formasi > fenerbahce aksesuarlari > Fb Takı Aksesuar"
383804,27078135,Fb Toplar,https://www.hepsiburada.com/fenerbahce-toplar-c-383804,4,"Spor, Outdoor > fenerbahce yeni sezon formasi > fenerbahce aksesuarlari > Fb Toplar"
361375,19001,Amerikan Futbol Topları,https://www.hepsiburada.com/amerikan-futbol-toplari-c-361375,4,"Spor, Outdoor > futbol toplari > Futbol Malzemeleri > Amerikan Futbol Topları"
19025,19001,Futbol Aksesuarları,https://www.hepsiburada.com/futbol-aksesuarlari-c-19025,4,"Spor, Outdoor > futbol toplari > Futbol Malzemeleri > Futbol Aksesuarları"
19123,19001,Futbol Şortları,https://www.hepsiburada.com/futbol-sortlari-c-19123,4,"Spor, Outdoor > futbol toplari > Futbol Malzemeleri > Futbol Şortları"
19041,19001,Hakem Malzemeleri,https://www.hepsiburada.com/hakem-malzemeleri-c-19041,4,"Spor, Outdoor > futbol toplari > Futbol Malzemeleri > Hakem Malzemeleri"
19028,19001,Tekmelik - Baldırlık,https://www.hepsiburada.com/tekmelikler-baldirliklar-c-19028,4,"Spor, Outdoor > futbol toplari > Futbol Malzemeleri > Tekmelik - Baldırlık"
362482,19001,Top Pompaları,https://www.hepsiburada.com/top-pompalari-c-362482,4,"Spor, Outdoor > futbol toplari > Futbol Malzemeleri > Top Pompaları"
60000086,403067,erkek coraplar,https://www.hepsiburada.com/erkek-coraplar-c-60000086,4,"Spor, Outdoor > futbol toplari > futbol ayakkabilari > erkek coraplar"
60003917,403067,erkek kramponlar,https://www.hepsiburada.com/erkek-kramponlar-c-60003917,4,"Spor, Outdoor > futbol toplari > futbol ayakkabilari > erkek kramponlar"
80697030,19024,dizlik dirsek bilek koruma,https://www.hepsiburada.com/dizlik-dirsek-bilek-koruma-c-80697030,4,"Spor, Outdoor > futbol toplari > kaleci malzemeleri > dizlik dirsek bilek koruma"
22007483,1307055,Balık Bulucular,https://www.hepsiburada.com/balik-bulucular-c-22007483,4,"Spor, Outdoor > kamis olta takimlari > Balık Av Malzemeleri > Balık Bulucular"
80823000,1307055,Balıkçı Ağları,https://www.hepsiburada.com/balikci-aglari-c-80823000,4,"Spor, Outdoor > kamis olta takimlari > Balık Av Malzemeleri > Balıkçı Ağları"
1800095,1307055,Diğer Yardımcı Malzemeler,https://www.hepsiburada.com/diger-yardimci-malzemeler-c-1800095,4,"Spor, Outdoor > kamis olta takimlari > Balık Av Malzemeleri > Diğer Yardımcı Malzemeler"
22003813,1307055,Fırdöndüler,https://www.hepsiburada.com/firdonduler-c-22003813,4,"Spor, Outdoor > kamis olta takimlari > Balık Av Malzemeleri > Fırdöndüler"
22004258,1307055,Hazır Takımlar ve Çapariler,https://www.hepsiburada.com/hazir-takimlar-capariler-c-22004258,4,"Spor, Outdoor > kamis olta takimlari > Balık Av Malzemeleri > Hazır Takımlar ve Çapariler"
1308605,1307055,Kamış Kılıfı & Makine Çantaları,https://www.hepsiburada.com/kamis-kilifi-makine-cantalari-c-1308605,4,"Spor, Outdoor > kamis olta takimlari > Balık Av Malzemeleri > Kamış Kılıfı & Makine Çantaları"
1307209,1307055,Kamışlar,https://www.hepsiburada.com/kamislar-c-1307209,4,"Spor, Outdoor > kamis olta takimlari > Balık Av Malzemeleri > Kamışlar"
1308203,1307055,Kaşık,https://www.hepsiburada.com/balikci-kasiklari-c-1308203,4,"Spor, Outdoor > kamis olta takimlari > Balık Av Malzemeleri > Kaşık"
1308731,1307055,Kepçeler ve Livarlar,https://www.hepsiburada.com/kepceler-livarlar-c-1308731,4,"Spor, Outdoor > kamis olta takimlari > Balık Av Malzemeleri > Kepçeler ve Livarlar"
22006281,1307055,Kurşunlar,https://www.hepsiburada.com/kursunlar-c-22006281,4,"Spor, Outdoor > kamis olta takimlari > Balık Av Malzemeleri > Kurşunlar"
22016244,1307055,Maket Balıklar ve Suni Yemler,https://www.hepsiburada.com/maket-baliklar-suni-yemler-c-22016244,4,"Spor, Outdoor > kamis olta takimlari > Balık Av Malzemeleri > Maket Balıklar ve Suni Yemler"
1307788,1307055,Misina,https://www.hepsiburada.com/misinalar-c-1307788,4,"Spor, Outdoor > kamis olta takimlari > Balık Av Malzemeleri > Misina"
1307056,1307055,Olta Makineleri,https://www.hepsiburada.com/olta-makineleri-c-1307056,4,"Spor, Outdoor > kamis olta takimlari > Balık Av Malzemeleri > Olta Makineleri"
1309019,1307055,Takım Çantaları,https://www.hepsiburada.com/balikci-takim-cantalari-c-1309019,4,"Spor, Outdoor > kamis olta takimlari > Balık Av Malzemeleri > Takım Çantaları"
1308768,1307055,İğneler,https://www.hepsiburada.com/igneler-c-1308768,4,"Spor, Outdoor > kamis olta takimlari > Balık Av Malzemeleri > İğneler"
22007811,1307055,Şamandıralar,https://www.hepsiburada.com/balik-av-samandiralar-c-22007811,4,"Spor, Outdoor > kamis olta takimlari > Balık Av Malzemeleri > Şamandıralar"
1300009,22006803,Hamak,https://www.hepsiburada.com/kamp-hamaklari-c-1300009,4,"Spor, Outdoor > kamp sandalyeleri > Oturma Dinlenme > Hamak"
19105,22006803,Kamp Taburesi,https://www.hepsiburada.com/kamp-tabureleri-c-19105,4,"Spor, Outdoor > kamp sandalyeleri > Oturma Dinlenme > Kamp Taburesi"
1303506,22006803,Kampet,https://www.hepsiburada.com/kampetler-c-1303506,4,"Spor, Outdoor > kamp sandalyeleri > Oturma Dinlenme > Kampet"
367286,19100,Buzluk - Soğutucu,https://www.hepsiburada.com/buzluk-sogutucular-c-367286,4,"Spor, Outdoor > kamp termoslari > Kamp Mutfak Ürünleri > Buzluk - Soğutucu"
352909,19100,Kamp Ocağı,https://www.hepsiburada.com/kamp-ocaklari-c-352909,4,"Spor, Outdoor > kamp termoslari > Kamp Mutfak Ürünleri > Kamp Ocağı"
19196,19100,Kürekler,https://www.hepsiburada.com/kamp-kurekleri-c-19196,4,"Spor, Outdoor > kamp termoslari > Kamp Mutfak Ürünleri > Kürekler"
367287,19100,Matara,https://www.hepsiburada.com/mataralar-c-367287,4,"Spor, Outdoor > kamp termoslari > Kamp Mutfak Ürünleri > Matara"
367285,19100,Mug,https://www.hepsiburada.com/muglar-c-367285,4,"Spor, Outdoor > kamp termoslari > Kamp Mutfak Ürünleri > Mug"
356991,19100,Mutfak Aksesuarları,https://www.hepsiburada.com/mutfak-aksesuarlari-c-356991,4,"Spor, Outdoor > kamp termoslari > Kamp Mutfak Ürünleri > Mutfak Aksesuarları"
60001097,19100,Tekne Tipi Soğutucular,https://www.hepsiburada.com/tekne-tipi-sogutucular-c-60001097,4,"Spor, Outdoor > kamp termoslari > Kamp Mutfak Ürünleri > Tekne Tipi Soğutucular"
22004018,19100,Yemek Pişirme Setleri,https://www.hepsiburada.com/yemek-pisirme-setleri-c-22004018,4,"Spor, Outdoor > kamp termoslari > Kamp Mutfak Ürünleri > Yemek Pişirme Setleri"
1802750,19100,Çakmaklar & Ateş Başlatıcılar,https://www.hepsiburada.com/cakmaklar-ates-baslaticilar-c-1802750,4,"Spor, Outdoor > kamp termoslari > Kamp Mutfak Ürünleri > Çakmaklar & Ateş Başlatıcılar"
60001998,60001995,Aksesuar,https://www.hepsiburada.com/sporcu-sagligi-aksesuarlari-c-60001998,4,"Spor, Outdoor > kinesiology bantlari > Sporcu Sağlığı Ürünleri > Aksesuar"
27017592,60001995,Dizlik ve Bileklikler,https://www.hepsiburada.com/dizlik-bileklikler-c-27017592,4,"Spor, Outdoor > kinesiology bantlari > Sporcu Sağlığı Ürünleri > Dizlik ve Bileklikler"
60001996,60001995,Sprey,https://www.hepsiburada.com/spreyler-c-60001996,4,"Spor, Outdoor > kinesiology bantlari > Sporcu Sağlığı Ürünleri > Sprey"
27045582,384551,Günlük Spor Ayakkabı,https://www.hepsiburada.com/gunluk-spor-ayakkabilari-c-27045582,4,"Spor, Outdoor > kramponlar > Spor Ayakkabılar > Günlük Spor Ayakkabı"
384554,384551,Halı Saha Ayakkabısı,https://www.hepsiburada.com/hali-saha-ayakkabilari-c-384554,4,"Spor, Outdoor > kramponlar > Spor Ayakkabılar > Halı Saha Ayakkabısı"
80524081,384551,Hizmet,https://www.hepsiburada.com/hizmet-c-80524081,4,"Spor, Outdoor > kramponlar > Spor Ayakkabılar > Hizmet"
60001555,384551,Outdoor-Trekking,https://www.hepsiburada.com/outdoor-trekking-urunleri-c-60001555,4,"Spor, Outdoor > kramponlar > Spor Ayakkabılar > Outdoor-Trekking"
27063133,384551,Spor Terlik,https://www.hepsiburada.com/spor-terlikler-c-27063133,4,"Spor, Outdoor > kramponlar > Spor Ayakkabılar > Spor Terlik"
27047261,384551,Tenis Ayakkabısı,https://www.hepsiburada.com/tenis-ayakkabilari-c-27047261,4,"Spor, Outdoor > kramponlar > Spor Ayakkabılar > Tenis Ayakkabısı"
60005517,384551,Voleybol Ayakkabısı,https://www.hepsiburada.com/outdoor-voleybol-ayakkabilari-c-60005517,4,"Spor, Outdoor > kramponlar > Spor Ayakkabılar > Voleybol Ayakkabısı"
60003941,384551,bayan spor ayakkabilar,https://www.hepsiburada.com/bayan-spor-ayakkabilar-c-60003941,4,"Spor, Outdoor > kramponlar > Spor Ayakkabılar > bayan spor ayakkabilar"
60005119,3013122,3G/4G/5G Router,https://www.hepsiburada.com/3g-4g-router-c-60005119,4,"Spor, Outdoor > kramponlar > ag modemler > 3G/4G/5G Router"
2699,3013122,Antenler / Kablolar,https://www.hepsiburada.com/modem-antenler-kablolar-c-2699,4,"Spor, Outdoor > kramponlar > ag modemler > Antenler / Kablolar"
319,3013122,Bluetooth Ürünler,https://www.hepsiburada.com/ag-modem-bluetooth-urunleri-c-319,4,"Spor, Outdoor > kramponlar > ag modemler > Bluetooth Ürünler"
119,3013122,Ethernet Kartlar,https://www.hepsiburada.com/ethernet-kartlari-c-119,4,"Spor, Outdoor > kramponlar > ag modemler > Ethernet Kartlar"
80774003,3013122,Firewall,https://www.hepsiburada.com/firewall-c-80774003,4,"Spor, Outdoor > kramponlar > ag modemler > Firewall"
97965,3013122,IP Kameralar,https://www.hepsiburada.com/ip-kameralar-c-97965,4,"Spor, Outdoor > kramponlar > ag modemler > IP Kameralar"
60008040,3013122,Kabinetler,https://www.hepsiburada.com/kabinet-c-60008040,4,"Spor, Outdoor > kramponlar > ag modemler > Kabinetler"
45,3013122,Modemler,https://www.hepsiburada.com/modemler-c-45,4,"Spor, Outdoor > kramponlar > ag modemler > Modemler"
60001671,3013122,Network Aksesuarları,https://www.hepsiburada.com/network-aksesuarlari-c-60001671,4,"Spor, Outdoor > kramponlar > ag modemler > Network Aksesuarları"
3008077,3013122,Network Kartları,https://www.hepsiburada.com/network-kartlari-c-3008077,4,"Spor, Outdoor > kramponlar > ag modemler > Network Kartları"
3016744,3013122,Powerline Ürünleri,https://www.hepsiburada.com/powerline-urunleri-c-3016744,4,"Spor, Outdoor > kramponlar > ag modemler > Powerline Ürünleri"
390,3013122,Print Server,https://www.hepsiburada.com/print-serverlar-c-390,4,"Spor, Outdoor > kramponlar > ag modemler > Print Server"
103939,3013122,Wireless Adaptör,https://www.hepsiburada.com/wireless-adaptorler-c-103939,4,"Spor, Outdoor > kramponlar > ag modemler > Wireless Adaptör"
410,3013122,access pointler,https://www.hepsiburada.com/access-pointler-c-410,4,"Spor, Outdoor > kramponlar > ag modemler > access pointler"
26012121,26012110,Ağız Gargaraları,https://www.hepsiburada.com/agiz-gargaralari-c-26012121,4,"Spor, Outdoor > kramponlar > agiz bakim urunleri > Ağız Gargaraları"
80383017,26012110,Bebek Diş Fırçası,https://www.hepsiburada.com/bebek-dis-fircasi-c-80383017,4,"Spor, Outdoor > kramponlar > agiz bakim urunleri > Bebek Diş Fırçası"
80383018,26012110,Bebek Diş Macunu,https://www.hepsiburada.com/bebek-dis-macunu-c-80383018,4,"Spor, Outdoor > kramponlar > agiz bakim urunleri > Bebek Diş Macunu"
26012118,26012110,Diş Macunları Ve Macun Sıkma Makineleri,https://www.hepsiburada.com/dis-macunlari-macun-sikma-makineleri-c-26012118,4,"Spor, Outdoor > kramponlar > agiz bakim urunleri > Diş Macunları Ve Macun Sıkma Makineleri"
26012120,26012110,Diş Parlatıcılar Ve Beyazlatma Sistemleri,https://www.hepsiburada.com/dis-parlaticilar-beyazlatma-sistemleri-c-26012120,4,"Spor, Outdoor > kramponlar > agiz bakim urunleri > Diş Parlatıcılar Ve Beyazlatma Sistemleri"
80433030,2147483601,Arıcılık Malzemeleri,https://www.hepsiburada.com/aricilik-malzemeleri-c-80433030,4,"Spor, Outdoor > kramponlar > bahce malzemeleri > Arıcılık Malzemeleri"
60000382,2147483601,Bahçe Dekorasyonu,https://www.hepsiburada.com/bahce-dekorasyonu-c-60000382,4,"Spor, Outdoor > kramponlar > bahce malzemeleri > Bahçe Dekorasyonu"
34001199,2147483601,Bahçe Kovucuları,https://www.hepsiburada.com/bahce-kovuculari-c-34001199,4,"Spor, Outdoor > kramponlar > bahce malzemeleri > Bahçe Kovucuları"
60000381,2147483601,Bahçe Sulama,https://www.hepsiburada.com/bahce-sulama-malzemeleri-c-60000381,4,"Spor, Outdoor > kramponlar > bahce malzemeleri > Bahçe Sulama"
80295000,2147483601,Bungalov Ev,https://www.hepsiburada.com/bungalov-ev-c-80295000,4,"Spor, Outdoor > kramponlar > bahce malzemeleri > Bungalov Ev"
34001195,2147483601,Havuz Ürünleri,https://www.hepsiburada.com/havuz-urunleri-c-34001195,4,"Spor, Outdoor > kramponlar > bahce malzemeleri > Havuz Ürünleri"
60007095,2147483601,Hayvancılık,https://www.hepsiburada.com/hayvancilik-makineleri-c-60007095,4,"Spor, Outdoor > kramponlar > bahce malzemeleri > Hayvancılık"
80857391,2147483601,Katı Yakıt & Soba Aksesuarları,https://www.hepsiburada.com/kati-yakit-soba-aksesuarlari-c-80857391,4,"Spor, Outdoor > kramponlar > bahce malzemeleri > Katı Yakıt & Soba Aksesuarları"
80511030,2147483601,Katı Yakıt Sobası,https://www.hepsiburada.com/kati-yakit-sobasi-c-80511030,4,"Spor, Outdoor > kramponlar > bahce malzemeleri > Katı Yakıt Sobası"
453962,2147483601,Küçük El Aletleri,https://www.hepsiburada.com/kucuk-el-aletleri-c-453962,4,"Spor, Outdoor > kramponlar > bahce malzemeleri > Küçük El Aletleri"
34001196,2147483601,Mangal / Barbekü,https://www.hepsiburada.com/mangallar-barbekuler-c-34001196,4,"Spor, Outdoor > kramponlar > bahce malzemeleri > Mangal / Barbekü"
80493046,2147483601,Prefabrik Yapı,https://www.hepsiburada.com/prefabrik-yapi-c-80493046,4,"Spor, Outdoor > kramponlar > bahce malzemeleri > Prefabrik Yapı"
80857150,2147483601,Tarım Makineleri,https://www.hepsiburada.com/tarim-makineleri-c-80857150,4,"Spor, Outdoor > kramponlar > bahce malzemeleri > Tarım Makineleri"
34001270,2147483601,aydinlatmalar,https://www.hepsiburada.com/aydinlatmalar-c-34001270,4,"Spor, Outdoor > kramponlar > bahce malzemeleri > aydinlatmalar"
465415,2147483601,bahce makineleri,https://www.hepsiburada.com/bahce-makineleri-c-465415,4,"Spor, Outdoor > kramponlar > bahce malzemeleri > bahce makineleri"
34001194,2147483601,bahce mobilyalari,https://www.hepsiburada.com/bahce-mobilyalari-c-34001194,4,"Spor, Outdoor > kramponlar > bahce malzemeleri > bahce mobilyalari"
34000015,2147483601,bitki besinleri gubreler,https://www.hepsiburada.com/bitki-besinleri-gubreler-c-34000015,4,"Spor, Outdoor > kramponlar > bahce malzemeleri > bitki besinleri gubreler"
460347,2147483601,Çiçek Bakımı & Bitki Yetiştirme,https://www.hepsiburada.com/cicek-bakimi-bitki-yetistirme-c-460347,4,"Spor, Outdoor > kramponlar > bahce malzemeleri > Çiçek Bakımı & Bitki Yetiştirme"
18021925,455418,Banyo Aksesuarları,https://www.hepsiburada.com/banyo-aksesuarlari-c-18021925,4,"Spor, Outdoor > kramponlar > banyolar > Banyo Aksesuarları"
60004591,455418,Banyo Aydınlatma,https://www.hepsiburada.com/banyo-aydinlatmalar-c-60004591,4,"Spor, Outdoor > kramponlar > banyolar > Banyo Aydınlatma"
18021927,455418,Batarya & Musluk,https://www.hepsiburada.com/batarya-musluklari-c-18021927,4,"Spor, Outdoor > kramponlar > banyolar > Batarya & Musluk"
18021934,455418,Duş Sistemleri,https://www.hepsiburada.com/dus-sistemleri-c-18021934,4,"Spor, Outdoor > kramponlar > banyolar > Duş Sistemleri"
60004289,455418,Eviye,https://www.hepsiburada.com/evyeler-c-60004289,4,"Spor, Outdoor > kramponlar > banyolar > Eviye"
454873,455418,Tesisat,https://www.hepsiburada.com/banyo-tesisatlari-c-454873,4,"Spor, Outdoor > kramponlar > banyolar > Tesisat"
60000509,455418,Vitrifiye,https://www.hepsiburada.com/vitrifiyeler-c-60000509,4,"Spor, Outdoor > kramponlar > banyolar > Vitrifiye"
60001127,12087178,Aksesuar,https://www.hepsiburada.com/bayan-aksesuarlar-c-60001127,4,"Spor, Outdoor > kramponlar > bayan giyim modelleri > Aksesuar"
12087217,12087178,Büyük Beden,https://www.hepsiburada.com/buyuk-beden-c-12087217,4,"Spor, Outdoor > kramponlar > bayan giyim modelleri > Büyük Beden"
60004640,12087178,Giyim,https://www.hepsiburada.com/bayan-giyim-urunleri-c-60004640,4,"Spor, Outdoor > kramponlar > bayan giyim modelleri > Giyim"
18001,12087178,Hamile Giyim,https://www.hepsiburada.com/hamile-giyim-c-18001,4,"Spor, Outdoor > kramponlar > bayan giyim modelleri > Hamile Giyim"
60005259,12087178,Plaj Giyim,https://www.hepsiburada.com/plaj-giyim-urunleri-c-60005259,4,"Spor, Outdoor > kramponlar > bayan giyim modelleri > Plaj Giyim"
60006034,12087178,Tesettür Giyim,https://www.hepsiburada.com/tesettur-giyim-c-60006034,4,"Spor, Outdoor > kramponlar > bayan giyim modelleri > Tesettür Giyim"
60001585,12087178,İç Giyim,https://www.hepsiburada.com/ic-giyim-urunleri-c-60001585,4,"Spor, Outdoor > kramponlar > bayan giyim modelleri > İç Giyim"
25008402,25008405,Kol Saatleri,https://www.hepsiburada.com/kol-saatleri-c-25008402,4,"Spor, Outdoor > kramponlar > bayan kol saatleri > Kol Saatleri"
318242,25008405,Saatler,https://www.hepsiburada.com/saatler-c-318242,4,"Spor, Outdoor > kramponlar > bayan kol saatleri > Saatler"
80058003,26000865,Antioksidan,https://www.hepsiburada.com/antioksidan-c-80058003,4,"Spor, Outdoor > kramponlar > besin takviyeleri > Antioksidan"
80740000,26000865,Beta Glukan,https://www.hepsiburada.com/beta-glukan-c-80740000,4,"Spor, Outdoor > kramponlar > besin takviyeleri > Beta Glukan"
80058006,26000865,Destekleyici Besinler,https://www.hepsiburada.com/destekleyici-besinler-c-80058006,4,"Spor, Outdoor > kramponlar > besin takviyeleri > Destekleyici Besinler"
378589,26000865,Glukozamin,https://www.hepsiburada.com/glukozamin-c-378589,4,"Spor, Outdoor > kramponlar > besin takviyeleri > Glukozamin"
80058004,26000865,Mineraller,https://www.hepsiburada.com/sporcu-mineralleri-c-80058004,4,"Spor, Outdoor > kramponlar > besin takviyeleri > Mineraller"
80058005,26000865,Probiyotik,https://www.hepsiburada.com/probiyotik-c-80058005,4,"Spor, Outdoor > kramponlar > besin takviyeleri > Probiyotik"
80058001,26000865,Vitaminler,https://www.hepsiburada.com/sporcu-vitaminleri-c-80058001,4,"Spor, Outdoor > kramponlar > besin takviyeleri > Vitaminler"
22002,235604,Aspiratörler,https://www.hepsiburada.com/aspiratorler-c-22002,4,"Spor, Outdoor > kramponlar > beyaz esya ankastreler > Aspiratörler"
2147483637,235604,Beyaz Eşya / Mutfak,https://www.hepsiburada.com/beyaz-esya-mutfak-urunleri-c-2147483637,4,"Spor, Outdoor > kramponlar > beyaz esya ankastreler > Beyaz Eşya / Mutfak"
80256005,235604,Ek Güvence Paketleri,https://www.hepsiburada.com/ek-guvence-paketleri-c-80256005,4,"Spor, Outdoor > kramponlar > beyaz esya ankastreler > Ek Güvence Paketleri"
236214,235604,Su Sebili,https://www.hepsiburada.com/su-sebilleri-c-236214,4,"Spor, Outdoor > kramponlar > beyaz esya ankastreler > Su Sebili"
231925,235604,baharat setleri,https://www.hepsiburada.com/baharat-setleri-c-231925,4,"Spor, Outdoor > kramponlar > beyaz esya ankastreler > baharat setleri"
60000273,235604,celik tencereler,https://www.hepsiburada.com/celik-tencereler-c-60000273,4,"Spor, Outdoor > kramponlar > beyaz esya ankastreler > celik tencereler"
22008,235604,dograyicilar rondolar,https://www.hepsiburada.com/dograyicilar-rondolar-c-22008,4,"Spor, Outdoor > kramponlar > beyaz esya ankastreler > dograyicilar rondolar"
60000274,235604,dokum tencereler,https://www.hepsiburada.com/dokum-tencereler-c-60000274,4,"Spor, Outdoor > kramponlar > beyaz esya ankastreler > dokum tencereler"
17006471,235604,duduklu tencereler,https://www.hepsiburada.com/duduklu-tencereler-c-17006471,4,"Spor, Outdoor > kramponlar > beyaz esya ankastreler > duduklu tencereler"
22276,235604,ekmek yapma makineleri,https://www.hepsiburada.com/ekmek-yapma-makineleri-c-22276,4,"Spor, Outdoor > kramponlar > beyaz esya ankastreler > ekmek yapma makineleri"
60006400,235604,elektrikli cay makineleri,https://www.hepsiburada.com/elektrikli-cay-makineleri-c-60006400,4,"Spor, Outdoor > kramponlar > beyaz esya ankastreler > elektrikli cay makineleri"
22013,235604,elektrikli izgara barbekuler,https://www.hepsiburada.com/elektrikli-izgara-barbekuler-c-22013,4,"Spor, Outdoor > kramponlar > beyaz esya ankastreler > elektrikli izgara barbekuler"
60003707,235604,espresso cappuccino makineleri,https://www.hepsiburada.com/espresso-cappuccino-makineleri-c-60003707,4,"Spor, Outdoor > kramponlar > beyaz esya ankastreler > espresso cappuccino makineleri"
60006399,235604,filtre kahve makineleri,https://www.hepsiburada.com/filtre-kahve-makineleri-c-60006399,4,"Spor, Outdoor > kramponlar > beyaz esya ankastreler > filtre kahve makineleri"
22350,235604,fincanlar,https://www.hepsiburada.com/fincanlar-c-22350,4,"Spor, Outdoor > kramponlar > beyaz esya ankastreler > fincanlar"
231987,235604,kesme tahtalari,https://www.hepsiburada.com/kesme-tahtalari-c-231987,4,"Spor, Outdoor > kramponlar > beyaz esya ankastreler > kesme tahtalari"
22018,235604,kiyma makineleri,https://www.hepsiburada.com/kiyma-makineleri-c-22018,4,"Spor, Outdoor > kramponlar > beyaz esya ankastreler > kiyma makineleri"
22022,235604,mikserler,https://www.hepsiburada.com/mikserler-c-22022,4,"Spor, Outdoor > kramponlar > beyaz esya ankastreler > mikserler"
22025,235604,mutfak robotlari,https://www.hepsiburada.com/mutfak-robotlari-c-22025,4,"Spor, Outdoor > kramponlar > beyaz esya ankastreler > mutfak robotlari"
60001309,235604,servis tabaklari,https://www.hepsiburada.com/servis-tabaklari-c-60001309,4,"Spor, Outdoor > kramponlar > beyaz esya ankastreler > servis tabaklari"
22027,235604,su isiticilar,https://www.hepsiburada.com/su-isiticilar-c-22027,4,"Spor, Outdoor > kramponlar > beyaz esya ankastreler > su isiticilar"
60003714,235604,surahiler,https://www.hepsiburada.com/surahiler-c-60003714,4,"Spor, Outdoor > kramponlar > beyaz esya ankastreler > surahiler"
80696037,235604,tencere yedek parcalari aksesuarlari,https://www.hepsiburada.com/tencere-yedek-parcalari-aksesuarlari-c-80696037,4,"Spor, Outdoor > kramponlar > beyaz esya ankastreler > tencere yedek parcalari aksesuarlari"
236712,235604,termoslar,https://www.hepsiburada.com/termoslar-c-236712,4,"Spor, Outdoor > kramponlar > beyaz esya ankastreler > termoslar"
60006398,235604,turk kahvesi makineleri,https://www.hepsiburada.com/turk-kahvesi-makineleri-c-60006398,4,"Spor, Outdoor > kramponlar > beyaz esya ankastreler > turk kahvesi makineleri"
231689,235604,waffle makineleri,https://www.hepsiburada.com/waffle-makineleri-c-231689,4,"Spor, Outdoor > kramponlar > beyaz esya ankastreler > waffle makineleri"
17003942,235604,yumurta pisirme cihazlari,https://www.hepsiburada.com/yumurta-pisirme-cihazlari-c-17003942,4,"Spor, Outdoor > kramponlar > beyaz esya ankastreler > yumurta pisirme cihazlari"
80813001,235604,Şarap Dolapları,https://www.hepsiburada.com/sarap-dolabi-c-80813001,4,"Spor, Outdoor > kramponlar > beyaz esya ankastreler > Şarap Dolapları"
60001378,42,Apple Aksesuarları,https://www.hepsiburada.com/imac-macbook-aksesuarlari-c-60001378,4,"Spor, Outdoor > kramponlar > bilgisayar aksesuarlari > Apple Aksesuarları"
60004413,42,CD/DVD ve Aksesuarları,https://www.hepsiburada.com/cd-dvd-aksesuarlari-c-60004413,4,"Spor, Outdoor > kramponlar > bilgisayar aksesuarlari > CD/DVD ve Aksesuarları"
80760000,42,Ek Güvence Paketleri,https://www.hepsiburada.com/ek-guvence-paketleri-c-80760000,4,"Spor, Outdoor > kramponlar > bilgisayar aksesuarlari > Ek Güvence Paketleri"
80545011,42,Ekran Kartı Aksesuarları,https://www.hepsiburada.com/ekran-karti-aksesuarlari-c-80545011,4,"Spor, Outdoor > kramponlar > bilgisayar aksesuarlari > Ekran Kartı Aksesuarları"
757,42,Kablolar/Swich ve Çoklayıcılar,https://www.hepsiburada.com/kablo-switch-coklayicilar-c-757,4,"Spor, Outdoor > kramponlar > bilgisayar aksesuarlari > Kablolar/Swich ve Çoklayıcılar"
112970,42,Klavye Aksesuarları,https://www.hepsiburada.com/klavye-aksesuarlari-c-112970,4,"Spor, Outdoor > kramponlar > bilgisayar aksesuarlari > Klavye Aksesuarları"
98499,42,Monitör Aksesuarları,https://www.hepsiburada.com/monitor-aksesuarlari-c-98499,4,"Spor, Outdoor > kramponlar > bilgisayar aksesuarlari > Monitör Aksesuarları"
29,42,Mouse Pad,https://www.hepsiburada.com/mouse-padleri-c-29,4,"Spor, Outdoor > kramponlar > bilgisayar aksesuarlari > Mouse Pad"
98045,42,Mp3 Player Aksesuarları,https://www.hepsiburada.com/mp3-player-aksesuarlari-c-98045,4,"Spor, Outdoor > kramponlar > bilgisayar aksesuarlari > Mp3 Player Aksesuarları"
60000203,42,Tablet ve iPad Aksesuarları,https://www.hepsiburada.com/tablet-ipad-aksesuarlari-c-60000203,4,"Spor, Outdoor > kramponlar > bilgisayar aksesuarlari > Tablet ve iPad Aksesuarları"
111885,42,Taşınabilir Disk Aksesuarları,https://www.hepsiburada.com/tasinabilir-disk-aksesuarlari-c-111885,4,"Spor, Outdoor > kramponlar > bilgisayar aksesuarlari > Taşınabilir Disk Aksesuarları"
827,42,Temizlik Ürünleri,https://www.hepsiburada.com/bilgisayar-temizlik-urunleri-c-827,4,"Spor, Outdoor > kramponlar > bilgisayar aksesuarlari > Temizlik Ürünleri"
114325,42,Usb Aksesuar,https://www.hepsiburada.com/usb-aksesuarlari-c-114325,4,"Spor, Outdoor > kramponlar > bilgisayar aksesuarlari > Usb Aksesuar"
115714,42,notebook aksesuarlari,https://www.hepsiburada.com/notebook-aksesuarlari-c-115714,4,"Spor, Outdoor > kramponlar > bilgisayar aksesuarlari > notebook aksesuarlari"
589,8,Dijital Video İşleme,https://www.hepsiburada.com/dijital-video-isleme-urunleri-c-589,4,"Spor, Outdoor > kramponlar > bilgisayar parcalari > Dijital Video İşleme"
3009846,8,Optik Sürücüler,https://www.hepsiburada.com/optik-suruculer-c-3009846,4,"Spor, Outdoor > kramponlar > bilgisayar parcalari > Optik Sürücüler"
60005722,8,Server Donanımları,https://www.hepsiburada.com/server-donanimlari-c-60005722,4,"Spor, Outdoor > kramponlar > bilgisayar parcalari > Server Donanımları"
218,8,Ses Kartları,https://www.hepsiburada.com/ses-kartlari-c-218,4,"Spor, Outdoor > kramponlar > bilgisayar parcalari > Ses Kartları"
1125,8,Soğutucular / Overclock,https://www.hepsiburada.com/sogutucular-overclock-c-1125,4,"Spor, Outdoor > kramponlar > bilgisayar parcalari > Soğutucular / Overclock"
54,8,Tv Kartları,https://www.hepsiburada.com/tv-kartlari-c-54,4,"Spor, Outdoor > kramponlar > bilgisayar parcalari > Tv Kartları"
60008975,2147483646,3d yazici,https://www.hepsiburada.com/3d-yazici-c-60008975,4,"Spor, Outdoor > kramponlar > bilgisayar sistemleri ve ekipmanlari > 3d yazici"
60008823,2147483646,Bilgisayar Yedek Parçaları,https://www.hepsiburada.com/bilgisayar-yedek-parcalari-c-60008823,4,"Spor, Outdoor > kramponlar > bilgisayar sistemleri ve ekipmanlari > Bilgisayar Yedek Parçaları"
3013123,2147483646,MP3 / Ses Kayıt Cihazları,https://www.hepsiburada.com/mp3-ses-kayit-cihazlari-c-3013123,4,"Spor, Outdoor > kramponlar > bilgisayar sistemleri ve ekipmanlari > MP3 / Ses Kayıt Cihazları"
121,2147483646,ag modem switchleri,https://www.hepsiburada.com/ag-modem-switchleri-c-121,4,"Spor, Outdoor > kramponlar > bilgisayar sistemleri ve ekipmanlari > ag modem switchleri"
152,2147483646,anakartlar,https://www.hepsiburada.com/anakartlar-c-152,4,"Spor, Outdoor > kramponlar > bilgisayar sistemleri ve ekipmanlari > anakartlar"
106503,2147483646,barkod okuyucular,https://www.hepsiburada.com/barkod-okuyucular-c-106503,4,"Spor, Outdoor > kramponlar > bilgisayar sistemleri ve ekipmanlari > barkod okuyucular"
47,2147483646,bellek ramler,https://www.hepsiburada.com/bellek-ramler-c-47,4,"Spor, Outdoor > kramponlar > bilgisayar sistemleri ve ekipmanlari > bellek ramler"
1013,2147483646,bilgisayar kasalari,https://www.hepsiburada.com/bilgisayar-kasalari-c-1013,4,"Spor, Outdoor > kramponlar > bilgisayar sistemleri ve ekipmanlari > bilgisayar kasalari"
105307,2147483646,cevirici adaptorler,https://www.hepsiburada.com/cevirici-adaptorler-c-105307,4,"Spor, Outdoor > kramponlar > bilgisayar sistemleri ve ekipmanlari > cevirici adaptorler"
204,2147483646,ekran kartlari,https://www.hepsiburada.com/ekran-kartlari-c-204,4,"Spor, Outdoor > kramponlar > bilgisayar sistemleri ve ekipmanlari > ekran kartlari"
60008834,2147483646,ekran lcd panel yedek parca,https://www.hepsiburada.com/ekran-lcd-panel-yedek-parca-c-60008834,4,"Spor, Outdoor > kramponlar > bilgisayar sistemleri ve ekipmanlari > ekran lcd panel yedek parca"
60006369,2147483646,filament,https://www.hepsiburada.com/filament-c-60006369,4,"Spor, Outdoor > kramponlar > bilgisayar sistemleri ve ekipmanlari > filament"
217,2147483646,grafik tabletler,https://www.hepsiburada.com/grafik-tabletler-c-217,4,"Spor, Outdoor > kramponlar > bilgisayar sistemleri ve ekipmanlari > grafik tabletler"
60001544,2147483646,guc kaynaklari ups,https://www.hepsiburada.com/guc-kaynaklari-ups-c-60001544,4,"Spor, Outdoor > kramponlar > bilgisayar sistemleri ve ekipmanlari > guc kaynaklari ups"
111161,2147483646,hafiza kartlari,https://www.hepsiburada.com/hafiza-kartlari-c-111161,4,"Spor, Outdoor > kramponlar > bilgisayar sistemleri ve ekipmanlari > hafiza kartlari"
100221,2147483646,hdd harddiskler,https://www.hepsiburada.com/hdd-harddiskler-c-100221,4,"Spor, Outdoor > kramponlar > bilgisayar sistemleri ve ekipmanlari > hdd harddiskler"
46,2147483646,islemciler,https://www.hepsiburada.com/islemciler-c-46,4,"Spor, Outdoor > kramponlar > bilgisayar sistemleri ve ekipmanlari > islemciler"
3007055,2147483646,klavye mouse setleri,https://www.hepsiburada.com/klavye-mouse-setleri-c-3007055,4,"Spor, Outdoor > kramponlar > bilgisayar sistemleri ve ekipmanlari > klavye mouse setleri"
60004548,2147483646,kulak ustu kulakliklar,https://www.hepsiburada.com/kulak-ustu-kulakliklar-c-60004548,4,"Spor, Outdoor > kramponlar > bilgisayar sistemleri ve ekipmanlari > kulak ustu kulakliklar"
6,2147483646,lazer yazicilar,https://www.hepsiburada.com/lazer-yazicilar-c-6,4,"Spor, Outdoor > kramponlar > bilgisayar sistemleri ve ekipmanlari > lazer yazicilar"
60004516,2147483646,menzil arttiricilar,https://www.hepsiburada.com/menzil-arttiricilar-c-60004516,4,"Spor, Outdoor > kramponlar > bilgisayar sistemleri ve ekipmanlari > menzil arttiricilar"
111001,2147483646,mini masaustu bilgisayarlar,https://www.hepsiburada.com/mini-masaustu-bilgisayarlar-c-111001,4,"Spor, Outdoor > kramponlar > bilgisayar sistemleri ve ekipmanlari > mini masaustu bilgisayarlar"
52,2147483646,mouse,https://www.hepsiburada.com/mouse-c-52,4,"Spor, Outdoor > kramponlar > bilgisayar sistemleri ve ekipmanlari > mouse"
9181,2147483646,mp3 playerlar,https://www.hepsiburada.com/mp3-playerlar-c-9181,4,"Spor, Outdoor > kramponlar > bilgisayar sistemleri ve ekipmanlari > mp3 playerlar"
505,2147483646,network kablolari,https://www.hepsiburada.com/network-kablolari-c-505,4,"Spor, Outdoor > kramponlar > bilgisayar sistemleri ve ekipmanlari > network kablolari"
676,2147483646,notebook cantalari,https://www.hepsiburada.com/notebook-cantalari-c-676,4,"Spor, Outdoor > kramponlar > bilgisayar sistemleri ve ekipmanlari > notebook cantalari"
106859,2147483646,notebook sogutuculari,https://www.hepsiburada.com/notebook-sogutuculari-c-106859,4,"Spor, Outdoor > kramponlar > bilgisayar sistemleri ve ekipmanlari > notebook sogutuculari"
91410,2147483646,office yazilimlari,https://www.hepsiburada.com/office-yazilimlari-c-91410,4,"Spor, Outdoor > kramponlar > bilgisayar sistemleri ve ekipmanlari > office yazilimlari"
1012,2147483646,power supply psu,https://www.hepsiburada.com/power-supply-psu-c-1012,4,"Spor, Outdoor > kramponlar > bilgisayar sistemleri ve ekipmanlari > power supply psu"
60001272,2147483646,routerlar,https://www.hepsiburada.com/routerlar-c-60001272,4,"Spor, Outdoor > kramponlar > bilgisayar sistemleri ve ekipmanlari > routerlar"
103913,2147483646,ses kayit cihazlari,https://www.hepsiburada.com/ses-kayit-cihazlari-c-103913,4,"Spor, Outdoor > kramponlar > bilgisayar sistemleri ve ekipmanlari > ses kayit cihazlari"
114814,2147483646,ssd solid state drive,https://www.hepsiburada.com/ssd-solid-state-drive-c-114814,4,"Spor, Outdoor > kramponlar > bilgisayar sistemleri ve ekipmanlari > ssd solid state drive"
80077014,2147483646,sublimasyon baski makinesi,https://www.hepsiburada.com/sublimasyon-baski-makinesi-c-80077014,4,"Spor, Outdoor > kramponlar > bilgisayar sistemleri ve ekipmanlari > sublimasyon baski makinesi"
60001183,2147483646,tablet kalemleri,https://www.hepsiburada.com/tablet-kalemleri-c-60001183,4,"Spor, Outdoor > kramponlar > bilgisayar sistemleri ve ekipmanlari > tablet kalemleri"
60000818,2147483646,tablet kiliflari,https://www.hepsiburada.com/tablet-kiliflari-c-60000818,4,"Spor, Outdoor > kramponlar > bilgisayar sistemleri ve ekipmanlari > tablet kiliflari"
37,2147483646,tarayicilar,https://www.hepsiburada.com/tarayicilar-c-37,4,"Spor, Outdoor > kramponlar > bilgisayar sistemleri ve ekipmanlari > tarayicilar"
100225,2147483646,tasinabilir diskler,https://www.hepsiburada.com/tasinabilir-diskler-c-100225,4,"Spor, Outdoor > kramponlar > bilgisayar sistemleri ve ekipmanlari > tasinabilir diskler"
80081047,2147483646,tasinabilir ssd,https://www.hepsiburada.com/tasinabilir-ssd-c-80081047,4,"Spor, Outdoor > kramponlar > bilgisayar sistemleri ve ekipmanlari > tasinabilir ssd"
970,2147483646,usb bellekler,https://www.hepsiburada.com/usb-bellekler-c-970,4,"Spor, Outdoor > kramponlar > bilgisayar sistemleri ve ekipmanlari > usb bellekler"
3011536,2147483646,yazilabilir dvdler,https://www.hepsiburada.com/yazilabilir-dvdler-c-3011536,4,"Spor, Outdoor > kramponlar > bilgisayar sistemleri ve ekipmanlari > yazilabilir dvdler"
80562181,3000500,Dokunmatik Pos PC,https://www.hepsiburada.com/dokunmatik-pos-pc-c-80562181,4,"Spor, Outdoor > kramponlar > bilgisayarlar > Dokunmatik Pos PC"
758,3000500,Serverlar,https://www.hepsiburada.com/serverlar-c-758,4,"Spor, Outdoor > kramponlar > bilgisayarlar > Serverlar"
80365001,3000500,Yenilenmiş Dizüstü Bilgisayar Laptop,https://www.hepsiburada.com/ikinci-el-dizustu-bilgisayar-laptop-c-80365001,4,"Spor, Outdoor > kramponlar > bilgisayarlar > Yenilenmiş Dizüstü Bilgisayar Laptop"
139,3000500,bilgisayar isletim sistemleri,https://www.hepsiburada.com/bilgisayar-isletim-sistemleri-c-139,4,"Spor, Outdoor > kramponlar > bilgisayarlar > bilgisayar isletim sistemleri"
60005204,371965,Diğer Telefonlar,https://www.hepsiburada.com/diger-telefonlar-c-60005204,4,"Spor, Outdoor > kramponlar > cep telefonlari > Diğer Telefonlar"
60006229,371965,Ek Güvence Paketleri,https://www.hepsiburada.com/ek-guvence-paketleri-c-60006229,4,"Spor, Outdoor > kramponlar > cep telefonlari > Ek Güvence Paketleri"
80857402,371965,Yapay Zeka,https://www.hepsiburada.com/yapay-zeka-c-80857402,4,"Spor, Outdoor > kramponlar > cep telefonlari > Yapay Zeka"
29004492,371965,arac ici telefon tutacaklari,https://www.hepsiburada.com/arac-ici-telefon-tutacaklari-c-29004492,4,"Spor, Outdoor > kramponlar > cep telefonlari > arac ici telefon tutacaklari"
80747000,371967,Akıllı Gözlükler,https://www.hepsiburada.com/akilli-gozlukler-c-80747000,4,"Spor, Outdoor > kramponlar > cep telefonu aksesuarlari > Akıllı Gözlükler"
375468,371967,Akıllı Saat ve Bileklik Aksesuarları,https://www.hepsiburada.com/giyilebilir-teknoloji-aksesuarlari-c-375468,4,"Spor, Outdoor > kramponlar > cep telefonu aksesuarlari > Akıllı Saat ve Bileklik Aksesuarları"
80857401,371967,Akıllı Yüzükler,https://www.hepsiburada.com/akilli-yuzuk-c-80857401,4,"Spor, Outdoor > kramponlar > cep telefonu aksesuarlari > Akıllı Yüzükler"
16112,371967,Araç İçi Telefon Tutucular,https://www.hepsiburada.com/araba-aksesuarlari-c-16112,4,"Spor, Outdoor > kramponlar > cep telefonu aksesuarlari > Araç İçi Telefon Tutucular"
16111,371967,Bataryalar,https://www.hepsiburada.com/cep-telefonu-bataryalari-c-16111,4,"Spor, Outdoor > kramponlar > cep telefonu aksesuarlari > Bataryalar"
16217,371967,Bluetooth Araç Kitleri,https://www.hepsiburada.com/bluetooth-arac-kitleri-c-16217,4,"Spor, Outdoor > kramponlar > cep telefonu aksesuarlari > Bluetooth Araç Kitleri"
80413102,371967,Bluetooth Kulaklık Aksesuarları,https://www.hepsiburada.com/bluetooth-kulaklik-aksesuarlari-c-80413102,4,"Spor, Outdoor > kramponlar > cep telefonu aksesuarlari > Bluetooth Kulaklık Aksesuarları"
60007722,371967,Cep Telefonu Yedek Parçaları,https://www.hepsiburada.com/cep-telefonu-yedek-parcalari-c-60007722,4,"Spor, Outdoor > kramponlar > cep telefonu aksesuarlari > Cep Telefonu Yedek Parçaları"
60002300,371967,Diğer Telefon Aksesuarları,https://www.hepsiburada.com/diger-telefon-aksesuarlari-c-60002300,4,"Spor, Outdoor > kramponlar > cep telefonu aksesuarlari > Diğer Telefon Aksesuarları"
60006147,371967,Ek Güvence Paketleri,https://www.hepsiburada.com/ek-guvence-paketleri-c-60006147,4,"Spor, Outdoor > kramponlar > cep telefonu aksesuarlari > Ek Güvence Paketleri"
60004613,371967,GPS Takip Cihazları,https://www.hepsiburada.com/gps-takip-cihazlari-c-60004613,4,"Spor, Outdoor > kramponlar > cep telefonu aksesuarlari > GPS Takip Cihazları"
80857058,371967,Hepsiburada Koruma Paketi,https://www.hepsiburada.com/hepsiburada-koruma-paketi-c-80857058,4,"Spor, Outdoor > kramponlar > cep telefonu aksesuarlari > Hepsiburada Koruma Paketi"
60005915,371967,Sanal Gerçeklik Gözlüğü,https://www.hepsiburada.com/sanal-gerceklik-gozlukleri-c-60005915,4,"Spor, Outdoor > kramponlar > cep telefonu aksesuarlari > Sanal Gerçeklik Gözlüğü"
60005237,371967,Selfie (Özçekim) Çubukları,https://www.hepsiburada.com/selfie-ozcekim-cubuklari-c-60005237,4,"Spor, Outdoor > kramponlar > cep telefonu aksesuarlari > Selfie (Özçekim) Çubukları"
60003561,371967,Tasarım Kılıflar,https://www.hepsiburada.com/tasarim-kiliflar-c-60003561,4,"Spor, Outdoor > kramponlar > cep telefonu aksesuarlari > Tasarım Kılıflar"
16117,371967,Telefon Kulaklıkları,https://www.hepsiburada.com/kulaklik-setleri-c-16117,4,"Spor, Outdoor > kramponlar > cep telefonu aksesuarlari > Telefon Kulaklıkları"
60001038,371967,Telefon Oyun Aksesuarları,https://www.hepsiburada.com/telefon-oyun-aksesuarlari-c-60001038,4,"Spor, Outdoor > kramponlar > cep telefonu aksesuarlari > Telefon Oyun Aksesuarları"
60006199,371967,USB Flash Bellekler,https://www.hepsiburada.com/cep-telefonu-usb-flash-bellekler-c-60006199,4,"Spor, Outdoor > kramponlar > cep telefonu aksesuarlari > USB Flash Bellekler"
813,3013120,Dvd/Hdd Kasaları,https://www.hepsiburada.com/dvd-harddisk-kutulari-c-813,4,"Spor, Outdoor > kramponlar > cevre birimleri > Dvd/Hdd Kasaları"
848,3013120,Elektronik Sözlükler,https://www.hepsiburada.com/elektronik-sozlukler-c-848,4,"Spor, Outdoor > kramponlar > cevre birimleri > Elektronik Sözlükler"
36,3013120,Güç Kaynakları Ups / Akü,https://www.hepsiburada.com/bilgisayar-guc-kaynaklari-ups-aku-c-36,4,"Spor, Outdoor > kramponlar > cevre birimleri > Güç Kaynakları Ups / Akü"
1,3013120,Klavye,https://www.hepsiburada.com/klavyeler-c-1,4,"Spor, Outdoor > kramponlar > cevre birimleri > Klavye"
18,3013120,Ses Ve Görüntü Ürünleri,https://www.hepsiburada.com/ses-goruntu-urunleri-c-18,4,"Spor, Outdoor > kramponlar > cevre birimleri > Ses Ve Görüntü Ürünleri"
80448051,3013120,Simülasyon Aksesuarları,https://www.hepsiburada.com/simulasyon-aksesuarlari-c-80448051,4,"Spor, Outdoor > kramponlar > cevre birimleri > Simülasyon Aksesuarları"
639,3013120,Usb / Firewire Ürünleri,https://www.hepsiburada.com/usb-firewire-urunleri-c-639,4,"Spor, Outdoor > kramponlar > cevre birimleri > Usb / Firewire Ürünleri"
32010940,32000005,Cilt Bakım Setleri,https://www.hepsiburada.com/yuz-bakim-setleri-c-32010940,4,"Spor, Outdoor > kramponlar > cilt bakim urunleri > Cilt Bakım Setleri"
341383,32000005,Cilt Bakım Ürünleri,https://www.hepsiburada.com/cilt-bakim-urunleri-c-341383,4,"Spor, Outdoor > kramponlar > cilt bakim urunleri > Cilt Bakım Ürünleri"
80620010,32000005,Dermokozmetik,https://www.hepsiburada.com/dermokozmetik-c-80620010,4,"Spor, Outdoor > kramponlar > cilt bakim urunleri > Dermokozmetik"
32011009,32000005,Erkek Bakım Ürünleri,https://www.hepsiburada.com/erkek-bakim-urunleri-c-32011009,4,"Spor, Outdoor > kramponlar > cilt bakim urunleri > Erkek Bakım Ürünleri"
32010886,32000005,Göz Bakımı,https://www.hepsiburada.com/goz-bakim-urunleri-c-32010886,4,"Spor, Outdoor > kramponlar > cilt bakim urunleri > Göz Bakımı"
32010890,32000005,Vücut Bakımı,https://www.hepsiburada.com/vucut-bakim-urunleri-c-32010890,4,"Spor, Outdoor > kramponlar > cilt bakim urunleri > Vücut Bakımı"
32010887,32000005,dudak bakim urunleri,https://www.hepsiburada.com/dudak-bakim-urunleri-c-32010887,4,"Spor, Outdoor > kramponlar > cilt bakim urunleri > dudak bakim urunleri"
32010919,32000005,el kremleri bakim urunleri,https://www.hepsiburada.com/el-kremleri-bakim-urunleri-c-32010919,4,"Spor, Outdoor > kramponlar > cilt bakim urunleri > el kremleri bakim urunleri"
60008551,32000005,goz kremi,https://www.hepsiburada.com/goz-kremi-c-60008551,4,"Spor, Outdoor > kramponlar > cilt bakim urunleri > goz kremi"
60008554,32000005,goz serumu,https://www.hepsiburada.com/goz-serumu-c-60008554,4,"Spor, Outdoor > kramponlar > cilt bakim urunleri > goz serumu"
32010893,32000005,yuz bakim maskeleri,https://www.hepsiburada.com/yuz-bakim-maskeleri-c-32010893,4,"Spor, Outdoor > kramponlar > cilt bakim urunleri > yuz bakim maskeleri"
26012200,26012178,Erotik Masaj Yağları Ve Duş Jelleri,https://www.hepsiburada.com/erotik-masaj-yaglari-dus-jelleri-c-26012200,4,"Spor, Outdoor > kramponlar > cinsel saglik aile planlamasi urunleri > Erotik Masaj Yağları Ve Duş Jelleri"
26012201,26012178,Gebelik Ve Ovülasyon Testleri,https://www.hepsiburada.com/gebelik-ovulasyon-testleri-c-26012201,4,"Spor, Outdoor > kramponlar > cinsel saglik aile planlamasi urunleri > Gebelik Ve Ovülasyon Testleri"
60004281,26012178,Kadın Afrodizyak,https://www.hepsiburada.com/kadin-afrodizyak-urunleri-c-60004281,4,"Spor, Outdoor > kramponlar > cinsel saglik aile planlamasi urunleri > Kadın Afrodizyak"
205454,60002723,Erkek Çocuk,https://www.hepsiburada.com/erkek-cocuk-c-205454,4,"Spor, Outdoor > kramponlar > cocuk giyim kiyafetleri > Erkek Çocuk"
60002732,60002723,cocuk elbiseler,https://www.hepsiburada.com/cocuk-elbiseler-c-60002732,4,"Spor, Outdoor > kramponlar > cocuk giyim kiyafetleri > cocuk elbiseler"
316326,60002723,cocuk parti kostumu aksesuarlari,https://www.hepsiburada.com/cocuk-parti-kostumu-aksesuarlari-c-316326,4,"Spor, Outdoor > kramponlar > cocuk giyim kiyafetleri > cocuk parti kostumu aksesuarlari"
60002738,60002723,cocuk sortlar,https://www.hepsiburada.com/cocuk-sortlar-c-60002738,4,"Spor, Outdoor > kramponlar > cocuk giyim kiyafetleri > cocuk sortlar"
60004845,60002723,cocuk takimlari,https://www.hepsiburada.com/cocuk-takimlari-c-60004845,4,"Spor, Outdoor > kramponlar > cocuk giyim kiyafetleri > cocuk takimlari"
205504,60002723,erkek cocuk giyim,https://www.hepsiburada.com/erkek-cocuk-giyim-c-205504,4,"Spor, Outdoor > kramponlar > cocuk giyim kiyafetleri > erkek cocuk giyim"
18021308,18021300,Aynalar,https://www.hepsiburada.com/duvar-aynalari-c-18021308,4,"Spor, Outdoor > kramponlar > dekorasyon > Aynalar"
60003776,18021300,Biblo,https://www.hepsiburada.com/biblolar-c-60003776,4,"Spor, Outdoor > kramponlar > dekorasyon > Biblo"
60006493,18021300,Boyanabilir Dekoratif Objeler,https://www.hepsiburada.com/boyanabilir-dekoratif-objeler-c-60006493,4,"Spor, Outdoor > kramponlar > dekorasyon > Boyanabilir Dekoratif Objeler"
60006513,18021300,Dekoratif Hediyeler,https://www.hepsiburada.com/dekoratif-hediyeler-c-60006513,4,"Spor, Outdoor > kramponlar > dekorasyon > Dekoratif Hediyeler"
60003775,18021300,Dekoratif Objeler,https://www.hepsiburada.com/dekoratif-objeler-c-60003775,4,"Spor, Outdoor > kramponlar > dekorasyon > Dekoratif Objeler"
60006948,18021300,Dekoratif Sabunlar,https://www.hepsiburada.com/dekoratif-sabunlar-c-60006948,4,"Spor, Outdoor > kramponlar > dekorasyon > Dekoratif Sabunlar"
60005229,18021300,Dekoratif Saksılar,https://www.hepsiburada.com/dekoratif-saksilar-c-60005229,4,"Spor, Outdoor > kramponlar > dekorasyon > Dekoratif Saksılar"
60002981,18021300,Dekoratif Sepetler,https://www.hepsiburada.com/dekoratif-sepetler-c-60002981,4,"Spor, Outdoor > kramponlar > dekorasyon > Dekoratif Sepetler"
60000511,18021300,Duvar Dekorları,https://www.hepsiburada.com/duvar-dekorlari-c-60000511,4,"Spor, Outdoor > kramponlar > dekorasyon > Duvar Dekorları"
18021458,18021300,Duvar Saatleri,https://www.hepsiburada.com/ev-dekorasyon-duvar-saatleri-c-18021458,4,"Spor, Outdoor > kramponlar > dekorasyon > Duvar Saatleri"
18021314,18021300,Ev Düzenleme & Saklama,https://www.hepsiburada.com/ev-duzenleyicileri-c-18021314,4,"Spor, Outdoor > kramponlar > dekorasyon > Ev Düzenleme & Saklama"
60005841,18021300,Fotoğraf Albümleri,https://www.hepsiburada.com/fotograf-albumleri-c-60005841,4,"Spor, Outdoor > kramponlar > dekorasyon > Fotoğraf Albümleri"
60006949,18021300,Kişiye Özel Dekoratif Ürünler,https://www.hepsiburada.com/kisiye-ozel-dekoratif-urunler-c-60006949,4,"Spor, Outdoor > kramponlar > dekorasyon > Kişiye Özel Dekoratif Ürünler"
516324,18021300,Klasik Telefonlar,https://www.hepsiburada.com/klasik-telefonlar-c-516324,4,"Spor, Outdoor > kramponlar > dekorasyon > Klasik Telefonlar"
60007263,18021300,Kokulu Taşlar & Kalıplar,https://www.hepsiburada.com/kokulu-taslar-kaliplar-c-60007263,4,"Spor, Outdoor > kramponlar > dekorasyon > Kokulu Taşlar & Kalıplar"
60005110,18021300,Masa Lambaları,https://www.hepsiburada.com/masa-lambalari-c-60005110,4,"Spor, Outdoor > kramponlar > dekorasyon > Masa Lambaları"
18021459,18021300,Masa Saatleri,https://www.hepsiburada.com/dekoratif-masa-saatleri-c-18021459,4,"Spor, Outdoor > kramponlar > dekorasyon > Masa Saatleri"
60001787,18021300,Parti Malzemeleri,https://www.hepsiburada.com/parti-malzemeleri-c-60001787,4,"Spor, Outdoor > kramponlar > dekorasyon > Parti Malzemeleri"
60006444,18021300,Stickerlar & Folyolar,https://www.hepsiburada.com/dekoratif-stickerlar-c-60006444,4,"Spor, Outdoor > kramponlar > dekorasyon > Stickerlar & Folyolar"
18021320,18021300,Tablolar,https://www.hepsiburada.com/tablolar-c-18021320,4,"Spor, Outdoor > kramponlar > dekorasyon > Tablolar"
18021321,18021300,Tasarım Ürünleri,https://www.hepsiburada.com/tasarim-urunleri-c-18021321,4,"Spor, Outdoor > kramponlar > dekorasyon > Tasarım Ürünleri"
80857469,18021300,Tütsü & Tütsülük,https://www.hepsiburada.com/tutsu-tutsuluk-c-80857469,4,"Spor, Outdoor > kramponlar > dekorasyon > Tütsü & Tütsülük"
18021358,18021300,Vazo,https://www.hepsiburada.com/vazolar-c-18021358,4,"Spor, Outdoor > kramponlar > dekorasyon > Vazo"
60004335,18021300,Yılbaşı Süsleri,https://www.hepsiburada.com/yilbasi-susleri-c-60004335,4,"Spor, Outdoor > kramponlar > dekorasyon > Yılbaşı Süsleri"
18021992,18021300,fotograf cerceveleri,https://www.hepsiburada.com/fotograf-cerceveleri-c-18021992,4,"Spor, Outdoor > kramponlar > dekorasyon > fotograf cerceveleri"
18021318,18021300,mum kokular,https://www.hepsiburada.com/mum-kokular-c-18021318,4,"Spor, Outdoor > kramponlar > dekorasyon > mum kokular"
18021371,18021300,Şamdan & Mumluk,https://www.hepsiburada.com/mumluklar-samdanlar-c-18021371,4,"Spor, Outdoor > kramponlar > dekorasyon > Şamdan & Mumluk"
80229026,33000343,direksiyon seti,https://www.hepsiburada.com/direksiyon-seti-c-80229026,4,"Spor, Outdoor > kramponlar > diger oyun konsollari > direksiyon seti"
33000240,33000343,pc joystick gamepad,https://www.hepsiburada.com/pc-joystick-gamepad-c-33000240,4,"Spor, Outdoor > kramponlar > diger oyun konsollari > pc joystick gamepad"
80785004,80753000,Akaryakıt ve Oto Paketleri,https://www.hepsiburada.com/akaryakit-ve-oto-paketleri-c-80785004,4,"Spor, Outdoor > kramponlar > dijital urunler > Akaryakıt ve Oto Paketleri"
80857517,80753000,Dijital Davetiye & Poster,https://www.hepsiburada.com/dijital-davetiye-poster-c-80857517,4,"Spor, Outdoor > kramponlar > dijital urunler > Dijital Davetiye & Poster"
80755001,80753000,Dijital Oyunlar,https://www.hepsiburada.com/dijital-oyunlar-c-80755001,4,"Spor, Outdoor > kramponlar > dijital urunler > Dijital Oyunlar"
80755014,80753000,Dijital Yayın,https://www.hepsiburada.com/dijital-yayin-c-80755014,4,"Spor, Outdoor > kramponlar > dijital urunler > Dijital Yayın"
80755003,80753000,Eğlence,https://www.hepsiburada.com/eglence-c-80755003,4,"Spor, Outdoor > kramponlar > dijital urunler > Eğlence"
80755002,80753000,"Film, Dizi, Yayın Paketleri",https://www.hepsiburada.com/film-dizi-yayin-paketleri-c-80755002,4,"Spor, Outdoor > kramponlar > dijital urunler > Film, Dizi, Yayın Paketleri"
80755018,80753000,Hediye Kartları,https://www.hepsiburada.com/hediye-kartlari-c-80755018,4,"Spor, Outdoor > kramponlar > dijital urunler > Hediye Kartları"
80755013,80753000,Online Eğitim,https://www.hepsiburada.com/online-egitim-c-80755013,4,"Spor, Outdoor > kramponlar > dijital urunler > Online Eğitim"
80755008,80753000,Online Lisans,https://www.hepsiburada.com/online-lisans-c-80755008,4,"Spor, Outdoor > kramponlar > dijital urunler > Online Lisans"
80800002,80753000,Online İç Mimarlık Hizmeti,https://www.hepsiburada.com/online-ic-mimar-c-80800002,4,"Spor, Outdoor > kramponlar > dijital urunler > Online İç Mimarlık Hizmeti"
80755000,80753000,Oyun Pinleri,https://www.hepsiburada.com/oyun-pinleri-c-80755000,4,"Spor, Outdoor > kramponlar > dijital urunler > Oyun Pinleri"
80804000,80753000,Sanal Ofis,https://www.hepsiburada.com/sanal-ofis-c-80804000,4,"Spor, Outdoor > kramponlar > dijital urunler > Sanal Ofis"
80755019,80753000,"Yeme, İçme",https://www.hepsiburada.com/yeme-icme-c-80755019,4,"Spor, Outdoor > kramponlar > dijital urunler > Yeme, İçme"
80857065,80753000,İndirim Kuponları,https://www.hepsiburada.com/indirim-kuponlari-c-80857065,4,"Spor, Outdoor > kramponlar > dijital urunler > İndirim Kuponları"
60000220,13003201,Armatürler,https://www.hepsiburada.com/armaturler-c-60000220,4,"Spor, Outdoor > kramponlar > elektrik aydinlatma urunleri > Armatürler"
80719000,13003201,Aydınlatma Aksesuarları,https://www.hepsiburada.com/abajur-sapkasi-c-80719000,4,"Spor, Outdoor > kramponlar > elektrik aydinlatma urunleri > Aydınlatma Aksesuarları"
60005122,13003201,Bahçe Aydınlatma Direkleri,https://www.hepsiburada.com/bahce-aydinlatma-direkleri-c-60005122,4,"Spor, Outdoor > kramponlar > elektrik aydinlatma urunleri > Bahçe Aydınlatma Direkleri"
60005112,13003201,Bahçe Masa Üstü Aydınlatma,https://www.hepsiburada.com/bahce-masa-ustu-aydinlatmalar-c-60005112,4,"Spor, Outdoor > kramponlar > elektrik aydinlatma urunleri > Bahçe Masa Üstü Aydınlatma"
60005113,13003201,Bahçe Set Üstü Aydınlatma,https://www.hepsiburada.com/bahce-set-ustu-aydinlatmalar-c-60005113,4,"Spor, Outdoor > kramponlar > elektrik aydinlatma urunleri > Bahçe Set Üstü Aydınlatma"
60005123,13003201,Bahçe Yol Aydınlatması,https://www.hepsiburada.com/bahce-yol-aydinlatmasi-c-60005123,4,"Spor, Outdoor > kramponlar > elektrik aydinlatma urunleri > Bahçe Yol Aydınlatması"
60002660,13003201,Dekoratif Aydınlatma,https://www.hepsiburada.com/dekoratif-aydinlatmalar-c-60002660,4,"Spor, Outdoor > kramponlar > elektrik aydinlatma urunleri > Dekoratif Aydınlatma"
13003204,13003201,Dış Mekan Aydınlatma Ürünleri,https://www.hepsiburada.com/dis-mekan-aydinlatma-urunleri-c-13003204,4,"Spor, Outdoor > kramponlar > elektrik aydinlatma urunleri > Dış Mekan Aydınlatma Ürünleri"
60002654,13003201,Fener,https://www.hepsiburada.com/el-fenerleri-c-60002654,4,"Spor, Outdoor > kramponlar > elektrik aydinlatma urunleri > Fener"
60002657,13003201,Işıldak,https://www.hepsiburada.com/isildaklar-c-60002657,4,"Spor, Outdoor > kramponlar > elektrik aydinlatma urunleri > Işıldak"
80585014,13003201,Led Modül,https://www.hepsiburada.com/led-modul-c-80585014,4,"Spor, Outdoor > kramponlar > elektrik aydinlatma urunleri > Led Modül"
60001052,13003201,Pil ve Şarj Cihazları,https://www.hepsiburada.com/aydinlatma-pilleri-sarj-cihazlari-c-60001052,4,"Spor, Outdoor > kramponlar > elektrik aydinlatma urunleri > Pil ve Şarj Cihazları"
60002081,13003201,Plafonyer,https://www.hepsiburada.com/plafonyerler-c-60002081,4,"Spor, Outdoor > kramponlar > elektrik aydinlatma urunleri > Plafonyer"
13003399,13003201,Sarkıt,https://www.hepsiburada.com/sarkit-avizeler-c-13003399,4,"Spor, Outdoor > kramponlar > elektrik aydinlatma urunleri > Sarkıt"
60002655,13003201,Spotlar,https://www.hepsiburada.com/spotlar-c-60002655,4,"Spor, Outdoor > kramponlar > elektrik aydinlatma urunleri > Spotlar"
13007266,13003201,abajurlar,https://www.hepsiburada.com/abajurlar-c-13007266,4,"Spor, Outdoor > kramponlar > elektrik aydinlatma urunleri > abajurlar"
13003202,13003201,ampuller,https://www.hepsiburada.com/ampuller-c-13003202,4,"Spor, Outdoor > kramponlar > elektrik aydinlatma urunleri > ampuller"
13003212,13003201,enerji tasarruflu ampuller,https://www.hepsiburada.com/enerji-tasarruflu-ampuller-c-13003212,4,"Spor, Outdoor > kramponlar > elektrik aydinlatma urunleri > enerji tasarruflu ampuller"
60004290,13003201,Çocuk Odası Aydınlatma,https://www.hepsiburada.com/cocuk-odasi-aydinlatmalari-c-60004290,4,"Spor, Outdoor > kramponlar > elektrik aydinlatma urunleri > Çocuk Odası Aydınlatma"
80571037,80571082,Adaptör,https://www.hepsiburada.com/adaptor-c-80571037,4,"Spor, Outdoor > kramponlar > elektrik tesisat malzemeleri > Adaptör"
60007679,80571082,Akıllı Anahtarlar,https://www.hepsiburada.com/akilli-anahtar-c-60007679,4,"Spor, Outdoor > kramponlar > elektrik tesisat malzemeleri > Akıllı Anahtarlar"
60007682,80571082,Akıllı Kumandalar,https://www.hepsiburada.com/akilli-kumanda-c-60007682,4,"Spor, Outdoor > kramponlar > elektrik tesisat malzemeleri > Akıllı Kumandalar"
60007680,80571082,Akıllı Prizler,https://www.hepsiburada.com/akilli-prizler-c-60007680,4,"Spor, Outdoor > kramponlar > elektrik tesisat malzemeleri > Akıllı Prizler"
60007683,80571082,Akıllı Sensörler & Alarmlar,https://www.hepsiburada.com/akilli-alarm-sensorler-c-60007683,4,"Spor, Outdoor > kramponlar > elektrik tesisat malzemeleri > Akıllı Sensörler & Alarmlar"
80571085,80571082,Anahtar,https://www.hepsiburada.com/anahtar-c-80571085,4,"Spor, Outdoor > kramponlar > elektrik tesisat malzemeleri > Anahtar"
80571086,80571082,Duy,https://www.hepsiburada.com/duy-c-80571086,4,"Spor, Outdoor > kramponlar > elektrik tesisat malzemeleri > Duy"
13003207,80571082,Elektrik Aksesuarları,https://www.hepsiburada.com/elektrik-aksesuarlari-c-13003207,4,"Spor, Outdoor > kramponlar > elektrik tesisat malzemeleri > Elektrik Aksesuarları"
80571072,80571082,Elektrik Kablosu,https://www.hepsiburada.com/elektrik-kablosu-c-80571072,4,"Spor, Outdoor > kramponlar > elektrik tesisat malzemeleri > Elektrik Kablosu"
80571036,80571082,Fiş,https://www.hepsiburada.com/fis-c-80571036,4,"Spor, Outdoor > kramponlar > elektrik tesisat malzemeleri > Fiş"
13003206,80571082,Grup Priz & Uzatma Kablosu,https://www.hepsiburada.com/grup-priz-uzatma-kablolari-c-13003206,4,"Spor, Outdoor > kramponlar > elektrik tesisat malzemeleri > Grup Priz & Uzatma Kablosu"
60005111,80571082,Güneş Enerjisi,https://www.hepsiburada.com/gunes-enerjili-aydinlatmalar-c-60005111,4,"Spor, Outdoor > kramponlar > elektrik tesisat malzemeleri > Güneş Enerjisi"
60000663,80571082,Kablo Bağı,https://www.hepsiburada.com/kablo-klipsleri-c-60000663,4,"Spor, Outdoor > kramponlar > elektrik tesisat malzemeleri > Kablo Bağı"
80571091,80571082,Kablo Kanalı,https://www.hepsiburada.com/kablo-kanali-c-80571091,4,"Spor, Outdoor > kramponlar > elektrik tesisat malzemeleri > Kablo Kanalı"
80571089,80571082,Klemens,https://www.hepsiburada.com/klemens-c-80571089,4,"Spor, Outdoor > kramponlar > elektrik tesisat malzemeleri > Klemens"
60001548,80571082,Nem / Isı Ölçerler,https://www.hepsiburada.com/nem-isi-olcerler-c-60001548,4,"Spor, Outdoor > kramponlar > elektrik tesisat malzemeleri > Nem / Isı Ölçerler"
13006559,80571082,Sensörler / Dedektörler,https://www.hepsiburada.com/sensorler-dedektorler-c-13006559,4,"Spor, Outdoor > kramponlar > elektrik tesisat malzemeleri > Sensörler / Dedektörler"
60002662,80571082,Sigorta Kutusu,https://www.hepsiburada.com/sigorta-kutulari-sayaclar-c-60002662,4,"Spor, Outdoor > kramponlar > elektrik tesisat malzemeleri > Sigorta Kutusu"
13006560,80571082,Zaman Saatleri,https://www.hepsiburada.com/zaman-saatleri-c-13006560,4,"Spor, Outdoor > kramponlar > elektrik tesisat malzemeleri > Zaman Saatleri"
17693,17071,Dikiş Makinaları & Aksesuarları,https://www.hepsiburada.com/dikis-makinesi-aksesuarlari-c-17693,4,"Spor, Outdoor > kramponlar > elektrikli ev aletleri > Dikiş Makinaları & Aksesuarları"
80857105,17071,Hepsiburada Koruma Paketi,https://www.hepsiburada.com/hepsiburada-koruma-paketi-c-80857105,4,"Spor, Outdoor > kramponlar > elektrikli ev aletleri > Hepsiburada Koruma Paketi"
231596,22001,Buharlı Pişiriciler,https://www.hepsiburada.com/buharli-pisiriciler-c-231596,4,"Spor, Outdoor > kramponlar > elektrikli mutfak aletleri > Buharlı Pişiriciler"
22009,22001,Ekmek Kızartıcılar,https://www.hepsiburada.com/ekmek-kizarticilar-c-22009,4,"Spor, Outdoor > kramponlar > elektrikli mutfak aletleri > Ekmek Kızartıcılar"
232541,22001,Elektrikli Tencere/Tavalar,https://www.hepsiburada.com/elektrikli-tencere-tavalar-c-232541,4,"Spor, Outdoor > kramponlar > elektrikli mutfak aletleri > Elektrikli Tencere/Tavalar"
80752000,22001,Elektrikli Çeyiz Seti,https://www.hepsiburada.com/elektrikli-ceyiz-seti-c-80752000,4,"Spor, Outdoor > kramponlar > elektrikli mutfak aletleri > Elektrikli Çeyiz Seti"
233088,22001,Mini/Midi Fırınlar,https://www.hepsiburada.com/mini-midi-firinlar-c-233088,4,"Spor, Outdoor > kramponlar > elektrikli mutfak aletleri > Mini/Midi Fırınlar"
60003748,22001,Mutfak Tartıları,https://www.hepsiburada.com/mutfak-tartilari-c-60003748,4,"Spor, Outdoor > kramponlar > elektrikli mutfak aletleri > Mutfak Tartıları"
232495,22001,Mutfak Şefi,https://www.hepsiburada.com/mutfak-sefi-c-232495,4,"Spor, Outdoor > kramponlar > elektrikli mutfak aletleri > Mutfak Şefi"
22056,22001,Mısır Patlatma Makineleri,https://www.hepsiburada.com/misir-patlatma-makineleri-c-22056,4,"Spor, Outdoor > kramponlar > elektrikli mutfak aletleri > Mısır Patlatma Makineleri"
60005961,22001,Soda Makinesi,https://www.hepsiburada.com/soda-makinesi-c-60005961,4,"Spor, Outdoor > kramponlar > elektrikli mutfak aletleri > Soda Makinesi"
232334,22001,Yoğurt Makineleri,https://www.hepsiburada.com/yogurt-makineleri-c-232334,4,"Spor, Outdoor > kramponlar > elektrikli mutfak aletleri > Yoğurt Makineleri"
60002403,22001,Özel Mutfak Aletleri,https://www.hepsiburada.com/ozel-mutfak-aletleri-c-60002403,4,"Spor, Outdoor > kramponlar > elektrikli mutfak aletleri > Özel Mutfak Aletleri"
80552165,80216049,Epilatör Başlıkları ve Yedek Parçalar,https://www.hepsiburada.com/epilator-basliklari-ve-yedek-parcalari-c-80552165,4,"Spor, Outdoor > kramponlar > epilasyon agda > Epilatör Başlıkları ve Yedek Parçalar"
60004299,80216049,Kadın Tıraş Ürünleri,https://www.hepsiburada.com/kadin-tiras-urunleri-c-60004299,4,"Spor, Outdoor > kramponlar > epilasyon agda > Kadın Tıraş Ürünleri"
80412233,80216049,Kaş-Bıyık Alma Aletleri,https://www.hepsiburada.com/kas-biyik-alma-aletleri-c-80412233,4,"Spor, Outdoor > kramponlar > epilasyon agda > Kaş-Bıyık Alma Aletleri"
26012148,80216049,Sir Ağda,https://www.hepsiburada.com/sir-agda-c-26012148,4,"Spor, Outdoor > kramponlar > epilasyon agda > Sir Ağda"
60004641,12087177,Giyim,https://www.hepsiburada.com/erkek-giyim-urunleri-c-60004641,4,"Spor, Outdoor > kramponlar > erkek giyim modelleri > Giyim"
60001586,12087177,İç Giyim,https://www.hepsiburada.com/erkek-ic-giyim-urunleri-c-60001586,4,"Spor, Outdoor > kramponlar > erkek giyim modelleri > İç Giyim"
26012157,26012116,Tıraş Bıçakları Ve Yedekleri,https://www.hepsiburada.com/tiras-bicaklari-yedekleri-c-26012157,4,"Spor, Outdoor > kramponlar > erkek tiras urunleri > Tıraş Bıçakları Ve Yedekleri"
60003492,26012116,Tıraş Fırçaları,https://www.hepsiburada.com/tiras-fircalari-c-60003492,4,"Spor, Outdoor > kramponlar > erkek tiras urunleri > Tıraş Fırçaları"
26012158,26012116,"Tıraş Sabun,Krem,Köpük Ve Jelleri",https://www.hepsiburada.com/tiras-sabunkremkopuk-jelleri-c-26012158,4,"Spor, Outdoor > kramponlar > erkek tiras urunleri > Tıraş Sabun,Krem,Köpük Ve Jelleri"
26012160,26012116,Tıraş Sonrası Ürünler,https://www.hepsiburada.com/tiras-sonrasi-urunler-c-26012160,4,"Spor, Outdoor > kramponlar > erkek tiras urunleri > Tıraş Sonrası Ürünler"
80744001,26012116,Tıraş Çantası,https://www.hepsiburada.com/tiras-cantasi-c-80744001,4,"Spor, Outdoor > kramponlar > erkek tiras urunleri > Tıraş Çantası"
60002190,60002911,Elbise Askıları,https://www.hepsiburada.com/elbise-askilari-c-60002190,4,"Spor, Outdoor > kramponlar > ev gerecleri > Elbise Askıları"
60002915,60002911,Fırça ve Moplar,https://www.hepsiburada.com/firca-moplar-c-60002915,4,"Spor, Outdoor > kramponlar > ev gerecleri > Fırça ve Moplar"
60002913,60002911,Oda Kokuları,https://www.hepsiburada.com/oda-kokulari-c-60002913,4,"Spor, Outdoor > kramponlar > ev gerecleri > Oda Kokuları"
60002914,60002911,Plastik Temizlik Malzemeleri,https://www.hepsiburada.com/plastik-temizlik-malzemeleri-c-60002914,4,"Spor, Outdoor > kramponlar > ev gerecleri > Plastik Temizlik Malzemeleri"
60003114,60002911,Pratik Ev Gereçleri,https://www.hepsiburada.com/pratik-ev-gerecleri-c-60003114,4,"Spor, Outdoor > kramponlar > ev gerecleri > Pratik Ev Gereçleri"
60002917,60002911,Temizlik Bezleri,https://www.hepsiburada.com/temizlik-bezleri-c-60002917,4,"Spor, Outdoor > kramponlar > ev gerecleri > Temizlik Bezleri"
153276,60002911,Çamaşır Kurutucular,https://www.hepsiburada.com/camasir-kurutucular-c-153276,4,"Spor, Outdoor > kramponlar > ev gerecleri > Çamaşır Kurutucular"
80857397,60002911,"Çamaşır Topu, İp & Mandal",https://www.hepsiburada.com/camasir-topu-ip-mandal-c-80857397,4,"Spor, Outdoor > kramponlar > ev gerecleri > Çamaşır Topu, İp & Mandal"
157458,152492,DVD Oynatıcılar,https://www.hepsiburada.com/dvd-oynaticilar-c-157458,4,"Spor, Outdoor > kramponlar > ev sinema sistemleri > DVD Oynatıcılar"
17290,152492,Hoparlör Ayakları & Askıları,https://www.hepsiburada.com/hoparlor-ayaklari-askilari-c-17290,4,"Spor, Outdoor > kramponlar > ev sinema sistemleri > Hoparlör Ayakları & Askıları"
157397,152492,Portatif DVD Oynatıcılar,https://www.hepsiburada.com/portatif-dvd-oynaticilar-c-157397,4,"Spor, Outdoor > kramponlar > ev sinema sistemleri > Portatif DVD Oynatıcılar"
60008219,152492,Receiver Amfiler,https://www.hepsiburada.com/amfi-receiver-c-60008219,4,"Spor, Outdoor > kramponlar > ev sinema sistemleri > Receiver Amfiler"
60007247,152492,Subwoofer (Ev Tipi),https://www.hepsiburada.com/ev-tipi-subwoofer-c-60007247,4,"Spor, Outdoor > kramponlar > ev sinema sistemleri > Subwoofer (Ev Tipi)"
80494051,2147483618,Aksesuarlar,https://www.hepsiburada.com/aksesuarlar-c-80494051,4,"Spor, Outdoor > kramponlar > ev tekstili > Aksesuarlar"
9009841,2147483618,Alez,https://www.hepsiburada.com/alezler-c-9009841,4,"Spor, Outdoor > kramponlar > ev tekstili > Alez"
9010073,2147483618,Banyo Tekstili,https://www.hepsiburada.com/banyo-tekstili-urunleri-c-9010073,4,"Spor, Outdoor > kramponlar > ev tekstili > Banyo Tekstili"
512329,2147483618,Battaniye,https://www.hepsiburada.com/battaniyeler-c-512329,4,"Spor, Outdoor > kramponlar > ev tekstili > Battaniye"
9010084,2147483618,Ev Dekorasyon Ürünleri,https://www.hepsiburada.com/ev-dekorasyon-urunleri-c-9010084,4,"Spor, Outdoor > kramponlar > ev tekstili > Ev Dekorasyon Ürünleri"
9022246,2147483618,Halı,https://www.hepsiburada.com/halilar-c-9022246,4,"Spor, Outdoor > kramponlar > ev tekstili > Halı"
9010074,2147483618,Havlu,https://www.hepsiburada.com/havlular-c-9010074,4,"Spor, Outdoor > kramponlar > ev tekstili > Havlu"
9010107,2147483618,Masa Örtüleri,https://www.hepsiburada.com/masa-ortuleri-c-9010107,4,"Spor, Outdoor > kramponlar > ev tekstili > Masa Örtüleri"
9022247,2147483618,Perde,https://www.hepsiburada.com/perdeler-c-9022247,4,"Spor, Outdoor > kramponlar > ev tekstili > Perde"
512226,2147483618,Pike / Pike Takımı,https://www.hepsiburada.com/pike-pike-takimlari-c-512226,4,"Spor, Outdoor > kramponlar > ev tekstili > Pike / Pike Takımı"
510005,2147483618,Uyku Seti,https://www.hepsiburada.com/uyku-setleri-c-510005,4,"Spor, Outdoor > kramponlar > ev tekstili > Uyku Seti"
80857014,2147483618,Yastık & Yorgan Dolgu Malzemeleri,https://www.hepsiburada.com/yastik-yorgan-dolgu-malzemeleri-c-80857014,4,"Spor, Outdoor > kramponlar > ev tekstili > Yastık & Yorgan Dolgu Malzemeleri"
60002182,2147483618,Yatak Pedleri / Şilteler,https://www.hepsiburada.com/yatak-pedleri-silteler-c-60002182,4,"Spor, Outdoor > kramponlar > ev tekstili > Yatak Pedleri / Şilteler"
512544,2147483618,Yatak Örtüsü,https://www.hepsiburada.com/yatak-ortuleri-c-512544,4,"Spor, Outdoor > kramponlar > ev tekstili > Yatak Örtüsü"
510009,2147483618,Yorgan,https://www.hepsiburada.com/yorganlar-c-510009,4,"Spor, Outdoor > kramponlar > ev tekstili > Yorgan"
60005084,2147483618,bornozlar,https://www.hepsiburada.com/bornozlar-c-60005084,4,"Spor, Outdoor > kramponlar > ev tekstili > bornozlar"
9009842,2147483618,Çarşaf / Yastık Kılıfı,https://www.hepsiburada.com/carsaf-yastik-kiliflari-c-9009842,4,"Spor, Outdoor > kramponlar > ev tekstili > Çarşaf / Yastık Kılıfı"
60003295,2147483618,Çeyiz Seti,https://www.hepsiburada.com/ceyiz-ev-tekstili-paketleri-c-60003295,4,"Spor, Outdoor > kramponlar > ev tekstili > Çeyiz Seti"
80857395,2147483606,Aksiyon Kamera Aksesuarları,https://www.hepsiburada.com/aksiyon-kamera-aksesuarlari-c-80857395,4,"Spor, Outdoor > kramponlar > foto kameralari > Aksiyon Kamera Aksesuarları"
80438115,2147483606,Drone Yedek Parçaları,https://www.hepsiburada.com/drone-yedek-parcalari-c-80438115,4,"Spor, Outdoor > kramponlar > foto kameralari > Drone Yedek Parçaları"
60002083,2147483606,Fotoğraf Makinesi ve Kamera,https://www.hepsiburada.com/fotograf-makinesi-kameralari-c-60002083,4,"Spor, Outdoor > kramponlar > foto kameralari > Fotoğraf Makinesi ve Kamera"
90334,60000190,Dijital Fotoğraf Çerçeveleri,https://www.hepsiburada.com/dijital-fotograf-cerceveleri-c-90334,4,"Spor, Outdoor > kramponlar > fotograf makinesi aksesuarlari > Dijital Fotoğraf Çerçeveleri"
1100377,60000190,Fotoğraf Kağıtları,https://www.hepsiburada.com/fotograf-kagitlari-c-1100377,4,"Spor, Outdoor > kramponlar > fotograf makinesi aksesuarlari > Fotoğraf Kağıtları"
81481,60000190,Fotoğraf Makinesi Çantaları,https://www.hepsiburada.com/fotograf-makinesi-cantalari-c-81481,4,"Spor, Outdoor > kramponlar > fotograf makinesi aksesuarlari > Fotoğraf Makinesi Çantaları"
80781000,60000190,Gimball,https://www.hepsiburada.com/gimbal-c-80781000,4,"Spor, Outdoor > kramponlar > fotograf makinesi aksesuarlari > Gimball"
60002059,60000190,Hafıza Kartı ve Kart Okuyucuları,https://www.hepsiburada.com/hafiza-karti-kart-okuyuculari-c-60002059,4,"Spor, Outdoor > kramponlar > fotograf makinesi aksesuarlari > Hafıza Kartı ve Kart Okuyucuları"
4003699,60000190,Işık Ölçüm Cihazları,https://www.hepsiburada.com/isik-olcum-cihazlari-c-4003699,4,"Spor, Outdoor > kramponlar > fotograf makinesi aksesuarlari > Işık Ölçüm Cihazları"
87951,60000190,Pil Ve Şarj Cihazları,https://www.hepsiburada.com/pil-sarj-cihazlari-c-87951,4,"Spor, Outdoor > kramponlar > fotograf makinesi aksesuarlari > Pil Ve Şarj Cihazları"
86399,60000190,Sabitleyiciler (Tripod),https://www.hepsiburada.com/sabitleyiciler-tripod-c-86399,4,"Spor, Outdoor > kramponlar > fotograf makinesi aksesuarlari > Sabitleyiciler (Tripod)"
60003821,60000190,Slr Aksesuarları,https://www.hepsiburada.com/slr-aksesuarlari-c-60003821,4,"Spor, Outdoor > kramponlar > fotograf makinesi aksesuarlari > Slr Aksesuarları"
60006122,60000190,Stüdyo Çekim Ekipmanları,https://www.hepsiburada.com/studyo-cekim-ekipmanlari-c-60006122,4,"Spor, Outdoor > kramponlar > fotograf makinesi aksesuarlari > Stüdyo Çekim Ekipmanları"
1100003,60000190,Video Kamera Boş Kaset ve Dvd,https://www.hepsiburada.com/video-kamera-bos-kaset-dvd-c-1100003,4,"Spor, Outdoor > kramponlar > fotograf makinesi aksesuarlari > Video Kamera Boş Kaset ve Dvd"
32010923,32010889,Bronzlaştırıcılar,https://www.hepsiburada.com/bronzlastiricilar-c-32010923,4,"Spor, Outdoor > kramponlar > gunes koruyucu urunler > Bronzlaştırıcılar"
32010921,32010889,Güneş Krem ve Losyonları,https://www.hepsiburada.com/gunes-krem-losyonlari-c-32010921,4,"Spor, Outdoor > kramponlar > gunes koruyucu urunler > Güneş Krem ve Losyonları"
32010922,32010889,Güneş Sonrası Ürünler,https://www.hepsiburada.com/gunes-sonrasi-urunler-c-32010922,4,"Spor, Outdoor > kramponlar > gunes koruyucu urunler > Güneş Sonrası Ürünler"
60007432,32010889,Çocuk Güneş Ürünleri,https://www.hepsiburada.com/cocuk-gunes-urunleri-c-60007432,4,"Spor, Outdoor > kramponlar > gunes koruyucu urunler > Çocuk Güneş Ürünleri"
80162060,17175,Aksesuarlar,https://www.hepsiburada.com/aksesuarlar-c-80162060,4,"Spor, Outdoor > kramponlar > hava temizleme nem alma cihazlari > Aksesuarlar"
80162059,17175,Nem Alma Cihazı,https://www.hepsiburada.com/nem-alma-cihazi-c-80162059,4,"Spor, Outdoor > kramponlar > hava temizleme nem alma cihazlari > Nem Alma Cihazı"
60000388,13003347,Bağlantı Elemanları,https://www.hepsiburada.com/baglanti-elemanlari-c-60000388,4,"Spor, Outdoor > kramponlar > hirdavat urunleri > Bağlantı Elemanları"
13003648,13003347,Derz Ürünleri,https://www.hepsiburada.com/derz-urunleri-c-13003648,4,"Spor, Outdoor > kramponlar > hirdavat urunleri > Derz Ürünleri"
80127002,13003347,Doğalgaz Hortumu,https://www.hepsiburada.com/dogalgaz-hortumu-c-80127002,4,"Spor, Outdoor > kramponlar > hirdavat urunleri > Doğalgaz Hortumu"
60005797,13003347,Dış Mekan Paspasları,https://www.hepsiburada.com/dis-mekan-paspaslari-c-60005797,4,"Spor, Outdoor > kramponlar > hirdavat urunleri > Dış Mekan Paspasları"
13003351,13003347,Genel Bakım Spreyleri,https://www.hepsiburada.com/genel-bakim-spreyleri-c-13003351,4,"Spor, Outdoor > kramponlar > hirdavat urunleri > Genel Bakım Spreyleri"
60002992,13003347,Hidrolikler,https://www.hepsiburada.com/hidrolikler-c-60002992,4,"Spor, Outdoor > kramponlar > hirdavat urunleri > Hidrolikler"
13003348,13003347,Kapı & Pencere,https://www.hepsiburada.com/kapi-hirdavatlari-c-13003348,4,"Spor, Outdoor > kramponlar > hirdavat urunleri > Kapı & Pencere"
60004972,13003347,Kutu ve Ambalaj Malzemeleri,https://www.hepsiburada.com/kutu-ve-ambalaj-malzemeleri-c-60004972,4,"Spor, Outdoor > kramponlar > hirdavat urunleri > Kutu ve Ambalaj Malzemeleri"
60001301,13003347,Menfezler,https://www.hepsiburada.com/menfezler-c-60001301,4,"Spor, Outdoor > kramponlar > hirdavat urunleri > Menfezler"
60000309,13003347,Mobilya Hırdavatı,https://www.hepsiburada.com/mobilya-hirdavatlar-c-60000309,4,"Spor, Outdoor > kramponlar > hirdavat urunleri > Mobilya Hırdavatı"
60000301,13003347,Nem Alıcı,https://www.hepsiburada.com/nem-alicilar-c-60000301,4,"Spor, Outdoor > kramponlar > hirdavat urunleri > Nem Alıcı"
60005482,13003347,Oda Termostatı,https://www.hepsiburada.com/oda-termostati-c-60005482,4,"Spor, Outdoor > kramponlar > hirdavat urunleri > Oda Termostatı"
60005350,13003347,Panel Radyatör,https://www.hepsiburada.com/panel-radyatorler-c-60005350,4,"Spor, Outdoor > kramponlar > hirdavat urunleri > Panel Radyatör"
80737005,13003347,"Pnömatik, Hidrolik Parçalar",https://www.hepsiburada.com/pnomatik-hidrolik-parcalar-c-80737005,4,"Spor, Outdoor > kramponlar > hirdavat urunleri > Pnömatik, Hidrolik Parçalar"
60000384,13003347,Posta Kutuları,https://www.hepsiburada.com/posta-kutulari-c-60000384,4,"Spor, Outdoor > kramponlar > hirdavat urunleri > Posta Kutuları"
60001669,13003347,Profesyonel Temizlik Ürünleri,https://www.hepsiburada.com/profesyonel-temizlik-urunleri-c-60001669,4,"Spor, Outdoor > kramponlar > hirdavat urunleri > Profesyonel Temizlik Ürünleri"
80560307,13003347,Reklam & Promosyon Ürünleri,https://www.hepsiburada.com/reklam-promosyon-urunleri-c-80560307,4,"Spor, Outdoor > kramponlar > hirdavat urunleri > Reklam & Promosyon Ürünleri"
80159012,13003347,Rulmanlar,https://www.hepsiburada.com/rulman-c-80159012,4,"Spor, Outdoor > kramponlar > hirdavat urunleri > Rulmanlar"
60002254,13003347,Rötuş ve İşaretleme Kalemleri,https://www.hepsiburada.com/rotus-isaretleme-kalemleri-c-60002254,4,"Spor, Outdoor > kramponlar > hirdavat urunleri > Rötuş ve İşaretleme Kalemleri"
13003360,13003347,Silikonlar,https://www.hepsiburada.com/silikonlar-c-13003360,4,"Spor, Outdoor > kramponlar > hirdavat urunleri > Silikonlar"
60001160,13003347,Takım Tezgah ve Panoları,https://www.hepsiburada.com/takim-tezgahlari-panolari-c-60001160,4,"Spor, Outdoor > kramponlar > hirdavat urunleri > Takım Tezgah ve Panoları"
60000385,13003347,Takım Çantaları ve Avadanlıklar,https://www.hepsiburada.com/takim-cantalari-avadanliklar-c-60000385,4,"Spor, Outdoor > kramponlar > hirdavat urunleri > Takım Çantaları ve Avadanlıklar"
13003359,13003347,Yapıştırıcı ve Bantlar,https://www.hepsiburada.com/yapistirici-bantlar-c-13003359,4,"Spor, Outdoor > kramponlar > hirdavat urunleri > Yapıştırıcı ve Bantlar"
13003355,13003347,Yağdanlık,https://www.hepsiburada.com/yagdanliklar-c-13003355,4,"Spor, Outdoor > kramponlar > hirdavat urunleri > Yağdanlık"
80660026,13003347,sanayi tipi fanlar,https://www.hepsiburada.com/sanayi-tipi-fanlar-c-80660026,4,"Spor, Outdoor > kramponlar > hirdavat urunleri > sanayi tipi fanlar"
80322000,2147483605,3d kalem,https://www.hepsiburada.com/3d-kalem-c-80322000,4,"Spor, Outdoor > kramponlar > hobi eglence urunleri > 3d kalem"
80227002,2147483605,Gezi & Tatil Turları,https://www.hepsiburada.com/gezi-tatil-turlari-c-80227002,4,"Spor, Outdoor > kramponlar > hobi eglence urunleri > Gezi & Tatil Turları"
1200001,2147483605,Hobi,https://www.hepsiburada.com/hobi-oyunlar-c-1200001,4,"Spor, Outdoor > kramponlar > hobi eglence urunleri > Hobi"
1201472,2147483605,Oyun Takımları,https://www.hepsiburada.com/oyun-takimlari-c-1201472,4,"Spor, Outdoor > kramponlar > hobi eglence urunleri > Oyun Takımları"
14001244,2147483605,Uzaktan Kumandalı Araçlar,https://www.hepsiburada.com/uzaktan-kumandali-arabalar-c-14001244,4,"Spor, Outdoor > kramponlar > hobi eglence urunleri > Uzaktan Kumandalı Araçlar"
60002139,2147483605,ahsap maketler,https://www.hepsiburada.com/ahsap-maketler-c-60002139,4,"Spor, Outdoor > kramponlar > hobi eglence urunleri > ahsap maketler"
60002721,2147483605,akil oyunlari,https://www.hepsiburada.com/akil-oyunlari-c-60002721,4,"Spor, Outdoor > kramponlar > hobi eglence urunleri > akil oyunlari"
10278,2147483605,bilgisayar oyunlari,https://www.hepsiburada.com/bilgisayar-oyunlari-c-10278,4,"Spor, Outdoor > kramponlar > hobi eglence urunleri > bilgisayar oyunlari"
14003280,2147483605,dominolar,https://www.hepsiburada.com/dominolar-c-14003280,4,"Spor, Outdoor > kramponlar > hobi eglence urunleri > dominolar"
60001277,2147483605,harita puzzle yapbozlar,https://www.hepsiburada.com/harita-puzzle-yapbozlar-c-60001277,4,"Spor, Outdoor > kramponlar > hobi eglence urunleri > harita puzzle yapbozlar"
1205175,2147483605,kostumler parti malzemeleri,https://www.hepsiburada.com/kostumler-parti-malzemeleri-c-1205175,4,"Spor, Outdoor > kramponlar > hobi eglence urunleri > kostumler parti malzemeleri"
13003156,2147483605,maket bicaklar,https://www.hepsiburada.com/maket-bicaklar-c-13003156,4,"Spor, Outdoor > kramponlar > hobi eglence urunleri > maket bicaklar"
60001092,2147483605,maketler,https://www.hepsiburada.com/maketler-c-60001092,4,"Spor, Outdoor > kramponlar > hobi eglence urunleri > maketler"
60001091,2147483605,model arac cesitleri,https://www.hepsiburada.com/model-arac-cesitleri-c-60001091,4,"Spor, Outdoor > kramponlar > hobi eglence urunleri > model arac cesitleri"
1204341,2147483605,model ucaklar,https://www.hepsiburada.com/model-ucaklar-c-1204341,4,"Spor, Outdoor > kramponlar > hobi eglence urunleri > model ucaklar"
80455058,2147483605,nintendo switch oyunlari,https://www.hepsiburada.com/nintendo-switch-oyunlari-c-80455058,4,"Spor, Outdoor > kramponlar > hobi eglence urunleri > nintendo switch oyunlari"
14002004,2147483605,oyun kagitlari,https://www.hepsiburada.com/oyun-kagitlari-c-14002004,4,"Spor, Outdoor > kramponlar > hobi eglence urunleri > oyun kagitlari"
1201902,2147483605,puzzle yapbozlar,https://www.hepsiburada.com/puzzle-yapbozlar-c-1201902,4,"Spor, Outdoor > kramponlar > hobi eglence urunleri > puzzle yapbozlar"
1204865,2147483605,rc benzinli nitrolu arabalar,https://www.hepsiburada.com/rc-benzinli-nitrolu-arabalar-c-1204865,4,"Spor, Outdoor > kramponlar > hobi eglence urunleri > rc benzinli nitrolu arabalar"
1201183,2147483605,satranc takimlari,https://www.hepsiburada.com/satranc-takimlari-c-1201183,4,"Spor, Outdoor > kramponlar > hobi eglence urunleri > satranc takimlari"
80203011,2147483605,stres carki,https://www.hepsiburada.com/stres-carki-c-80203011,4,"Spor, Outdoor > kramponlar > hobi eglence urunleri > stres carki"
80207017,2147483605,stres topu,https://www.hepsiburada.com/stres-topu-c-80207017,4,"Spor, Outdoor > kramponlar > hobi eglence urunleri > stres topu"
1201184,2147483605,tavlalar,https://www.hepsiburada.com/tavlalar-c-1201184,4,"Spor, Outdoor > kramponlar > hobi eglence urunleri > tavlalar"
157284,161876,Hava Perdeleri,https://www.hepsiburada.com/hava-perdeleri-c-157284,4,"Spor, Outdoor > kramponlar > isitma sogutma urunleri > Hava Perdeleri"
80757002,161876,"Isıtma, Soğutma Hizmetleri",https://www.hepsiburada.com/isitma-sogutma-hizmetleri-c-80757002,4,"Spor, Outdoor > kramponlar > isitma sogutma urunleri > Isıtma, Soğutma Hizmetleri"
80419094,161876,"Isıtma, Soğutma Yedek Parçaları",https://www.hepsiburada.com/isitma-sogutma-yedek-parcalari-c-80419094,4,"Spor, Outdoor > kramponlar > isitma sogutma urunleri > Isıtma, Soğutma Yedek Parçaları"
8003156,161876,Portatif Soğutucular,https://www.hepsiburada.com/portatif-sogutucular-c-8003156,4,"Spor, Outdoor > kramponlar > isitma sogutma urunleri > Portatif Soğutucular"
60006329,161876,Termoboyler,https://www.hepsiburada.com/termoboyler-c-60006329,4,"Spor, Outdoor > kramponlar > isitma sogutma urunleri > Termoboyler"
60005398,157410,hdmi kablolar,https://www.hepsiburada.com/hdmi-kablolar-c-60005398,4,"Spor, Outdoor > kramponlar > kablo soketler > hdmi kablolar"
60004547,520,Kulak İçi Kulaklık,https://www.hepsiburada.com/kulak-ici-kulakliklar-c-60004547,4,"Spor, Outdoor > kramponlar > kulakliklar > Kulak İçi Kulaklık"
100978,520,Kulaklık Aksesuarları,https://www.hepsiburada.com/kulaklik-aksesuarlari-c-100978,4,"Spor, Outdoor > kramponlar > kulakliklar > Kulaklık Aksesuarları"
60004974,530175,22 Ayar Takılar,https://www.hepsiburada.com/22-ayar-takilar-c-60004974,4,"Spor, Outdoor > kramponlar > kulce ziynet cumhuriyet altinlari > 22 Ayar Takılar"
212357,530175,22 Ayar Yatırımlık Bilezik,https://www.hepsiburada.com/22-ayar-bilezikler-c-212357,4,"Spor, Outdoor > kramponlar > kulce ziynet cumhuriyet altinlari > 22 Ayar Yatırımlık Bilezik"
60003493,530175,Cumhuriyet Altını,https://www.hepsiburada.com/cumhuriyet-altinlari-c-60003493,4,"Spor, Outdoor > kramponlar > kulce ziynet cumhuriyet altinlari > Cumhuriyet Altını"
530176,530175,Gram Külçe Altın,https://www.hepsiburada.com/kulce-altin-fiyatlari-c-530176,4,"Spor, Outdoor > kramponlar > kulce ziynet cumhuriyet altinlari > Gram Külçe Altın"
60003494,530175,Hediyelik Altın,https://www.hepsiburada.com/hediyelik-altinlar-c-60003494,4,"Spor, Outdoor > kramponlar > kulce ziynet cumhuriyet altinlari > Hediyelik Altın"
16032977,530175,Külçe Gümüş,https://www.hepsiburada.com/kulce-gumus-c-16032977,4,"Spor, Outdoor > kramponlar > kulce ziynet cumhuriyet altinlari > Külçe Gümüş"
16032976,530175,Ziynet Altın,https://www.hepsiburada.com/ziynet-altinlar-c-16032976,4,"Spor, Outdoor > kramponlar > kulce ziynet cumhuriyet altinlari > Ziynet Altın"
95583,98,oyuncu laptoplari,https://www.hepsiburada.com/oyuncu-laptoplari-c-95583,4,"Spor, Outdoor > kramponlar > laptop notebook dizustu bilgisayarlar > oyuncu laptoplari"
17011,163192,muzik setleri,https://www.hepsiburada.com/muzik-setleri-c-17011,4,"Spor, Outdoor > kramponlar > led tv televizyonlar > muzik setleri"
32010967,341425,Dudaklar,https://www.hepsiburada.com/kozmetik-dudak-urunleri-c-32010967,4,"Spor, Outdoor > kramponlar > makyaj urunleri > Dudaklar"
32001791,341425,Makyaj Fırça ve Aksesuarlar,https://www.hepsiburada.com/makyaj-firca-aksesuarlar-c-32001791,4,"Spor, Outdoor > kramponlar > makyaj urunleri > Makyaj Fırça ve Aksesuarlar"
32001745,341425,Makyaj Setleri,https://www.hepsiburada.com/makyaj-setleri-c-32001745,4,"Spor, Outdoor > kramponlar > makyaj urunleri > Makyaj Setleri"
32010970,341425,Makyaj Temizleyiciler,https://www.hepsiburada.com/makyaj-temizleyiciler-c-32010970,4,"Spor, Outdoor > kramponlar > makyaj urunleri > Makyaj Temizleyiciler"
32010968,341425,Tırnaklar,https://www.hepsiburada.com/tirnaklar-c-32010968,4,"Spor, Outdoor > kramponlar > makyaj urunleri > Tırnaklar"
32010964,341425,Yüz,https://www.hepsiburada.com/yuz-makyaj-urunleri-c-32010964,4,"Spor, Outdoor > kramponlar > makyaj urunleri > Yüz"
80561022,34,hazir sistem,https://www.hepsiburada.com/hazir-sistem-c-80561022,4,"Spor, Outdoor > kramponlar > masaustu bilgisayarlar > hazir sistem"
116465,34,monitor bilgisayarlar,https://www.hepsiburada.com/monitor-bilgisayarlar-c-116465,4,"Spor, Outdoor > kramponlar > masaustu bilgisayarlar > monitor bilgisayarlar"
95582,34,oyuncu masaustu bilgisayarlari,https://www.hepsiburada.com/oyuncu-masaustu-bilgisayarlari-c-95582,4,"Spor, Outdoor > kramponlar > masaustu bilgisayarlar > oyuncu masaustu bilgisayarlari"
18021305,18021299,Antre / Hol,https://www.hepsiburada.com/antre-holler-c-18021305,4,"Spor, Outdoor > kramponlar > mobilyalar > Antre / Hol"
60003483,18021299,Banyo Dolapları,https://www.hepsiburada.com/banyo-dolaplari-c-60003483,4,"Spor, Outdoor > kramponlar > mobilyalar > Banyo Dolapları"
60001284,18021299,Bebek Odası,https://www.hepsiburada.com/bebek-odalari-c-60001284,4,"Spor, Outdoor > kramponlar > mobilyalar > Bebek Odası"
18021386,18021299,Genç Odası,https://www.hepsiburada.com/genc-odalari-c-18021386,4,"Spor, Outdoor > kramponlar > mobilyalar > Genç Odası"
18021304,18021299,Mutfak,https://www.hepsiburada.com/mutfak-mobilya-dekorasyon-c-18021304,4,"Spor, Outdoor > kramponlar > mobilyalar > Mutfak"
60004893,18021299,Ofis Mobilyaları,https://www.hepsiburada.com/ofis-dekorasyon-c-60004893,4,"Spor, Outdoor > kramponlar > mobilyalar > Ofis Mobilyaları"
18021303,18021299,Oturma Odası,https://www.hepsiburada.com/oturma-odalari-c-18021303,4,"Spor, Outdoor > kramponlar > mobilyalar > Oturma Odası"
18021301,18021299,Yatak Odası,https://www.hepsiburada.com/yatak-odalari-c-18021301,4,"Spor, Outdoor > kramponlar > mobilyalar > Yatak Odası"
18021302,18021299,Yemek Odası,https://www.hepsiburada.com/yemek-odalari-c-18021302,4,"Spor, Outdoor > kramponlar > mobilyalar > Yemek Odası"
13006543,18021299,aplikler,https://www.hepsiburada.com/aplikler-c-13006543,4,"Spor, Outdoor > kramponlar > mobilyalar > aplikler"
13003223,18021299,avizeler,https://www.hepsiburada.com/avizeler-c-13003223,4,"Spor, Outdoor > kramponlar > mobilyalar > avizeler"
18021622,18021299,ayakkabiliklar,https://www.hepsiburada.com/ayakkabiliklar-c-18021622,4,"Spor, Outdoor > kramponlar > mobilyalar > ayakkabiliklar"
60005015,18021299,balonlar,https://www.hepsiburada.com/balonlar-c-60005015,4,"Spor, Outdoor > kramponlar > mobilyalar > balonlar"
18021947,18021299,banyo bataryalari,https://www.hepsiburada.com/banyo-bataryalari-c-18021947,4,"Spor, Outdoor > kramponlar > mobilyalar > banyo bataryalari"
18021983,18021299,banyo lavabo bataryalari,https://www.hepsiburada.com/banyo-lavabo-bataryalari-c-18021983,4,"Spor, Outdoor > kramponlar > mobilyalar > banyo lavabo bataryalari"
457065,18021299,banyo mobilyalari,https://www.hepsiburada.com/banyo-mobilyalari-c-457065,4,"Spor, Outdoor > kramponlar > mobilyalar > banyo mobilyalari"
60006510,18021299,boy aynasi,https://www.hepsiburada.com/boy-aynasi-c-60006510,4,"Spor, Outdoor > kramponlar > mobilyalar > boy aynasi"
18043090,18021299,calisma masalari,https://www.hepsiburada.com/calisma-masalari-c-18043090,4,"Spor, Outdoor > kramponlar > mobilyalar > calisma masalari"
18021928,18021299,camasir sepetleri,https://www.hepsiburada.com/camasir-sepetleri-c-18021928,4,"Spor, Outdoor > kramponlar > mobilyalar > camasir sepetleri"
60005008,18021299,cok amacli dolaplar,https://www.hepsiburada.com/cok-amacli-dolaplar-c-60005008,4,"Spor, Outdoor > kramponlar > mobilyalar > cok amacli dolaplar"
18021972,18021299,dus basliklari,https://www.hepsiburada.com/dus-basliklari-c-18021972,4,"Spor, Outdoor > kramponlar > mobilyalar > dus basliklari"
18021971,18021299,dus setleri,https://www.hepsiburada.com/dus-setleri-c-18021971,4,"Spor, Outdoor > kramponlar > mobilyalar > dus setleri"
18021979,18021299,dusakabinler,https://www.hepsiburada.com/dusakabinler-c-18021979,4,"Spor, Outdoor > kramponlar > mobilyalar > dusakabinler"
60000815,18021299,duvar panelleri,https://www.hepsiburada.com/duvar-panelleri-c-60000815,4,"Spor, Outdoor > kramponlar > mobilyalar > duvar panelleri"
13003234,18021299,gece lambalari,https://www.hepsiburada.com/gece-lambalari-c-13003234,4,"Spor, Outdoor > kramponlar > mobilyalar > gece lambalari"
462096,18021299,havlupanlar,https://www.hepsiburada.com/havlupanlar-c-462096,4,"Spor, Outdoor > kramponlar > mobilyalar > havlupanlar"
18021981,18021299,jakuziler,https://www.hepsiburada.com/jakuziler-c-18021981,4,"Spor, Outdoor > kramponlar > mobilyalar > jakuziler"
18021342,18021299,kitaplik,https://www.hepsiburada.com/kitaplik-c-18021342,4,"Spor, Outdoor > kramponlar > mobilyalar > kitaplik"
18021958,18021299,klozet kapaklari,https://www.hepsiburada.com/klozet-kapaklari-c-18021958,4,"Spor, Outdoor > kramponlar > mobilyalar > klozet kapaklari"
18021930,18021299,klozetler,https://www.hepsiburada.com/klozetler-c-18021930,4,"Spor, Outdoor > kramponlar > mobilyalar > klozetler"
18021424,18021299,komodinler,https://www.hepsiburada.com/komodinler-c-18021424,4,"Spor, Outdoor > kramponlar > mobilyalar > komodinler"
13003232,18021299,lambaderler,https://www.hepsiburada.com/lambaderler-c-13003232,4,"Spor, Outdoor > kramponlar > mobilyalar > lambaderler"
60004458,18021299,lavabolar,https://www.hepsiburada.com/lavabolar-c-60004458,4,"Spor, Outdoor > kramponlar > mobilyalar > lavabolar"
13006524,18021299,led ampuller,https://www.hepsiburada.com/led-ampuller-c-13006524,4,"Spor, Outdoor > kramponlar > mobilyalar > led ampuller"
80340130,18021299,makyaj masasi,https://www.hepsiburada.com/makyaj-masasi-c-80340130,4,"Spor, Outdoor > kramponlar > mobilyalar > makyaj masasi"
13003235,18021299,masa lambalari,https://www.hepsiburada.com/masa-lambalari-c-13003235,4,"Spor, Outdoor > kramponlar > mobilyalar > masa lambalari"
18021949,18021299,mutfak evye bataryalari,https://www.hepsiburada.com/mutfak-evye-bataryalari-c-18021949,4,"Spor, Outdoor > kramponlar > mobilyalar > mutfak evye bataryalari"
510001,18021299,nevresim takimlari,https://www.hepsiburada.com/nevresim-takimlari-c-510001,4,"Spor, Outdoor > kramponlar > mobilyalar > nevresim takimlari"
9010093,18021299,paspaslar,https://www.hepsiburada.com/paspaslar-c-9010093,4,"Spor, Outdoor > kramponlar > mobilyalar > paspaslar"
13006546,18021299,projektorler,https://www.hepsiburada.com/projektorler-c-13006546,4,"Spor, Outdoor > kramponlar > mobilyalar > projektorler"
60002952,18021299,raflar,https://www.hepsiburada.com/raflar-c-60002952,4,"Spor, Outdoor > kramponlar > mobilyalar > raflar"
18021929,18021299,rezervuar ic takimlar,https://www.hepsiburada.com/rezervuar-ic-takimlar-c-18021929,4,"Spor, Outdoor > kramponlar > mobilyalar > rezervuar ic takimlar"
18021426,18021299,sandalyeler,https://www.hepsiburada.com/sandalyeler-c-18021426,4,"Spor, Outdoor > kramponlar > mobilyalar > sandalyeler"
60000525,18021299,serit led,https://www.hepsiburada.com/serit-led-c-60000525,4,"Spor, Outdoor > kramponlar > mobilyalar > serit led"
18021425,18021299,sifonyerler,https://www.hepsiburada.com/sifonyerler-c-18021425,4,"Spor, Outdoor > kramponlar > mobilyalar > sifonyerler"
9011674,18021299,takim banyo paspaslari,https://www.hepsiburada.com/takim-banyo-paspaslari-c-9011674,4,"Spor, Outdoor > kramponlar > mobilyalar > takim banyo paspaslari"
60000666,18021299,tavan vantilatoru,https://www.hepsiburada.com/tavan-vantilatoru-c-60000666,4,"Spor, Outdoor > kramponlar > mobilyalar > tavan vantilatoru"
60001290,18021299,yapay cicekler,https://www.hepsiburada.com/yapay-cicekler-c-60001290,4,"Spor, Outdoor > kramponlar > mobilyalar > yapay cicekler"
510008,18021299,yastiklar,https://www.hepsiburada.com/yastiklar-c-510008,4,"Spor, Outdoor > kramponlar > mobilyalar > yastiklar"
80275209,18021299,yolluk,https://www.hepsiburada.com/yolluk-c-80275209,4,"Spor, Outdoor > kramponlar > mobilyalar > yolluk"
18021617,18021299,zigon sehpalar,https://www.hepsiburada.com/zigon-sehpalar-c-18021617,4,"Spor, Outdoor > kramponlar > mobilyalar > zigon sehpalar"
18021307,18021299,Çalışma Odası,https://www.hepsiburada.com/calisma-odalari-c-18021307,4,"Spor, Outdoor > kramponlar > mobilyalar > Çalışma Odası"
80702000,18021299,Çocuk Odası,https://www.hepsiburada.com/cocuk-odasi-c-80702000,4,"Spor, Outdoor > kramponlar > mobilyalar > Çocuk Odası"
108811,57,Dokunmatik Taşınabilir Monitör,https://www.hepsiburada.com/dokunmatik-lcd-monitorler-c-108811,4,"Spor, Outdoor > kramponlar > monitorler > Dokunmatik Taşınabilir Monitör"
60000209,57,IPS Monitörler,https://www.hepsiburada.com/ips-monitorler-c-60000209,4,"Spor, Outdoor > kramponlar > monitorler > IPS Monitörler"
3002879,57,Led Monitörler,https://www.hepsiburada.com/led-monitorler-c-3002879,4,"Spor, Outdoor > kramponlar > monitorler > Led Monitörler"
60002242,57,PLS Monitörler,https://www.hepsiburada.com/pls-monitorler-c-60002242,4,"Spor, Outdoor > kramponlar > monitorler > PLS Monitörler"
1190,57,oyuncu klavyeleri,https://www.hepsiburada.com/oyuncu-klavyeleri-c-1190,4,"Spor, Outdoor > kramponlar > monitorler > oyuncu klavyeleri"
80405020,60008737,Bakım & Temizlik,https://www.hepsiburada.com/motosiklet-aksesuar-bakim-c-80405020,4,"Spor, Outdoor > kramponlar > motosiklet > Bakım & Temizlik"
80273080,60008737,Giyim & Ekipman,https://www.hepsiburada.com/motosiklet-surucu-ekipmanlari-c-80273080,4,"Spor, Outdoor > kramponlar > motosiklet > Giyim & Ekipman"
20029247,60008737,Motosiklet Aksesuarları,https://www.hepsiburada.com/motosiklet-aksesuarlari-c-20029247,4,"Spor, Outdoor > kramponlar > motosiklet > Motosiklet Aksesuarları"
80560308,60008737,Motosiklet Modelleri,https://www.hepsiburada.com/motosiklet-modelleri-c-80560308,4,"Spor, Outdoor > kramponlar > motosiklet > Motosiklet Modelleri"
80168003,60008737,Motosiklet Yedek Parça,https://www.hepsiburada.com/motosiklet-yedek-parca-c-80168003,4,"Spor, Outdoor > kramponlar > motosiklet > Motosiklet Yedek Parça"
60005666,60008737,Sürücü Koruma,https://www.hepsiburada.com/motosiklet-koruma-ekipmanlari-c-60005666,4,"Spor, Outdoor > kramponlar > motosiklet > Sürücü Koruma"
20029249,60008737,Çanta,https://www.hepsiburada.com/motosiklet-cantalari-c-20029249,4,"Spor, Outdoor > kramponlar > motosiklet > Çanta"
60005528,22500,Endüstriyel Mutfak Gereçleri,https://www.hepsiburada.com/endustriyel-mutfak-gerecleri-c-60005528,4,"Spor, Outdoor > kramponlar > mutfak gerecleri > Endüstriyel Mutfak Gereçleri"
232420,22500,Fırında Pişirme,https://www.hepsiburada.com/firin-kaplari-kek-kaliplari-c-232420,4,"Spor, Outdoor > kramponlar > mutfak gerecleri > Fırında Pişirme"
80667013,22500,Pişirme,https://www.hepsiburada.com/pisirme-c-80667013,4,"Spor, Outdoor > kramponlar > mutfak gerecleri > Pişirme"
231100,22500,"Saklama, Düzenleme",https://www.hepsiburada.com/ekmek-kutusu-saklama-kaplari-c-231100,4,"Spor, Outdoor > kramponlar > mutfak gerecleri > Saklama, Düzenleme"
80667016,22500,"Sofra, Servis & Sunum",https://www.hepsiburada.com/sofra-servis-sunum-c-80667016,4,"Spor, Outdoor > kramponlar > mutfak gerecleri > Sofra, Servis & Sunum"
80320060,22500,Yemek Hazırlama,https://www.hepsiburada.com/yemek-hazirlama-gerecleri-c-80320060,4,"Spor, Outdoor > kramponlar > mutfak gerecleri > Yemek Hazırlama"
9010068,22500,mutfak urunleri,https://www.hepsiburada.com/mutfak-urunleri-c-9010068,4,"Spor, Outdoor > kramponlar > mutfak gerecleri > mutfak urunleri"
22530,22500,Çay & Kahve Demleme,https://www.hepsiburada.com/caydanlik-cezveler-c-22530,4,"Spor, Outdoor > kramponlar > mutfak gerecleri > Çay & Kahve Demleme"
80167008,22500,Çeyiz Setleri,https://www.hepsiburada.com/ceyiz-setleri-c-80167008,4,"Spor, Outdoor > kramponlar > mutfak gerecleri > Çeyiz Setleri"
17498,17499,Alarm Saatli Radyolar,https://www.hepsiburada.com/alarm-saatli-radyolar-c-17498,4,"Spor, Outdoor > kramponlar > muzik sistemleri > Alarm Saatli Radyolar"
60007403,17499,Pikap,https://www.hepsiburada.com/pikap-c-60007403,4,"Spor, Outdoor > kramponlar > muzik sistemleri > Pikap"
17012,17499,Portatif Sistemler,https://www.hepsiburada.com/portatif-sistemler-c-17012,4,"Spor, Outdoor > kramponlar > muzik sistemleri > Portatif Sistemler"
60008221,17499,Stereo Amfiler,https://www.hepsiburada.com/stereo-amfi-c-60008221,4,"Spor, Outdoor > kramponlar > muzik sistemleri > Stereo Amfiler"
60007250,17499,Taşınabilir Amfili Hoparlörler,https://www.hepsiburada.com/tasinabilir-anfi-c-60007250,4,"Spor, Outdoor > kramponlar > muzik sistemleri > Taşınabilir Amfili Hoparlörler"
1201454,80226061,Nintendo Aksesuarları,https://www.hepsiburada.com/nintendo-aksesuarlari-c-1201454,4,"Spor, Outdoor > kramponlar > nintendo > Nintendo Aksesuarları"
80229024,80226061,Nintendo Konsol,https://www.hepsiburada.com/nintendo-konsol-c-80229024,4,"Spor, Outdoor > kramponlar > nintendo > Nintendo Konsol"
33000024,80226061,Nintendo Oyunları,https://www.hepsiburada.com/nintendo-oyunlari-c-33000024,4,"Spor, Outdoor > kramponlar > nintendo > Nintendo Oyunları"
60000534,15312,Ergonomi Ürünleri,https://www.hepsiburada.com/ergonomi-urunleri-c-60000534,4,"Spor, Outdoor > kramponlar > ofis mobilyalari > Ergonomi Ürünleri"
60001817,15312,Kitaplık,https://www.hepsiburada.com/ofis-kitapliklari-c-60001817,4,"Spor, Outdoor > kramponlar > ofis mobilyalari > Kitaplık"
80154009,15312,Ofis Aksesuarları,https://www.hepsiburada.com/ofis-aksesuarlari-c-80154009,4,"Spor, Outdoor > kramponlar > ofis mobilyalari > Ofis Aksesuarları"
60001664,15312,Ofis Dolapları,https://www.hepsiburada.com/ofis-dolaplari-c-60001664,4,"Spor, Outdoor > kramponlar > ofis mobilyalari > Ofis Dolapları"
60001663,15312,Ofis Koltukları,https://www.hepsiburada.com/ofis-koltuklari-c-60001663,4,"Spor, Outdoor > kramponlar > ofis mobilyalari > Ofis Koltukları"
21032929,15312,Ofis Masaları,https://www.hepsiburada.com/ofis-masalari-c-21032929,4,"Spor, Outdoor > kramponlar > ofis mobilyalari > Ofis Masaları"
60001814,15312,Ofis Sehpası,https://www.hepsiburada.com/ofis-sehpalari-c-60001814,4,"Spor, Outdoor > kramponlar > ofis mobilyalari > Ofis Sehpası"
80374073,15312,Oyuncu Koltuğu,https://www.hepsiburada.com/oyuncu-koltugu-c-80374073,4,"Spor, Outdoor > kramponlar > ofis mobilyalari > Oyuncu Koltuğu"
80763074,15312,Oyuncu Masaları,https://www.hepsiburada.com/oyuncu-masalari-c-80763074,4,"Spor, Outdoor > kramponlar > ofis mobilyalari > Oyuncu Masaları"
80320442,80327167,Özel Ürünler,https://www.hepsiburada.com/ozel-urunler-c-80320442,4,"Spor, Outdoor > kramponlar > on odemeli kart > Özel Ürünler"
20035732,2147483631,Araç Bakım Ürünleri,https://www.hepsiburada.com/oto-bakim-temizlik-urunleri-c-20035732,4,"Spor, Outdoor > kramponlar > oto aksesuarlari > Araç Bakım Ürünleri"
253574,2147483631,Oto Aksesuar Ürünleri,https://www.hepsiburada.com/oto-aksesuar-urunleri-c-253574,4,"Spor, Outdoor > kramponlar > oto aksesuarlari > Oto Aksesuar Ürünleri"
253575,2147483631,Oto Ses Ve Görüntü Sistemleri,https://www.hepsiburada.com/oto-ses-goruntu-sistemleri-c-253575,4,"Spor, Outdoor > kramponlar > oto aksesuarlari > Oto Ses Ve Görüntü Sistemleri"
20003812,2147483631,Oto Yedek Parça,https://www.hepsiburada.com/oto-yedek-parcalar-c-20003812,4,"Spor, Outdoor > kramponlar > oto aksesuarlari > Oto Yedek Parça"
80495071,2147483631,Otomobil,https://www.hepsiburada.com/otomobil-c-80495071,4,"Spor, Outdoor > kramponlar > oto aksesuarlari > Otomobil"
264130,2147483631,Tuning (Auto Sport),https://www.hepsiburada.com/tuning-auto-sport-urunleri-c-264130,4,"Spor, Outdoor > kramponlar > oto aksesuarlari > Tuning (Auto Sport)"
26005,2147483631,Yağ ve Yakıt Katkıları,https://www.hepsiburada.com/yag-motor-katkilari-c-26005,4,"Spor, Outdoor > kramponlar > oto aksesuarlari > Yağ ve Yakıt Katkıları"
60008462,2147483631,araba termostati,https://www.hepsiburada.com/araba-termostati-c-60008462,4,"Spor, Outdoor > kramponlar > oto aksesuarlari > araba termostati"
264025,2147483631,krikolar,https://www.hepsiburada.com/krikolar-c-264025,4,"Spor, Outdoor > kramponlar > oto aksesuarlari > krikolar"
80331054,60003581,kamera aksesuarlari,https://www.hepsiburada.com/kamera-aksesuarlari-c-80331054,4,"Spor, Outdoor > kramponlar > outdoor sualti fotograf makineleri > kamera aksesuarlari"
60002264,23031884,Bebek Oyuncağı (0-24 Ay),https://www.hepsiburada.com/ilk-yas-okul-oncesi-urunler-c-60002264,4,"Spor, Outdoor > kramponlar > oyuncaklar > Bebek Oyuncağı (0-24 Ay)"
80138057,23031884,Dış Mekan ve Spor Oyuncağı,https://www.hepsiburada.com/dis-mekan-spor-deniz-oyuncaklari-c-80138057,4,"Spor, Outdoor > kramponlar > oyuncaklar > Dış Mekan ve Spor Oyuncağı"
10452,23031884,Eğitici ve Öğretici Oyun,https://www.hepsiburada.com/egitici-ve-ogretici-oyun-c-10452,4,"Spor, Outdoor > kramponlar > oyuncaklar > Eğitici ve Öğretici Oyun"
313764,23031884,Figür Oyuncağı,https://www.hepsiburada.com/figur-oyuncaklar-c-313764,4,"Spor, Outdoor > kramponlar > oyuncaklar > Figür Oyuncağı"
60002099,23031884,Oyun Odası,https://www.hepsiburada.com/oyun-odasi-c-60002099,4,"Spor, Outdoor > kramponlar > oyuncaklar > Oyun Odası"
23022184,23031884,Oyuncak Bebek ve Aksesuar,https://www.hepsiburada.com/bebekler-c-23022184,4,"Spor, Outdoor > kramponlar > oyuncaklar > Oyuncak Bebek ve Aksesuar"
23020427,23031884,"Parti Malzemesi, Kostüm",https://www.hepsiburada.com/oyuncak-parti-malzemeleri-c-23020427,4,"Spor, Outdoor > kramponlar > oyuncaklar > Parti Malzemesi, Kostüm"
80123020,23031884,Sanat & Bilim & Beceri Oyuncakları,https://www.hepsiburada.com/sanat-bilim-beceri-oyuncaklari-c-80123020,4,"Spor, Outdoor > kramponlar > oyuncaklar > Sanat & Bilim & Beceri Oyuncakları"
23022180,23031884,Uzaktan Kumandalı Araçlar,https://www.hepsiburada.com/uzaktan-kumandali-arabalar-c-23022180,4,"Spor, Outdoor > kramponlar > oyuncaklar > Uzaktan Kumandalı Araçlar"
60006683,23031884,Yarış Pisti,https://www.hepsiburada.com/oyuncak-yaris-pisti-c-60006683,4,"Spor, Outdoor > kramponlar > oyuncaklar > Yarış Pisti"
23021005,23031884,Yedek Akü ve Aksesuar,https://www.hepsiburada.com/oyuncak-yedek-parcalar-c-23021005,4,"Spor, Outdoor > kramponlar > oyuncaklar > Yedek Akü ve Aksesuar"
10262,23031884,Çocuk Kutu Oyunu,https://www.hepsiburada.com/cocuk-kutu-oyunlari-c-10262,4,"Spor, Outdoor > kramponlar > oyuncaklar > Çocuk Kutu Oyunu"
80123018,23031884,Çocuk Multimedya,https://www.hepsiburada.com/cocuk-multimedya-urunleri-c-80123018,4,"Spor, Outdoor > kramponlar > oyuncaklar > Çocuk Multimedya"
409,86008,Oyun Bilgisayarı,https://www.hepsiburada.com/oyun-bilgisayarlari-c-409,4,"Spor, Outdoor > kramponlar > oyuncular ozel bilgisayar bilesenleri > Oyun Bilgisayarı"
499,86008,Oyun Donanımları,https://www.hepsiburada.com/oyuncu-donanimlari-c-499,4,"Spor, Outdoor > kramponlar > oyuncular ozel bilgisayar bilesenleri > Oyun Donanımları"
80226060,2147483602,pc oyun aksesuar,https://www.hepsiburada.com/pc-oyun-aksesuar-c-80226060,4,"Spor, Outdoor > kramponlar > oyunlar oyun konsollari > pc oyun aksesuar"
24001710,2147483616,Hamster & Tavşan,https://www.hepsiburada.com/kemirgenler-c-24001710,4,"Spor, Outdoor > kramponlar > pet shop > Hamster & Tavşan"
24001711,2147483616,Kaplumbağa,https://www.hepsiburada.com/surungenler-c-24001711,4,"Spor, Outdoor > kramponlar > pet shop > Kaplumbağa"
560074,2147483616,Kedi,https://www.hepsiburada.com/kediler-c-560074,4,"Spor, Outdoor > kramponlar > pet shop > Kedi"
560338,2147483616,Kuş,https://www.hepsiburada.com/kuslar-c-560338,4,"Spor, Outdoor > kramponlar > pet shop > Kuş"
560000,2147483616,Köpek,https://www.hepsiburada.com/kopekler-c-560000,4,"Spor, Outdoor > kramponlar > pet shop > Köpek"
24001725,2147483616,baliklar,https://www.hepsiburada.com/baliklar-c-24001725,4,"Spor, Outdoor > kramponlar > pet shop > baliklar"
33000007,80226063,PlayStation 2 Aksesuarları,https://www.hepsiburada.com/playstation-2-aksesuarlari-c-33000007,4,"Spor, Outdoor > kramponlar > playstation 2 > PlayStation 2 Aksesuarları"
33000006,80226063,PlayStation 2 Konsol,https://www.hepsiburada.com/playstation-2-konsol-c-33000006,4,"Spor, Outdoor > kramponlar > playstation 2 > PlayStation 2 Konsol"
33000005,80226063,PlayStation 2 Oyunları,https://www.hepsiburada.com/playstation-2-oyunlari-c-33000005,4,"Spor, Outdoor > kramponlar > playstation 2 > PlayStation 2 Oyunları"
1200698,80226059,PlayStation 3 Aksesuarları,https://www.hepsiburada.com/playstation-3-aksesuarlari-c-1200698,4,"Spor, Outdoor > kramponlar > playstation 3 > PlayStation 3 Aksesuarları"
1200413,80226059,PlayStation 3 Konsol,https://www.hepsiburada.com/playstation-3-konsollari-c-1200413,4,"Spor, Outdoor > kramponlar > playstation 3 > PlayStation 3 Konsol"
1200412,80226059,PlayStation 3 Oyunları,https://www.hepsiburada.com/playstation-3-oyunlari-c-1200412,4,"Spor, Outdoor > kramponlar > playstation 3 > PlayStation 3 Oyunları"
60004080,80226057,PlayStation 4 Aksesuarları,https://www.hepsiburada.com/playstation-4-aksesuarlari-c-60004080,4,"Spor, Outdoor > kramponlar > playstation 4 > PlayStation 4 Aksesuarları"
60003892,80226057,PlayStation 4 Konsol,https://www.hepsiburada.com/playstation-4-konsollari-c-60003892,4,"Spor, Outdoor > kramponlar > playstation 4 > PlayStation 4 Konsol"
60003893,80226057,PlayStation 4 Oyunları,https://www.hepsiburada.com/playstation-4-oyunlari-c-60003893,4,"Spor, Outdoor > kramponlar > playstation 4 > PlayStation 4 Oyunları"
80229021,80226057,Playstation 4 VR,https://www.hepsiburada.com/playstation-4-vr-c-80229021,4,"Spor, Outdoor > kramponlar > playstation 4 > Playstation 4 VR"
21020430,285390,Projeksiyon Lambası,https://www.hepsiburada.com/projeksiyon-lambalar-c-21020430,4,"Spor, Outdoor > kramponlar > projeksiyon sistemleri > Projeksiyon Lambası"
21028149,285390,Projeksiyon Sunum Kumandaları,https://www.hepsiburada.com/projeksiyon-sunum-kumandalari-c-21028149,4,"Spor, Outdoor > kramponlar > projeksiyon sistemleri > Projeksiyon Sunum Kumandaları"
15548,285390,Projektör Kablo ve Aparatları,https://www.hepsiburada.com/projektor-kablo-aparatlari-c-15548,4,"Spor, Outdoor > kramponlar > projeksiyon sistemleri > Projektör Kablo ve Aparatları"
1204496,80226062,PSP / Vita Aksesuar,https://www.hepsiburada.com/psp-aksesuarlar-c-1204496,4,"Spor, Outdoor > kramponlar > psp vita > PSP / Vita Aksesuar"
80229025,80226062,PSP / Vita Konsol,https://www.hepsiburada.com/psp-vita-konsol-c-80229025,4,"Spor, Outdoor > kramponlar > psp vita > PSP / Vita Konsol"
1204495,80226062,PSP / Vita Oyun,https://www.hepsiburada.com/psp-oyunlari-c-1204495,4,"Spor, Outdoor > kramponlar > psp vita > PSP / Vita Oyun"
26012289,26012111,Jöleler,https://www.hepsiburada.com/joleler-c-26012289,4,"Spor, Outdoor > kramponlar > sac bakim urunleri > Jöleler"
80526164,26012111,Kuru Şampuanlar,https://www.hepsiburada.com/kuru-sampuanlar-c-80526164,4,"Spor, Outdoor > kramponlar > sac bakim urunleri > Kuru Şampuanlar"
80857297,26012111,Profesyonel Saç Bakım,https://www.hepsiburada.com/profesyonel-sac-bakim-c-80857297,4,"Spor, Outdoor > kramponlar > sac bakim urunleri > Profesyonel Saç Bakım"
26012286,26012111,Saç Dökülmesine Karşı Ürünler,https://www.hepsiburada.com/sac-dokulmesine-karsi-urunler-c-26012286,4,"Spor, Outdoor > kramponlar > sac bakim urunleri > Saç Dökülmesine Karşı Ürünler"
26012130,26012111,Saç Fototerapi Cihazları,https://www.hepsiburada.com/sac-fototerapi-cihazlari-c-26012130,4,"Spor, Outdoor > kramponlar > sac bakim urunleri > Saç Fototerapi Cihazları"
26012131,26012111,Saç Fırçaları Ve Aksesuarlar,https://www.hepsiburada.com/sac-fircalari-aksesuarlar-c-26012131,4,"Spor, Outdoor > kramponlar > sac bakim urunleri > Saç Fırçaları Ve Aksesuarlar"
26012283,26012111,Saç Kremleri,https://www.hepsiburada.com/sac-kremleri-c-26012283,4,"Spor, Outdoor > kramponlar > sac bakim urunleri > Saç Kremleri"
26012291,26012111,Saç Köpükleri,https://www.hepsiburada.com/sac-kopukleri-c-26012291,4,"Spor, Outdoor > kramponlar > sac bakim urunleri > Saç Köpükleri"
26012285,26012111,"Saç Maskeleri,Bakım Krem,Losyon Ve Spreyleri",https://www.hepsiburada.com/sac-maskeleribakim-kremlosyon-spreyleri-c-26012285,4,"Spor, Outdoor > kramponlar > sac bakim urunleri > Saç Maskeleri,Bakım Krem,Losyon Ve Spreyleri"
26012362,26012111,Saç Spreyleri,https://www.hepsiburada.com/sac-spreyleri-c-26012362,4,"Spor, Outdoor > kramponlar > sac bakim urunleri > Saç Spreyleri"
80475023,3013119,Dolum Seti,https://www.hepsiburada.com/dolum-seti-c-80475023,4,"Spor, Outdoor > kramponlar > sarf malzemeleri > Dolum Seti"
636,3013119,Drum,https://www.hepsiburada.com/bilgisayar-drumlar-c-636,4,"Spor, Outdoor > kramponlar > sarf malzemeleri > Drum"
243,3013119,Mürekkep Kartuşları,https://www.hepsiburada.com/murekkep-kartuslar-c-243,4,"Spor, Outdoor > kramponlar > sarf malzemeleri > Mürekkep Kartuşları"
114,3013119,Yazıcı Şeritleri,https://www.hepsiburada.com/yazici-seritleri-c-114,4,"Spor, Outdoor > kramponlar > sarf malzemeleri > Yazıcı Şeritleri"
320,3013119,tonerler,https://www.hepsiburada.com/tonerler-c-320,4,"Spor, Outdoor > kramponlar > sarf malzemeleri > tonerler"
60008548,3013119,yazici chipleri,https://www.hepsiburada.com/yazici-chipleri-c-60008548,4,"Spor, Outdoor > kramponlar > sarf malzemeleri > yazici chipleri"
80256006,17201,Ek Güvence Paketleri,https://www.hepsiburada.com/ek-guvence-paketleri-c-80256006,4,"Spor, Outdoor > kramponlar > ses goruntu sistemleri > Ek Güvence Paketleri"
80857072,17201,Ek Güvence Paketleri Televizyon,https://www.hepsiburada.com/ek-guvence-paketleri-televizyon-c-80857072,4,"Spor, Outdoor > kramponlar > ses goruntu sistemleri > Ek Güvence Paketleri Televizyon"
155056,17201,Uydu Alıcısı Aksesuarları,https://www.hepsiburada.com/uydu-alicisi-aksesuarlari-c-155056,4,"Spor, Outdoor > kramponlar > ses goruntu sistemleri > Uydu Alıcısı Aksesuarları"
80160034,17201,buharli temizleyici,https://www.hepsiburada.com/buharli-temizleyici-c-80160034,4,"Spor, Outdoor > kramponlar > ses goruntu sistemleri > buharli temizleyici"
80857514,17201,cam silme robotu,https://www.hepsiburada.com/cam-silme-robotu-c-80857514,4,"Spor, Outdoor > kramponlar > ses goruntu sistemleri > cam silme robotu"
157192,17201,canak antenler,https://www.hepsiburada.com/canak-antenler-c-157192,4,"Spor, Outdoor > kramponlar > ses goruntu sistemleri > canak antenler"
60002912,17201,cop kovalari,https://www.hepsiburada.com/cop-kovalari-c-60002912,4,"Spor, Outdoor > kramponlar > ses goruntu sistemleri > cop kovalari"
80160032,17201,dikey supurge,https://www.hepsiburada.com/dikey-supurge-c-80160032,4,"Spor, Outdoor > kramponlar > ses goruntu sistemleri > dikey supurge"
162152,17201,dikis makinalari,https://www.hepsiburada.com/dikis-makinalari-c-162152,4,"Spor, Outdoor > kramponlar > ses goruntu sistemleri > dikis makinalari"
161837,17201,guvenlik kameralari,https://www.hepsiburada.com/guvenlik-kameralari-c-161837,4,"Spor, Outdoor > kramponlar > ses goruntu sistemleri > guvenlik kameralari"
17793,17201,hali yikama makinalari,https://www.hepsiburada.com/hali-yikama-makinalari-c-17793,4,"Spor, Outdoor > kramponlar > ses goruntu sistemleri > hali yikama makinalari"
80162058,17201,hava temizleme cihazi,https://www.hepsiburada.com/hava-temizleme-cihazi-c-80162058,4,"Spor, Outdoor > kramponlar > ses goruntu sistemleri > hava temizleme cihazi"
60007380,17201,kamera sistemleri,https://www.hepsiburada.com/kamera-sistemleri-c-60007380,4,"Spor, Outdoor > kramponlar > ses goruntu sistemleri > kamera sistemleri"
157193,17201,lnbler,https://www.hepsiburada.com/lnbler-c-157193,4,"Spor, Outdoor > kramponlar > ses goruntu sistemleri > lnbler"
60002196,17201,pazar arabalari,https://www.hepsiburada.com/pazar-arabalari-c-60002196,4,"Spor, Outdoor > kramponlar > ses goruntu sistemleri > pazar arabalari"
159445,17201,sarjli supurgeler,https://www.hepsiburada.com/sarjli-supurgeler-c-159445,4,"Spor, Outdoor > kramponlar > ses goruntu sistemleri > sarjli supurgeler"
60008218,17201,soundbar,https://www.hepsiburada.com/soundbar-c-60008218,4,"Spor, Outdoor > kramponlar > ses goruntu sistemleri > soundbar"
17539,17201,tv aski aparatlari,https://www.hepsiburada.com/tv-aski-aparatlari-c-17539,4,"Spor, Outdoor > kramponlar > ses goruntu sistemleri > tv aski aparatlari"
153271,17201,utu masasi aksesuarlari,https://www.hepsiburada.com/utu-masasi-aksesuarlari-c-153271,4,"Spor, Outdoor > kramponlar > ses goruntu sistemleri > utu masasi aksesuarlari"
154297,17201,uydu kablolari,https://www.hepsiburada.com/uydu-kablolari-c-154297,4,"Spor, Outdoor > kramponlar > ses goruntu sistemleri > uydu kablolari"
154296,17201,uydu yon bulucular,https://www.hepsiburada.com/uydu-yon-bulucular-c-154296,4,"Spor, Outdoor > kramponlar > ses goruntu sistemleri > uydu yon bulucular"
157396,17201,uzaktan kumandalar,https://www.hepsiburada.com/uzaktan-kumandalar-c-157396,4,"Spor, Outdoor > kramponlar > ses goruntu sistemleri > uzaktan kumandalar"
60006152,1100301,fotograf filmleri,https://www.hepsiburada.com/fotograf-filmleri-c-60006152,4,"Spor, Outdoor > kramponlar > slr fotograf makineleri > fotograf filmleri"
60002058,1100301,lensler filtreler,https://www.hepsiburada.com/lensler-filtreler-c-60002058,4,"Spor, Outdoor > kramponlar > slr fotograf makineleri > lensler filtreler"
80081040,8001872,Ayak Isıtıcıları,https://www.hepsiburada.com/ayak-isitici-c-80081040,4,"Spor, Outdoor > kramponlar > sobalar isiticilar > Ayak Isıtıcıları"
80081043,8001872,Doğalgaz Sobaları,https://www.hepsiburada.com/dogalgaz-sobasi-c-80081043,4,"Spor, Outdoor > kramponlar > sobalar isiticilar > Doğalgaz Sobaları"
80081039,8001872,Fanlı Isıtıcılar,https://www.hepsiburada.com/fanli-isiticilar-c-80081039,4,"Spor, Outdoor > kramponlar > sobalar isiticilar > Fanlı Isıtıcılar"
80081036,8001872,Infrared Isıtıcılar,https://www.hepsiburada.com/infrared-isiticilar-c-80081036,4,"Spor, Outdoor > kramponlar > sobalar isiticilar > Infrared Isıtıcılar"
8001883,8001872,Isıtıcı Ayakları & Aparatlar,https://www.hepsiburada.com/infrared-isitici-ayaklari-c-8001883,4,"Spor, Outdoor > kramponlar > sobalar isiticilar > Isıtıcı Ayakları & Aparatlar"
80091008,8001872,Karbon Isıtıcı,https://www.hepsiburada.com/karbon-isitici-c-80091008,4,"Spor, Outdoor > kramponlar > sobalar isiticilar > Karbon Isıtıcı"
80091010,8001872,Konveksiyonel Isıtıcı,https://www.hepsiburada.com/konveksiyonel-isitici-c-80091010,4,"Spor, Outdoor > kramponlar > sobalar isiticilar > Konveksiyonel Isıtıcı"
80081041,8001872,Konvektörler,https://www.hepsiburada.com/konvektor-c-80081041,4,"Spor, Outdoor > kramponlar > sobalar isiticilar > Konvektörler"
80091012,8001872,Panel Isıtıcı,https://www.hepsiburada.com/panel-isitici-c-80091012,4,"Spor, Outdoor > kramponlar > sobalar isiticilar > Panel Isıtıcı"
80081038,8001872,Quartz Sobalar,https://www.hepsiburada.com/quartz-soba-c-80081038,4,"Spor, Outdoor > kramponlar > sobalar isiticilar > Quartz Sobalar"
80081042,8001872,Seramik Isıtıcılar,https://www.hepsiburada.com/seramik-isiticilar-c-80081042,4,"Spor, Outdoor > kramponlar > sobalar isiticilar > Seramik Isıtıcılar"
80081037,8001872,Yağlı Radyatörler,https://www.hepsiburada.com/yagli-radyator-c-80081037,4,"Spor, Outdoor > kramponlar > sobalar isiticilar > Yağlı Radyatörler"
80160031,155123,Sulu Süpürge,https://www.hepsiburada.com/sulu-supurge-c-80160031,4,"Spor, Outdoor > kramponlar > supurgeler > Sulu Süpürge"
17712,155123,Süpürge Aksesuarları,https://www.hepsiburada.com/supurge-aksesuarlari-c-17712,4,"Spor, Outdoor > kramponlar > supurgeler > Süpürge Aksesuarları"
80160029,155123,Toz Torbalı Süpürge,https://www.hepsiburada.com/toz-torbali-supurge-c-80160029,4,"Spor, Outdoor > kramponlar > supurgeler > Toz Torbalı Süpürge"
80160030,155123,Toz Torbasız Süpürge,https://www.hepsiburada.com/toz-torbasiz-supurge-c-80160030,4,"Spor, Outdoor > kramponlar > supurgeler > Toz Torbasız Süpürge"
60006598,60004584,Taşınabilir Şarj Aksesuarları,https://www.hepsiburada.com/tasinabilir-sarj-aksesuarlari-c-60006598,4,"Spor, Outdoor > kramponlar > tasinabilir pilli sarj cihazlari > Taşınabilir Şarj Aksesuarları"
80314034,29010123,Android Kabloları (Type C),https://www.hepsiburada.com/type-c-kablolar-c-80314034,4,"Spor, Outdoor > kramponlar > telefon kablolari > Android Kabloları (Type C)"
60006597,2147483642,tasinabilir sarj cihazlari,https://www.hepsiburada.com/tasinabilir-sarj-cihazlari-c-60006597,4,"Spor, Outdoor > kramponlar > telefonlar > tasinabilir sarj cihazlari"
16199,371966,Fct Sistemleri,https://www.hepsiburada.com/fct-sistemleri-c-16199,4,"Spor, Outdoor > kramponlar > telsiz masaustu telefonlar > Fct Sistemleri"
16126,371966,Konferans Telefonları,https://www.hepsiburada.com/konferans-telefonlari-c-16126,4,"Spor, Outdoor > kramponlar > telsiz masaustu telefonlar > Konferans Telefonları"
16027,371966,Lisanssız Telsizler,https://www.hepsiburada.com/lisanssiz-telsizler-c-16027,4,"Spor, Outdoor > kramponlar > telsiz masaustu telefonlar > Lisanssız Telsizler"
16004,371966,Masaüstü Telefonlar,https://www.hepsiburada.com/masaustu-telefonlar-c-16004,4,"Spor, Outdoor > kramponlar > telsiz masaustu telefonlar > Masaüstü Telefonlar"
16043,371966,Operatör Başlıkları,https://www.hepsiburada.com/operator-basliklari-c-16043,4,"Spor, Outdoor > kramponlar > telsiz masaustu telefonlar > Operatör Başlıkları"
16120,371966,Telefon Santralleri,https://www.hepsiburada.com/telefon-santralleri-c-16120,4,"Spor, Outdoor > kramponlar > telsiz masaustu telefonlar > Telefon Santralleri"
16005,371966,Telsiz Telefonlar,https://www.hepsiburada.com/telsiz-telefonlar-c-16005,4,"Spor, Outdoor > kramponlar > telsiz masaustu telefonlar > Telsiz Telefonlar"
60004528,8003673,3D Gözlük,https://www.hepsiburada.com/3d-gozlukler-c-60004528,4,"Spor, Outdoor > kramponlar > tv aksesuarlari > 3D Gözlük"
60004529,8003673,Akıllı TV Aksesuarları,https://www.hepsiburada.com/akilli-tv-aksesuarlari-c-60004529,4,"Spor, Outdoor > kramponlar > tv aksesuarlari > Akıllı TV Aksesuarları"
60002696,8003673,Dijital Yayın Paketleri,https://www.hepsiburada.com/dijital-yayin-paketleri-c-60002696,4,"Spor, Outdoor > kramponlar > tv aksesuarlari > Dijital Yayın Paketleri"
157463,8003673,Ekran Temizleme Ürünleri,https://www.hepsiburada.com/ekran-temizleme-urunleri-c-157463,4,"Spor, Outdoor > kramponlar > tv aksesuarlari > Ekran Temizleme Ürünleri"
80788007,8003673,TV Montaj,https://www.hepsiburada.com/tv-montaj-c-80788007,4,"Spor, Outdoor > kramponlar > tv aksesuarlari > TV Montaj"
80827002,8003673,TV Yedek Parçaları,https://www.hepsiburada.com/tv-yedek-parcalari-c-80827002,4,"Spor, Outdoor > kramponlar > tv aksesuarlari > TV Yedek Parçaları"
80407000,8003673,tv ekran koruyucular,https://www.hepsiburada.com/tv-ekran-koruyucular-c-80407000,4,"Spor, Outdoor > kramponlar > tv aksesuarlari > tv ekran koruyucular"
18021389,8003673,tv uniteleri,https://www.hepsiburada.com/tv-uniteleri-c-18021389,4,"Spor, Outdoor > kramponlar > tv aksesuarlari > tv uniteleri"
80162057,155122,Buhar Kazanlı Ütü,https://www.hepsiburada.com/buhar-kazanli-utu-c-80162057,4,"Spor, Outdoor > kramponlar > utuler > Buhar Kazanlı Ütü"
80162056,155122,Buharlı Ütü,https://www.hepsiburada.com/buharli-utu-c-80162056,4,"Spor, Outdoor > kramponlar > utuler > Buharlı Ütü"
102820,3013121,Çoklu Depolama Ünitesi (NAS),https://www.hepsiburada.com/coklu-depolama-uniteleri-nas-c-102820,4,"Spor, Outdoor > kramponlar > veri depolama urunleri > Çoklu Depolama Ünitesi (NAS)"
33000194,80226058,XBox 360 Oyunları,https://www.hepsiburada.com/xbox-360-oyunlari-c-33000194,4,"Spor, Outdoor > kramponlar > xbox 360 > XBox 360 Oyunları"
80229022,80226058,Xbox 360 Konsol,https://www.hepsiburada.com/xbox-360-c-80229022,4,"Spor, Outdoor > kramponlar > xbox 360 > Xbox 360 Konsol"
33000467,80226058,Xbox Aksesuarları,https://www.hepsiburada.com/xbox-aksesuarlari-c-33000467,4,"Spor, Outdoor > kramponlar > xbox 360 > Xbox Aksesuarları"
33000443,80226056,XBox One Oyunları,https://www.hepsiburada.com/xbox-one-oyunlari-c-33000443,4,"Spor, Outdoor > kramponlar > xbox one > XBox One Oyunları"
33000465,80226056,Xbox Konsol,https://www.hepsiburada.com/xbox-konsollari-c-33000465,4,"Spor, Outdoor > kramponlar > xbox one > Xbox Konsol"
80229017,80226056,Xbox One Aksesuar,https://www.hepsiburada.com/xbox-one-aksesuar-c-80229017,4,"Spor, Outdoor > kramponlar > xbox one > Xbox One Aksesuar"
10283,80226056,kutu oyunlari,https://www.hepsiburada.com/kutu-oyunlari-c-10283,4,"Spor, Outdoor > kramponlar > xbox one > kutu oyunlari"
80766007,80766004,Xbox Series S Aksesuarları,https://www.hepsiburada.com/xbox-series-s-aksesuarlari-c-80766007,4,"Spor, Outdoor > kramponlar > xbox series s > Xbox Series S Aksesuarları"
80766005,80766004,Xbox Series S Konsol,https://www.hepsiburada.com/xbox-series-s-konsol-c-80766005,4,"Spor, Outdoor > kramponlar > xbox series s > Xbox Series S Konsol"
80766006,80766004,Xbox Series S Oyunları,https://www.hepsiburada.com/xbox-series-s-oyunlari-c-80766006,4,"Spor, Outdoor > kramponlar > xbox series s > Xbox Series S Oyunları"
80766003,80766000,Xbox Series X Aksesuarları,https://www.hepsiburada.com/xbox-series-x-aksesuarlari-c-80766003,4,"Spor, Outdoor > kramponlar > xbox series x > Xbox Series X Aksesuarları"
80766001,80766000,Xbox Series X Konsol,https://www.hepsiburada.com/xbox-series-x-konsol-c-80766001,4,"Spor, Outdoor > kramponlar > xbox series x > Xbox Series X Konsol"
80766002,80766000,Xbox Series X Oyunları,https://www.hepsiburada.com/xbox-series-x-oyunlari-c-80766002,4,"Spor, Outdoor > kramponlar > xbox series x > Xbox Series X Oyunları"
80857437,2147483620,4 mevsim lastikler,https://www.hepsiburada.com/4-mevsim-lastikler-c-80857437,4,"Spor, Outdoor > kramponlar > yapi market hirdavatlar > 4 mevsim lastikler"
13003264,2147483620,Banyo,https://www.hepsiburada.com/banyo-urunleri-c-13003264,4,"Spor, Outdoor > kramponlar > yapi market hirdavatlar > Banyo"
60001216,2147483620,Boya & Boya Malzemeleri,https://www.hepsiburada.com/boyalar-boya-aksesuarlari-c-60001216,4,"Spor, Outdoor > kramponlar > yapi market hirdavatlar > Boya & Boya Malzemeleri"
13003081,2147483620,Elektrikli El Aletleri,https://www.hepsiburada.com/elektrikli-aletler-aksesuarlar-c-13003081,4,"Spor, Outdoor > kramponlar > yapi market hirdavatlar > Elektrikli El Aletleri"
13003085,2147483620,Endüstriyel Temizleme,https://www.hepsiburada.com/endustriyel-temizleme-urunleri-c-13003085,4,"Spor, Outdoor > kramponlar > yapi market hirdavatlar > Endüstriyel Temizleme"
80857576,2147483620,Enerji Sistemleri,https://www.hepsiburada.com/enerji-sistemleri-c-80857576,4,"Spor, Outdoor > kramponlar > yapi market hirdavatlar > Enerji Sistemleri"
60003995,2147483620,Güvenlik,https://www.hepsiburada.com/guvenlik-malzemeleri-c-60003995,4,"Spor, Outdoor > kramponlar > yapi market hirdavatlar > Güvenlik"
80770002,2147483620,Ham Madde,https://www.hepsiburada.com/ham-madde-c-80770002,4,"Spor, Outdoor > kramponlar > yapi market hirdavatlar > Ham Madde"
80375043,2147483620,Hizmet,https://www.hepsiburada.com/hizmet-c-80375043,4,"Spor, Outdoor > kramponlar > yapi market hirdavatlar > Hizmet"
13003327,2147483620,Kaldırma Ekipmanları,https://www.hepsiburada.com/kaldirma-ekipmanlari-c-13003327,4,"Spor, Outdoor > kramponlar > yapi market hirdavatlar > Kaldırma Ekipmanları"
13003082,2147483620,Manuel El Aletleri,https://www.hepsiburada.com/el-aletleri-c-13003082,4,"Spor, Outdoor > kramponlar > yapi market hirdavatlar > Manuel El Aletleri"
80664020,2147483620,Oto Servis Ekipmanları,https://www.hepsiburada.com/oto-servis-ekipmanlari-c-80664020,4,"Spor, Outdoor > kramponlar > yapi market hirdavatlar > Oto Servis Ekipmanları"
80805004,2147483620,Sanayi Makineleri,https://www.hepsiburada.com/sanayi-makinesi-c-80805004,4,"Spor, Outdoor > kramponlar > yapi market hirdavatlar > Sanayi Makineleri"
80856001,2147483620,Su Arıtma,https://www.hepsiburada.com/su-aritma-c-80856001,4,"Spor, Outdoor > kramponlar > yapi market hirdavatlar > Su Arıtma"
17288,2147483620,akim korumali prizler,https://www.hepsiburada.com/akim-korumali-prizler-c-17288,4,"Spor, Outdoor > kramponlar > yapi market hirdavatlar > akim korumali prizler"
20033705,2147483620,aku sarj cihazlari,https://www.hepsiburada.com/aku-sarj-cihazlari-c-20033705,4,"Spor, Outdoor > kramponlar > yapi market hirdavatlar > aku sarj cihazlari"
60003762,2147483620,akuler,https://www.hepsiburada.com/akuler-c-60003762,4,"Spor, Outdoor > kramponlar > yapi market hirdavatlar > akuler"
13003091,2147483620,akulu vidalama aletleri,https://www.hepsiburada.com/akulu-vidalama-aletleri-c-13003091,4,"Spor, Outdoor > kramponlar > yapi market hirdavatlar > akulu vidalama aletleri"
26027,2147483620,arac ici kameralar,https://www.hepsiburada.com/arac-ici-kameralar-c-26027,4,"Spor, Outdoor > kramponlar > yapi market hirdavatlar > arac ici kameralar"
20035765,2147483620,arac supurgeleri,https://www.hepsiburada.com/arac-supurgeleri-c-20035765,4,"Spor, Outdoor > kramponlar > yapi market hirdavatlar > arac supurgeleri"
80405015,2147483620,atv motor,https://www.hepsiburada.com/atv-motor-c-80405015,4,"Spor, Outdoor > kramponlar > yapi market hirdavatlar > atv motor"
60000864,2147483620,avuc taslamalar,https://www.hepsiburada.com/avuc-taslamalar-c-60000864,4,"Spor, Outdoor > kramponlar > yapi market hirdavatlar > avuc taslamalar"
34001208,2147483620,bahce salincaklari,https://www.hepsiburada.com/bahce-salincaklari-c-34001208,4,"Spor, Outdoor > kramponlar > yapi market hirdavatlar > bahce salincaklari"
34001202,2147483620,bahce sandalyeleri,https://www.hepsiburada.com/bahce-sandalyeleri-c-34001202,4,"Spor, Outdoor > kramponlar > yapi market hirdavatlar > bahce sandalyeleri"
13003267,2147483620,batarya musluklari,https://www.hepsiburada.com/batarya-musluklari-c-13003267,4,"Spor, Outdoor > kramponlar > yapi market hirdavatlar > batarya musluklari"
34001225,2147483620,benzinli agac kesme makineleri,https://www.hepsiburada.com/benzinli-agac-kesme-makineleri-c-34001225,4,"Spor, Outdoor > kramponlar > yapi market hirdavatlar > benzinli agac kesme makineleri"
34001221,2147483620,benzinli tirpanlar,https://www.hepsiburada.com/benzinli-tirpanlar-c-34001221,4,"Spor, Outdoor > kramponlar > yapi market hirdavatlar > benzinli tirpanlar"
20024895,2147483620,cam filmleri,https://www.hepsiburada.com/cam-filmleri-c-20024895,4,"Spor, Outdoor > kramponlar > yapi market hirdavatlar > cam filmleri"
60005076,2147483620,cicek tohumlari,https://www.hepsiburada.com/cicek-tohumlari-c-60005076,4,"Spor, Outdoor > kramponlar > yapi market hirdavatlar > cicek tohumlari"
450871,2147483620,cim bicme makineleri,https://www.hepsiburada.com/cim-bicme-makineleri-c-450871,4,"Spor, Outdoor > kramponlar > yapi market hirdavatlar > cim bicme makineleri"
60000396,2147483620,dubeller,https://www.hepsiburada.com/dubeller-c-60000396,4,"Spor, Outdoor > kramponlar > yapi market hirdavatlar > dubeller"
80405009,2147483620,elektrikli motosiklet,https://www.hepsiburada.com/elektrikli-motosiklet-c-80405009,4,"Spor, Outdoor > kramponlar > yapi market hirdavatlar > elektrikli motosiklet"
34001271,2147483620,gunes enerjili bahce aydinlatmalari,https://www.hepsiburada.com/gunes-enerjili-bahce-aydinlatmalari-c-34001271,4,"Spor, Outdoor > kramponlar > yapi market hirdavatlar > gunes enerjili bahce aydinlatmalari"
80408116,2147483620,intercom,https://www.hepsiburada.com/intercom-c-80408116,4,"Spor, Outdoor > kramponlar > yapi market hirdavatlar > intercom"
60002013,2147483620,is ayakkabilari cizmeleri,https://www.hepsiburada.com/is-ayakkabilari-cizmeleri-c-60002013,4,"Spor, Outdoor > kramponlar > yapi market hirdavatlar > is ayakkabilari cizmeleri"
26039,2147483620,jant kapaklari,https://www.hepsiburada.com/jant-kapaklari-c-26039,4,"Spor, Outdoor > kramponlar > yapi market hirdavatlar > jant kapaklari"
20006830,2147483620,jantlar,https://www.hepsiburada.com/jantlar-c-20006830,4,"Spor, Outdoor > kramponlar > yapi market hirdavatlar > jantlar"
13003121,2147483620,jeneratorler,https://www.hepsiburada.com/jeneratorler-c-13003121,4,"Spor, Outdoor > kramponlar > yapi market hirdavatlar > jeneratorler"
60008179,2147483620,kartonpiyer,https://www.hepsiburada.com/kartonpiyer-c-60008179,4,"Spor, Outdoor > kramponlar > yapi market hirdavatlar > kartonpiyer"
13003124,2147483620,kaynak makineleri,https://www.hepsiburada.com/kaynak-makineleri-c-13003124,4,"Spor, Outdoor > kramponlar > yapi market hirdavatlar > kaynak makineleri"
13003177,2147483620,lehim havyalari,https://www.hepsiburada.com/lehim-havyalari-c-13003177,4,"Spor, Outdoor > kramponlar > yapi market hirdavatlar > lehim havyalari"
13003186,2147483620,lokma takimlari,https://www.hepsiburada.com/lokma-takimlari-c-13003186,4,"Spor, Outdoor > kramponlar > yapi market hirdavatlar > lokma takimlari"
34001281,2147483620,mangallar,https://www.hepsiburada.com/mangallar-c-34001281,4,"Spor, Outdoor > kramponlar > yapi market hirdavatlar > mangallar"
13003095,2147483620,matkaplar,https://www.hepsiburada.com/matkaplar-c-13003095,4,"Spor, Outdoor > kramponlar > yapi market hirdavatlar > matkaplar"
80842005,2147483620,mentese,https://www.hepsiburada.com/mentese-c-80842005,4,"Spor, Outdoor > kramponlar > yapi market hirdavatlar > mentese"
13003350,2147483620,merdivenler,https://www.hepsiburada.com/merdivenler-c-13003350,4,"Spor, Outdoor > kramponlar > yapi market hirdavatlar > merdivenler"
26050,2147483620,oto amfileri,https://www.hepsiburada.com/oto-amfileri-c-26050,4,"Spor, Outdoor > kramponlar > yapi market hirdavatlar > oto amfileri"
26080,2147483620,oto teyp,https://www.hepsiburada.com/oto-teyp-c-26080,4,"Spor, Outdoor > kramponlar > yapi market hirdavatlar > oto teyp"
13003158,2147483620,penseler,https://www.hepsiburada.com/penseler-c-13003158,4,"Spor, Outdoor > kramponlar > yapi market hirdavatlar > penseler"
60002661,2147483620,priz anahtarlar,https://www.hepsiburada.com/priz-anahtarlar-c-60002661,4,"Spor, Outdoor > kramponlar > yapi market hirdavatlar > priz anahtarlar"
34001265,2147483620,saksilar,https://www.hepsiburada.com/saksilar-c-34001265,4,"Spor, Outdoor > kramponlar > yapi market hirdavatlar > saksilar"
60004415,2147483620,sapanlar,https://www.hepsiburada.com/sapanlar-c-60004415,4,"Spor, Outdoor > kramponlar > yapi market hirdavatlar > sapanlar"
80857264,2147483620,sarj istasyonu,https://www.hepsiburada.com/sarj-istasyonu-c-80857264,4,"Spor, Outdoor > kramponlar > yapi market hirdavatlar > sarj istasyonu"
80405010,2147483620,scooter motor,https://www.hepsiburada.com/scooter-motor-c-80405010,4,"Spor, Outdoor > kramponlar > yapi market hirdavatlar > scooter motor"
60003680,2147483620,silecekler,https://www.hepsiburada.com/silecekler-c-60003680,4,"Spor, Outdoor > kramponlar > yapi market hirdavatlar > silecekler"
13003356,2147483620,sinek perdeleri,https://www.hepsiburada.com/sinek-perdeleri-c-13003356,4,"Spor, Outdoor > kramponlar > yapi market hirdavatlar > sinek perdeleri"
9015285,2147483620,sinek sivrisinek kovucular,https://www.hepsiburada.com/sinek-sivrisinek-kovucular-c-9015285,4,"Spor, Outdoor > kramponlar > yapi market hirdavatlar > sinek sivrisinek kovucular"
13003364,2147483620,su aritma cihazlari,https://www.hepsiburada.com/su-aritma-cihazlari-c-13003364,4,"Spor, Outdoor > kramponlar > yapi market hirdavatlar > su aritma cihazlari"
452384,2147483620,su motorlari pompalar,https://www.hepsiburada.com/su-motorlari-pompalar-c-452384,4,"Spor, Outdoor > kramponlar > yapi market hirdavatlar > su motorlari pompalar"
13003164,2147483620,testereler,https://www.hepsiburada.com/testereler-c-13003164,4,"Spor, Outdoor > kramponlar > yapi market hirdavatlar > testereler"
60004662,2147483620,vidalar civiler dubeller,https://www.hepsiburada.com/vidalar-civiler-dubeller-c-60004662,4,"Spor, Outdoor > kramponlar > yapi market hirdavatlar > vidalar civiler dubeller"
26008,2147483620,yangin sondurme tupleri,https://www.hepsiburada.com/yangin-sondurme-tupleri-c-26008,4,"Spor, Outdoor > kramponlar > yapi market hirdavatlar > yangin sondurme tupleri"
60003997,2147483620,yangin sonduruculer,https://www.hepsiburada.com/yangin-sonduruculer-c-60003997,4,"Spor, Outdoor > kramponlar > yapi market hirdavatlar > yangin sonduruculer"
451862,2147483620,yuksek basincli bahce yikama makineleri,https://www.hepsiburada.com/yuksek-basincli-bahce-yikama-makineleri-c-451862,4,"Spor, Outdoor > kramponlar > yapi market hirdavatlar > yuksek basincli bahce yikama makineleri"
13003083,2147483620,Ölçüm Cihazları,https://www.hepsiburada.com/olcum-cihazlari-c-13003083,4,"Spor, Outdoor > kramponlar > yapi market hirdavatlar > Ölçüm Cihazları"
80081048,2147483620,İnşaat Malzemeleri,https://www.hepsiburada.com/insaat-malzemeleri-c-80081048,4,"Spor, Outdoor > kramponlar > yapi market hirdavatlar > İnşaat Malzemeleri"
60000207,41,Antivirüs ve Güvenlik,https://www.hepsiburada.com/guvenlik-antivirus-programlari-c-60000207,4,"Spor, Outdoor > kramponlar > yazilim urunleri > Antivirüs ve Güvenlik"
80058013,41,Dijital İndirilebilir Lisans,https://www.hepsiburada.com/dijital-indirilebilir-lisans-c-80058013,4,"Spor, Outdoor > kramponlar > yazilim urunleri > Dijital İndirilebilir Lisans"
3007065,41,Eğitim Yazılımları,https://www.hepsiburada.com/egitim-yazilimlari-c-3007065,4,"Spor, Outdoor > kramponlar > yazilim urunleri > Eğitim Yazılımları"
60000204,41,Kültür ve Hobi Yazılımları,https://www.hepsiburada.com/kultur-hobi-yazilimlari-c-60000204,4,"Spor, Outdoor > kramponlar > yazilim urunleri > Kültür ve Hobi Yazılımları"
60000206,41,Tasarım Yazılımları,https://www.hepsiburada.com/tasarim-yazilimlari-c-60000206,4,"Spor, Outdoor > kramponlar > yazilim urunleri > Tasarım Yazılımları"
60000208,41,Ticari Yazılımlar,https://www.hepsiburada.com/ticari-yazilimlar-c-60000208,4,"Spor, Outdoor > kramponlar > yazilim urunleri > Ticari Yazılımlar"
740,41,Çeviri ve Sözlük Yazılımları,https://www.hepsiburada.com/ceviri-sozluk-yazilimlari-c-740,4,"Spor, Outdoor > kramponlar > yazilim urunleri > Çeviri ve Sözlük Yazılımları"
370286,370052,Boks Aksesuarları,https://www.hepsiburada.com/boks-topu-aksesuarlari-c-370286,4,"Spor, Outdoor > kum boks torbalari > Boks Ürünleri > Boks Aksesuarları"
27012986,370052,Boks Eldivenleri,https://www.hepsiburada.com/boks-eldivenleri-c-27012986,4,"Spor, Outdoor > kum boks torbalari > Boks Ürünleri > Boks Eldivenleri"
378389,370052,Boks Standları,https://www.hepsiburada.com/boks-standlari-c-378389,4,"Spor, Outdoor > kum boks torbalari > Boks Ürünleri > Boks Standları"
27042755,370052,Boks Tekstil ve Antrenman Ürünleri,https://www.hepsiburada.com/boks-antrenman-malzemeleri-c-27042755,4,"Spor, Outdoor > kum boks torbalari > Boks Ürünleri > Boks Tekstil ve Antrenman Ürünleri"
27012988,370052,Boks Topu,https://www.hepsiburada.com/boks-toplari-c-27012988,4,"Spor, Outdoor > kum boks torbalari > Boks Ürünleri > Boks Topu"
27012989,370052,Boks Topu Eldivenleri,https://www.hepsiburada.com/boks-topu-eldivenleri-c-27012989,4,"Spor, Outdoor > kum boks torbalari > Boks Ürünleri > Boks Topu Eldivenleri"
27042536,370052,MMA Eldivenleri,https://www.hepsiburada.com/mma-eldivenleri-c-27042536,4,"Spor, Outdoor > kum boks torbalari > Boks Ürünleri > MMA Eldivenleri"
27042527,370052,Torba Eldivenleri,https://www.hepsiburada.com/torba-eldivenleri-c-27042527,4,"Spor, Outdoor > kum boks torbalari > Boks Ürünleri > Torba Eldivenleri"
60002665,1303339,bayan taytlar,https://www.hepsiburada.com/bayan-taytlar-c-60002665,4,"Spor, Outdoor > outdoor ayakkabilar > outdoor coraplar tozluklar > bayan taytlar"
357118,356945,Buz Vidaları,https://www.hepsiburada.com/outdoor-buz-vidalari-c-357118,4,"Spor, Outdoor > outdoor batonlar > Outdoor Tırmanış Ürünleri > Buz Vidaları"
60000179,356945,Ekspres Setler,https://www.hepsiburada.com/outdoor-ekspres-setler-c-60000179,4,"Spor, Outdoor > outdoor batonlar > Outdoor Tırmanış Ürünleri > Ekspres Setler"
22011706,356945,Emniyet Kemerleri,https://www.hepsiburada.com/outdoor-emniyet-kemerleri-c-22011706,4,"Spor, Outdoor > outdoor batonlar > Outdoor Tırmanış Ürünleri > Emniyet Kemerleri"
356961,356945,Kask,https://www.hepsiburada.com/outdoor-kasklari-c-356961,4,"Spor, Outdoor > outdoor batonlar > Outdoor Tırmanış Ürünleri > Kask"
22011652,356945,Kazmalar,https://www.hepsiburada.com/outdoor-kazmalar-c-22011652,4,"Spor, Outdoor > outdoor batonlar > Outdoor Tırmanış Ürünleri > Kazmalar"
356954,356945,Krampon,https://www.hepsiburada.com/tirmanis-kramponlari-c-356954,4,"Spor, Outdoor > outdoor batonlar > Outdoor Tırmanış Ürünleri > Krampon"
22011664,356945,Tırmanış Malzemeleri,https://www.hepsiburada.com/tirmanis-malzemeleri-c-22011664,4,"Spor, Outdoor > outdoor batonlar > Outdoor Tırmanış Ürünleri > Tırmanış Malzemeleri"
22011663,356945,İniş ve Emniyet Alma Malzemeleri,https://www.hepsiburada.com/dagcilik-tirmanis-malzemeleri-c-22011663,4,"Spor, Outdoor > outdoor batonlar > Outdoor Tırmanış Ürünleri > İniş ve Emniyet Alma Malzemeleri"
22019156,356945,İpler,https://www.hepsiburada.com/tirmanis-ipleri-c-22019156,4,"Spor, Outdoor > outdoor batonlar > Outdoor Tırmanış Ürünleri > İpler"
60002209,19050,Buz Patenleri,https://www.hepsiburada.com/buz-patenleri-c-60002209,4,"Spor, Outdoor > patenler > Scooter Patenler Kaykaylar > Buz Patenleri"
368031,19050,Kask ve Korumalıklar,https://www.hepsiburada.com/kasklar-korumaliklar-c-368031,4,"Spor, Outdoor > patenler > Scooter Patenler Kaykaylar > Kask ve Korumalıklar"
368029,19050,Scooterlar,https://www.hepsiburada.com/scooterlar-c-368029,4,"Spor, Outdoor > patenler > Scooter Patenler Kaykaylar > Scooterlar"
80831000,19050,Yedek Parça & Aksesuar,https://www.hepsiburada.com/scooter-paten-yedek-parca-aksesuar-c-80831000,4,"Spor, Outdoor > patenler > Scooter Patenler Kaykaylar > Yedek Parça & Aksesuar"
60006532,80138060,3 tekerlekli bisiklet,https://www.hepsiburada.com/3-tekerlekli-bisiklet-c-60006532,4,"Spor, Outdoor > patenler > cocuk patenleri > 3 tekerlekli bisiklet"
295869,80138060,Bebek Çocuk Bisikletleri,https://www.hepsiburada.com/bebek-cocuk-bisikletleri-scooterlari-c-295869,4,"Spor, Outdoor > patenler > cocuk patenleri > Bebek Çocuk Bisikletleri"
80138066,80138060,aktivite masasi,https://www.hepsiburada.com/aktivite-masasi-c-80138066,4,"Spor, Outdoor > patenler > cocuk patenleri > aktivite masasi"
80567048,80138060,amigurumi,https://www.hepsiburada.com/amigurumi-c-80567048,4,"Spor, Outdoor > patenler > cocuk patenleri > amigurumi"
80483224,80138060,ates olcerler,https://www.hepsiburada.com/ates-olcerler-c-80483224,4,"Spor, Outdoor > patenler > cocuk patenleri > ates olcerler"
297993,80138060,bebek aktivite setleri,https://www.hepsiburada.com/bebek-aktivite-setleri-c-297993,4,"Spor, Outdoor > patenler > cocuk patenleri > bebek aktivite setleri"
301143,80138060,bebek bakim cantalari,https://www.hepsiburada.com/bebek-bakim-cantalari-c-301143,4,"Spor, Outdoor > patenler > cocuk patenleri > bebek bakim cantalari"
80383033,80138060,bebek kuveti,https://www.hepsiburada.com/bebek-kuveti-c-80383033,4,"Spor, Outdoor > patenler > cocuk patenleri > bebek kuveti"
23021010,80138060,bebek pisik kremi yaglari,https://www.hepsiburada.com/bebek-pisik-kremi-yaglari-c-23021010,4,"Spor, Outdoor > patenler > cocuk patenleri > bebek pisik kremi yaglari"
23032031,80138060,bebek salincaklari,https://www.hepsiburada.com/bebek-salincaklari-c-23032031,4,"Spor, Outdoor > patenler > cocuk patenleri > bebek salincaklari"
60002087,80138060,bebek telsiz kamera dedektorler,https://www.hepsiburada.com/bebek-telsiz-kamera-dedektorler-c-60002087,4,"Spor, Outdoor > patenler > cocuk patenleri > bebek telsiz kamera dedektorler"
301154,80138060,bebek telsizi,https://www.hepsiburada.com/bebek-telsizi-c-301154,4,"Spor, Outdoor > patenler > cocuk patenleri > bebek telsizi"
297986,80138060,bebek yapi oyuncaklari,https://www.hepsiburada.com/bebek-yapi-oyuncaklari-c-297986,4,"Spor, Outdoor > patenler > cocuk patenleri > bebek yapi oyuncaklari"
23011486,80138060,bebek yataklari,https://www.hepsiburada.com/bebek-yataklari-c-23011486,4,"Spor, Outdoor > patenler > cocuk patenleri > bebek yataklari"
301133,80138060,bebek yurutecleri,https://www.hepsiburada.com/bebek-yurutecleri-c-301133,4,"Spor, Outdoor > patenler > cocuk patenleri > bebek yurutecleri"
303171,80138060,buhar makineleri,https://www.hepsiburada.com/buhar-makineleri-c-303171,4,"Spor, Outdoor > patenler > cocuk patenleri > buhar makineleri"
80383025,80138060,burun aspiratoru,https://www.hepsiburada.com/burun-aspiratoru-c-80383025,4,"Spor, Outdoor > patenler > cocuk patenleri > burun aspiratoru"
80383014,80138060,catlak kremi,https://www.hepsiburada.com/catlak-kremi-c-80383014,4,"Spor, Outdoor > patenler > cocuk patenleri > catlak kremi"
60006531,80138060,cocuk puzzle,https://www.hepsiburada.com/cocuk-puzzle-c-60006531,4,"Spor, Outdoor > patenler > cocuk patenleri > cocuk puzzle"
60002385,80138060,egitici oyuncaklari,https://www.hepsiburada.com/egitici-oyuncaklari-c-60002385,4,"Spor, Outdoor > patenler > cocuk patenleri > egitici oyuncaklari"
60006479,80138060,et bebekler,https://www.hepsiburada.com/et-bebekler-c-60006479,4,"Spor, Outdoor > patenler > cocuk patenleri > et bebekler"
301138,80138060,gogus pompalari,https://www.hepsiburada.com/gogus-pompalari-c-301138,4,"Spor, Outdoor > patenler > cocuk patenleri > gogus pompalari"
80136013,80138060,haciyatmaz,https://www.hepsiburada.com/haciyatmaz-c-80136013,4,"Spor, Outdoor > patenler > cocuk patenleri > haciyatmaz"
60002063,80138060,hoppala kangurular,https://www.hepsiburada.com/hoppala-kangurular-c-60002063,4,"Spor, Outdoor > patenler > cocuk patenleri > hoppala kangurular"
80123021,80138060,kinetik kum,https://www.hepsiburada.com/kinetik-kum-c-80123021,4,"Spor, Outdoor > patenler > cocuk patenleri > kinetik kum"
80383038,80138060,klozet adaptoru,https://www.hepsiburada.com/klozet-adaptoru-c-80383038,4,"Spor, Outdoor > patenler > cocuk patenleri > klozet adaptoru"
26012215,80138060,nebulizatorler,https://www.hepsiburada.com/nebulizatorler-c-26012215,4,"Spor, Outdoor > patenler > cocuk patenleri > nebulizatorler"
295870,80138060,oyun cadiri evleri,https://www.hepsiburada.com/oyun-cadiri-evleri-c-295870,4,"Spor, Outdoor > patenler > cocuk patenleri > oyun cadiri evleri"
23017045,80138060,oyun parklari,https://www.hepsiburada.com/oyun-parklari-c-23017045,4,"Spor, Outdoor > patenler > cocuk patenleri > oyun parklari"
60006677,80138060,oyuncak arabalar,https://www.hepsiburada.com/oyuncak-arabalar-c-60006677,4,"Spor, Outdoor > patenler > cocuk patenleri > oyuncak arabalar"
23020686,80138060,oyuncak kutulari,https://www.hepsiburada.com/oyuncak-kutulari-c-23020686,4,"Spor, Outdoor > patenler > cocuk patenleri > oyuncak kutulari"
10430,80138060,pedalli surumeli arabalar,https://www.hepsiburada.com/pedalli-surumeli-arabalar-c-10430,4,"Spor, Outdoor > patenler > cocuk patenleri > pedalli surumeli arabalar"
23020733,80138060,pelus oyuncaklar,https://www.hepsiburada.com/pelus-oyuncaklar-c-23020733,4,"Spor, Outdoor > patenler > cocuk patenleri > pelus oyuncaklar"
80136017,80138060,slime,https://www.hepsiburada.com/slime-c-80136017,4,"Spor, Outdoor > patenler > cocuk patenleri > slime"
80383004,80138060,sling,https://www.hepsiburada.com/sling-c-80383004,4,"Spor, Outdoor > patenler > cocuk patenleri > sling"
80677057,60003054,Elektronik Devre & Robotik,https://www.hepsiburada.com/elektronik-devre-robotik-c-80677057,4,"Spor, Outdoor > playstation 5 konsol > Hobi Oyun Konsolları > Elektronik Devre & Robotik"
16032929,2147483617,Takı & Mücevher,https://www.hepsiburada.com/taki-mucevher-modelleri-c-16032929,4,"Spor, Outdoor > playstation 5 konsol > altin taki mucevherler > Takı & Mücevher"
60000118,60000117,Ayakkabı Bakım & Aksesuar,https://www.hepsiburada.com/bakim-koruma-c-60000118,4,"Spor, Outdoor > playstation 5 konsol > ayakkabi > Ayakkabı Bakım & Aksesuar"
60003836,60000117,Loafer,https://www.hepsiburada.com/loafer-c-60003836,4,"Spor, Outdoor > playstation 5 konsol > ayakkabi > Loafer"
60003837,60000117,Oxford,https://www.hepsiburada.com/oxford-ayakkabi-c-60003837,4,"Spor, Outdoor > playstation 5 konsol > ayakkabi > Oxford"
60000800,60000116,Abiye Ayakkabı,https://www.hepsiburada.com/abiye-ayakkabi-c-60000800,4,"Spor, Outdoor > playstation 5 konsol > bayan ayakkabilar > Abiye Ayakkabı"
60003919,60000116,Bakım & Aksesuar,https://www.hepsiburada.com/ayakkabi-bakim-koruma-c-60003919,4,"Spor, Outdoor > playstation 5 konsol > bayan ayakkabilar > Bakım & Aksesuar"
60003860,60000116,Ev Ayakkabısı,https://www.hepsiburada.com/bayan-ev-ayakkabilari-c-60003860,4,"Spor, Outdoor > playstation 5 konsol > bayan ayakkabilar > Ev Ayakkabısı"
60003863,60000116,Sandalet,https://www.hepsiburada.com/bayan-sandaletler-c-60003863,4,"Spor, Outdoor > playstation 5 konsol > bayan ayakkabilar > Sandalet"
60003913,60000116,Terlik,https://www.hepsiburada.com/bayan-terlikler-c-60003913,4,"Spor, Outdoor > playstation 5 konsol > bayan ayakkabilar > Terlik"
60000121,60000116,bayan gunluk ayakkabilar,https://www.hepsiburada.com/bayan-gunluk-ayakkabilar-c-60000121,4,"Spor, Outdoor > playstation 5 konsol > bayan ayakkabilar > bayan gunluk ayakkabilar"
60003945,60000119,bayan trekking ayakkabilar,https://www.hepsiburada.com/bayan-trekking-ayakkabilar-c-60003945,4,"Spor, Outdoor > playstation 5 konsol > bayan botlar > bayan trekking ayakkabilar"
60003851,60000119,cizmeler,https://www.hepsiburada.com/cizmeler-c-60003851,4,"Spor, Outdoor > playstation 5 konsol > bayan botlar > cizmeler"
60000054,60000053,bayan hirkalar,https://www.hepsiburada.com/bayan-hirkalar-c-60000054,4,"Spor, Outdoor > playstation 5 konsol > bayan kazaklar > bayan hirkalar"
12087198,60000721,bayan pantolonlar,https://www.hepsiburada.com/bayan-pantolonlar-c-12087198,4,"Spor, Outdoor > playstation 5 konsol > bayan montlar > bayan pantolonlar"
231428,22005,Semaverler,https://www.hepsiburada.com/semaverler-c-231428,4,"Spor, Outdoor > playstation 5 konsol > cay makineleri > Semaverler"
60003918,60000125,erkek trekking ayakkabilar,https://www.hepsiburada.com/erkek-trekking-ayakkabilar-c-60003918,4,"Spor, Outdoor > playstation 5 konsol > erkek botlar > erkek trekking ayakkabilar"
80857394,60000125,panduf ev ayakkabisi,https://www.hepsiburada.com/panduf-ev-ayakkabisi-c-80857394,4,"Spor, Outdoor > playstation 5 konsol > erkek botlar > panduf ev ayakkabisi"
12087280,60000759,erkek gomlekleri,https://www.hepsiburada.com/erkek-gomlekleri-c-12087280,4,"Spor, Outdoor > playstation 5 konsol > erkek montlar > erkek gomlekleri"
60000754,60000759,erkek sortlar,https://www.hepsiburada.com/erkek-sortlar-c-60000754,4,"Spor, Outdoor > playstation 5 konsol > erkek montlar > erkek sortlar"
12087195,12087197,bluz,https://www.hepsiburada.com/bluz-c-12087195,4,"Spor, Outdoor > playstation 5 konsol > etekler > bluz"
23011,23000,Aksesuarlar,https://www.hepsiburada.com/galatasaray-aksesuarlari-c-23011,4,"Spor, Outdoor > playstation 5 konsol > galatasaray store urunleri > Aksesuarlar"
23069,23000,Bebek,https://www.hepsiburada.com/galatasaray-bebek-urunleri-c-23069,4,"Spor, Outdoor > playstation 5 konsol > galatasaray store urunleri > Bebek"
23006,23000,Erkek,https://www.hepsiburada.com/galatasaray-erkek-urunleri-c-23006,4,"Spor, Outdoor > playstation 5 konsol > galatasaray store urunleri > Erkek"
357353,23000,Ev & Ofis,https://www.hepsiburada.com/galatasaray-ev-ofis-urunleri-c-357353,4,"Spor, Outdoor > playstation 5 konsol > galatasaray store urunleri > Ev & Ofis"
23003,23000,Formalar,https://www.hepsiburada.com/galatasaray-formalar-c-23003,4,"Spor, Outdoor > playstation 5 konsol > galatasaray store urunleri > Formalar"
23007,23000,Kadın,https://www.hepsiburada.com/galatasaray-kadin-urunleri-c-23007,4,"Spor, Outdoor > playstation 5 konsol > galatasaray store urunleri > Kadın"
23018,23000,Çocuk,https://www.hepsiburada.com/galatasaray-cocuk-urunleri-c-23018,4,"Spor, Outdoor > playstation 5 konsol > galatasaray store urunleri > Çocuk"
60003708,22348,Aksesuarlar,https://www.hepsiburada.com/kahve-makinesi-aksesuarlari-c-60003708,4,"Spor, Outdoor > playstation 5 konsol > kahve makineleri > Aksesuarlar"
237199,22348,kahve degirmeni ogutuculeri,https://www.hepsiburada.com/kahve-degirmeni-ogutuculeri-c-237199,4,"Spor, Outdoor > playstation 5 konsol > kahve makineleri > kahve degirmeni ogutuculeri"
60004624,22348,kapsul kahve makineleri,https://www.hepsiburada.com/kapsul-kahve-makineleri-c-60004624,4,"Spor, Outdoor > playstation 5 konsol > kahve makineleri > kapsul kahve makineleri"
18021613,60002948,yemek masalari,https://www.hepsiburada.com/yemek-masalari-c-18021613,4,"Spor, Outdoor > playstation 5 konsol > mutfak masa takimlari > yemek masalari"
80857436,259720,Kış Lastiği,https://www.hepsiburada.com/kis-lastigi-c-80857436,4,"Spor, Outdoor > playstation 5 konsol > oto lastikler > Kış Lastiği"
80857435,259720,Yaz Lastiği,https://www.hepsiburada.com/yaz-lastigi-c-80857435,4,"Spor, Outdoor > playstation 5 konsol > oto lastikler > Yaz Lastiği"
20033704,259720,aku takviye kablolari sarj cihazlari,https://www.hepsiburada.com/aku-takviye-kablolari-sarj-cihazlari-c-20033704,4,"Spor, Outdoor > playstation 5 konsol > oto lastikler > aku takviye kablolari sarj cihazlari"
25000094,2147483632,Aksesuarlar,https://www.hepsiburada.com/pipo-sigara-tesbih-cakmak-aksesuarlari-c-25000094,4,"Spor, Outdoor > playstation 5 konsol > saat gozluk aksesuarlari > Aksesuarlar"
1120745,2147483632,gunes gozlugu,https://www.hepsiburada.com/gunes-gozlugu-c-1120745,4,"Spor, Outdoor > playstation 5 konsol > saat gozluk aksesuarlari > gunes gozlugu"
60000352,352444,Bebek Giyim,https://www.hepsiburada.com/trabzonspor-bebek-giyim-c-60000352,4,"Spor, Outdoor > playstation 5 konsol > trabzonspor urunleri > Bebek Giyim"
60000349,352444,Erkek Giyim,https://www.hepsiburada.com/trabzonspor-erkek-giyim-urunleri-c-60000349,4,"Spor, Outdoor > playstation 5 konsol > trabzonspor urunleri > Erkek Giyim"
60000351,352444,Çocuk Giyim,https://www.hepsiburada.com/trabzonspor-cocuk-giyim-urunleri-c-60000351,4,"Spor, Outdoor > playstation 5 konsol > trabzonspor urunleri > Çocuk Giyim"
60008246,60008247,ceyrek altin,https://www.hepsiburada.com/ceyrek-altin-c-60008246,4,"Spor, Outdoor > playstation 5 konsol > yarim altin > ceyrek altin"
60008248,60008247,tam altin,https://www.hepsiburada.com/tam-altin-c-60008248,4,"Spor, Outdoor > playstation 5 konsol > yarim altin > tam altin"
60005266,60000546,Eldiven,https://www.hepsiburada.com/eldivenler-c-60005266,4,"Spor, Outdoor > spor cantalari > Spor Giyim Aksesuarları > Eldiven"
27045076,60000546,Çorap,https://www.hepsiburada.com/spor-coraplar-c-27045076,4,"Spor, Outdoor > spor cantalari > Spor Giyim Aksesuarları > Çorap"
363703,60000546,Şapka,https://www.hepsiburada.com/spor-sapkalar-c-363703,4,"Spor, Outdoor > spor cantalari > Spor Giyim Aksesuarları > Şapka"
60001201,60001186,Su Sporu,https://www.hepsiburada.com/su-sporu-c-60001201,4,"Spor, Outdoor > spor cantalari > fitness doga sporlari > Su Sporu"
19173,369685,aerobik egzersiz aletleri,https://www.hepsiburada.com/aerobik-egzersiz-aletleri-c-19173,4,"Spor, Outdoor > spor cantalari > spor malzemeleri kiyafetleri > aerobik egzersiz aletleri"
60000545,369685,spor giyim urunleri,https://www.hepsiburada.com/spor-giyim-urunleri-c-60000545,4,"Spor, Outdoor > spor cantalari > spor malzemeleri kiyafetleri > spor giyim urunleri"
60005638,369685,yoga malzemeleri,https://www.hepsiburada.com/yoga-malzemeleri-c-60005638,4,"Spor, Outdoor > spor cantalari > spor malzemeleri kiyafetleri > yoga malzemeleri"
15117,2147483643,Fotokopi Kağıtları,https://www.hepsiburada.com/fotokopi-kagitlari-c-15117,4,"Spor, Outdoor > suluklar mataralar > Kırtasiye Ofis Ürünleri > Fotokopi Kağıtları"
60005124,2147483643,Ofis Sarf Tüketim Malzemeleri,https://www.hepsiburada.com/ofis-sarf-tuketim-malzemeleri-c-60005124,4,"Spor, Outdoor > suluklar mataralar > Kırtasiye Ofis Ürünleri > Ofis Sarf Tüketim Malzemeleri"
15238,2147483643,Ofis Teknolojileri,https://www.hepsiburada.com/ofis-teknolojileri-c-15238,4,"Spor, Outdoor > suluklar mataralar > Kırtasiye Ofis Ürünleri > Ofis Teknolojileri"
21027386,2147483643,Sanatsal Boya ve Malzeme,https://www.hepsiburada.com/sanatsal-malzemeler-c-21027386,4,"Spor, Outdoor > suluklar mataralar > Kırtasiye Ofis Ürünleri > Sanatsal Boya ve Malzeme"
60001299,15344,Albümler,https://www.hepsiburada.com/albumler-c-60001299,4,"Spor, Outdoor > suluklar mataralar > Kırtasiye Ürünleri > Albümler"
15010,15344,"Dosyalama, Arşivleme",https://www.hepsiburada.com/dosyalama-arsivleme-c-15010,4,"Spor, Outdoor > suluklar mataralar > Kırtasiye Ürünleri > Dosyalama, Arşivleme"
80147044,15344,Gönderi ve Paketleme,https://www.hepsiburada.com/gonderi-paketleme-c-80147044,4,"Spor, Outdoor > suluklar mataralar > Kırtasiye Ürünleri > Gönderi ve Paketleme"
15116,15344,Kağıt Ürünleri,https://www.hepsiburada.com/kagit-etiketler-c-15116,4,"Spor, Outdoor > suluklar mataralar > Kırtasiye Ürünleri > Kağıt Ürünleri"
15547,15344,Masa Üstü Gereçleri,https://www.hepsiburada.com/masa-ustu-gerecleri-c-15547,4,"Spor, Outdoor > suluklar mataralar > Kırtasiye Ürünleri > Masa Üstü Gereçleri"
80450004,15344,Okul Aktivite ve Boya,https://www.hepsiburada.com/okul-aktivite-ve-boya-c-80450004,4,"Spor, Outdoor > suluklar mataralar > Kırtasiye Ürünleri > Okul Aktivite ve Boya"
15470,15344,Sınıf ve Laboratuvar Malzemesi,https://www.hepsiburada.com/egitim-urunleri-c-15470,4,"Spor, Outdoor > suluklar mataralar > Kırtasiye Ürünleri > Sınıf ve Laboratuvar Malzemesi"
60002958,15344,Yaka Kartı & Aksesuarları,https://www.hepsiburada.com/yaka-karti-aksesuarlari-c-60002958,4,"Spor, Outdoor > suluklar mataralar > Kırtasiye Ürünleri > Yaka Kartı & Aksesuarları"
21032246,15344,okul setleri,https://www.hepsiburada.com/okul-setleri-c-21032246,4,"Spor, Outdoor > suluklar mataralar > Kırtasiye Ürünleri > okul setleri"
21005096,15344,Ölçüm ve Çizim,https://www.hepsiburada.com/cetvel-gonyeler-c-21005096,4,"Spor, Outdoor > suluklar mataralar > Kırtasiye Ürünleri > Ölçüm ve Çizim"
60000369,21005092,Proje ve Resim Çantası,https://www.hepsiburada.com/proje-resim-cantalari-c-60000369,4,"Spor, Outdoor > suluklar mataralar > Okul Çantaları > Proje ve Resim Çantası"
273333,21005092,Öğrenci Klasörü,https://www.hepsiburada.com/ogrenci-klasorleri-c-273333,4,"Spor, Outdoor > suluklar mataralar > Okul Çantaları > Öğrenci Klasörü"
21031168,80327224,kursun kalemler,https://www.hepsiburada.com/kursun-kalemler-c-21031168,4,"Spor, Outdoor > suluklar mataralar > a4 fotokopi kagidi > kursun kalemler"
15124,21005097,Boyama Seti,https://www.hepsiburada.com/boyama-setleri-c-15124,4,"Spor, Outdoor > suluklar mataralar > boyalar boya kalemleri > Boyama Seti"
60001295,21005097,Boyama Önlüğü,https://www.hepsiburada.com/boyama-onlukleri-c-60001295,4,"Spor, Outdoor > suluklar mataralar > boyalar boya kalemleri > Boyama Önlüğü"
21005107,21005097,Fırça,https://www.hepsiburada.com/okul-fircalari-c-21005107,4,"Spor, Outdoor > suluklar mataralar > boyalar boya kalemleri > Fırça"
15169,21005097,Guaj Boya,https://www.hepsiburada.com/guaj-boyalar-c-15169,4,"Spor, Outdoor > suluklar mataralar > boyalar boya kalemleri > Guaj Boya"
15084,21005097,Mum Boya,https://www.hepsiburada.com/mum-boyalar-c-15084,4,"Spor, Outdoor > suluklar mataralar > boyalar boya kalemleri > Mum Boya"
15287,21005097,Parmak Boya,https://www.hepsiburada.com/parmak-boyalari-c-15287,4,"Spor, Outdoor > suluklar mataralar > boyalar boya kalemleri > Parmak Boya"
15468,21005097,Pastel Boya,https://www.hepsiburada.com/pastel-boyalar-c-15468,4,"Spor, Outdoor > suluklar mataralar > boyalar boya kalemleri > Pastel Boya"
15171,21005097,Sulu Boya,https://www.hepsiburada.com/sulu-boyalar-c-15171,4,"Spor, Outdoor > suluklar mataralar > boyalar boya kalemleri > Sulu Boya"
15596,21005097,Yüz Boyası,https://www.hepsiburada.com/yuz-boyalari-c-15596,4,"Spor, Outdoor > suluklar mataralar > boyalar boya kalemleri > Yüz Boyası"
15381,21005503,Ajanda,https://www.hepsiburada.com/ajandalar-c-15381,4,"Spor, Outdoor > suluklar mataralar > defter ajandalar > Ajanda"
289152,21005503,Asetatlar,https://www.hepsiburada.com/asetatlar-c-289152,4,"Spor, Outdoor > suluklar mataralar > defter ajandalar > Asetatlar"
60002937,21005503,Bloknot,https://www.hepsiburada.com/bloknotlar-c-60002937,4,"Spor, Outdoor > suluklar mataralar > defter ajandalar > Bloknot"
15064,21005503,Ciltli Defterler,https://www.hepsiburada.com/ciltli-sunum-dosyalari-c-15064,4,"Spor, Outdoor > suluklar mataralar > defter ajandalar > Ciltli Defterler"
15185,21005503,Fihrist,https://www.hepsiburada.com/fihristler-c-15185,4,"Spor, Outdoor > suluklar mataralar > defter ajandalar > Fihrist"
80147043,21005503,Kartpostal,https://www.hepsiburada.com/kartpostal-c-80147043,4,"Spor, Outdoor > suluklar mataralar > defter ajandalar > Kartpostal"
80146013,21005503,Kitap Ayracı,https://www.hepsiburada.com/kitap-ayraci-c-80146013,4,"Spor, Outdoor > suluklar mataralar > defter ajandalar > Kitap Ayracı"
15098,21005503,Küp Not Kağıdı,https://www.hepsiburada.com/kup-not-kagitlari-c-15098,4,"Spor, Outdoor > suluklar mataralar > defter ajandalar > Küp Not Kağıdı"
60001413,21005503,Müzik Defteri,https://www.hepsiburada.com/muzik-defterleri-c-60001413,4,"Spor, Outdoor > suluklar mataralar > defter ajandalar > Müzik Defteri"
80147054,21005503,Not Kağıtları,https://www.hepsiburada.com/not-kagidi-c-80147054,4,"Spor, Outdoor > suluklar mataralar > defter ajandalar > Not Kağıtları"
21005090,21005503,Okul Defteri,https://www.hepsiburada.com/okul-defterleri-c-21005090,4,"Spor, Outdoor > suluklar mataralar > defter ajandalar > Okul Defteri"
15191,21005503,Organizer Defter,https://www.hepsiburada.com/defter-organizerler-c-15191,4,"Spor, Outdoor > suluklar mataralar > defter ajandalar > Organizer Defter"
15071,21005503,Seperatörlü Defter,https://www.hepsiburada.com/seperatorlu-defterler-c-15071,4,"Spor, Outdoor > suluklar mataralar > defter ajandalar > Seperatörlü Defter"
80146009,21005503,"Takvim, Takvimblok",https://www.hepsiburada.com/takvim-c-80146009,4,"Spor, Outdoor > suluklar mataralar > defter ajandalar > Takvim, Takvimblok"
80147042,21005503,Tebrik Kartı,https://www.hepsiburada.com/tebrik-kartlari-c-80147042,4,"Spor, Outdoor > suluklar mataralar > defter ajandalar > Tebrik Kartı"
15181,21005503,"Teknik Çizim, Eskiz Defteri",https://www.hepsiburada.com/teknik-cizim-eskiz-defteri-c-15181,4,"Spor, Outdoor > suluklar mataralar > defter ajandalar > Teknik Çizim, Eskiz Defteri"
15190,21005503,Ticari Defter ve Evrak,https://www.hepsiburada.com/ticari-defterler-c-15190,4,"Spor, Outdoor > suluklar mataralar > defter ajandalar > Ticari Defter ve Evrak"
15087,21005503,yapiskanli not kagitlari,https://www.hepsiburada.com/yapiskanli-not-kagitlari-c-15087,4,"Spor, Outdoor > suluklar mataralar > defter ajandalar > yapiskanli not kagitlari"
15080,21031173,bant makineleri,https://www.hepsiburada.com/bant-makineleri-c-15080,4,"Spor, Outdoor > suluklar mataralar > dolmakalemler > bant makineleri"
15077,21031173,delgecler,https://www.hepsiburada.com/delgecler-c-15077,4,"Spor, Outdoor > suluklar mataralar > dolmakalemler > delgecler"
15015,21031173,evrak mandallari,https://www.hepsiburada.com/evrak-mandallari-c-15015,4,"Spor, Outdoor > suluklar mataralar > dolmakalemler > evrak mandallari"
15431,21031173,kartvizitlikler,https://www.hepsiburada.com/kartvizitlikler-c-15431,4,"Spor, Outdoor > suluklar mataralar > dolmakalemler > kartvizitlikler"
60003855,60003835,bayan babetler,https://www.hepsiburada.com/bayan-babetler-c-60003855,4,"Spor, Outdoor > suluklar mataralar > erkek klasik ayakkabilar > bayan babetler"
60000056,60003835,bayan ceketler,https://www.hepsiburada.com/bayan-ceketler-c-60000056,4,"Spor, Outdoor > suluklar mataralar > erkek klasik ayakkabilar > bayan ceketler"
60000123,60003835,bayan sneakers,https://www.hepsiburada.com/bayan-sneakers-c-60000123,4,"Spor, Outdoor > suluklar mataralar > erkek klasik ayakkabilar > bayan sneakers"
60000758,60003835,erkek ceketler,https://www.hepsiburada.com/erkek-ceketler-c-60000758,4,"Spor, Outdoor > suluklar mataralar > erkek klasik ayakkabilar > erkek ceketler"
60000126,60003835,erkek gunluk ayakkabilar,https://www.hepsiburada.com/erkek-gunluk-ayakkabilar-c-60000126,4,"Spor, Outdoor > suluklar mataralar > erkek klasik ayakkabilar > erkek gunluk ayakkabilar"
60000065,60003835,erkek hirkalar,https://www.hepsiburada.com/erkek-hirkalar-c-60000065,4,"Spor, Outdoor > suluklar mataralar > erkek klasik ayakkabilar > erkek hirkalar"
12087282,60003835,erkek pantolonlar,https://www.hepsiburada.com/erkek-pantolonlar-c-12087282,4,"Spor, Outdoor > suluklar mataralar > erkek klasik ayakkabilar > erkek pantolonlar"
60000693,60003835,erkek slip boxerlar,https://www.hepsiburada.com/erkek-slip-boxerlar-c-60000693,4,"Spor, Outdoor > suluklar mataralar > erkek klasik ayakkabilar > erkek slip boxerlar"
204249,60003835,erkek sneakers ayakkabi,https://www.hepsiburada.com/erkek-sneakers-ayakkabi-c-204249,4,"Spor, Outdoor > suluklar mataralar > erkek klasik ayakkabilar > erkek sneakers ayakkabi"
60002383,60003835,erkek spor ayakkabilari,https://www.hepsiburada.com/erkek-spor-ayakkabilari-c-60002383,4,"Spor, Outdoor > suluklar mataralar > erkek klasik ayakkabilar > erkek spor ayakkabilari"
12087279,60003835,erkek t shirt,https://www.hepsiburada.com/erkek-t-shirt-c-12087279,4,"Spor, Outdoor > suluklar mataralar > erkek klasik ayakkabilar > erkek t shirt"
60000728,60003835,kulotlu coraplar,https://www.hepsiburada.com/kulotlu-coraplar-c-60000728,4,"Spor, Outdoor > suluklar mataralar > erkek klasik ayakkabilar > kulotlu coraplar"
60000146,60003835,sirt cantasi,https://www.hepsiburada.com/sirt-cantasi-c-60000146,4,"Spor, Outdoor > suluklar mataralar > erkek klasik ayakkabilar > sirt cantasi"
60003869,60003835,topuklu ayakkabilar,https://www.hepsiburada.com/topuklu-ayakkabilar-c-60003869,4,"Spor, Outdoor > suluklar mataralar > erkek klasik ayakkabilar > topuklu ayakkabilar"
60000803,60003843,erkek terlikler,https://www.hepsiburada.com/erkek-terlikler-c-60000803,4,"Spor, Outdoor > suluklar mataralar > erkek sandalet > erkek terlikler"
15231,15220,Asetat Kalemi,https://www.hepsiburada.com/asetat-kalemi-c-15231,4,"Spor, Outdoor > suluklar mataralar > kalem cizim gerecleri > Asetat Kalemi"
21031766,15220,Jel Mürekkepli Kalem,https://www.hepsiburada.com/jel-murekkepli-kalemler-c-21031766,4,"Spor, Outdoor > suluklar mataralar > kalem cizim gerecleri > Jel Mürekkepli Kalem"
21005499,15220,Kalem Ucu,https://www.hepsiburada.com/kalem-uclari-c-21005499,4,"Spor, Outdoor > suluklar mataralar > kalem cizim gerecleri > Kalem Ucu"
21031171,15220,Keçe Uçlu Kalem,https://www.hepsiburada.com/kece-uclu-kalemler-c-21031171,4,"Spor, Outdoor > suluklar mataralar > kalem cizim gerecleri > Keçe Uçlu Kalem"
15223,15220,Koli Kalemi,https://www.hepsiburada.com/koli-kalemleri-c-15223,4,"Spor, Outdoor > suluklar mataralar > kalem cizim gerecleri > Koli Kalemi"
15315,15220,Mürekkep,https://www.hepsiburada.com/murekkepler-c-15315,4,"Spor, Outdoor > suluklar mataralar > kalem cizim gerecleri > Mürekkep"
21031172,15220,Roller Kalem,https://www.hepsiburada.com/roller-kalemler-c-21031172,4,"Spor, Outdoor > suluklar mataralar > kalem cizim gerecleri > Roller Kalem"
15354,15220,Silgi,https://www.hepsiburada.com/silgiler-c-15354,4,"Spor, Outdoor > suluklar mataralar > kalem cizim gerecleri > Silgi"
21031603,15220,Sınav Kalemi,https://www.hepsiburada.com/sinav-kalemleri-c-21031603,4,"Spor, Outdoor > suluklar mataralar > kalem cizim gerecleri > Sınav Kalemi"
21031170,15220,İğne Uçlu Kalem,https://www.hepsiburada.com/igne-uclu-kalemler-c-21031170,4,"Spor, Outdoor > suluklar mataralar > kalem cizim gerecleri > İğne Uçlu Kalem"
292990,15085,tuvaller,https://www.hepsiburada.com/tuvaller-c-292990,4,"Spor, Outdoor > suluklar mataralar > keceli boyama kalemleri > tuvaller"
80455057,80455056,harita,https://www.hepsiburada.com/harita-c-80455057,4,"Spor, Outdoor > suluklar mataralar > mantar pano pano > harita"
80455055,80455056,yazi tahtasi,https://www.hepsiburada.com/yazi-tahtasi-c-80455055,4,"Spor, Outdoor > suluklar mataralar > mantar pano pano > yazi tahtasi"
279137,80147055,masa takvimleri,https://www.hepsiburada.com/masa-takvimleri-c-279137,4,"Spor, Outdoor > suluklar mataralar > not defteri > masa takvimleri"
205474,60002748,Kız Çocuk,https://www.hepsiburada.com/kiz-cocuk-c-205474,4,"Spor, Outdoor > suluklar mataralar > okul cantasi > Kız Çocuk"
60002725,60002748,Çocuk Aksesuarları,https://www.hepsiburada.com/cocuk-aksesuarlari-c-60002725,4,"Spor, Outdoor > suluklar mataralar > okul cantasi > Çocuk Aksesuarları"
60004850,60002748,Çocuk Çantalar,https://www.hepsiburada.com/cocuk-cantalar-c-60004850,4,"Spor, Outdoor > suluklar mataralar > okul cantasi > Çocuk Çantalar"
271967,15008,Ayaklı (Tripod) Projeksiyon Perdeleri,https://www.hepsiburada.com/ayakli-tripod-projeksiyon-perdeleri-c-271967,4,"Spor, Outdoor > suluklar mataralar > projeksiyon perdeleri > Ayaklı (Tripod) Projeksiyon Perdeleri"
271969,15008,Motorlu Projeksiyon Perdeleri,https://www.hepsiburada.com/motorlu-projeksiyon-perdeleri-c-271969,4,"Spor, Outdoor > suluklar mataralar > projeksiyon perdeleri > Motorlu Projeksiyon Perdeleri"
278817,15008,Portable Perdeler,https://www.hepsiburada.com/portatif-perdeler-c-278817,4,"Spor, Outdoor > suluklar mataralar > projeksiyon perdeleri > Portable Perdeler"
271968,15008,Storlu (Duvara Asılabilen) Projeksiyon Perdeleri,https://www.hepsiburada.com/storlu-duvara-asilabilen-projeksiyon-perdeleri-c-271968,4,"Spor, Outdoor > suluklar mataralar > projeksiyon perdeleri > Storlu (Duvara Asılabilen) Projeksiyon Perdeleri"
80232002,15008,kumas,https://www.hepsiburada.com/kumas-c-80232002,4,"Spor, Outdoor > suluklar mataralar > projeksiyon perdeleri > kumas"
80461002,60002034,Broşür Standı,https://www.hepsiburada.com/brosur-standi-c-80461002,4,"Spor, Outdoor > suluklar mataralar > sunum planlama urunleri > Broşür Standı"
15114,60002034,Flipchart (Pano) Kağıdı,https://www.hepsiburada.com/flipchart-pano-kagidi-c-15114,4,"Spor, Outdoor > suluklar mataralar > sunum planlama urunleri > Flipchart (Pano) Kağıdı"
80461001,60002034,Reklam Panosu,https://www.hepsiburada.com/reklam-panosu-c-80461001,4,"Spor, Outdoor > suluklar mataralar > sunum planlama urunleri > Reklam Panosu"
80857468,1302431,Kamp & Plaj Arabası,https://www.hepsiburada.com/kamp-plaj-arabasi-c-80857468,4,"Spor, Outdoor > uyku tulumlari > Kamp Kampçılık Malzemeleri > Kamp & Plaj Arabası"
80079000,1302431,Kamp Aksesuarları,https://www.hepsiburada.com/kamp-aksesuarlari-c-80079000,4,"Spor, Outdoor > uyku tulumlari > Kamp Kampçılık Malzemeleri > Kamp Aksesuarları"
80857013,1302431,Kamp Duşu & Tuvalet,https://www.hepsiburada.com/kamp-dusu-tuvalet-c-80857013,4,"Spor, Outdoor > uyku tulumlari > Kamp Kampçılık Malzemeleri > Kamp Duşu & Tuvalet"
22011128,1302431,Köpek ve Haşere Kovucular,https://www.hepsiburada.com/kopek-hasere-kovucular-c-22011128,4,"Spor, Outdoor > uyku tulumlari > Kamp Kampçılık Malzemeleri > Köpek ve Haşere Kovucular"
19226,1302431,Çakılar & Bıçaklar,https://www.hepsiburada.com/cakilar-bicaklar-c-19226,4,"Spor, Outdoor > uyku tulumlari > Kamp Kampçılık Malzemeleri > Çakılar & Bıçaklar"
359019,1302431,İlk Yardım & Hayatta Kalma Malzemeleri,https://www.hepsiburada.com/ilk-yardim-saglik-malzemeleri-c-359019,4,"Spor, Outdoor > uyku tulumlari > Kamp Kampçılık Malzemeleri > İlk Yardım & Hayatta Kalma Malzemeleri"
367176,1302431,Şişme Yataklar,https://www.hepsiburada.com/sisme-yataklar-c-367176,4,"Spor, Outdoor > uyku tulumlari > Kamp Kampçılık Malzemeleri > Şişme Yataklar"
60006257,22007826,Okçuluk,https://www.hepsiburada.com/okculuk-c-60006257,4,"Spor, Outdoor > uyku tulumlari > outdoor doga sporlari > Okçuluk"
1302560,22007826,Paintball,https://www.hepsiburada.com/outdoor-paintball-urunleri-c-1302560,4,"Spor, Outdoor > uyku tulumlari > outdoor doga sporlari > Paintball"
60001202,22007826,Su Sporu,https://www.hepsiburada.com/su-sporlari-malzemeleri-c-60001202,4,"Spor, Outdoor > uyku tulumlari > outdoor doga sporlari > Su Sporu"
387328,353045,El ve Ayak Ağırlıkları,https://www.hepsiburada.com/el-ayak-agirliklari-c-387328,4,"Spor, Outdoor > yoga egzersiz pilates minderleri > Fitness Kondisyon Ürünleri > El ve Ayak Ağırlıkları"
27064528,353045,Elektronik Kas Çalıştırıcılar,https://www.hepsiburada.com/elektronik-kas-calistiricilar-c-27064528,4,"Spor, Outdoor > yoga egzersiz pilates minderleri > Fitness Kondisyon Ürünleri > Elektronik Kas Çalıştırıcılar"
60000048,353045,Fitness Ayakkabıları,https://www.hepsiburada.com/fitness-ayakkabilari-c-60000048,4,"Spor, Outdoor > yoga egzersiz pilates minderleri > Fitness Kondisyon Ürünleri > Fitness Ayakkabıları"
27079951,353045,Fitness Dizlik ve Bileklikler,https://www.hepsiburada.com/fitness-dizlikler-bileklikler-c-27079951,4,"Spor, Outdoor > yoga egzersiz pilates minderleri > Fitness Kondisyon Ürünleri > Fitness Dizlik ve Bileklikler"
27049941,353045,Güç ve Denge Bileklikleri,https://www.hepsiburada.com/guc-denge-bileklikleri-c-27049941,4,"Spor, Outdoor > yoga egzersiz pilates minderleri > Fitness Kondisyon Ürünleri > Güç ve Denge Bileklikleri"
27012399,353045,Kondisyon Masaj Cihazları,https://www.hepsiburada.com/kondisyon-masaj-cihazlari-c-27012399,4,"Spor, Outdoor > yoga egzersiz pilates minderleri > Fitness Kondisyon Ürünleri > Kondisyon Masaj Cihazları"
358357,353045,Koşu Bandı Aksesuarlar,https://www.hepsiburada.com/kosu-bandi-aksesuarlar-c-358357,4,"Spor, Outdoor > yoga egzersiz pilates minderleri > Fitness Kondisyon Ürünleri > Koşu Bandı Aksesuarlar"
19108,353045,Kronometre - Adımsayar,https://www.hepsiburada.com/kronometre-adimsayarlar-c-19108,4,"Spor, Outdoor > yoga egzersiz pilates minderleri > Fitness Kondisyon Ürünleri > Kronometre - Adımsayar"
355455,353045,Masaj Cihazları,https://www.hepsiburada.com/masaj-cihazlari-c-355455,4,"Spor, Outdoor > yoga egzersiz pilates minderleri > Fitness Kondisyon Ürünleri > Masaj Cihazları"
373592,353045,Masaj-Sauna Kemerleri,https://www.hepsiburada.com/masaj-sauna-kemerleri-c-373592,4,"Spor, Outdoor > yoga egzersiz pilates minderleri > Fitness Kondisyon Ürünleri > Masaj-Sauna Kemerleri"
407949,353045,Mekik Aletleri,https://www.hepsiburada.com/mekik-aletleri-c-407949,4,"Spor, Outdoor > yoga egzersiz pilates minderleri > Fitness Kondisyon Ürünleri > Mekik Aletleri"
355453,353045,Mekik Sehpaları,https://www.hepsiburada.com/mekik-sehpalari-c-355453,4,"Spor, Outdoor > yoga egzersiz pilates minderleri > Fitness Kondisyon Ürünleri > Mekik Sehpaları"
367867,353045,Pilates,https://www.hepsiburada.com/pilates-malzemeleri-c-367867,4,"Spor, Outdoor > yoga egzersiz pilates minderleri > Fitness Kondisyon Ürünleri > Pilates"
80573099,353045,Portatif Sauna,https://www.hepsiburada.com/portatif-sauna-c-80573099,4,"Spor, Outdoor > yoga egzersiz pilates minderleri > Fitness Kondisyon Ürünleri > Portatif Sauna"
369184,353045,Powerball,https://www.hepsiburada.com/powerball-urunleri-c-369184,4,"Spor, Outdoor > yoga egzersiz pilates minderleri > Fitness Kondisyon Ürünleri > Powerball"
356970,353045,Spor Bileklik & Kol Saatleri,https://www.hepsiburada.com/spor-bileklik-kol-saatleri-c-356970,4,"Spor, Outdoor > yoga egzersiz pilates minderleri > Fitness Kondisyon Ürünleri > Spor Bileklik & Kol Saatleri"
355452,353045,Step,https://www.hepsiburada.com/step-c-355452,4,"Spor, Outdoor > yoga egzersiz pilates minderleri > Fitness Kondisyon Ürünleri > Step"
373593,353045,Terleme Eşofmanları,https://www.hepsiburada.com/terleme-esofmanlari-c-373593,4,"Spor, Outdoor > yoga egzersiz pilates minderleri > Fitness Kondisyon Ürünleri > Terleme Eşofmanları"
373594,353045,Termal Şortlar - Bel Korseleri,https://www.hepsiburada.com/bel-korseleri-termal-sortlar-c-373594,4,"Spor, Outdoor > yoga egzersiz pilates minderleri > Fitness Kondisyon Ürünleri > Termal Şortlar - Bel Korseleri"
27012456,353045,Tv Spor Ürünleri,https://www.hepsiburada.com/tv-spor-urunleri-c-27012456,4,"Spor, Outdoor > yoga egzersiz pilates minderleri > Fitness Kondisyon Ürünleri > Tv Spor Ürünleri"
27064527,353045,Twister,https://www.hepsiburada.com/twister-c-27064527,4,"Spor, Outdoor > yoga egzersiz pilates minderleri > Fitness Kondisyon Ürünleri > Twister"
60004512,353045,İnversiyon Aletleri,https://www.hepsiburada.com/inversiyon-aletleri-c-60004512,4,"Spor, Outdoor > yoga egzersiz pilates minderleri > Fitness Kondisyon Ürünleri > İnversiyon Aletleri"
19048,19007,Boneler,https://www.hepsiburada.com/boneler-c-19048,4,"Spor, Outdoor > yuzucu gozlukleri > Yüzme Ürünleri > Boneler"
60005884,19007,Deniz Ayakkabısı,https://www.hepsiburada.com/deniz-ayakkabilari-c-60005884,4,"Spor, Outdoor > yuzucu gozlukleri > Yüzme Ürünleri > Deniz Ayakkabısı"
360171,19007,Kulak ve Burun Tıkacları,https://www.hepsiburada.com/kulak-burun-tikaclari-c-360171,4,"Spor, Outdoor > yuzucu gozlukleri > Yüzme Ürünleri > Kulak ve Burun Tıkacları"
19140,19007,Paletler,https://www.hepsiburada.com/paletler-c-19140,4,"Spor, Outdoor > yuzucu gozlukleri > Yüzme Ürünleri > Paletler"
27030405,19007,Su Topu,https://www.hepsiburada.com/su-toplari-c-27030405,4,"Spor, Outdoor > yuzucu gozlukleri > Yüzme Ürünleri > Su Topu"
19049,19007,Yüzme Tahtaları,https://www.hepsiburada.com/yuzme-tahtalari-c-19049,4,"Spor, Outdoor > yuzucu gozlukleri > Yüzme Ürünleri > Yüzme Tahtaları"
27030410,19007,Yüzücü Antrenman Malzemeleri,https://www.hepsiburada.com/yuzucu-antrenman-malzemeleri-c-27030410,4,"Spor, Outdoor > yuzucu gozlukleri > Yüzme Ürünleri > Yüzücü Antrenman Malzemeleri"
27030403,19007,Yüzücü Kronometreleri,https://www.hepsiburada.com/yuzucu-kronometreleri-c-27030403,4,"Spor, Outdoor > yuzucu gozlukleri > Yüzme Ürünleri > Yüzücü Kronometreleri"
377028,19007,Yüzücü Mayosu,https://www.hepsiburada.com/yuzucu-mayolari-c-377028,4,"Spor, Outdoor > yuzucu gozlukleri > Yüzme Ürünleri > Yüzücü Mayosu"
22010214,22003835,Aksesuar ve Yedek Parçalar,https://www.hepsiburada.com/dalis-aksesuari-yedek-parcalar-c-22010214,4,"Spor, Outdoor > zipkinlar zipkin uclari > Dalış Malzemeleri > Aksesuar ve Yedek Parçalar"
22014194,22003835,BC (Seviye Yelekleri),https://www.hepsiburada.com/bc-seviye-yelekleri-c-22014194,4,"Spor, Outdoor > zipkinlar zipkin uclari > Dalış Malzemeleri > BC (Seviye Yelekleri)"
22009579,22003835,Dalış Başlıkları,https://www.hepsiburada.com/dalis-basliklari-c-22009579,4,"Spor, Outdoor > zipkinlar zipkin uclari > Dalış Malzemeleri > Dalış Başlıkları"
1300631,22003835,Dalış Bıçakları,https://www.hepsiburada.com/dalis-bicaklari-c-1300631,4,"Spor, Outdoor > zipkinlar zipkin uclari > Dalış Malzemeleri > Dalış Bıçakları"
1300018,22003835,Dalış Elbiseleri,https://www.hepsiburada.com/dalis-elbiseleri-c-1300018,4,"Spor, Outdoor > zipkinlar zipkin uclari > Dalış Malzemeleri > Dalış Elbiseleri"
1300019,22003835,Dalış Eldivenleri,https://www.hepsiburada.com/dalis-eldivenleri-c-1300019,4,"Spor, Outdoor > zipkinlar zipkin uclari > Dalış Malzemeleri > Dalış Eldivenleri"
1300607,22003835,Dalış Fenerleri,https://www.hepsiburada.com/dalis-fenerleri-c-1300607,4,"Spor, Outdoor > zipkinlar zipkin uclari > Dalış Malzemeleri > Dalış Fenerleri"
1300701,22003835,Dalış Paletleri,https://www.hepsiburada.com/dalis-paletleri-c-1300701,4,"Spor, Outdoor > zipkinlar zipkin uclari > Dalış Malzemeleri > Dalış Paletleri"
1300020,22003835,Dalış Patikleri,https://www.hepsiburada.com/dalis-patikleri-c-1300020,4,"Spor, Outdoor > zipkinlar zipkin uclari > Dalış Malzemeleri > Dalış Patikleri"
60005787,22003835,Dalış Setleri,https://www.hepsiburada.com/dalis-setleri-c-60005787,4,"Spor, Outdoor > zipkinlar zipkin uclari > Dalış Malzemeleri > Dalış Setleri"
1300587,22003835,Maske ve Şnorkeller,https://www.hepsiburada.com/dalis-maskeleri-snorkeller-c-1300587,4,"Spor, Outdoor > zipkinlar zipkin uclari > Dalış Malzemeleri > Maske ve Şnorkeller"
22014209,22003835,Regülatörler,https://www.hepsiburada.com/regulatorler-c-22014209,4,"Spor, Outdoor > zipkinlar zipkin uclari > Dalış Malzemeleri > Regülatörler"
22004539,22003835,Sea Scooter,https://www.hepsiburada.com/sea-scooter-c-22004539,4,"Spor, Outdoor > zipkinlar zipkin uclari > Dalış Malzemeleri > Sea Scooter"
22004533,22003835,Şamandıralar,https://www.hepsiburada.com/dalis-samandiralari-c-22004533,4,"Spor, Outdoor > zipkinlar zipkin uclari > Dalış Malzemeleri > Şamandıralar"
60003416,60002056,Soslar,https://www.hepsiburada.com/soslar-c-60003416,4,"Supermarket, Pet Shop > Ofis Tüketim Malzemeleri > Gıda Ürünleri > Soslar"
60003415,60002056,Sıvı Yağlar,https://www.hepsiburada.com/sivi-yaglar-c-60003415,4,"Supermarket, Pet Shop > Ofis Tüketim Malzemeleri > Gıda Ürünleri > Sıvı Yağlar"
60003417,60002056,Şeker,https://www.hepsiburada.com/ofis-sekerleri-c-60003417,4,"Supermarket, Pet Shop > Ofis Tüketim Malzemeleri > Gıda Ürünleri > Şeker"
60003444,60001497,Diğer,https://www.hepsiburada.com/diger-kagitlar-c-60003444,4,"Supermarket, Pet Shop > Ofis Tüketim Malzemeleri > Kağıt Ürünleri > Diğer"
60003426,60001500,Alüminyum Folyo,https://www.hepsiburada.com/aluminyum-folyolar-c-60003426,4,"Supermarket, Pet Shop > Ofis Tüketim Malzemeleri > Ofis Sarf Malzemeleri > Alüminyum Folyo"
60003429,60001500,Eldiven,https://www.hepsiburada.com/ofis-temizlik-eldivenleri-c-60003429,4,"Supermarket, Pet Shop > Ofis Tüketim Malzemeleri > Ofis Sarf Malzemeleri > Eldiven"
60003430,60001500,Kağıt/Ahşap/Alüminyum Grubu,https://www.hepsiburada.com/kagit-ahsap-aluminyum-grubu-c-60003430,4,"Supermarket, Pet Shop > Ofis Tüketim Malzemeleri > Ofis Sarf Malzemeleri > Kağıt/Ahşap/Alüminyum Grubu"
60003431,60001500,Plastik Grubu,https://www.hepsiburada.com/plastik-ofis-malzemeleri-c-60003431,4,"Supermarket, Pet Shop > Ofis Tüketim Malzemeleri > Ofis Sarf Malzemeleri > Plastik Grubu"
60003432,60001500,Streç Film,https://www.hepsiburada.com/strec-filmler-c-60003432,4,"Supermarket, Pet Shop > Ofis Tüketim Malzemeleri > Ofis Sarf Malzemeleri > Streç Film"
60003440,60001498,Bulaşık Temizlik Ürünleri,https://www.hepsiburada.com/bulasik-temizlik-urunleri-c-60003440,4,"Supermarket, Pet Shop > Ofis Tüketim Malzemeleri > Temizlik Ürünleri > Bulaşık Temizlik Ürünleri"
60003439,60001498,Sıvı Sabunlar,https://www.hepsiburada.com/sivi-sabunlar-c-60003439,4,"Supermarket, Pet Shop > Ofis Tüketim Malzemeleri > Temizlik Ürünleri > Sıvı Sabunlar"
60003437,60001498,Yüzey Temizlik Ürünleri,https://www.hepsiburada.com/yuzey-temizlik-urunleri-c-60003437,4,"Supermarket, Pet Shop > Ofis Tüketim Malzemeleri > Temizlik Ürünleri > Yüzey Temizlik Ürünleri"
60003421,60003418,Kahve,https://www.hepsiburada.com/kahveler-c-60003421,4,"Supermarket, Pet Shop > Ofis Tüketim Malzemeleri > İçecek Ürünleri > Kahve"
60003419,60003418,Çay,https://www.hepsiburada.com/caylar-c-60003419,4,"Supermarket, Pet Shop > Ofis Tüketim Malzemeleri > İçecek Ürünleri > Çay"
80015001,28001481,Domates Salçası,https://www.hepsiburada.com/domates-salcasi-c-80015001,4,"Supermarket, Pet Shop > biber salcasi > Salçalar > Domates Salçası"
80364058,80364057,Kapsül Deterjan,https://www.hepsiburada.com/kapsul-deterjan-c-80364058,4,"Supermarket, Pet Shop > camasir makinasi toz deterjanlari > Makine Deterjanı > Kapsül Deterjan"
60001320,28001941,Bulaşık Makinası Ek Ürünleri,https://www.hepsiburada.com/bulasik-makinasi-ek-urunleri-c-60001320,4,"Supermarket, Pet Shop > deterjan temizlik urunleri > Bulaşık Deterjanları > Bulaşık Makinası Ek Ürünleri"
28002653,28001941,Elde Yıkama,https://www.hepsiburada.com/bulasik-elde-sivi-deterjanlar-c-28002653,4,"Supermarket, Pet Shop > deterjan temizlik urunleri > Bulaşık Deterjanları > Elde Yıkama"
80366065,28001941,Parlatıcı,https://www.hepsiburada.com/parlatici-c-80366065,4,"Supermarket, Pet Shop > deterjan temizlik urunleri > Bulaşık Deterjanları > Parlatıcı"
28002642,28002071,Ahşap Temizleyici,https://www.hepsiburada.com/ahsap-yuzey-temizleyiciler-c-28002642,4,"Supermarket, Pet Shop > deterjan temizlik urunleri > Genel Temizlik > Ahşap Temizleyici"
60003003,28002071,Ayakkabı Bakım,https://www.hepsiburada.com/ayakkabi-bakim-urunleri-c-60003003,4,"Supermarket, Pet Shop > deterjan temizlik urunleri > Genel Temizlik > Ayakkabı Bakım"
60001090,28002071,Cam Temizleme,https://www.hepsiburada.com/cam-temizleyiciler-c-60001090,4,"Supermarket, Pet Shop > deterjan temizlik urunleri > Genel Temizlik > Cam Temizleme"
28003016,28002071,El Sabunu,https://www.hepsiburada.com/sabunlar-c-28003016,4,"Supermarket, Pet Shop > deterjan temizlik urunleri > Genel Temizlik > El Sabunu"
80361001,28002071,Fırın Temizleyici,https://www.hepsiburada.com/firin-temizleyiciler-c-80361001,4,"Supermarket, Pet Shop > deterjan temizlik urunleri > Genel Temizlik > Fırın Temizleyici"
60000320,28002071,Halı Temizleme,https://www.hepsiburada.com/hali-yikama-urunleri-c-60000320,4,"Supermarket, Pet Shop > deterjan temizlik urunleri > Genel Temizlik > Halı Temizleme"
28003027,28002071,"Mutfak, Banyo Temizleme",https://www.hepsiburada.com/banyo-mutfak-temizlik-urunleri-c-28003027,4,"Supermarket, Pet Shop > deterjan temizlik urunleri > Genel Temizlik > Mutfak, Banyo Temizleme"
60001089,28002071,Tuvalet Temizleyiciler,https://www.hepsiburada.com/tuvalet-temizleyiciler-c-60001089,4,"Supermarket, Pet Shop > deterjan temizlik urunleri > Genel Temizlik > Tuvalet Temizleyiciler"
28002815,28002071,Yüzey Temizliği,https://www.hepsiburada.com/yuzey-temizlik-malzemeleri-c-28002815,4,"Supermarket, Pet Shop > deterjan temizlik urunleri > Genel Temizlik > Yüzey Temizliği"
80361000,28002071,Çok Amaçlı Temizleyici,https://www.hepsiburada.com/cok-amacli-temizleyici-c-80361000,4,"Supermarket, Pet Shop > deterjan temizlik urunleri > Genel Temizlik > Çok Amaçlı Temizleyici"
80383029,28001529,Bebek Deterjanı ve Yumuşatıcısı,https://www.hepsiburada.com/bebek-deterjani-ve-yumusaticisi-c-80383029,4,"Supermarket, Pet Shop > deterjan temizlik urunleri > Çamaşır Deterjanları > Bebek Deterjanı ve Yumuşatıcısı"
60001321,28001529,Elde Yıkama Deterjanı,https://www.hepsiburada.com/camasir-elde-yikama-deterjanlari-c-60001321,4,"Supermarket, Pet Shop > deterjan temizlik urunleri > Çamaşır Deterjanları > Elde Yıkama Deterjanı"
60000323,28001529,Tül Yıkama Deterjanı,https://www.hepsiburada.com/tul-yikama-deterjanlari-c-60000323,4,"Supermarket, Pet Shop > deterjan temizlik urunleri > Çamaşır Deterjanları > Tül Yıkama Deterjanı"
60000378,28001529,Çamaşır Makinesi Temizleyici & Kireç Önleyici,https://www.hepsiburada.com/su-yumusaticilari-c-60000378,4,"Supermarket, Pet Shop > deterjan temizlik urunleri > Çamaşır Deterjanları > Çamaşır Makinesi Temizleyici & Kireç Önleyici"
60003013,60006947,tereyag,https://www.hepsiburada.com/tereyag-c-60003013,4,"Supermarket, Pet Shop > gida urunleri > Glutensiz Ürünler > tereyag"
80493041,80493040,Yılbaşı Gıda Paketi,https://www.hepsiburada.com/yilbasi-paketi-c-80493041,4,"Supermarket, Pet Shop > gida urunleri > Gıda Paketleri > Yılbaşı Gıda Paketi"
60006170,80365057,Hazır Yemek,https://www.hepsiburada.com/hazir-yemekler-c-60006170,4,"Supermarket, Pet Shop > gida urunleri > Hazır Yemek, Konserve > Hazır Yemek"
60002199,80365057,Ton Balığı,https://www.hepsiburada.com/ton-baliklari-c-60002199,4,"Supermarket, Pet Shop > gida urunleri > Hazır Yemek, Konserve > Ton Balığı"
28001512,28001474,Bal,https://www.hepsiburada.com/ballar-c-28001512,4,"Supermarket, Pet Shop > gida urunleri > Kahvaltılık > Bal"
80460247,28001474,Kaymak,https://www.hepsiburada.com/kaymak-c-80460247,4,"Supermarket, Pet Shop > gida urunleri > Kahvaltılık > Kaymak"
28002115,28001474,Reçel,https://www.hepsiburada.com/kahvaltilik-receller-c-28002115,4,"Supermarket, Pet Shop > gida urunleri > Kahvaltılık > Reçel"
28001511,28001474,"Zeytin, Zeytin Ezmesi",https://www.hepsiburada.com/zeytinler-c-28001511,4,"Supermarket, Pet Shop > gida urunleri > Kahvaltılık > Zeytin, Zeytin Ezmesi"
28002291,28001474,helva,https://www.hepsiburada.com/helva-c-28002291,4,"Supermarket, Pet Shop > gida urunleri > Kahvaltılık > helva"
60000156,28001474,kahvaltilik gevrekler,https://www.hepsiburada.com/kahvaltilik-gevrekler-c-60000156,4,"Supermarket, Pet Shop > gida urunleri > Kahvaltılık > kahvaltilik gevrekler"
28001516,28001474,"Çikolata Krema, Ezme",https://www.hepsiburada.com/krem-cikolata-ezmeler-c-28001516,4,"Supermarket, Pet Shop > gida urunleri > Kahvaltılık > Çikolata Krema, Ezme"
60000154,28001470,Bulyon,https://www.hepsiburada.com/bulyon-c-60000154,4,"Supermarket, Pet Shop > gida urunleri > Kuru Gıda > Bulyon"
28002679,28001470,Gıda Paketleri,https://www.hepsiburada.com/gida-paketleri-c-28002679,4,"Supermarket, Pet Shop > gida urunleri > Kuru Gıda > Gıda Paketleri"
60005285,28001470,Margarin,https://www.hepsiburada.com/margarin-c-60005285,4,"Supermarket, Pet Shop > gida urunleri > Kuru Gıda > Margarin"
60004828,28001470,Tatlı,https://www.hepsiburada.com/kuru-gida-tatlilar-c-60004828,4,"Supermarket, Pet Shop > gida urunleri > Kuru Gıda > Tatlı"
60008782,28001470,Yoğurt,https://www.hepsiburada.com/yogurt-c-60008782,4,"Supermarket, Pet Shop > gida urunleri > Kuru Gıda > Yoğurt"
60000155,28001470,Çeşni,https://www.hepsiburada.com/cesniler-c-60000155,4,"Supermarket, Pet Shop > gida urunleri > Kuru Gıda > Çeşni"
28002167,28001470,Çorba,https://www.hepsiburada.com/corbalar-c-28002167,4,"Supermarket, Pet Shop > gida urunleri > Kuru Gıda > Çorba"
28001485,28001470,Şeker,https://www.hepsiburada.com/sekerler-c-28001485,4,"Supermarket, Pet Shop > gida urunleri > Kuru Gıda > Şeker"
60001324,28001473,Badem,https://www.hepsiburada.com/bademler-c-60001324,4,"Supermarket, Pet Shop > gida urunleri > Kuruyemiş > Badem"
60001325,28001473,Ceviz,https://www.hepsiburada.com/cevizler-c-60001325,4,"Supermarket, Pet Shop > gida urunleri > Kuruyemiş > Ceviz"
60000312,28001473,Fındık,https://www.hepsiburada.com/findiklar-c-60000312,4,"Supermarket, Pet Shop > gida urunleri > Kuruyemiş > Fındık"
60000313,28001473,Fıstık,https://www.hepsiburada.com/fistiklar-c-60000313,4,"Supermarket, Pet Shop > gida urunleri > Kuruyemiş > Fıstık"
28001507,28001473,Karışık,https://www.hepsiburada.com/karisik-kuruyemisler-c-28001507,4,"Supermarket, Pet Shop > gida urunleri > Kuruyemiş > Karışık"
60000314,28001473,Leblebi,https://www.hepsiburada.com/leblebiler-c-60000314,4,"Supermarket, Pet Shop > gida urunleri > Kuruyemiş > Leblebi"
60000310,28001473,Pestil,https://www.hepsiburada.com/pestil-c-60000310,4,"Supermarket, Pet Shop > gida urunleri > Kuruyemiş > Pestil"
60000311,28001473,Çekirdek,https://www.hepsiburada.com/cekirdek-c-60000311,4,"Supermarket, Pet Shop > gida urunleri > Kuruyemiş > Çekirdek"
60006433,60005576,sebzeler,https://www.hepsiburada.com/sebzeler-c-60006433,4,"Supermarket, Pet Shop > gida urunleri > Manav > sebzeler"
80412037,80365058,Ekmek,https://www.hepsiburada.com/ekmek-c-80412037,4,"Supermarket, Pet Shop > gida urunleri > Unlu Mamül, Pasta > Ekmek"
80412036,80365058,"Galeta, Grissini",https://www.hepsiburada.com/galeta-grissini-c-80412036,4,"Supermarket, Pet Shop > gida urunleri > Unlu Mamül, Pasta > Galeta, Grissini"
80412040,80365058,"Kabartma Tozu, Vanilin",https://www.hepsiburada.com/kabartma-tozu-vanilin-c-80412040,4,"Supermarket, Pet Shop > gida urunleri > Unlu Mamül, Pasta > Kabartma Tozu, Vanilin"
28001806,80365058,Kakao,https://www.hepsiburada.com/kakao-c-28001806,4,"Supermarket, Pet Shop > gida urunleri > Unlu Mamül, Pasta > Kakao"
80412039,80365058,"Kek, Pasta Karışımı",https://www.hepsiburada.com/kek-pasta-karisimi-c-80412039,4,"Supermarket, Pet Shop > gida urunleri > Unlu Mamül, Pasta > Kek, Pasta Karışımı"
80365060,80365058,Krem Şanti,https://www.hepsiburada.com/krem-santi-c-80365060,4,"Supermarket, Pet Shop > gida urunleri > Unlu Mamül, Pasta > Krem Şanti"
80365062,80365058,"Krema, Sos",https://www.hepsiburada.com/krema-sos-c-80365062,4,"Supermarket, Pet Shop > gida urunleri > Unlu Mamül, Pasta > Krema, Sos"
80472020,80365058,Kuvertür,https://www.hepsiburada.com/kuvertur-c-80472020,4,"Supermarket, Pet Shop > gida urunleri > Unlu Mamül, Pasta > Kuvertür"
80412038,80365058,Maya,https://www.hepsiburada.com/maya-c-80412038,4,"Supermarket, Pet Shop > gida urunleri > Unlu Mamül, Pasta > Maya"
80365063,80365058,Nişasta,https://www.hepsiburada.com/nisasta-c-80365063,4,"Supermarket, Pet Shop > gida urunleri > Unlu Mamül, Pasta > Nişasta"
80810004,80365058,Pasta,https://www.hepsiburada.com/pasta-c-80810004,4,"Supermarket, Pet Shop > gida urunleri > Unlu Mamül, Pasta > Pasta"
80472019,80365058,Pastacılık Malzemeleri,https://www.hepsiburada.com/pastacilik-malzemeleri-c-80472019,4,"Supermarket, Pet Shop > gida urunleri > Unlu Mamül, Pasta > Pastacılık Malzemeleri"
80365059,80365058,Pudra Şekeri,https://www.hepsiburada.com/pudra-sekeri-c-80365059,4,"Supermarket, Pet Shop > gida urunleri > Unlu Mamül, Pasta > Pudra Şekeri"
80412041,80365058,Toz Tatlılar,https://www.hepsiburada.com/toz-tatlilar-c-80412041,4,"Supermarket, Pet Shop > gida urunleri > Unlu Mamül, Pasta > Toz Tatlılar"
28002661,80365058,un irmikler,https://www.hepsiburada.com/un-irmikler-c-28002661,4,"Supermarket, Pet Shop > gida urunleri > Unlu Mamül, Pasta > un irmikler"
80365061,80365058,İrmik,https://www.hepsiburada.com/irmik-c-80365061,4,"Supermarket, Pet Shop > gida urunleri > Unlu Mamül, Pasta > İrmik"
80365055,80365051,Barbekü Sos,https://www.hepsiburada.com/barbeku-sos-c-80365055,4,"Supermarket, Pet Shop > gida urunleri > Yemek Sosları > Barbekü Sos"
80365053,80365051,Hardal,https://www.hepsiburada.com/hardal-c-80365053,4,"Supermarket, Pet Shop > gida urunleri > Yemek Sosları > Hardal"
60002198,80365051,Ketçap,https://www.hepsiburada.com/ketcaplar-c-60002198,4,"Supermarket, Pet Shop > gida urunleri > Yemek Sosları > Ketçap"
60002197,80365051,Mayonez,https://www.hepsiburada.com/mayonezler-c-60002197,4,"Supermarket, Pet Shop > gida urunleri > Yemek Sosları > Mayonez"
80365056,80365051,Nar Ekşisi,https://www.hepsiburada.com/nar-eksisi-c-80365056,4,"Supermarket, Pet Shop > gida urunleri > Yemek Sosları > Nar Ekşisi"
60002936,80365051,Sirke,https://www.hepsiburada.com/sirkeler-c-60002936,4,"Supermarket, Pet Shop > gida urunleri > Yemek Sosları > Sirke"
28001487,80365051,Özel Sos & Püreler,https://www.hepsiburada.com/soslar-c-28001487,4,"Supermarket, Pet Shop > gida urunleri > Yemek Sosları > Özel Sos & Püreler"
28001496,28001472,Bisküvi,https://www.hepsiburada.com/biskuviler-c-28001496,4,"Supermarket, Pet Shop > gida urunleri > atistirmaliklar > Bisküvi"
28001500,28001472,Cips,https://www.hepsiburada.com/cipsler-c-28001500,4,"Supermarket, Pet Shop > gida urunleri > atistirmaliklar > Cips"
60008783,28001472,Dondurma,https://www.hepsiburada.com/dondurma-c-60008783,4,"Supermarket, Pet Shop > gida urunleri > atistirmaliklar > Dondurma"
28002665,28001472,Hazır Yiyecekler,https://www.hepsiburada.com/hazir-yiyecekler-c-28002665,4,"Supermarket, Pet Shop > gida urunleri > atistirmaliklar > Hazır Yiyecekler"
28002054,28001472,Kek,https://www.hepsiburada.com/kekler-c-28002054,4,"Supermarket, Pet Shop > gida urunleri > atistirmaliklar > Kek"
28002348,28001472,Lokum,https://www.hepsiburada.com/lokumlar-c-28002348,4,"Supermarket, Pet Shop > gida urunleri > atistirmaliklar > Lokum"
80857138,28001472,Meyve Barları,https://www.hepsiburada.com/meyve-barlari-c-80857138,4,"Supermarket, Pet Shop > gida urunleri > atistirmaliklar > Meyve Barları"
28003380,28001472,Sakız,https://www.hepsiburada.com/sakiz-c-28003380,4,"Supermarket, Pet Shop > gida urunleri > atistirmaliklar > Sakız"
28002668,28001472,Unlu Mamüller,https://www.hepsiburada.com/unlu-mamuller-c-28002668,4,"Supermarket, Pet Shop > gida urunleri > atistirmaliklar > Unlu Mamüller"
28001499,28001472,"Çikolata, Gofret",https://www.hepsiburada.com/cikolatalar-c-28001499,4,"Supermarket, Pet Shop > gida urunleri > atistirmaliklar > Çikolata, Gofret"
28002663,28001472,Şekerleme,https://www.hepsiburada.com/sekerlemeler-c-28002663,4,"Supermarket, Pet Shop > gida urunleri > atistirmaliklar > Şekerleme"
60001332,60001330,Bitkisel Yağlar,https://www.hepsiburada.com/bitkisel-yaglar-c-60001332,4,"Supermarket, Pet Shop > gida urunleri > sivi yaglar > Bitkisel Yağlar"
60002212,60001330,Mısırözü Yağı,https://www.hepsiburada.com/misirozu-yaglari-c-60002212,4,"Supermarket, Pet Shop > gida urunleri > sivi yaglar > Mısırözü Yağı"
60001331,60001330,Zeytinyağı,https://www.hepsiburada.com/zeytinyaglari-c-60001331,4,"Supermarket, Pet Shop > gida urunleri > sivi yaglar > Zeytinyağı"
28001932,28002163,Enerji İçeceği,https://www.hepsiburada.com/enerji-icecegi-c-28001932,4,"Supermarket, Pet Shop > icecek urunleri > Gazlı İçecek > Enerji İçeceği"
80412085,28002163,"Gazoz, Soda",https://www.hepsiburada.com/gazoz-c-80412085,4,"Supermarket, Pet Shop > icecek urunleri > Gazlı İçecek > Gazoz, Soda"
80412084,28002163,Kola,https://www.hepsiburada.com/kola-c-80412084,4,"Supermarket, Pet Shop > icecek urunleri > Gazlı İçecek > Kola"
80412086,28002163,Tonik,https://www.hepsiburada.com/tonik-c-80412086,4,"Supermarket, Pet Shop > icecek urunleri > Gazlı İçecek > Tonik"
80412090,60000261,Ayran,https://www.hepsiburada.com/ayran-c-80412090,4,"Supermarket, Pet Shop > icecek urunleri > Gazsız İçecek > Ayran"
80857071,60000261,Boza,https://www.hepsiburada.com/boza-c-80857071,4,"Supermarket, Pet Shop > icecek urunleri > Gazsız İçecek > Boza"
60005512,60000261,Soğuk Çay,https://www.hepsiburada.com/soguk-caylar-c-60005512,4,"Supermarket, Pet Shop > icecek urunleri > Gazsız İçecek > Soğuk Çay"
60001351,60000261,Toz İçecek,https://www.hepsiburada.com/icecek-tozlari-c-60001351,4,"Supermarket, Pet Shop > icecek urunleri > Gazsız İçecek > Toz İçecek"
60001344,60000261,UHT Süt,https://www.hepsiburada.com/uht-sutler-c-60001344,4,"Supermarket, Pet Shop > icecek urunleri > Gazsız İçecek > UHT Süt"
28001809,28001486,"Espresso, Cappucino Kahve",https://www.hepsiburada.com/espresso-cappucino-kahveler-c-28001809,4,"Supermarket, Pet Shop > icecek urunleri > Kahve > Espresso, Cappucino Kahve"
60005099,28001486,Filtre & Çekirdek Kahveler,https://www.hepsiburada.com/filtre-kahveler-c-60005099,4,"Supermarket, Pet Shop > icecek urunleri > Kahve > Filtre & Çekirdek Kahveler"
80080013,28001486,Kahve Aksesuarları,https://www.hepsiburada.com/kahve-aksesuarlari-c-80080013,4,"Supermarket, Pet Shop > icecek urunleri > Kahve > Kahve Aksesuarları"
60005218,28001486,Kahve Kapsülleri,https://www.hepsiburada.com/kapsul-kahveler-c-60005218,4,"Supermarket, Pet Shop > icecek urunleri > Kahve > Kahve Kapsülleri"
80080011,28001486,Kahve Şurubu,https://www.hepsiburada.com/kahve-suruplari-c-80080011,4,"Supermarket, Pet Shop > icecek urunleri > Kahve > Kahve Şurubu"
80080012,28001486,Süt Tozu,https://www.hepsiburada.com/sut-tozu-seker-tatlandiricilar-c-80080012,4,"Supermarket, Pet Shop > icecek urunleri > Kahve > Süt Tozu"
60000150,28001486,"Sıcak Çikolata, Salep",https://www.hepsiburada.com/sicak-cikolata-c-60000150,4,"Supermarket, Pet Shop > icecek urunleri > Kahve > Sıcak Çikolata, Salep"
28001646,28001486,Türk Kahvesi,https://www.hepsiburada.com/turk-kahveleri-c-28001646,4,"Supermarket, Pet Shop > icecek urunleri > Kahve > Türk Kahvesi"
60001347,60001346,Bardak Poşet Çay,https://www.hepsiburada.com/bardak-poset-caylar-c-60001347,4,"Supermarket, Pet Shop > icecek urunleri > Çay > Bardak Poşet Çay"
60001348,60001346,Bitki Çayı,https://www.hepsiburada.com/bitkisel-caylar-c-60001348,4,"Supermarket, Pet Shop > icecek urunleri > Çay > Bitki Çayı"
80032000,60001346,Demlik Poşet Çay,https://www.hepsiburada.com/demlik-poset-caylar-c-80032000,4,"Supermarket, Pet Shop > icecek urunleri > Çay > Demlik Poşet Çay"
60001349,60001346,Dökme Çay,https://www.hepsiburada.com/demlik-dokme-caylar-c-60001349,4,"Supermarket, Pet Shop > icecek urunleri > Çay > Dökme Çay"
26012243,26012218,Hastane Ekipmanları,https://www.hepsiburada.com/hastane-ekipmanlari-c-26012243,5,"Kozmetik, Kisisel Bakim > Sağlık / Kişisel Bakım > Medikal Ürünler > Hastane Ve Hasta Bakım Ürünleri > Hastane Ekipmanları"
26012249,26012218,Sterilizatörler,https://www.hepsiburada.com/sterilizatorler-c-26012249,5,"Kozmetik, Kisisel Bakim > Sağlık / Kişisel Bakım > Medikal Ürünler > Hastane Ve Hasta Bakım Ürünleri > Sterilizatörler"
26012281,26012218,Tanı & Muayene Ürünleri,https://www.hepsiburada.com/tani-urunleri-c-26012281,5,"Kozmetik, Kisisel Bakim > Sağlık / Kişisel Bakım > Medikal Ürünler > Hastane Ve Hasta Bakım Ürünleri > Tanı & Muayene Ürünleri"
26012195,26012175,El Terapi Ürünleri,https://www.hepsiburada.com/el-terapi-urunleri-c-26012195,5,"Kozmetik, Kisisel Bakim > Sağlık / Kişisel Bakım > Sağlık Ürünleri > Ayak Sağlığı Ve El Terapi Ürünleri > El Terapi Ürünleri"
26012212,26012181,"Zayıflama Aksesuarları,Kemerler Ve Cihazlar",https://www.hepsiburada.com/zayiflama-aksesuarlari-kemerler-cihazlar-c-26012212,5,"Kozmetik, Kisisel Bakim > Sağlık / Kişisel Bakım > Sağlık Ürünleri > Form Ürünleri > Zayıflama Aksesuarları,Kemerler Ve Cihazlar"
26012206,26012180,Kulak Temizleme Çubuk Ve Mumları,https://www.hepsiburada.com/kulak-temizleme-cubuk-mumlari-c-26012206,5,"Kozmetik, Kisisel Bakim > Sağlık / Kişisel Bakım > Sağlık Ürünleri > Kulak Temizleme Ürünleri > Kulak Temizleme Çubuk Ve Mumları"
80383028,26012180,kulak cubugu,https://www.hepsiburada.com/kulak-cubugu-c-80383028,5,"Kozmetik, Kisisel Bakim > Sağlık / Kişisel Bakım > Sağlık Ürünleri > Kulak Temizleme Ürünleri > kulak cubugu"
32010902,32010896,Gece Kremleri,https://www.hepsiburada.com/gece-kremleri-c-32010902,5,"Kozmetik, Kisisel Bakim > nemlendiriciler > Yüz Bakım Ürünleri > anti aging kirisiklik karsitlari > Gece Kremleri"
32010901,32010896,Gündüz Kremleri,https://www.hepsiburada.com/gunduz-kremleri-c-32010901,5,"Kozmetik, Kisisel Bakim > nemlendiriciler > Yüz Bakım Ürünleri > anti aging kirisiklik karsitlari > Gündüz Kremleri"
32010903,32010896,Serumlar,https://www.hepsiburada.com/serumlar-c-32010903,5,"Kozmetik, Kisisel Bakim > nemlendiriciler > Yüz Bakım Ürünleri > anti aging kirisiklik karsitlari > Serumlar"
32010937,32010896,Setler,https://www.hepsiburada.com/setler-c-32010937,5,"Kozmetik, Kisisel Bakim > nemlendiriciler > Yüz Bakım Ürünleri > anti aging kirisiklik karsitlari > Setler"
32012009,32010896,kirisiklik karsiti urunler,https://www.hepsiburada.com/kirisiklik-karsiti-urunler-c-32012009,5,"Kozmetik, Kisisel Bakim > nemlendiriciler > Yüz Bakım Ürünleri > anti aging kirisiklik karsitlari > kirisiklik karsiti urunler"
28002841,60001339,gurme organik urunler,https://www.hepsiburada.com/gurme-organik-urunler-c-28002841,5,"Kozmetik, Kisisel Bakim > shaker > organik urunler > Organik Sos > gurme organik urunler"
80383024,80383015,Bebek Parfüm ve Kolonya,https://www.hepsiburada.com/bebek-parfum-ve-kolonya-c-80383024,5,"Kozmetik, Kisisel Bakim > yara bantlari > bebek temizleme pamugu > Bebek Bakım ve Sağlık > Bebek Parfüm ve Kolonya"
80383022,80383015,Bebek Saç Bakım,https://www.hepsiburada.com/bebek-sac-bakim-c-80383022,5,"Kozmetik, Kisisel Bakim > yara bantlari > bebek temizleme pamugu > Bebek Bakım ve Sağlık > Bebek Saç Bakım"
80383019,80383015,Bebek Tırnak Bakım,https://www.hepsiburada.com/bebek-tirnak-bakim-c-80383019,5,"Kozmetik, Kisisel Bakim > yara bantlari > bebek temizleme pamugu > Bebek Bakım ve Sağlık > Bebek Tırnak Bakım"
80383030,80383015,Çamaşır Yıkama Torbası,https://www.hepsiburada.com/camasir-yikama-torbasi-c-80383030,5,"Kozmetik, Kisisel Bakim > yara bantlari > bebek temizleme pamugu > Bebek Bakım ve Sağlık > Çamaşır Yıkama Torbası"
80383027,301160,"Damla, Serum ve Spreyler",https://www.hepsiburada.com/burun-damlasi-ve-spreyi-c-80383027,5,"Kozmetik, Kisisel Bakim > yara bantlari > bebek temizleme pamugu > Bebek Sağlığı Ürünleri > Damla, Serum ve Spreyler"
60002253,301160,Isı Pedi,https://www.hepsiburada.com/isi-pedleri-c-60002253,5,"Kozmetik, Kisisel Bakim > yara bantlari > bebek temizleme pamugu > Bebek Sağlığı Ürünleri > Isı Pedi"
303173,301160,Tartı,https://www.hepsiburada.com/bebek-tartilari-c-303173,5,"Kozmetik, Kisisel Bakim > yara bantlari > bebek temizleme pamugu > Bebek Sağlığı Ürünleri > Tartı"
80383026,301160,Yara Bandı,https://www.hepsiburada.com/yara-bandi-c-80383026,5,"Kozmetik, Kisisel Bakim > yara bantlari > bebek temizleme pamugu > Bebek Sağlığı Ürünleri > Yara Bandı"
22008755,22008494,Atış Sistemleri ve Hedefler,https://www.hepsiburada.com/atis-sistemleri-hedefler-c-22008755,5,"Spor, Outdoor > Outdoor > Kara & Balık Av Malzemeleri > Kara Av Malzemeleri > Atış Sistemleri ve Hedefler"
1304736,22008494,Avcı Bot ve Çizmeleri,https://www.hepsiburada.com/avci-botlari-cizmeleri-c-1304736,5,"Spor, Outdoor > Outdoor > Kara & Balık Av Malzemeleri > Kara Av Malzemeleri > Avcı Bot ve Çizmeleri"
22008551,22008494,Avcı Gömlekleri,https://www.hepsiburada.com/avci-gomlekleri-c-22008551,5,"Spor, Outdoor > Outdoor > Kara & Balık Av Malzemeleri > Kara Av Malzemeleri > Avcı Gömlekleri"
60007044,22008494,Avcı Kazakları,https://www.hepsiburada.com/avci-kazaklari-c-60007044,5,"Spor, Outdoor > Outdoor > Kara & Balık Av Malzemeleri > Kara Av Malzemeleri > Avcı Kazakları"
60007043,22008494,Avcı Kemerleri,https://www.hepsiburada.com/avci-kemerleri-c-60007043,5,"Spor, Outdoor > Outdoor > Kara & Balık Av Malzemeleri > Kara Av Malzemeleri > Avcı Kemerleri"
22019705,22008494,Avcı Mont & Yağmurlukları,https://www.hepsiburada.com/avci-montlari-yagmurluklar-c-22019705,5,"Spor, Outdoor > Outdoor > Kara & Balık Av Malzemeleri > Kara Av Malzemeleri > Avcı Mont & Yağmurlukları"
22008673,22008494,Avcı Pantolonları,https://www.hepsiburada.com/avci-pantolonlari-c-22008673,5,"Spor, Outdoor > Outdoor > Kara & Balık Av Malzemeleri > Kara Av Malzemeleri > Avcı Pantolonları"
80592007,22008494,Avcı T-Shirt,https://www.hepsiburada.com/avci-t-shirt-c-80592007,5,"Spor, Outdoor > Outdoor > Kara & Balık Av Malzemeleri > Kara Av Malzemeleri > Avcı T-Shirt"
1800277,22008494,Avcı Tulumları,https://www.hepsiburada.com/avci-tulumlari-c-1800277,5,"Spor, Outdoor > Outdoor > Kara & Balık Av Malzemeleri > Kara Av Malzemeleri > Avcı Tulumları"
1304856,22008494,Avcı Yelekleri,https://www.hepsiburada.com/avci-yelekleri-c-1304856,5,"Spor, Outdoor > Outdoor > Kara & Balık Av Malzemeleri > Kara Av Malzemeleri > Avcı Yelekleri"
22008754,22008494,Mühre & Düdükler,https://www.hepsiburada.com/muhre-dudukler-c-22008754,5,"Spor, Outdoor > Outdoor > Kara & Balık Av Malzemeleri > Kara Av Malzemeleri > Mühre & Düdükler"
60001477,22008494,Tüfek Tabanca Kılıf / Aksesuarları,https://www.hepsiburada.com/tabanca-tufek-kiliflari-aksesuarlari-c-60001477,5,"Spor, Outdoor > Outdoor > Kara & Balık Av Malzemeleri > Kara Av Malzemeleri > Tüfek Tabanca Kılıf / Aksesuarları"
1304949,22008494,Tüfek ve Tabanca Harbileri,https://www.hepsiburada.com/tabanca-tufek-harbileri-c-1304949,5,"Spor, Outdoor > Outdoor > Kara & Balık Av Malzemeleri > Kara Av Malzemeleri > Tüfek ve Tabanca Harbileri"
80097025,80097023,Vücut Koruma Ekipmanları,https://www.hepsiburada.com/vucut-koruma-ekipmanlari-c-80097025,5,"Spor, Outdoor > Outdoor > Kış Sporları > Aksesuarlar > Vücut Koruma Ekipmanları"
80097022,80097020,Kar Ayakkabısı,https://www.hepsiburada.com/kar-ayakkabisi-c-80097022,5,"Spor, Outdoor > Outdoor > Kış Sporları > Kar Yürüyüşü > Kar Ayakkabısı"
60004382,22001697,Kayak Aksesuarları,https://www.hepsiburada.com/kayak-snowboard-aksesuarlari-c-60004382,5,"Spor, Outdoor > Outdoor > Kış Sporları > Kayak > Kayak Aksesuarları"
80096007,22001697,Kayak Ekipmanları,https://www.hepsiburada.com/kayak-ekipmanlari-c-80096007,5,"Spor, Outdoor > Outdoor > Kış Sporları > Kayak > Kayak Ekipmanları"
60000200,22001697,Kayak Giyim,https://www.hepsiburada.com/kayak-giyim-c-60000200,5,"Spor, Outdoor > Outdoor > Kış Sporları > Kayak > Kayak Giyim"
80097015,60000202,Snowboard Aksesuarları,https://www.hepsiburada.com/snowboard-aksesuarlari-c-80097015,5,"Spor, Outdoor > Outdoor > Kış Sporları > Snowboard > Snowboard Aksesuarları"
1301207,60000202,Snowboard Ekipmanları,https://www.hepsiburada.com/snowboard-ekipmanlari-c-1301207,5,"Spor, Outdoor > Outdoor > Kış Sporları > Snowboard > Snowboard Ekipmanları"
80097010,60000202,Snowboard Giyim,https://www.hepsiburada.com/snowboard-giyim-c-80097010,5,"Spor, Outdoor > Outdoor > Kış Sporları > Snowboard > Snowboard Giyim"
264027,22005409,ecza cantalari,https://www.hepsiburada.com/ecza-cantalari-c-264027,5,"Spor, Outdoor > Outdoor > Tekne & Tekne Malzemeleri > Tekne Aksesuarları > ecza cantalari"
60001319,60001055,Baş Pervanesi,https://www.hepsiburada.com/bas-pervaneleri-c-60001319,5,"Spor, Outdoor > Outdoor > Tekne & Tekne Malzemeleri > Tekne Teknik Ekipman & Parçalar > Baş Pervanesi"
60001056,60001055,Demirleme / Rıhtım,https://www.hepsiburada.com/demirleme-rihtim-c-60001056,5,"Spor, Outdoor > Outdoor > Tekne & Tekne Malzemeleri > Tekne Teknik Ekipman & Parçalar > Demirleme / Rıhtım"
22005098,60001055,Deniz Suyu Filtreleri,https://www.hepsiburada.com/deniz-suyu-filtreleri-c-22005098,5,"Spor, Outdoor > Outdoor > Tekne & Tekne Malzemeleri > Tekne Teknik Ekipman & Parçalar > Deniz Suyu Filtreleri"
22004488,60001055,Deniz Şofbenleri,https://www.hepsiburada.com/deniz-sofbenleri-c-22004488,5,"Spor, Outdoor > Outdoor > Tekne & Tekne Malzemeleri > Tekne Teknik Ekipman & Parçalar > Deniz Şofbenleri"
60001313,60001055,Dümen / Kumanda,https://www.hepsiburada.com/dumen-kumandalar-c-60001313,5,"Spor, Outdoor > Outdoor > Tekne & Tekne Malzemeleri > Tekne Teknik Ekipman & Parçalar > Dümen / Kumanda"
60001098,60001055,Elektrik / Elektronik,https://www.hepsiburada.com/elektrik-elektronik-c-60001098,5,"Spor, Outdoor > Outdoor > Tekne & Tekne Malzemeleri > Tekne Teknik Ekipman & Parçalar > Elektrik / Elektronik"
22004463,60001055,Göstergeler,https://www.hepsiburada.com/tekne-gostergeleri-c-22004463,5,"Spor, Outdoor > Outdoor > Tekne & Tekne Malzemeleri > Tekne Teknik Ekipman & Parçalar > Göstergeler"
60001054,60001055,Güverte,https://www.hepsiburada.com/guverte-parcalari-c-60001054,5,"Spor, Outdoor > Outdoor > Tekne & Tekne Malzemeleri > Tekne Teknik Ekipman & Parçalar > Güverte"
80814000,60001055,Halatlar,https://www.hepsiburada.com/halatlar-c-80814000,5,"Spor, Outdoor > Outdoor > Tekne & Tekne Malzemeleri > Tekne Teknik Ekipman & Parçalar > Halatlar"
60001315,60001055,Havalandırma,https://www.hepsiburada.com/tekne-havalandirma-parcalari-c-60001315,5,"Spor, Outdoor > Outdoor > Tekne & Tekne Malzemeleri > Tekne Teknik Ekipman & Parçalar > Havalandırma"
60001057,60001055,Kabin,https://www.hepsiburada.com/tekne-kabin-parcalari-c-60001057,5,"Spor, Outdoor > Outdoor > Tekne & Tekne Malzemeleri > Tekne Teknik Ekipman & Parçalar > Kabin"
60001312,60001055,Motor Aksamı,https://www.hepsiburada.com/tekne-motor-aksamlari-c-60001312,5,"Spor, Outdoor > Outdoor > Tekne & Tekne Malzemeleri > Tekne Teknik Ekipman & Parçalar > Motor Aksamı"
22004467,60001055,Musluklar,https://www.hepsiburada.com/tekne-musluklari-c-22004467,5,"Spor, Outdoor > Outdoor > Tekne & Tekne Malzemeleri > Tekne Teknik Ekipman & Parçalar > Musluklar"
60001103,60001055,Navigasyon,https://www.hepsiburada.com/navigasyonlar-c-60001103,5,"Spor, Outdoor > Outdoor > Tekne & Tekne Malzemeleri > Tekne Teknik Ekipman & Parçalar > Navigasyon"
60001100,60001055,Pis Su,https://www.hepsiburada.com/pis-su-atma-urunleri-c-60001100,5,"Spor, Outdoor > Outdoor > Tekne & Tekne Malzemeleri > Tekne Teknik Ekipman & Parçalar > Pis Su"
22004491,60001055,Rezistanslar,https://www.hepsiburada.com/rezistanslar-c-22004491,5,"Spor, Outdoor > Outdoor > Tekne & Tekne Malzemeleri > Tekne Teknik Ekipman & Parçalar > Rezistanslar"
60001316,60001055,Römork,https://www.hepsiburada.com/romorklar-c-60001316,5,"Spor, Outdoor > Outdoor > Tekne & Tekne Malzemeleri > Tekne Teknik Ekipman & Parçalar > Römork"
22004495,60001055,Seviye Sensörleri,https://www.hepsiburada.com/seviye-sensorleri-c-22004495,5,"Spor, Outdoor > Outdoor > Tekne & Tekne Malzemeleri > Tekne Teknik Ekipman & Parçalar > Seviye Sensörleri"
22004434,60001055,Sintine Pompaları,https://www.hepsiburada.com/sintine-pompalari-c-22004434,5,"Spor, Outdoor > Outdoor > Tekne & Tekne Malzemeleri > Tekne Teknik Ekipman & Parçalar > Sintine Pompaları"
60001101,60001055,Tatlı Su,https://www.hepsiburada.com/tatli-su-urunleri-c-60001101,5,"Spor, Outdoor > Outdoor > Tekne & Tekne Malzemeleri > Tekne Teknik Ekipman & Parçalar > Tatlı Su"
22004448,60001055,Tekne Hidrofor,https://www.hepsiburada.com/tekne-hidroforlari-c-22004448,5,"Spor, Outdoor > Outdoor > Tekne & Tekne Malzemeleri > Tekne Teknik Ekipman & Parçalar > Tekne Hidrofor"
22004493,60001055,Termostatlar,https://www.hepsiburada.com/termostatlar-c-22004493,5,"Spor, Outdoor > Outdoor > Tekne & Tekne Malzemeleri > Tekne Teknik Ekipman & Parçalar > Termostatlar"
60001314,60001055,Yakıt Sistemi,https://www.hepsiburada.com/tekne-yakit-sistemi-modelleri-c-60001314,5,"Spor, Outdoor > Outdoor > Tekne & Tekne Malzemeleri > Tekne Teknik Ekipman & Parçalar > Yakıt Sistemi"
60001311,60001055,Yelken,https://www.hepsiburada.com/tekne-yelken-malzemeleri-c-60001311,5,"Spor, Outdoor > Outdoor > Tekne & Tekne Malzemeleri > Tekne Teknik Ekipman & Parçalar > Yelken"
60004738,27064236,Bisiklet Suluğu,https://www.hepsiburada.com/outdoor-bisiklet-suluklari-c-60004738,5,"Spor, Outdoor > Spor / Fitness > Bisiklet > Bisiklet Aksesuar ve Parçaları > Bisiklet Suluğu"
60004741,27064236,Bisiklet Taşıyıcı,https://www.hepsiburada.com/bisiklet-tasiyicilar-c-60004741,5,"Spor, Outdoor > Spor / Fitness > Bisiklet > Bisiklet Aksesuar ve Parçaları > Bisiklet Taşıyıcı"
60002788,27064236,Bisiklet Yol Bilgisayarları,https://www.hepsiburada.com/bisiklet-yol-bilgisayarlari-c-60002788,5,"Spor, Outdoor > Spor / Fitness > Bisiklet > Bisiklet Aksesuar ve Parçaları > Bisiklet Yol Bilgisayarları"
80576001,27064236,Motor Kiti,https://www.hepsiburada.com/motor-kiti-c-80576001,5,"Spor, Outdoor > Spor / Fitness > Bisiklet > Bisiklet Aksesuar ve Parçaları > Motor Kiti"
80857139,27064236,Trainer,https://www.hepsiburada.com/trainer-c-80857139,5,"Spor, Outdoor > Spor / Fitness > Bisiklet > Bisiklet Aksesuar ve Parçaları > Trainer"
60004740,27064236,bisiklet cantalari,https://www.hepsiburada.com/bisiklet-cantalari-c-60004740,5,"Spor, Outdoor > Spor / Fitness > Bisiklet > Bisiklet Aksesuar ve Parçaları > bisiklet cantalari"
394854,27064236,bisiklet motosiklet kilitleri,https://www.hepsiburada.com/bisiklet-motosiklet-kilitleri-c-394854,5,"Spor, Outdoor > Spor / Fitness > Bisiklet > Bisiklet Aksesuar ve Parçaları > bisiklet motosiklet kilitleri"
60004739,27064236,outdoor bisiklet pompalari,https://www.hepsiburada.com/outdoor-bisiklet-pompalari-c-60004739,5,"Spor, Outdoor > Spor / Fitness > Bisiklet > Bisiklet Aksesuar ve Parçaları > outdoor bisiklet pompalari"
60008546,27064236,Çamurluk,https://www.hepsiburada.com/bisiklet-camurlugu-c-60008546,5,"Spor, Outdoor > Spor / Fitness > Bisiklet > Bisiklet Aksesuar ve Parçaları > Çamurluk"
80697034,370963,Aksesuar & İç Giyim,https://www.hepsiburada.com/bisiklet-aksesuar-ic-giyim-c-80697034,5,"Spor, Outdoor > Spor / Fitness > Bisiklet > Giyim > Aksesuar & İç Giyim"
80697022,370963,Ayakkabı,https://www.hepsiburada.com/ayakkabi-c-80697022,5,"Spor, Outdoor > Spor / Fitness > Bisiklet > Giyim > Ayakkabı"
80697027,370963,Bandana,https://www.hepsiburada.com/bandana-c-80697027,5,"Spor, Outdoor > Spor / Fitness > Bisiklet > Giyim > Bandana"
80697023,370963,Eldiven,https://www.hepsiburada.com/eldiven-c-80697023,5,"Spor, Outdoor > Spor / Fitness > Bisiklet > Giyim > Eldiven"
80697024,370963,Forma,https://www.hepsiburada.com/forma-c-80697024,5,"Spor, Outdoor > Spor / Fitness > Bisiklet > Giyim > Forma"
80697026,370963,Gözlük,https://www.hepsiburada.com/gozluk-c-80697026,5,"Spor, Outdoor > Spor / Fitness > Bisiklet > Giyim > Gözlük"
80697031,370963,Kal & Ayakkabı Aksesuarları,https://www.hepsiburada.com/kal-ayakkabi-aksesuarlari-c-80697031,5,"Spor, Outdoor > Spor / Fitness > Bisiklet > Giyim > Kal & Ayakkabı Aksesuarları"
80697028,370963,Maske,https://www.hepsiburada.com/maske-c-80697028,5,"Spor, Outdoor > Spor / Fitness > Bisiklet > Giyim > Maske"
80697029,370963,Paça Bandı,https://www.hepsiburada.com/paca-bandi-c-80697029,5,"Spor, Outdoor > Spor / Fitness > Bisiklet > Giyim > Paça Bandı"
80697025,370963,Tayt,https://www.hepsiburada.com/tayt-c-80697025,5,"Spor, Outdoor > Spor / Fitness > Bisiklet > Giyim > Tayt"
80697033,370963,Yağmurluk,https://www.hepsiburada.com/bisikletci-yagmurlugu-c-80697033,5,"Spor, Outdoor > Spor / Fitness > Bisiklet > Giyim > Yağmurluk"
80697032,370963,Yelek,https://www.hepsiburada.com/bisikletci-yelegi-c-80697032,5,"Spor, Outdoor > Spor / Fitness > Bisiklet > Giyim > Yelek"
60000532,370963,bisiklet kasklari korumaliklar,https://www.hepsiburada.com/bisiklet-kasklari-korumaliklar-c-60000532,5,"Spor, Outdoor > Spor / Fitness > Bisiklet > Giyim > bisiklet kasklari korumaliklar"
60007054,60003468,Amortisör & Maşa Grubu,https://www.hepsiburada.com/bisiklet-amortisor-masa-c-60007054,5,"Spor, Outdoor > Spor / Fitness > Bisiklet > Yedek Parça & Bakım > Amortisör & Maşa Grubu"
60008547,60003468,Bakım Aletleri,https://www.hepsiburada.com/bisiklet-bakim-aletleri-c-60008547,5,"Spor, Outdoor > Spor / Fitness > Bisiklet > Yedek Parça & Bakım > Bakım Aletleri"
60007049,60003468,Fren Grubu,https://www.hepsiburada.com/bisiklet-freni-c-60007049,5,"Spor, Outdoor > Spor / Fitness > Bisiklet > Yedek Parça & Bakım > Fren Grubu"
60007057,60003468,Gidon Grubu,https://www.hepsiburada.com/gidon-c-60007057,5,"Spor, Outdoor > Spor / Fitness > Bisiklet > Yedek Parça & Bakım > Gidon Grubu"
60007056,60003468,Göbek Grubu,https://www.hepsiburada.com/bisiklet-gobegi-c-60007056,5,"Spor, Outdoor > Spor / Fitness > Bisiklet > Yedek Parça & Bakım > Göbek Grubu"
60007058,60003468,Jant Grubu,https://www.hepsiburada.com/bisiklet-janti-c-60007058,5,"Spor, Outdoor > Spor / Fitness > Bisiklet > Yedek Parça & Bakım > Jant Grubu"
60007146,60003468,Kadro Grubu,https://www.hepsiburada.com/bisiklet-kadro-c-60007146,5,"Spor, Outdoor > Spor / Fitness > Bisiklet > Yedek Parça & Bakım > Kadro Grubu"
60007050,60003468,Lastik Grubu,https://www.hepsiburada.com/bisiklet-lastik-c-60007050,5,"Spor, Outdoor > Spor / Fitness > Bisiklet > Yedek Parça & Bakım > Lastik Grubu"
60007052,60003468,Sele Grubu,https://www.hepsiburada.com/bisiklet-selesi-c-60007052,5,"Spor, Outdoor > Spor / Fitness > Bisiklet > Yedek Parça & Bakım > Sele Grubu"
60007051,60003468,Vites Grubu,https://www.hepsiburada.com/bisiklet-vitesi-c-60007051,5,"Spor, Outdoor > Spor / Fitness > Bisiklet > Yedek Parça & Bakım > Vites Grubu"
379643,19032,Badminton Ağları,https://www.hepsiburada.com/badminton-aglari-c-379643,5,"Spor, Outdoor > Spor / Fitness > Spor Branşları > Badminton > Badminton Ağları"
375932,19032,Badminton Gripleri,https://www.hepsiburada.com/badminton-gripleri-c-375932,5,"Spor, Outdoor > Spor / Fitness > Spor Branşları > Badminton > Badminton Gripleri"
19033,19032,Badminton Raketleri,https://www.hepsiburada.com/badminton-raketleri-c-19033,5,"Spor, Outdoor > Spor / Fitness > Spor Branşları > Badminton > Badminton Raketleri"
19034,19032,Badminton Topları,https://www.hepsiburada.com/badminton-toplari-c-19034,5,"Spor, Outdoor > Spor / Fitness > Spor Branşları > Badminton > Badminton Topları"
80563065,80563063,Bale Kıyafetleri,https://www.hepsiburada.com/bale-kiyafetleri-c-80563065,5,"Spor, Outdoor > Spor / Fitness > Spor Branşları > Bale > Bale Kıyafetleri"
80563064,80563063,bale ayakkabisi,https://www.hepsiburada.com/bale-ayakkabisi-c-80563064,5,"Spor, Outdoor > Spor / Fitness > Spor Branşları > Bale > bale ayakkabisi"
60008004,80563063,boncuk payetler,https://www.hepsiburada.com/boncuk-payetler-c-60008004,5,"Spor, Outdoor > Spor / Fitness > Spor Branşları > Bale > boncuk payetler"
80857229,378441,At Bakım Ekipmanları,https://www.hepsiburada.com/at-bakim-ekipmanlari-c-80857229,5,"Spor, Outdoor > Spor / Fitness > Spor Branşları > Binicilik > At Bakım Ekipmanları"
80857228,378441,At Koşu Ekipmanları,https://www.hepsiburada.com/at-kosu-ekipmanlari-c-80857228,5,"Spor, Outdoor > Spor / Fitness > Spor Branşları > Binicilik > At Koşu Ekipmanları"
80857226,378441,Binici Ekipmanları,https://www.hepsiburada.com/binici-ekipmanlari-c-80857226,5,"Spor, Outdoor > Spor / Fitness > Spor Branşları > Binicilik > Binici Ekipmanları"
80857227,378441,Binici Kıyafetleri,https://www.hepsiburada.com/binici-kiyafetleri-c-80857227,5,"Spor, Outdoor > Spor / Fitness > Spor Branşları > Binicilik > Binici Kıyafetleri"
391115,19264,Board Arkalıkları,https://www.hepsiburada.com/dart-board-arkaliklari-c-391115,5,"Spor, Outdoor > Spor / Fitness > Spor Branşları > Dart > Board Arkalıkları"
372242,19264,Boardlar,https://www.hepsiburada.com/dart-boardlar-c-372242,5,"Spor, Outdoor > Spor / Fitness > Spor Branşları > Dart > Boardlar"
377524,19264,Dart Aksesuarlar,https://www.hepsiburada.com/dart-aksesuarlari-c-377524,5,"Spor, Outdoor > Spor / Fitness > Spor Branşları > Dart > Dart Aksesuarlar"
372243,19264,Dartlar,https://www.hepsiburada.com/dartlar-c-372243,5,"Spor, Outdoor > Spor / Fitness > Spor Branşları > Dart > Dartlar"
372246,19264,Flightlar,https://www.hepsiburada.com/flightlar-c-372246,5,"Spor, Outdoor > Spor / Fitness > Spor Branşları > Dart > Flightlar"
372247,19264,Shaftlar,https://www.hepsiburada.com/shaftlar-c-372247,5,"Spor, Outdoor > Spor / Fitness > Spor Branşları > Dart > Shaftlar"
60003807,80770000,Siyah,https://www.hepsiburada.com/kapri-c-60003807,5,"Spor, Outdoor > Spor / Fitness > Spor Branşları > Jonglör > Siyah"
60003831,27019227,Gözlük,https://www.hepsiburada.com/kayak-gozlukleri-c-60003831,5,"Spor, Outdoor > Spor / Fitness > Spor Branşları > Kayak - Snowboard > Gözlük"
60004409,27019227,Maske ve Bere,https://www.hepsiburada.com/spor-fitness-maskeleri-bereleri-c-60004409,5,"Spor, Outdoor > Spor / Fitness > Spor Branşları > Kayak - Snowboard > Maske ve Bere"
60003829,27019227,Mont,https://www.hepsiburada.com/kayak-montlari-c-60003829,5,"Spor, Outdoor > Spor / Fitness > Spor Branşları > Kayak - Snowboard > Mont"
19016,19006,Masa Tenisi (Ping Pong) Topları,https://www.hepsiburada.com/ping-pong-masa-tenisi-toplari-c-19016,5,"Spor, Outdoor > Spor / Fitness > Spor Branşları > Masa Tenisi > Masa Tenisi (Ping Pong) Topları"
19014,19006,Masa Tenisi Ağları ve Demirleri,https://www.hepsiburada.com/masa-tenisi-aglari-demirleri-c-19014,5,"Spor, Outdoor > Spor / Fitness > Spor Branşları > Masa Tenisi > Masa Tenisi Ağları ve Demirleri"
25564,19006,Masa Tenisi Giyim ve Aksesuarları,https://www.hepsiburada.com/masa-tenisi-kiyafetleri-aksesuarlari-c-25564,5,"Spor, Outdoor > Spor / Fitness > Spor Branşları > Masa Tenisi > Masa Tenisi Giyim ve Aksesuarları"
19171,19006,Masa Tenisi Masaları,https://www.hepsiburada.com/masa-tenisi-masalari-c-19171,5,"Spor, Outdoor > Spor / Fitness > Spor Branşları > Masa Tenisi > Masa Tenisi Masaları"
369359,19006,Masa Tenisi Raketleri,https://www.hepsiburada.com/masa-tenisi-raketleri-c-369359,5,"Spor, Outdoor > Spor / Fitness > Spor Branşları > Masa Tenisi > Masa Tenisi Raketleri"
60002957,19005,Tenis Aksesuarları,https://www.hepsiburada.com/tenis-aksesuarlari-c-60002957,5,"Spor, Outdoor > Spor / Fitness > Spor Branşları > Tenis > Tenis Aksesuarları"
27045248,19005,Tenis Giyim,https://www.hepsiburada.com/tenis-giyim-urunleri-c-27045248,5,"Spor, Outdoor > Spor / Fitness > Spor Branşları > Tenis > Tenis Giyim"
19017,19005,Tenis Raketleri,https://www.hepsiburada.com/tenis-raketleri-c-19017,5,"Spor, Outdoor > Spor / Fitness > Spor Branşları > Tenis > Tenis Raketleri"
19019,19005,Tenis Topları,https://www.hepsiburada.com/tenis-toplari-c-19019,5,"Spor, Outdoor > Spor / Fitness > Spor Branşları > Tenis > Tenis Topları"
19275,19053,Darbe Yastıkları,https://www.hepsiburada.com/darbe-yastiklari-c-19275,5,"Spor, Outdoor > Spor / Fitness > Spor Branşları > Uzakdoğu Sporları > Darbe Yastıkları"
19276,19053,Do Alet ve Aksesuarlar,https://www.hepsiburada.com/do-aleti-aksesuarlari-c-19276,5,"Spor, Outdoor > Spor / Fitness > Spor Branşları > Uzakdoğu Sporları > Do Alet ve Aksesuarlar"
19278,19053,Do-Smai Diğer Ürünler,https://www.hepsiburada.com/do-smai-diger-urunler-c-19278,5,"Spor, Outdoor > Spor / Fitness > Spor Branşları > Uzakdoğu Sporları > Do-Smai Diğer Ürünler"
19273,19053,Ellikler ve Eldivenler,https://www.hepsiburada.com/spor-eldivenleri-ellikler-c-19273,5,"Spor, Outdoor > Spor / Fitness > Spor Branşları > Uzakdoğu Sporları > Ellikler ve Eldivenler"
19268,19053,Judo ve Aikido,https://www.hepsiburada.com/judo-aikido-malzemeleri-c-19268,5,"Spor, Outdoor > Spor / Fitness > Spor Branşları > Uzakdoğu Sporları > Judo ve Aikido"
19266,19053,Karate Do ve Kempo,https://www.hepsiburada.com/karate-do-kempo-malzemeleri-c-19266,5,"Spor, Outdoor > Spor / Fitness > Spor Branşları > Uzakdoğu Sporları > Karate Do ve Kempo"
19270,19053,Kick Boxing,https://www.hepsiburada.com/kick-boxing-malzemeleri-c-19270,5,"Spor, Outdoor > Spor / Fitness > Spor Branşları > Uzakdoğu Sporları > Kick Boxing"
19277,19053,Minderler ve Çantalar,https://www.hepsiburada.com/minderler-cantalar-c-19277,5,"Spor, Outdoor > Spor / Fitness > Spor Branşları > Uzakdoğu Sporları > Minderler ve Çantalar"
19271,19053,Muay Thai,https://www.hepsiburada.com/muay-thai-c-19271,5,"Spor, Outdoor > Spor / Fitness > Spor Branşları > Uzakdoğu Sporları > Muay Thai"
359726,19053,Salon Ayakkabıları (Do Ayakkabı),https://www.hepsiburada.com/salon-ayakkabilari-do-ayakkabi-c-359726,5,"Spor, Outdoor > Spor / Fitness > Spor Branşları > Uzakdoğu Sporları > Salon Ayakkabıları (Do Ayakkabı)"
19267,19053,Taekwondo,https://www.hepsiburada.com/taekwondo-urunleri-c-19267,5,"Spor, Outdoor > Spor / Fitness > Spor Branşları > Uzakdoğu Sporları > Taekwondo"
19269,19053,Wu Shu ve Sanda,https://www.hepsiburada.com/wu-shu-sanda-c-19269,5,"Spor, Outdoor > Spor / Fitness > Spor Branşları > Uzakdoğu Sporları > Wu Shu ve Sanda"
19030,19004,Dizlikler,https://www.hepsiburada.com/dizlikler-c-19030,5,"Spor, Outdoor > Spor / Fitness > Spor Branşları > Voleybol > Dizlikler"
19152,19004,Voleybol Aksesuarları,https://www.hepsiburada.com/voleybol-aksesuarlari-c-19152,5,"Spor, Outdoor > Spor / Fitness > Spor Branşları > Voleybol > Voleybol Aksesuarları"
19023,19004,Voleybol Topları,https://www.hepsiburada.com/voleybol-toplari-c-19023,5,"Spor, Outdoor > Spor / Fitness > Spor Branşları > Voleybol > Voleybol Topları"
16032934,19004,bileklikler,https://www.hepsiburada.com/bileklikler-c-16032934,5,"Spor, Outdoor > Spor / Fitness > Spor Branşları > Voleybol > bileklikler"
60005643,20029253,Açık Kasklar,https://www.hepsiburada.com/motosiklet-acik-kasklar-c-60005643,5,"Spor, Outdoor > Spor / Fitness > Spor Branşları > kasklar > Açık Kasklar"
60005644,20029253,Kapalı Kasklar,https://www.hepsiburada.com/motosiklet-kapali-kasklar-c-60005644,5,"Spor, Outdoor > Spor / Fitness > Spor Branşları > kasklar > Kapalı Kasklar"
60005646,20029253,Kross Kasklar,https://www.hepsiburada.com/motosiklet-kross-kasklar-c-60005646,5,"Spor, Outdoor > Spor / Fitness > Spor Branşları > kasklar > Kross Kasklar"
60005648,20029253,Motosiklet Chopper Kaskları,https://www.hepsiburada.com/motosiklet-chopper-kasklari-c-60005648,5,"Spor, Outdoor > Spor / Fitness > Spor Branşları > kasklar > Motosiklet Chopper Kaskları"
60005650,20029253,Motosiklet Kask Yedek Parça,https://www.hepsiburada.com/motosiklet-kask-yedek-parca-c-60005650,5,"Spor, Outdoor > Spor / Fitness > Spor Branşları > kasklar > Motosiklet Kask Yedek Parça"
60005665,20029253,motosiklet ayakkabilari,https://www.hepsiburada.com/motosiklet-ayakkabilari-c-60005665,5,"Spor, Outdoor > Spor / Fitness > Spor Branşları > kasklar > motosiklet ayakkabilari"
20029255,20029253,motosiklet eldivenleri,https://www.hepsiburada.com/motosiklet-eldivenleri-c-20029255,5,"Spor, Outdoor > Spor / Fitness > Spor Branşları > kasklar > motosiklet eldivenleri"
60005645,20029253,Çeneden Açılır Kasklar,https://www.hepsiburada.com/motosiklet-ceneden-acilir-kasklar-c-60005645,5,"Spor, Outdoor > Spor / Fitness > Spor Branşları > kasklar > Çeneden Açılır Kasklar"
60005649,20029253,Çocuk Kaskları,https://www.hepsiburada.com/motosiklet-cocuk-kasklari-c-60005649,5,"Spor, Outdoor > Spor / Fitness > Spor Branşları > kasklar > Çocuk Kaskları"
80827006,60006183,Forma,https://www.hepsiburada.com/forma-c-80827006,5,"Spor, Outdoor > Spor / Fitness > Taraftar Ürünleri > Anadolu Efes > Forma"
12087193,60006183,bayan t shirt,https://www.hepsiburada.com/bayan-t-shirt-c-12087193,5,"Spor, Outdoor > Spor / Fitness > Taraftar Ürünleri > Anadolu Efes > bayan t shirt"
60004018,22001915,erkek bereler,https://www.hepsiburada.com/erkek-bereler-c-60004018,5,"Spor, Outdoor > Spor / Fitness > Taraftar Ürünleri > bereler > erkek bereler"
9010412,9010411,Halı Zemin,https://www.hepsiburada.com/hali-zeminler-c-9010412,5,"Spor, Outdoor > basketbol toplari > kaucuk kapi onu paspaslari > Zemin Koruyucular > Halı Zemin"
9010413,9010411,Parke Zemin,https://www.hepsiburada.com/parke-zeminler-c-9010413,5,"Spor, Outdoor > basketbol toplari > kaucuk kapi onu paspaslari > Zemin Koruyucular > Parke Zemin"
32001851,60003899,makyaj aynalari,https://www.hepsiburada.com/makyaj-aynalari-c-32001851,5,"Spor, Outdoor > bavullar valizler > bayan cantalari > Makyaj Çantası > makyaj aynalari"
60003454,60001104,Aksesuar Seti,https://www.hepsiburada.com/erkek-aksesuar-setleri-c-60003454,5,"Spor, Outdoor > bavullar valizler > erkek cantalar > Aksesuar > Aksesuar Seti"
60001105,60001104,Atkı,https://www.hepsiburada.com/erkek-atkilar-c-60001105,5,"Spor, Outdoor > bavullar valizler > erkek cantalar > Aksesuar > Atkı"
60005049,60001104,Bileklik,https://www.hepsiburada.com/erkek-bez-bileklikler-c-60005049,5,"Spor, Outdoor > bavullar valizler > erkek cantalar > Aksesuar > Bileklik"
60004019,60001104,Eldiven,https://www.hepsiburada.com/erkek-eldivenler-c-60004019,5,"Spor, Outdoor > bavullar valizler > erkek cantalar > Aksesuar > Eldiven"
60001107,60001104,Kemer,https://www.hepsiburada.com/erkek-kemerler-c-60001107,5,"Spor, Outdoor > bavullar valizler > erkek cantalar > Aksesuar > Kemer"
60001114,60001104,Kol Düğmesi,https://www.hepsiburada.com/kol-dugmesi-c-60001114,5,"Spor, Outdoor > bavullar valizler > erkek cantalar > Aksesuar > Kol Düğmesi"
60005439,60001104,Mendil,https://www.hepsiburada.com/erkek-mendil-aksesuarlari-c-60005439,5,"Spor, Outdoor > bavullar valizler > erkek cantalar > Aksesuar > Mendil"
12025276,60001104,Pantolon Askısı,https://www.hepsiburada.com/erkek-pantolon-askilari-c-12025276,5,"Spor, Outdoor > bavullar valizler > erkek cantalar > Aksesuar > Pantolon Askısı"
60000793,60001104,Papyon,https://www.hepsiburada.com/erkek-papyonlar-c-60000793,5,"Spor, Outdoor > bavullar valizler > erkek cantalar > Aksesuar > Papyon"
60001112,60001104,kravat,https://www.hepsiburada.com/kravat-c-60001112,5,"Spor, Outdoor > bavullar valizler > erkek cantalar > Aksesuar > kravat"
60001108,60001104,Şapka,https://www.hepsiburada.com/erkek-sapkalar-c-60001108,5,"Spor, Outdoor > bavullar valizler > erkek cantalar > Aksesuar > Şapka"
60001111,60001104,Şemsiye,https://www.hepsiburada.com/erkek-semsiyeler-c-60001111,5,"Spor, Outdoor > bavullar valizler > erkek cantalar > Aksesuar > Şemsiye"
27077333,27075532,Eşofman,https://www.hepsiburada.com/erkek-fenerbahce-esofmanlari-c-27077333,5,"Spor, Outdoor > fenerbahce yeni sezon formasi > Fenerium > Erkek > Eşofman"
60005239,27075532,Formalar,https://www.hepsiburada.com/fenerbahce-erkek-formalari-c-60005239,5,"Spor, Outdoor > fenerbahce yeni sezon formasi > Fenerium > Erkek > Formalar"
27075533,27075532,T-Shirt,https://www.hepsiburada.com/fenerbahce-erkek-t-shirt-c-27075533,5,"Spor, Outdoor > fenerbahce yeni sezon formasi > Fenerium > Erkek > T-Shirt"
27077320,27075569,Elbise,https://www.hepsiburada.com/elbise-c-27077320,5,"Spor, Outdoor > fenerbahce yeni sezon formasi > Fenerium > Kadın > Elbise"
27077327,27075569,Eşofman,https://www.hepsiburada.com/esofman-c-27077327,5,"Spor, Outdoor > fenerbahce yeni sezon formasi > Fenerium > Kadın > Eşofman"
27077265,27075569,Sweatshirt,https://www.hepsiburada.com/sweat-shirt-c-27077265,5,"Spor, Outdoor > fenerbahce yeni sezon formasi > Fenerium > Kadın > Sweatshirt"
27075570,27075569,T-Shirt,https://www.hepsiburada.com/fenerbahce-bayan-t-shirt-c-27075570,5,"Spor, Outdoor > fenerbahce yeni sezon formasi > Fenerium > Kadın > T-Shirt"
80678027,27075642,Eşofman,https://www.hepsiburada.com/esofman-c-80678027,5,"Spor, Outdoor > fenerbahce yeni sezon formasi > Fenerium > Çocuk > Eşofman"
60005114,27075642,FB Çocuk Forması,https://www.hepsiburada.com/fenerbahce-cocuk-formalari-c-60005114,5,"Spor, Outdoor > fenerbahce yeni sezon formasi > Fenerium > Çocuk > FB Çocuk Forması"
27077266,27075642,Sweatshirt,https://www.hepsiburada.com/sweat-shirt-c-27077266,5,"Spor, Outdoor > fenerbahce yeni sezon formasi > Fenerium > Çocuk > Sweatshirt"
27076012,27075642,T-Shirt,https://www.hepsiburada.com/fenerium-cocuk-t-shirt-c-27076012,5,"Spor, Outdoor > fenerbahce yeni sezon formasi > Fenerium > Çocuk > T-Shirt"
27076390,27075642,Şapka,https://www.hepsiburada.com/sapka-c-27076390,5,"Spor, Outdoor > fenerbahce yeni sezon formasi > Fenerium > Çocuk > Şapka"
60000763,60000086,Klasik,https://www.hepsiburada.com/erkek-klasik-coraplar-c-60000763,5,"Spor, Outdoor > futbol toplari > futbol ayakkabilari > erkek coraplar > Klasik"
60000764,60000086,Spor,https://www.hepsiburada.com/erkek-spor-coraplar-c-60000764,5,"Spor, Outdoor > futbol toplari > futbol ayakkabilari > erkek coraplar > Spor"
60003942,60003941,Günlük,https://www.hepsiburada.com/bayan-gunluk-spor-ayakkabilar-c-60003942,5,"Spor, Outdoor > kramponlar > Spor Ayakkabılar > bayan spor ayakkabilar > Günlük"
60004552,60003941,Yürüyüş - Koşu,https://www.hepsiburada.com/bayan-yuruyus-kosu-urunleri-c-60004552,5,"Spor, Outdoor > kramponlar > Spor Ayakkabılar > bayan spor ayakkabilar > Yürüyüş - Koşu"
60000366,60008040,tekerlekler,https://www.hepsiburada.com/tekerlekler-c-60000366,5,"Spor, Outdoor > kramponlar > ag modemler > Kabinetler > tekerlekler"
80312248,410,Access Pointler,https://www.hepsiburada.com/access-pointler-c-80312248,5,"Spor, Outdoor > kramponlar > ag modemler > access pointler > Access Pointler"
80312250,410,Outdoor Access Point,https://www.hepsiburada.com/outdoor-access-point-c-80312250,5,"Spor, Outdoor > kramponlar > ag modemler > access pointler > Outdoor Access Point"
80312249,410,Tavan Tipi Access Point,https://www.hepsiburada.com/tavan-tipi-access-point-c-80312249,5,"Spor, Outdoor > kramponlar > ag modemler > access pointler > Tavan Tipi Access Point"
34001269,60000382,Bahçe & Balkon Isıtma,https://www.hepsiburada.com/bahce-balkon-isiticilari-c-34001269,5,"Spor, Outdoor > kramponlar > bahce malzemeleri > Bahçe Dekorasyonu > Bahçe & Balkon Isıtma"
34001249,60000382,Bahçe Gizleme Ağları,https://www.hepsiburada.com/bahce-gizleme-aglari-c-34001249,5,"Spor, Outdoor > kramponlar > bahce malzemeleri > Bahçe Dekorasyonu > Bahçe Gizleme Ağları"
60004590,60000382,Bahçe Kovaları,https://www.hepsiburada.com/bahce-kovalari-c-60004590,5,"Spor, Outdoor > kramponlar > bahce malzemeleri > Bahçe Dekorasyonu > Bahçe Kovaları"
60005581,60000382,Bahçe Yer Döşemeleri,https://www.hepsiburada.com/bahce-yer-dosemeleri-c-60005581,5,"Spor, Outdoor > kramponlar > bahce malzemeleri > Bahçe Dekorasyonu > Bahçe Yer Döşemeleri"
34001262,60000382,Bambu - Meşale,https://www.hepsiburada.com/bambu-mesaleler-c-34001262,5,"Spor, Outdoor > kramponlar > bahce malzemeleri > Bahçe Dekorasyonu > Bambu - Meşale"
34001259,60000382,Dekoratif Ürünler,https://www.hepsiburada.com/dekoratif-urunler-c-34001259,5,"Spor, Outdoor > kramponlar > bahce malzemeleri > Bahçe Dekorasyonu > Dekoratif Ürünler"
80857371,60000382,Depolama & Düzenleme,https://www.hepsiburada.com/depolama-duzenleme-c-80857371,5,"Spor, Outdoor > kramponlar > bahce malzemeleri > Bahçe Dekorasyonu > Depolama & Düzenleme"
60000383,60000382,Dış Mekan Korunma,https://www.hepsiburada.com/dis-mekan-korunmalari-c-60000383,5,"Spor, Outdoor > kramponlar > bahce malzemeleri > Bahçe Dekorasyonu > Dış Mekan Korunma"
34001264,60000382,citler,https://www.hepsiburada.com/citler-c-34001264,5,"Spor, Outdoor > kramponlar > bahce malzemeleri > Bahçe Dekorasyonu > citler"
34001198,34001199,Büyük Hayvan Kovucu,https://www.hepsiburada.com/buyuk-hayvan-kovucular-c-34001198,5,"Spor, Outdoor > kramponlar > bahce malzemeleri > Bahçe Kovucuları > Büyük Hayvan Kovucu"
60001734,34001199,"Haşere, Fare Kovucu",https://www.hepsiburada.com/hasere-fare-kovucular-c-60001734,5,"Spor, Outdoor > kramponlar > bahce malzemeleri > Bahçe Kovucuları > Haşere, Fare Kovucu"
80808000,60000381,Bidon,https://www.hepsiburada.com/bidon-c-80808000,5,"Spor, Outdoor > kramponlar > bahce malzemeleri > Bahçe Sulama > Bidon"
34001255,60000381,Fıskiyeler,https://www.hepsiburada.com/fiskiyeler-c-34001255,5,"Spor, Outdoor > kramponlar > bahce malzemeleri > Bahçe Sulama > Fıskiyeler"
34001256,60000381,Hortum Bağlantıları,https://www.hepsiburada.com/hortum-baglantilari-c-34001256,5,"Spor, Outdoor > kramponlar > bahce malzemeleri > Bahçe Sulama > Hortum Bağlantıları"
34001253,60000381,Musluk,https://www.hepsiburada.com/bahce-sulama-musluklari-c-34001253,5,"Spor, Outdoor > kramponlar > bahce malzemeleri > Bahçe Sulama > Musluk"
34001791,60000381,Su Zamanlayıcı,https://www.hepsiburada.com/su-zamanlayicilari-c-34001791,5,"Spor, Outdoor > kramponlar > bahce malzemeleri > Bahçe Sulama > Su Zamanlayıcı"
34001257,60000381,Sulama Başlıkları,https://www.hepsiburada.com/sulama-basliklari-c-34001257,5,"Spor, Outdoor > kramponlar > bahce malzemeleri > Bahçe Sulama > Sulama Başlıkları"
60003826,34001195,Dezenfeksiyon Ürünleri,https://www.hepsiburada.com/dezenfeksiyon-urunleri-c-60003826,5,"Spor, Outdoor > kramponlar > bahce malzemeleri > Havuz Ürünleri > Dezenfeksiyon Ürünleri"
60003006,34001195,Havuz Aydınlatma,https://www.hepsiburada.com/havuz-aydinlatmalari-c-60003006,5,"Spor, Outdoor > kramponlar > bahce malzemeleri > Havuz Ürünleri > Havuz Aydınlatma"
60007160,34001195,Havuz Dekorasyonu,https://www.hepsiburada.com/havuz-dekorasyonu-c-60007160,5,"Spor, Outdoor > kramponlar > bahce malzemeleri > Havuz Ürünleri > Havuz Dekorasyonu"
60003827,34001195,Havuz Isıtma Ekipmanları,https://www.hepsiburada.com/havuz-isitma-ekipmanlari-c-60003827,5,"Spor, Outdoor > kramponlar > bahce malzemeleri > Havuz Ürünleri > Havuz Isıtma Ekipmanları"
60003222,34001195,Havuz Kenar Ekipmanları,https://www.hepsiburada.com/havuz-kenar-ekipmanlari-c-60003222,5,"Spor, Outdoor > kramponlar > bahce malzemeleri > Havuz Ürünleri > Havuz Kenar Ekipmanları"
34001227,34001195,Havuz Kimyasalları,https://www.hepsiburada.com/havuz-kimyasallari-c-34001227,5,"Spor, Outdoor > kramponlar > bahce malzemeleri > Havuz Ürünleri > Havuz Kimyasalları"
60004625,34001195,Havuz Pompaları,https://www.hepsiburada.com/havuz-pompalari-c-60004625,5,"Spor, Outdoor > kramponlar > bahce malzemeleri > Havuz Ürünleri > Havuz Pompaları"
34001226,34001195,Havuz Temizlik Malzemeleri,https://www.hepsiburada.com/havuz-temizlik-malzemeleri-c-34001226,5,"Spor, Outdoor > kramponlar > bahce malzemeleri > Havuz Ürünleri > Havuz Temizlik Malzemeleri"
80857390,34001195,Prefabrik Havuz,https://www.hepsiburada.com/prefabrik-havuz-c-80857390,5,"Spor, Outdoor > kramponlar > bahce malzemeleri > Havuz Ürünleri > Prefabrik Havuz"
34001228,34001195,Temizlik Makineleri,https://www.hepsiburada.com/temizlik-makineleri-c-34001228,5,"Spor, Outdoor > kramponlar > bahce malzemeleri > Havuz Ürünleri > Temizlik Makineleri"
60003587,453962,Alet Sapları,https://www.hepsiburada.com/alet-saplari-c-60003587,5,"Spor, Outdoor > kramponlar > bahce malzemeleri > Küçük El Aletleri > Alet Sapları"
34000343,453962,Aşı Makası,https://www.hepsiburada.com/asi-makaslari-c-34000343,5,"Spor, Outdoor > kramponlar > bahce malzemeleri > Küçük El Aletleri > Aşı Makası"
60003741,453962,Bahçe Orakları,https://www.hepsiburada.com/bahce-oraklari-c-60003741,5,"Spor, Outdoor > kramponlar > bahce malzemeleri > Küçük El Aletleri > Bahçe Orakları"
34001052,453962,Bahçe Seti,https://www.hepsiburada.com/bahce-setleri-c-34001052,5,"Spor, Outdoor > kramponlar > bahce malzemeleri > Küçük El Aletleri > Bahçe Seti"
34000006,453962,Bahçe Çatalı,https://www.hepsiburada.com/bahce-catallari-c-34000006,5,"Spor, Outdoor > kramponlar > bahce malzemeleri > Küçük El Aletleri > Bahçe Çatalı"
34000000,453962,Budama Makasları,https://www.hepsiburada.com/budama-makaslari-c-34000000,5,"Spor, Outdoor > kramponlar > bahce malzemeleri > Küçük El Aletleri > Budama Makasları"
34000001,453962,Budama Testeresi,https://www.hepsiburada.com/budama-testereleri-c-34000001,5,"Spor, Outdoor > kramponlar > bahce malzemeleri > Küçük El Aletleri > Budama Testeresi"
34002515,453962,Eldiven,https://www.hepsiburada.com/bahce-eldivenleri-c-34002515,5,"Spor, Outdoor > kramponlar > bahce malzemeleri > Küçük El Aletleri > Eldiven"
34000077,453962,Fide Dikici ve Sökücü,https://www.hepsiburada.com/fide-dikiciler-sokucular-c-34000077,5,"Spor, Outdoor > kramponlar > bahce malzemeleri > Küçük El Aletleri > Fide Dikici ve Sökücü"
34000002,453962,Hortum Bağlantıları,https://www.hepsiburada.com/hortum-baglantilari-c-34000002,5,"Spor, Outdoor > kramponlar > bahce malzemeleri > Küçük El Aletleri > Hortum Bağlantıları"
34000004,453962,Kazma ve Kürekler,https://www.hepsiburada.com/kazmalar-kurekler-c-34000004,5,"Spor, Outdoor > kramponlar > bahce malzemeleri > Küçük El Aletleri > Kazma ve Kürekler"
60001887,453962,Kırpma Makası,https://www.hepsiburada.com/kirpma-makaslari-c-60001887,5,"Spor, Outdoor > kramponlar > bahce malzemeleri > Küçük El Aletleri > Kırpma Makası"
34000009,453962,Mala,https://www.hepsiburada.com/malalar-c-34000009,5,"Spor, Outdoor > kramponlar > bahce malzemeleri > Küçük El Aletleri > Mala"
34001172,453962,Misinalar,https://www.hepsiburada.com/misinalar-c-34001172,5,"Spor, Outdoor > kramponlar > bahce malzemeleri > Küçük El Aletleri > Misinalar"
34000005,453962,Su Tabancaları,https://www.hepsiburada.com/bahce-su-tabancasi-c-34000005,5,"Spor, Outdoor > kramponlar > bahce malzemeleri > Küçük El Aletleri > Su Tabancaları"
34000008,453962,Tırmık,https://www.hepsiburada.com/bahce-tirmiklari-c-34000008,5,"Spor, Outdoor > kramponlar > bahce malzemeleri > Küçük El Aletleri > Tırmık"
34001278,453962,Yedek Bıçaklar,https://www.hepsiburada.com/yedek-bicaklar-c-34001278,5,"Spor, Outdoor > kramponlar > bahce malzemeleri > Küçük El Aletleri > Yedek Bıçaklar"
34000010,453962,Çapa,https://www.hepsiburada.com/capalar-c-34000010,5,"Spor, Outdoor > kramponlar > bahce malzemeleri > Küçük El Aletleri > Çapa"
34000003,453962,Çim ve Çit Makası,https://www.hepsiburada.com/cim-cit-makaslari-c-34000003,5,"Spor, Outdoor > kramponlar > bahce malzemeleri > Küçük El Aletleri > Çim ve Çit Makası"
34001252,34001196,Mangal Aksesuarları,https://www.hepsiburada.com/mangal-aksesuarlari-c-34001252,5,"Spor, Outdoor > kramponlar > bahce malzemeleri > Mangal / Barbekü > Mangal Aksesuarları"
60005914,34001196,Odunlu Semaver,https://www.hepsiburada.com/odunlu-semaverler-c-60005914,5,"Spor, Outdoor > kramponlar > bahce malzemeleri > Mangal / Barbekü > Odunlu Semaver"
60005580,34001196,Piknik Seti,https://www.hepsiburada.com/piknik-seti-c-60005580,5,"Spor, Outdoor > kramponlar > bahce malzemeleri > Mangal / Barbekü > Piknik Seti"
80857154,80857150,Ekim Dikim Makineleri,https://www.hepsiburada.com/ekim-dikim-makineleri-c-80857154,5,"Spor, Outdoor > kramponlar > bahce malzemeleri > Tarım Makineleri > Ekim Dikim Makineleri"
80857151,80857150,Hasat Makineleri,https://www.hepsiburada.com/hasat-makineleri-c-80857151,5,"Spor, Outdoor > kramponlar > bahce malzemeleri > Tarım Makineleri > Hasat Makineleri"
80857152,80857150,Toprak İşleme Makineleri,https://www.hepsiburada.com/toprak-isleme-makineleri-c-80857152,5,"Spor, Outdoor > kramponlar > bahce malzemeleri > Tarım Makineleri > Toprak İşleme Makineleri"
34001273,34001270,Aplikler,https://www.hepsiburada.com/bahce-aplikleri-c-34001273,5,"Spor, Outdoor > kramponlar > bahce malzemeleri > aydinlatmalar > Aplikler"
60002703,34001270,Direkler,https://www.hepsiburada.com/direkler-c-60002703,5,"Spor, Outdoor > kramponlar > bahce malzemeleri > aydinlatmalar > Direkler"
34001879,34001270,Fener,https://www.hepsiburada.com/bahce-fenerleri-c-34001879,5,"Spor, Outdoor > kramponlar > bahce malzemeleri > aydinlatmalar > Fener"
34001274,34001270,Masa Üstü Aydınlatma,https://www.hepsiburada.com/masa-ustu-aydinlatmalar-c-34001274,5,"Spor, Outdoor > kramponlar > bahce malzemeleri > aydinlatmalar > Masa Üstü Aydınlatma"
60002702,34001270,Setüstü Aydınlatmalar,https://www.hepsiburada.com/setustu-aydinlatmalar-c-60002702,5,"Spor, Outdoor > kramponlar > bahce malzemeleri > aydinlatmalar > Setüstü Aydınlatmalar"
34001275,34001270,Yol Aydınlatma,https://www.hepsiburada.com/yol-aydinlatmalari-c-34001275,5,"Spor, Outdoor > kramponlar > bahce malzemeleri > aydinlatmalar > Yol Aydınlatma"
34001245,465415,Bahçe Makine Yağları,https://www.hepsiburada.com/bahce-makine-yaglari-c-34001245,5,"Spor, Outdoor > kramponlar > bahce malzemeleri > bahce makineleri > Bahçe Makine Yağları"
34000279,465415,Bahçe Süpürücüleri,https://www.hepsiburada.com/bahce-supuruculeri-c-34000279,5,"Spor, Outdoor > kramponlar > bahce malzemeleri > bahce makineleri > Bahçe Süpürücüleri"
60003744,465415,Bahçe Traktörleri,https://www.hepsiburada.com/bahce-traktorleri-c-60003744,5,"Spor, Outdoor > kramponlar > bahce malzemeleri > bahce makineleri > Bahçe Traktörleri"
452530,465415,Dal Budama Makineleri,https://www.hepsiburada.com/dal-budama-makineleri-c-452530,5,"Spor, Outdoor > kramponlar > bahce malzemeleri > bahce makineleri > Dal Budama Makineleri"
60000841,465415,Makine Aksesuarları,https://www.hepsiburada.com/makine-aksesuarlari-c-60000841,5,"Spor, Outdoor > kramponlar > bahce malzemeleri > bahce makineleri > Makine Aksesuarları"
60003568,465415,"Meyve, Sebze Toplama Makineleri",https://www.hepsiburada.com/meyve-sebze-toplama-makineleri-c-60003568,5,"Spor, Outdoor > kramponlar > bahce malzemeleri > bahce makineleri > Meyve, Sebze Toplama Makineleri"
60003751,465415,Topiari ve Çim Biçme Makasları,https://www.hepsiburada.com/topiari-cim-bicme-makaslari-c-60003751,5,"Spor, Outdoor > kramponlar > bahce malzemeleri > bahce makineleri > Topiari ve Çim Biçme Makasları"
454038,465415,Toprak Burgu Makineleri / Aksesuarları,https://www.hepsiburada.com/toprak-burgu-makineleri-aksesuarlari-c-454038,5,"Spor, Outdoor > kramponlar > bahce malzemeleri > bahce makineleri > Toprak Burgu Makineleri / Aksesuarları"
450891,465415,Yaprak Toplama Üfleme Makineleri,https://www.hepsiburada.com/yaprak-toplama-ufleme-makineleri-c-450891,5,"Spor, Outdoor > kramponlar > bahce malzemeleri > bahce makineleri > Yaprak Toplama Üfleme Makineleri"
454041,465415,Yaprak ve Dal Öğütme Makineleri,https://www.hepsiburada.com/yaprak-dal-ogutme-makineleri-c-454041,5,"Spor, Outdoor > kramponlar > bahce malzemeleri > bahce makineleri > Yaprak ve Dal Öğütme Makineleri"
60003746,465415,Zincir Bileme Makineleri,https://www.hepsiburada.com/zincir-bileme-makineleri-c-60003746,5,"Spor, Outdoor > kramponlar > bahce malzemeleri > bahce makineleri > Zincir Bileme Makineleri"
34001258,465415,hortumlar toplama urunleri,https://www.hepsiburada.com/hortumlar-toplama-urunleri-c-34001258,5,"Spor, Outdoor > kramponlar > bahce malzemeleri > bahce makineleri > hortumlar toplama urunleri"
454000,465415,Çapa Makineleri,https://www.hepsiburada.com/capa-makineleri-c-454000,5,"Spor, Outdoor > kramponlar > bahce malzemeleri > bahce makineleri > Çapa Makineleri"
450875,465415,Çim Havalandırma Makineleri,https://www.hepsiburada.com/cim-havalandirma-makineleri-c-450875,5,"Spor, Outdoor > kramponlar > bahce malzemeleri > bahce makineleri > Çim Havalandırma Makineleri"
451013,465415,Çit Kesme Makineleri,https://www.hepsiburada.com/cit-kesme-makineleri-c-451013,5,"Spor, Outdoor > kramponlar > bahce malzemeleri > bahce makineleri > Çit Kesme Makineleri"
465426,465415,İlaçlama - Sisleme Makineleri,https://www.hepsiburada.com/ilaclama-sisleme-makineleri-c-465426,5,"Spor, Outdoor > kramponlar > bahce malzemeleri > bahce makineleri > İlaçlama - Sisleme Makineleri"
60000521,34001194,Banklar,https://www.hepsiburada.com/banklar-c-60000521,5,"Spor, Outdoor > kramponlar > bahce malzemeleri > bahce mobilyalari > Banklar"
34001207,34001194,Hamak,https://www.hepsiburada.com/hamaklar-c-34001207,5,"Spor, Outdoor > kramponlar > bahce malzemeleri > bahce mobilyalari > Hamak"
34001286,34001194,Koltuk,https://www.hepsiburada.com/koltuklar-c-34001286,5,"Spor, Outdoor > kramponlar > bahce malzemeleri > bahce mobilyalari > Koltuk"
34001203,34001194,Masa,https://www.hepsiburada.com/bahce-masalari-c-34001203,5,"Spor, Outdoor > kramponlar > bahce malzemeleri > bahce mobilyalari > Masa"
60001215,34001194,Puf / Minder,https://www.hepsiburada.com/puflar-minderler-c-60001215,5,"Spor, Outdoor > kramponlar > bahce malzemeleri > bahce mobilyalari > Puf / Minder"
34001282,34001194,Sehpa,https://www.hepsiburada.com/bahce-sehpalari-c-34001282,5,"Spor, Outdoor > kramponlar > bahce malzemeleri > bahce mobilyalari > Sehpa"
34001204,34001194,Tabure,https://www.hepsiburada.com/bahce-tabureleri-c-34001204,5,"Spor, Outdoor > kramponlar > bahce malzemeleri > bahce mobilyalari > Tabure"
34001200,34001194,Takım Mobilyalar,https://www.hepsiburada.com/bahce-takim-mobilyalari-c-34001200,5,"Spor, Outdoor > kramponlar > bahce malzemeleri > bahce mobilyalari > Takım Mobilyalar"
34001201,34001194,Tente,https://www.hepsiburada.com/bahce-tenteleri-c-34001201,5,"Spor, Outdoor > kramponlar > bahce malzemeleri > bahce mobilyalari > Tente"
34001285,34001194,Yataklar,https://www.hepsiburada.com/bahce-yataklari-c-34001285,5,"Spor, Outdoor > kramponlar > bahce malzemeleri > bahce mobilyalari > Yataklar"
34001209,34001194,Şemsiye,https://www.hepsiburada.com/bahce-semsiyeleri-c-34001209,5,"Spor, Outdoor > kramponlar > bahce malzemeleri > bahce mobilyalari > Şemsiye"
34001205,34001194,Şezlong,https://www.hepsiburada.com/sezlonglar-c-34001205,5,"Spor, Outdoor > kramponlar > bahce malzemeleri > bahce mobilyalari > Şezlong"
60000016,460347,Aşılı Güller,https://www.hepsiburada.com/asili-guller-c-60000016,5,"Spor, Outdoor > kramponlar > bahce malzemeleri > Çiçek Bakımı & Bitki Yetiştirme > Aşılı Güller"
34001394,460347,Aşılı Meyve Fidanları,https://www.hepsiburada.com/asili-meyve-fidanlari-c-34001394,5,"Spor, Outdoor > kramponlar > bahce malzemeleri > Çiçek Bakımı & Bitki Yetiştirme > Aşılı Meyve Fidanları"
80748011,460347,Canlı Çiçek,https://www.hepsiburada.com/canli-cicek-c-80748011,5,"Spor, Outdoor > kramponlar > bahce malzemeleri > Çiçek Bakımı & Bitki Yetiştirme > Canlı Çiçek"
34001429,460347,Dış Mekan Ağaçları,https://www.hepsiburada.com/dis-mekan-agaclari-c-34001429,5,"Spor, Outdoor > kramponlar > bahce malzemeleri > Çiçek Bakımı & Bitki Yetiştirme > Dış Mekan Ağaçları"
34001407,460347,Dış Mekan Sarmaşık Bitkileri,https://www.hepsiburada.com/dis-mekan-sarmasik-bitkileri-c-34001407,5,"Spor, Outdoor > kramponlar > bahce malzemeleri > Çiçek Bakımı & Bitki Yetiştirme > Dış Mekan Sarmaşık Bitkileri"
34000016,460347,Fideler,https://www.hepsiburada.com/fideler-c-34000016,5,"Spor, Outdoor > kramponlar > bahce malzemeleri > Çiçek Bakımı & Bitki Yetiştirme > Fideler"
34001279,460347,Gübre,https://www.hepsiburada.com/gubreler-c-34001279,5,"Spor, Outdoor > kramponlar > bahce malzemeleri > Çiçek Bakımı & Bitki Yetiştirme > Gübre"
34000013,460347,Hediyelik Fidanlar,https://www.hepsiburada.com/hediyelik-fidanlar-c-34000013,5,"Spor, Outdoor > kramponlar > bahce malzemeleri > Çiçek Bakımı & Bitki Yetiştirme > Hediyelik Fidanlar"
34003197,460347,Hobi Bahçesi,https://www.hepsiburada.com/hobi-bahceleri-c-34003197,5,"Spor, Outdoor > kramponlar > bahce malzemeleri > Çiçek Bakımı & Bitki Yetiştirme > Hobi Bahçesi"
60001953,460347,Sera ve Sera Ekipmanları,https://www.hepsiburada.com/seralar-sera-ekipmanlari-c-60001953,5,"Spor, Outdoor > kramponlar > bahce malzemeleri > Çiçek Bakımı & Bitki Yetiştirme > Sera ve Sera Ekipmanları"
80194036,460347,Teraryum & Sukulentler,https://www.hepsiburada.com/teraryum-sukulentler-c-80194036,5,"Spor, Outdoor > kramponlar > bahce malzemeleri > Çiçek Bakımı & Bitki Yetiştirme > Teraryum & Sukulentler"
34001671,460347,Torf ve Topraklar,https://www.hepsiburada.com/torf-topraklar-c-34001671,5,"Spor, Outdoor > kramponlar > bahce malzemeleri > Çiçek Bakımı & Bitki Yetiştirme > Torf ve Topraklar"
34000210,460347,Tıbbi Aromatik Bitkiler,https://www.hepsiburada.com/tibbi-aromatik-bitkiler-c-34000210,5,"Spor, Outdoor > kramponlar > bahce malzemeleri > Çiçek Bakımı & Bitki Yetiştirme > Tıbbi Aromatik Bitkiler"
34000017,460347,Çiçek Soğanları,https://www.hepsiburada.com/cicek-soganlari-c-34000017,5,"Spor, Outdoor > kramponlar > bahce malzemeleri > Çiçek Bakımı & Bitki Yetiştirme > Çiçek Soğanları"
60000015,460347,Çiçekli Bodur Bitkiler,https://www.hepsiburada.com/cicekli-bodur-bitkiler-c-60000015,5,"Spor, Outdoor > kramponlar > bahce malzemeleri > Çiçek Bakımı & Bitki Yetiştirme > Çiçekli Bodur Bitkiler"
60002758,460347,İç Mekan Bitkileri,https://www.hepsiburada.com/ic-mekan-bitkileri-c-60002758,5,"Spor, Outdoor > kramponlar > bahce malzemeleri > Çiçek Bakımı & Bitki Yetiştirme > İç Mekan Bitkileri"
18021995,18021925,Ayna Etajeri,https://www.hepsiburada.com/ayna-etajerleri-c-18021995,5,"Spor, Outdoor > kramponlar > banyolar > Banyo Aksesuarları > Ayna Etajeri"
18021935,18021925,Banyo Aksesuar Seti,https://www.hepsiburada.com/banyo-aksesuar-setleri-c-18021935,5,"Spor, Outdoor > kramponlar > banyolar > Banyo Aksesuarları > Banyo Aksesuar Seti"
18021943,18021925,Banyo Askısı,https://www.hepsiburada.com/banyo-askilari-c-18021943,5,"Spor, Outdoor > kramponlar > banyolar > Banyo Aksesuarları > Banyo Askısı"
60000278,18021925,Banyo Kaydırmazı,https://www.hepsiburada.com/banyo-kaydirmazlari-c-60000278,5,"Spor, Outdoor > kramponlar > banyolar > Banyo Aksesuarları > Banyo Kaydırmazı"
60006438,18021925,Banyo Stickerları,https://www.hepsiburada.com/banyo-stickerlari-c-60006438,5,"Spor, Outdoor > kramponlar > banyolar > Banyo Aksesuarları > Banyo Stickerları"
18021941,18021925,Banyo Çöp Kovası,https://www.hepsiburada.com/banyo-cop-kovalari-c-18021941,5,"Spor, Outdoor > kramponlar > banyolar > Banyo Aksesuarları > Banyo Çöp Kovası"
80743000,18021925,Dezenfektan Dispenseri,https://www.hepsiburada.com/dezenfektan-dispenseri-c-80743000,5,"Spor, Outdoor > kramponlar > banyolar > Banyo Aksesuarları > Dezenfektan Dispenseri"
18021937,18021925,Diş Fırçalık,https://www.hepsiburada.com/dis-fircaliklar-c-18021937,5,"Spor, Outdoor > kramponlar > banyolar > Banyo Aksesuarları > Diş Fırçalık"
80571111,18021925,El Kurutma Makinesi,https://www.hepsiburada.com/el-kurutma-makinesi-c-80571111,5,"Spor, Outdoor > kramponlar > banyolar > Banyo Aksesuarları > El Kurutma Makinesi"
18022798,18021925,Havlu Dispenseri,https://www.hepsiburada.com/havlu-dispenserleri-c-18022798,5,"Spor, Outdoor > kramponlar > banyolar > Banyo Aksesuarları > Havlu Dispenseri"
18021942,18021925,Havluluk,https://www.hepsiburada.com/havluluklar-c-18021942,5,"Spor, Outdoor > kramponlar > banyolar > Banyo Aksesuarları > Havluluk"
18021940,18021925,Klozet Fırçası,https://www.hepsiburada.com/klozet-fircalari-c-18021940,5,"Spor, Outdoor > kramponlar > banyolar > Banyo Aksesuarları > Klozet Fırçası"
80571110,18021925,Klozet Örtüsü Dispenseri,https://www.hepsiburada.com/klozet-ortusu-dispenseri-c-80571110,5,"Spor, Outdoor > kramponlar > banyolar > Banyo Aksesuarları > Klozet Örtüsü Dispenseri"
18044397,18021925,Pamuk Kutusu,https://www.hepsiburada.com/pamuk-kutulari-c-18044397,5,"Spor, Outdoor > kramponlar > banyolar > Banyo Aksesuarları > Pamuk Kutusu"
18021936,18021925,Sabunluk,https://www.hepsiburada.com/sabunluklar-c-18021936,5,"Spor, Outdoor > kramponlar > banyolar > Banyo Aksesuarları > Sabunluk"
18021939,18021925,Tuvalet Kağıtlığı,https://www.hepsiburada.com/tuvalet-kagitliklari-c-18021939,5,"Spor, Outdoor > kramponlar > banyolar > Banyo Aksesuarları > Tuvalet Kağıtlığı"
18021954,18021927,Ara Musluk,https://www.hepsiburada.com/ara-musluklar-c-18021954,5,"Spor, Outdoor > kramponlar > banyolar > Batarya & Musluk > Ara Musluk"
60004883,18021927,Bide Bataryası,https://www.hepsiburada.com/bide-bataryalari-c-60004883,5,"Spor, Outdoor > kramponlar > banyolar > Batarya & Musluk > Bide Bataryası"
18021948,18021927,Duş Bataryası,https://www.hepsiburada.com/dus-bataryasi-c-18021948,5,"Spor, Outdoor > kramponlar > banyolar > Batarya & Musluk > Duş Bataryası"
18021950,18021927,Fotoselli Batarya,https://www.hepsiburada.com/fotoselli-bataryalar-c-18021950,5,"Spor, Outdoor > kramponlar > banyolar > Batarya & Musluk > Fotoselli Batarya"
18021956,18021927,Pisuvar Musluğu,https://www.hepsiburada.com/pisuvar-musluklari-c-18021956,5,"Spor, Outdoor > kramponlar > banyolar > Batarya & Musluk > Pisuvar Musluğu"
18021952,18021927,Su Tasarruf Aparatı,https://www.hepsiburada.com/su-tasarruf-aparatlari-c-18021952,5,"Spor, Outdoor > kramponlar > banyolar > Batarya & Musluk > Su Tasarruf Aparatı"
18021932,18021934,Duş Aksesuarları,https://www.hepsiburada.com/dus-aksesuarlari-c-18021932,5,"Spor, Outdoor > kramponlar > banyolar > Duş Sistemleri > Duş Aksesuarları"
18021982,18021934,Duş Teknesi,https://www.hepsiburada.com/dus-teknesi-c-18021982,5,"Spor, Outdoor > kramponlar > banyolar > Duş Sistemleri > Duş Teknesi"
80492124,18021934,Duşakabin Yedek Parçaları,https://www.hepsiburada.com/dusakabin-yedek-parcalari-c-80492124,5,"Spor, Outdoor > kramponlar > banyolar > Duş Sistemleri > Duşakabin Yedek Parçaları"
18021944,454873,Banyo Aspiratörü,https://www.hepsiburada.com/banyo-aspiratorleri-c-18021944,5,"Spor, Outdoor > kramponlar > banyolar > Tesisat > Banyo Aspiratörü"
460269,454873,Tesisat Malzemeleri,https://www.hepsiburada.com/tesisat-malzemeleri-c-460269,5,"Spor, Outdoor > kramponlar > banyolar > Tesisat > Tesisat Malzemeleri"
80298256,60000509,Kumanda Paneli,https://www.hepsiburada.com/klozet-kumanda-paneli-c-80298256,5,"Spor, Outdoor > kramponlar > banyolar > Vitrifiye > Kumanda Paneli"
60004466,60000509,Pisuar,https://www.hepsiburada.com/pisuarlar-c-60004466,5,"Spor, Outdoor > kramponlar > banyolar > Vitrifiye > Pisuar"
80208007,60001127,Aksesuar Seti,https://www.hepsiburada.com/aksesuar-seti-c-80208007,5,"Spor, Outdoor > kramponlar > bayan giyim modelleri > Aksesuar > Aksesuar Seti"
60001141,60001127,Atkı,https://www.hepsiburada.com/atki-c-60001141,5,"Spor, Outdoor > kramponlar > bayan giyim modelleri > Aksesuar > Atkı"
60001142,60001127,Bere,https://www.hepsiburada.com/bere-c-60001142,5,"Spor, Outdoor > kramponlar > bayan giyim modelleri > Aksesuar > Bere"
60003760,60001127,Eldiven,https://www.hepsiburada.com/kadin-eldivenleri-c-60003760,5,"Spor, Outdoor > kramponlar > bayan giyim modelleri > Aksesuar > Eldiven"
60001143,60001127,Eşarp,https://www.hepsiburada.com/esarplar-c-60001143,5,"Spor, Outdoor > kramponlar > bayan giyim modelleri > Aksesuar > Eşarp"
80109017,60001127,Eşarp & Şal Aksesuarları,https://www.hepsiburada.com/esarp-sal-aksesuarlari-c-80109017,5,"Spor, Outdoor > kramponlar > bayan giyim modelleri > Aksesuar > Eşarp & Şal Aksesuarları"
60005048,60001127,Kadın Bez Bileklik,https://www.hepsiburada.com/bayan-bez-bileklikler-c-60005048,5,"Spor, Outdoor > kramponlar > bayan giyim modelleri > Aksesuar > Kadın Bez Bileklik"
60004315,60001127,Kemer,https://www.hepsiburada.com/kemerler-c-60004315,5,"Spor, Outdoor > kramponlar > bayan giyim modelleri > Aksesuar > Kemer"
12087214,60001127,Peluş Kulaklık,https://www.hepsiburada.com/pelus-kulaklik-c-12087214,5,"Spor, Outdoor > kramponlar > bayan giyim modelleri > Aksesuar > Peluş Kulaklık"
60001133,60001127,Saç Aksesuarları,https://www.hepsiburada.com/bayan-sac-aksesuarlari-c-60001133,5,"Spor, Outdoor > kramponlar > bayan giyim modelleri > Aksesuar > Saç Aksesuarları"
60006579,60001127,Çanta Aksesuarları,https://www.hepsiburada.com/bayan-canta-aksesuarlari-c-60006579,5,"Spor, Outdoor > kramponlar > bayan giyim modelleri > Aksesuar > Çanta Aksesuarları"
60001130,60001127,Şal,https://www.hepsiburada.com/sallar-c-60001130,5,"Spor, Outdoor > kramponlar > bayan giyim modelleri > Aksesuar > Şal"
60002651,60001127,Şapka,https://www.hepsiburada.com/bayan-sapka-c-60002651,5,"Spor, Outdoor > kramponlar > bayan giyim modelleri > Aksesuar > Şapka"
60001132,60001127,Şemsiye,https://www.hepsiburada.com/bayan-semsiyeler-c-60001132,5,"Spor, Outdoor > kramponlar > bayan giyim modelleri > Aksesuar > Şemsiye"
12087227,12087217,Büyük Beden Abiye,https://www.hepsiburada.com/buyuk-beden-abiye-c-12087227,5,"Spor, Outdoor > kramponlar > bayan giyim modelleri > Büyük Beden > Büyük Beden Abiye"
12095598,12087217,Büyük Beden Bluz,https://www.hepsiburada.com/buyuk-beden-bluz-c-12095598,5,"Spor, Outdoor > kramponlar > bayan giyim modelleri > Büyük Beden > Büyük Beden Bluz"
60007439,12087217,Büyük Beden Body,https://www.hepsiburada.com/buyuk-beden-body-c-60007439,5,"Spor, Outdoor > kramponlar > bayan giyim modelleri > Büyük Beden > Büyük Beden Body"
60007441,12087217,Büyük Beden Ceket,https://www.hepsiburada.com/buyuk-beden-ceket-c-60007441,5,"Spor, Outdoor > kramponlar > bayan giyim modelleri > Büyük Beden > Büyük Beden Ceket"
12095599,12087217,Büyük Beden Elbise,https://www.hepsiburada.com/buyuk-beden-elbise-c-12095599,5,"Spor, Outdoor > kramponlar > bayan giyim modelleri > Büyük Beden > Büyük Beden Elbise"
12087222,12087217,Büyük Beden Etek,https://www.hepsiburada.com/buyuk-beden-etek-c-12087222,5,"Spor, Outdoor > kramponlar > bayan giyim modelleri > Büyük Beden > Büyük Beden Etek"
60007444,12087217,Büyük Beden Eşofman,https://www.hepsiburada.com/buyuk-beden-esofman-c-60007444,5,"Spor, Outdoor > kramponlar > bayan giyim modelleri > Büyük Beden > Büyük Beden Eşofman"
60007443,12087217,Büyük Beden Gömlek,https://www.hepsiburada.com/buyuk-beden-gomlek-c-60007443,5,"Spor, Outdoor > kramponlar > bayan giyim modelleri > Büyük Beden > Büyük Beden Gömlek"
12115250,12087217,Büyük Beden Hırka,https://www.hepsiburada.com/buyuk-beden-hirka-c-12115250,5,"Spor, Outdoor > kramponlar > bayan giyim modelleri > Büyük Beden > Büyük Beden Hırka"
12101943,12087217,Büyük Beden Kaban,https://www.hepsiburada.com/buyuk-beden-kaban-c-12101943,5,"Spor, Outdoor > kramponlar > bayan giyim modelleri > Büyük Beden > Büyük Beden Kaban"
12087221,12087217,Büyük Beden Kazak,https://www.hepsiburada.com/buyuk-beden-triko-c-12087221,5,"Spor, Outdoor > kramponlar > bayan giyim modelleri > Büyük Beden > Büyük Beden Kazak"
12087229,12087217,Büyük Beden Mont,https://www.hepsiburada.com/buyuk-beden-mont-c-12087229,5,"Spor, Outdoor > kramponlar > bayan giyim modelleri > Büyük Beden > Büyük Beden Mont"
12087223,12087217,Büyük Beden Pantolon,https://www.hepsiburada.com/buyuk-beden-pantolon-c-12087223,5,"Spor, Outdoor > kramponlar > bayan giyim modelleri > Büyük Beden > Büyük Beden Pantolon"
12096483,12087217,Büyük Beden Pardesü,https://www.hepsiburada.com/buyuk-beden-pardesu-c-12096483,5,"Spor, Outdoor > kramponlar > bayan giyim modelleri > Büyük Beden > Büyük Beden Pardesü"
80146015,12087217,Büyük Beden Sweatshirt,https://www.hepsiburada.com/buyuk-beden-sweatshirt-c-80146015,5,"Spor, Outdoor > kramponlar > bayan giyim modelleri > Büyük Beden > Büyük Beden Sweatshirt"
60007438,12087217,Büyük Beden T-Shirt,https://www.hepsiburada.com/buyuk-beden-t-shirt-c-60007438,5,"Spor, Outdoor > kramponlar > bayan giyim modelleri > Büyük Beden > Büyük Beden T-Shirt"
12096519,12087217,Büyük Beden Tayt,https://www.hepsiburada.com/buyuk-beden-tayt-c-12096519,5,"Spor, Outdoor > kramponlar > bayan giyim modelleri > Büyük Beden > Büyük Beden Tayt"
60007445,12087217,Büyük Beden Trençkot,https://www.hepsiburada.com/buyuk-beden-trenckot-c-60007445,5,"Spor, Outdoor > kramponlar > bayan giyim modelleri > Büyük Beden > Büyük Beden Trençkot"
60000714,12087217,Büyük Beden Tulum,https://www.hepsiburada.com/buyuk-beden-tulum-c-60000714,5,"Spor, Outdoor > kramponlar > bayan giyim modelleri > Büyük Beden > Büyük Beden Tulum"
12096463,12087217,Büyük Beden Tunik,https://www.hepsiburada.com/buyuk-beden-tunik-c-12096463,5,"Spor, Outdoor > kramponlar > bayan giyim modelleri > Büyük Beden > Büyük Beden Tunik"
60007446,12087217,Büyük Beden Yelek,https://www.hepsiburada.com/buyuk-beden-yelek-c-60007446,5,"Spor, Outdoor > kramponlar > bayan giyim modelleri > Büyük Beden > Büyük Beden Yelek"
12114970,12087217,Büyük Beden Şort,https://www.hepsiburada.com/buyuk-beden-sort-c-12114970,5,"Spor, Outdoor > kramponlar > bayan giyim modelleri > Büyük Beden > Büyük Beden Şort"
12115167,12087217,Pardesü,https://www.hepsiburada.com/pardesu-c-12115167,5,"Spor, Outdoor > kramponlar > bayan giyim modelleri > Büyük Beden > Pardesü"
80857367,60004640,Alt Üst Takım,https://www.hepsiburada.com/alt-ust-takim-c-80857367,5,"Spor, Outdoor > kramponlar > bayan giyim modelleri > Giyim > Alt Üst Takım"
80779002,60004640,Anne - Kız Kıyafetleri,https://www.hepsiburada.com/anne-kiz-kiyafetleri-c-80779002,5,"Spor, Outdoor > kramponlar > bayan giyim modelleri > Giyim > Anne - Kız Kıyafetleri"
60000819,60004640,Atlet,https://www.hepsiburada.com/bayan-atletler-c-60000819,5,"Spor, Outdoor > kramponlar > bayan giyim modelleri > Giyim > Atlet"
12053359,60004640,Bolero,https://www.hepsiburada.com/bolero-c-12053359,5,"Spor, Outdoor > kramponlar > bayan giyim modelleri > Giyim > Bolero"
12095600,60004640,Eşofman,https://www.hepsiburada.com/bayan-esofmanlar-c-12095600,5,"Spor, Outdoor > kramponlar > bayan giyim modelleri > Giyim > Eşofman"
12087251,60004640,Gelinlik,https://www.hepsiburada.com/gelinlik-modelleri-c-12087251,5,"Spor, Outdoor > kramponlar > bayan giyim modelleri > Giyim > Gelinlik"
60000715,60004640,Gömlek,https://www.hepsiburada.com/bayan-gomlekler-c-60000715,5,"Spor, Outdoor > kramponlar > bayan giyim modelleri > Giyim > Gömlek"
60000058,60004640,Kaban,https://www.hepsiburada.com/bayan-kabanlar-c-60000058,5,"Spor, Outdoor > kramponlar > bayan giyim modelleri > Giyim > Kaban"
18010,60004640,Kimono,https://www.hepsiburada.com/kimono-c-18010,5,"Spor, Outdoor > kramponlar > bayan giyim modelleri > Giyim > Kimono"
191191,60004640,Kot Pantolon,https://www.hepsiburada.com/kot-pantolon-c-191191,5,"Spor, Outdoor > kramponlar > bayan giyim modelleri > Giyim > Kot Pantolon"
60004508,60004640,Panço,https://www.hepsiburada.com/panco-c-60004508,5,"Spor, Outdoor > kramponlar > bayan giyim modelleri > Giyim > Panço"
192146,60004640,Süveter,https://www.hepsiburada.com/suveter-c-192146,5,"Spor, Outdoor > kramponlar > bayan giyim modelleri > Giyim > Süveter"
12071254,60004640,Tulum,https://www.hepsiburada.com/bayan-tulumlari-c-12071254,5,"Spor, Outdoor > kramponlar > bayan giyim modelleri > Giyim > Tulum"
60000059,60004640,Yağmurluklar,https://www.hepsiburada.com/bayan-yagmurluk-c-60000059,5,"Spor, Outdoor > kramponlar > bayan giyim modelleri > Giyim > Yağmurluklar"
60000055,60004640,Yelek,https://www.hepsiburada.com/bayan-yelekler-c-60000055,5,"Spor, Outdoor > kramponlar > bayan giyim modelleri > Giyim > Yelek"
12099899,60004640,Şort,https://www.hepsiburada.com/bayan-sortlar-c-12099899,5,"Spor, Outdoor > kramponlar > bayan giyim modelleri > Giyim > Şort"
80809022,18001,Alt - Üst Takım,https://www.hepsiburada.com/alt-ust-takim-c-80809022,5,"Spor, Outdoor > kramponlar > bayan giyim modelleri > Hamile Giyim > Alt - Üst Takım"
80809021,18001,Bluz,https://www.hepsiburada.com/bluz-c-80809021,5,"Spor, Outdoor > kramponlar > bayan giyim modelleri > Hamile Giyim > Bluz"
80809023,18001,Ceket,https://www.hepsiburada.com/ceket-c-80809023,5,"Spor, Outdoor > kramponlar > bayan giyim modelleri > Hamile Giyim > Ceket"
80809004,18001,Etek,https://www.hepsiburada.com/hamile-etegi-c-80809004,5,"Spor, Outdoor > kramponlar > bayan giyim modelleri > Hamile Giyim > Etek"
80809005,18001,Gömlek,https://www.hepsiburada.com/hamile-gomlekler-c-80809005,5,"Spor, Outdoor > kramponlar > bayan giyim modelleri > Hamile Giyim > Gömlek"
80809006,18001,Hırka,https://www.hepsiburada.com/hamile-hirkalar-c-80809006,5,"Spor, Outdoor > kramponlar > bayan giyim modelleri > Hamile Giyim > Hırka"
80809007,18001,Kapri,https://www.hepsiburada.com/hamile-kapri-c-80809007,5,"Spor, Outdoor > kramponlar > bayan giyim modelleri > Hamile Giyim > Kapri"
80809008,18001,Kazak,https://www.hepsiburada.com/kazak-c-80809008,5,"Spor, Outdoor > kramponlar > bayan giyim modelleri > Hamile Giyim > Kazak"
80809009,18001,Lohusa Seti,https://www.hepsiburada.com/lohusa-seti-c-80809009,5,"Spor, Outdoor > kramponlar > bayan giyim modelleri > Hamile Giyim > Lohusa Seti"
80809010,18001,"Mayo, Bikini",https://www.hepsiburada.com/mayo-bikini-c-80809010,5,"Spor, Outdoor > kramponlar > bayan giyim modelleri > Hamile Giyim > Mayo, Bikini"
80809011,18001,"Mont, Kaban",https://www.hepsiburada.com/hamile-mont-kaban-c-80809011,5,"Spor, Outdoor > kramponlar > bayan giyim modelleri > Hamile Giyim > Mont, Kaban"
80809014,18001,Pijama,https://www.hepsiburada.com/pijama-c-80809014,5,"Spor, Outdoor > kramponlar > bayan giyim modelleri > Hamile Giyim > Pijama"
80809015,18001,Sweatshirt,https://www.hepsiburada.com/sweatshirt-c-80809015,5,"Spor, Outdoor > kramponlar > bayan giyim modelleri > Hamile Giyim > Sweatshirt"
80809018,18001,T-Shirt,https://www.hepsiburada.com/hamile-t-shirt-c-80809018,5,"Spor, Outdoor > kramponlar > bayan giyim modelleri > Hamile Giyim > T-Shirt"
80809017,18001,Tayt,https://www.hepsiburada.com/hamile-taytlari-c-80809017,5,"Spor, Outdoor > kramponlar > bayan giyim modelleri > Hamile Giyim > Tayt"
80809019,18001,Tulum (Salopet),https://www.hepsiburada.com/hamile-tulum-salopet-c-80809019,5,"Spor, Outdoor > kramponlar > bayan giyim modelleri > Hamile Giyim > Tulum (Salopet)"
80809002,18001,hamile elbiseleri,https://www.hepsiburada.com/hamile-elbiseleri-c-80809002,5,"Spor, Outdoor > kramponlar > bayan giyim modelleri > Hamile Giyim > hamile elbiseleri"
808090033,18001,hamile esofmanlar,https://www.hepsiburada.com/hamile-esofmanlar-c-808090033,5,"Spor, Outdoor > kramponlar > bayan giyim modelleri > Hamile Giyim > hamile esofmanlar"
80809003,18001,hamile esofmanlar,https://www.hepsiburada.com/hamile-esofmanlar-c-80809003,5,"Spor, Outdoor > kramponlar > bayan giyim modelleri > Hamile Giyim > hamile esofmanlar"
80809013,18001,hamile pantolonlari,https://www.hepsiburada.com/hamile-pantolonlari-c-80809013,5,"Spor, Outdoor > kramponlar > bayan giyim modelleri > Hamile Giyim > hamile pantolonlari"
80809020,18001,hamile tunik,https://www.hepsiburada.com/hamile-tunik-c-80809020,5,"Spor, Outdoor > kramponlar > bayan giyim modelleri > Hamile Giyim > hamile tunik"
80809024,18001,İç Giyim,https://www.hepsiburada.com/hamile-ic-giyim-urunleri-c-80809024,5,"Spor, Outdoor > kramponlar > bayan giyim modelleri > Hamile Giyim > İç Giyim"
80809016,18001,Şort,https://www.hepsiburada.com/sort-c-80809016,5,"Spor, Outdoor > kramponlar > bayan giyim modelleri > Hamile Giyim > Şort"
1121818,60005259,Bikini,https://www.hepsiburada.com/bikiniler-c-1121818,5,"Spor, Outdoor > kramponlar > bayan giyim modelleri > Plaj Giyim > Bikini"
60005258,60005259,Deniz Şortu,https://www.hepsiburada.com/deniz-sortu-c-60005258,5,"Spor, Outdoor > kramponlar > bayan giyim modelleri > Plaj Giyim > Deniz Şortu"
60005255,60005259,Mayo,https://www.hepsiburada.com/mayolar-c-60005255,5,"Spor, Outdoor > kramponlar > bayan giyim modelleri > Plaj Giyim > Mayo"
192070,60005259,Mayokini,https://www.hepsiburada.com/mayokini-c-192070,5,"Spor, Outdoor > kramponlar > bayan giyim modelleri > Plaj Giyim > Mayokini"
60005256,60005259,Pareo,https://www.hepsiburada.com/pareo-c-60005256,5,"Spor, Outdoor > kramponlar > bayan giyim modelleri > Plaj Giyim > Pareo"
80717011,60005259,Plaj Elbisesi,https://www.hepsiburada.com/plaj-elbisesi-c-80717011,5,"Spor, Outdoor > kramponlar > bayan giyim modelleri > Plaj Giyim > Plaj Elbisesi"
12087248,60005259,Plaj Terliği,https://www.hepsiburada.com/plaj-terligi-c-12087248,5,"Spor, Outdoor > kramponlar > bayan giyim modelleri > Plaj Giyim > Plaj Terliği"
12087246,60005259,Plaj Çantası,https://www.hepsiburada.com/plaj-cantasi-c-12087246,5,"Spor, Outdoor > kramponlar > bayan giyim modelleri > Plaj Giyim > Plaj Çantası"
60005257,60005259,Tankini,https://www.hepsiburada.com/tankini-c-60005257,5,"Spor, Outdoor > kramponlar > bayan giyim modelleri > Plaj Giyim > Tankini"
192264,60006034,Abiye,https://www.hepsiburada.com/tesettur-abiye-c-192264,5,"Spor, Outdoor > kramponlar > bayan giyim modelleri > Tesettür Giyim > Abiye"
60006740,60006034,Bluz,https://www.hepsiburada.com/tesettur-bluzlar-c-60006740,5,"Spor, Outdoor > kramponlar > bayan giyim modelleri > Tesettür Giyim > Bluz"
60006741,60006034,Body,https://www.hepsiburada.com/tesettur-body-c-60006741,5,"Spor, Outdoor > kramponlar > bayan giyim modelleri > Tesettür Giyim > Body"
60006756,60006034,Bone,https://www.hepsiburada.com/tesettur-bone-c-60006756,5,"Spor, Outdoor > kramponlar > bayan giyim modelleri > Tesettür Giyim > Bone"
60006742,60006034,Ceket,https://www.hepsiburada.com/tesettur-ceket-c-60006742,5,"Spor, Outdoor > kramponlar > bayan giyim modelleri > Tesettür Giyim > Ceket"
60006724,60006034,Elbise,https://www.hepsiburada.com/tesettur-elbise-c-60006724,5,"Spor, Outdoor > kramponlar > bayan giyim modelleri > Tesettür Giyim > Elbise"
192148,60006034,Etek,https://www.hepsiburada.com/tesettur-etek-c-192148,5,"Spor, Outdoor > kramponlar > bayan giyim modelleri > Tesettür Giyim > Etek"
60006743,60006034,Eşofman,https://www.hepsiburada.com/tesettur-esofmanlar-c-60006743,5,"Spor, Outdoor > kramponlar > bayan giyim modelleri > Tesettür Giyim > Eşofman"
60006035,60006034,Ferace,https://www.hepsiburada.com/feraceler-c-60006035,5,"Spor, Outdoor > kramponlar > bayan giyim modelleri > Tesettür Giyim > Ferace"
60006757,60006034,Gömlek,https://www.hepsiburada.com/tesettur-gomlek-c-60006757,5,"Spor, Outdoor > kramponlar > bayan giyim modelleri > Tesettür Giyim > Gömlek"
60006725,60006034,Hazır Türban,https://www.hepsiburada.com/hazir-turban-c-60006725,5,"Spor, Outdoor > kramponlar > bayan giyim modelleri > Tesettür Giyim > Hazır Türban"
60006745,60006034,Hırka,https://www.hepsiburada.com/tesettur-hirkalar-c-60006745,5,"Spor, Outdoor > kramponlar > bayan giyim modelleri > Tesettür Giyim > Hırka"
60006746,60006034,Kaban,https://www.hepsiburada.com/tesettur-kabanlar-c-60006746,5,"Spor, Outdoor > kramponlar > bayan giyim modelleri > Tesettür Giyim > Kaban"
60006036,60006034,Kap Pardesü,https://www.hepsiburada.com/kap-pardesu-c-60006036,5,"Spor, Outdoor > kramponlar > bayan giyim modelleri > Tesettür Giyim > Kap Pardesü"
80088004,60006034,Kazak,https://www.hepsiburada.com/tesettur-kazak-c-80088004,5,"Spor, Outdoor > kramponlar > bayan giyim modelleri > Tesettür Giyim > Kazak"
60006747,60006034,Mont,https://www.hepsiburada.com/tesettur-montlar-c-60006747,5,"Spor, Outdoor > kramponlar > bayan giyim modelleri > Tesettür Giyim > Mont"
60006749,60006034,Pantolon,https://www.hepsiburada.com/tesettur-pantolon-c-60006749,5,"Spor, Outdoor > kramponlar > bayan giyim modelleri > Tesettür Giyim > Pantolon"
60006748,60006034,Panço,https://www.hepsiburada.com/tesettur-pancolar-c-60006748,5,"Spor, Outdoor > kramponlar > bayan giyim modelleri > Tesettür Giyim > Panço"
60006750,60006034,Takım,https://www.hepsiburada.com/tesettur-takimlar-c-60006750,5,"Spor, Outdoor > kramponlar > bayan giyim modelleri > Tesettür Giyim > Takım"
60005888,60006034,Tessüttür Mayo,https://www.hepsiburada.com/tesettur-mayo-c-60005888,5,"Spor, Outdoor > kramponlar > bayan giyim modelleri > Tesettür Giyim > Tessüttür Mayo"
60006751,60006034,Trençkot,https://www.hepsiburada.com/tesettur-trenckot-c-60006751,5,"Spor, Outdoor > kramponlar > bayan giyim modelleri > Tesettür Giyim > Trençkot"
60006752,60006034,Tulum,https://www.hepsiburada.com/tesettur-tulum-c-60006752,5,"Spor, Outdoor > kramponlar > bayan giyim modelleri > Tesettür Giyim > Tulum"
60006754,60006034,Tunik,https://www.hepsiburada.com/tesettur-tunik-c-60006754,5,"Spor, Outdoor > kramponlar > bayan giyim modelleri > Tesettür Giyim > Tunik"
60006755,60006034,Yelek,https://www.hepsiburada.com/tesettur-yelek-c-60006755,5,"Spor, Outdoor > kramponlar > bayan giyim modelleri > Tesettür Giyim > Yelek"
60000821,60001585,Body,https://www.hepsiburada.com/bayan-body-c-60000821,5,"Spor, Outdoor > kramponlar > bayan giyim modelleri > İç Giyim > Body"
80857515,60001585,Boxer,https://www.hepsiburada.com/boxer-c-80857515,5,"Spor, Outdoor > kramponlar > bayan giyim modelleri > İç Giyim > Boxer"
60005418,60001585,Ev Rahatlığı,https://www.hepsiburada.com/ev-rahatligi-c-60005418,5,"Spor, Outdoor > kramponlar > bayan giyim modelleri > İç Giyim > Ev Rahatlığı"
60000682,60001585,Fantezi Giyim,https://www.hepsiburada.com/fantezi-giyim-urunleri-c-60000682,5,"Spor, Outdoor > kramponlar > bayan giyim modelleri > İç Giyim > Fantezi Giyim"
60000735,60001585,Gecelik,https://www.hepsiburada.com/bayan-gecelikler-c-60000735,5,"Spor, Outdoor > kramponlar > bayan giyim modelleri > İç Giyim > Gecelik"
60005057,60001585,Jüpon,https://www.hepsiburada.com/juponlar-c-60005057,5,"Spor, Outdoor > kramponlar > bayan giyim modelleri > İç Giyim > Jüpon"
60000688,60001585,Kombinezon,https://www.hepsiburada.com/kombinezon-c-60000688,5,"Spor, Outdoor > kramponlar > bayan giyim modelleri > İç Giyim > Kombinezon"
60000679,60001585,Külot,https://www.hepsiburada.com/bayan-kulotlar-c-60000679,5,"Spor, Outdoor > kramponlar > bayan giyim modelleri > İç Giyim > Külot"
60000737,60001585,Sabahlık,https://www.hepsiburada.com/bayan-sabahliklar-c-60000737,5,"Spor, Outdoor > kramponlar > bayan giyim modelleri > İç Giyim > Sabahlık"
60000820,60001585,bayan atlet fanilalar,https://www.hepsiburada.com/bayan-atlet-fanilalar-c-60000820,5,"Spor, Outdoor > kramponlar > bayan giyim modelleri > İç Giyim > bayan atlet fanilalar"
60000734,60001585,bayan pijamalar,https://www.hepsiburada.com/bayan-pijamalar-c-60000734,5,"Spor, Outdoor > kramponlar > bayan giyim modelleri > İç Giyim > bayan pijamalar"
60000678,60001585,sutyenler,https://www.hepsiburada.com/sutyenler-c-60000678,5,"Spor, Outdoor > kramponlar > bayan giyim modelleri > İç Giyim > sutyenler"
60000680,60001585,İç Çamaşır Takım,https://www.hepsiburada.com/bayan-ic-camasir-takimlari-c-60000680,5,"Spor, Outdoor > kramponlar > bayan giyim modelleri > İç Giyim > İç Çamaşır Takım"
80843002,60001585,İçlik,https://www.hepsiburada.com/iclik-c-80843002,5,"Spor, Outdoor > kramponlar > bayan giyim modelleri > İç Giyim > İçlik"
25008406,25008402,Unisex Kol Saatleri,https://www.hepsiburada.com/unisex-kol-saatleri-c-25008406,5,"Spor, Outdoor > kramponlar > bayan kol saatleri > Kol Saatleri > Unisex Kol Saatleri"
25008407,25008402,Çocuk Kol Saatleri,https://www.hepsiburada.com/cocuk-kol-saatleri-c-25008407,5,"Spor, Outdoor > kramponlar > bayan kol saatleri > Kol Saatleri > Çocuk Kol Saatleri"
25008465,318242,Duvar Saatleri,https://www.hepsiburada.com/duvar-saatleri-c-25008465,5,"Spor, Outdoor > kramponlar > bayan kol saatleri > Saatler > Duvar Saatleri"
25008463,318242,Köstekli Cep Saatleri,https://www.hepsiburada.com/kostekli-saat-c-25008463,5,"Spor, Outdoor > kramponlar > bayan kol saatleri > Saatler > Köstekli Cep Saatleri"
25008464,318242,Masa Saatleri,https://www.hepsiburada.com/masa-saatleri-c-25008464,5,"Spor, Outdoor > kramponlar > bayan kol saatleri > Saatler > Masa Saatleri"
60001549,2147483637,Ev Gereçleri,https://www.hepsiburada.com/ev-gerecleri-c-60001549,5,"Spor, Outdoor > kramponlar > beyaz esya ankastreler > Beyaz Eşya / Mutfak > Ev Gereçleri"
22535,60000274,Tencere Setleri Tencereler,https://www.hepsiburada.com/tencere-setleri-tencereler-c-22535,5,"Spor, Outdoor > kramponlar > beyaz esya ankastreler > dokum tencereler > Tencere Setleri Tencereler"
60000268,17006471,dokum tavalar,https://www.hepsiburada.com/dokum-tavalar-c-60000268,5,"Spor, Outdoor > kramponlar > beyaz esya ankastreler > duduklu tencereler > dokum tavalar"
60000276,17006471,seramik tencereler,https://www.hepsiburada.com/seramik-tencereler-c-60000276,5,"Spor, Outdoor > kramponlar > beyaz esya ankastreler > duduklu tencereler > seramik tencereler"
60003715,22350,Bardaklar,https://www.hepsiburada.com/bardaklar-c-60003715,5,"Spor, Outdoor > kramponlar > beyaz esya ankastreler > fincanlar > Bardaklar"
60000178,60004413,CD & DVD Çantaları,https://www.hepsiburada.com/cd-dvd-cantalari-c-60000178,5,"Spor, Outdoor > kramponlar > bilgisayar aksesuarlari > CD/DVD ve Aksesuarları > CD & DVD Çantaları"
3011535,60004413,yazilabilir cdler,https://www.hepsiburada.com/yazilabilir-cdler-c-3011535,5,"Spor, Outdoor > kramponlar > bilgisayar aksesuarlari > CD/DVD ve Aksesuarları > yazilabilir cdler"
105306,757,Disk Kabloları,https://www.hepsiburada.com/disk-kablolari-c-105306,5,"Spor, Outdoor > kramponlar > bilgisayar aksesuarlari > Kablolar/Swich ve Çoklayıcılar > Disk Kabloları"
105325,757,Güç Kabloları,https://www.hepsiburada.com/bilgisayar-guc-kablolari-c-105325,5,"Spor, Outdoor > kramponlar > bilgisayar aksesuarlari > Kablolar/Swich ve Çoklayıcılar > Güç Kabloları"
105304,757,Konnektör ve Pense,https://www.hepsiburada.com/konnektor-penseler-c-105304,5,"Spor, Outdoor > kramponlar > bilgisayar aksesuarlari > Kablolar/Swich ve Çoklayıcılar > Konnektör ve Pense"
84120,757,Ses ve Görüntü Kabloları,https://www.hepsiburada.com/ses-goruntu-kablolari-c-84120,5,"Spor, Outdoor > kramponlar > bilgisayar aksesuarlari > Kablolar/Swich ve Çoklayıcılar > Ses ve Görüntü Kabloları"
189,757,Switch Box Ve Çoklayıcılar,https://www.hepsiburada.com/switch-box-coklayicilar-c-189,5,"Spor, Outdoor > kramponlar > bilgisayar aksesuarlari > Kablolar/Swich ve Çoklayıcılar > Switch Box Ve Çoklayıcılar"
1250,757,Usb/Seri/Paralel Kablolar,https://www.hepsiburada.com/usb-seri-paralel-kablolar-c-1250,5,"Spor, Outdoor > kramponlar > bilgisayar aksesuarlari > Kablolar/Swich ve Çoklayıcılar > Usb/Seri/Paralel Kablolar"
60001212,60000203,Tablet Ekran Koruyucuları,https://www.hepsiburada.com/tablet-ekran-koruyuculari-c-60001212,5,"Spor, Outdoor > kramponlar > bilgisayar aksesuarlari > Tablet ve iPad Aksesuarları > Tablet Ekran Koruyucuları"
60001185,60000203,Tablet Kabloları,https://www.hepsiburada.com/tablet-kablolari-c-60001185,5,"Spor, Outdoor > kramponlar > bilgisayar aksesuarlari > Tablet ve iPad Aksesuarları > Tablet Kabloları"
60000840,60000203,Tablet Klavyeleri,https://www.hepsiburada.com/tablet-klavyeleri-c-60000840,5,"Spor, Outdoor > kramponlar > bilgisayar aksesuarlari > Tablet ve iPad Aksesuarları > Tablet Klavyeleri"
60001144,60000203,Tablet Standı,https://www.hepsiburada.com/tablet-standlari-c-60001144,5,"Spor, Outdoor > kramponlar > bilgisayar aksesuarlari > Tablet ve iPad Aksesuarları > Tablet Standı"
80494050,60000203,Tablet Çantaları,https://www.hepsiburada.com/tablet-cantalari-c-80494050,5,"Spor, Outdoor > kramponlar > bilgisayar aksesuarlari > Tablet ve iPad Aksesuarları > Tablet Çantaları"
60001184,60000203,Tablet Çevirici ve Adaptör,https://www.hepsiburada.com/tablet-cevirici-adaptorler-c-60001184,5,"Spor, Outdoor > kramponlar > bilgisayar aksesuarlari > Tablet ve iPad Aksesuarları > Tablet Çevirici ve Adaptör"
60004337,60000203,Tablet Şarj Cihazları,https://www.hepsiburada.com/tablet-sarj-cihazlari-c-60004337,5,"Spor, Outdoor > kramponlar > bilgisayar aksesuarlari > Tablet ve iPad Aksesuarları > Tablet Şarj Cihazları"
83843,827,Kompresör,https://www.hepsiburada.com/bilgisayar-kompresorleri-c-83843,5,"Spor, Outdoor > kramponlar > bilgisayar aksesuarlari > Temizlik Ürünleri > Kompresör"
60005734,827,Temizleme Spreyi,https://www.hepsiburada.com/temizleme-spreyi-c-60005734,5,"Spor, Outdoor > kramponlar > bilgisayar aksesuarlari > Temizlik Ürünleri > Temizleme Spreyi"
106858,115714,Notebook Adaptörleri,https://www.hepsiburada.com/notebook-adaptorleri-c-106858,5,"Spor, Outdoor > kramponlar > bilgisayar aksesuarlari > notebook aksesuarlari > Notebook Adaptörleri"
3009672,115714,Notebook Ekran Koruyucuları,https://www.hepsiburada.com/notebook-ekran-koruyuculari-c-3009672,5,"Spor, Outdoor > kramponlar > bilgisayar aksesuarlari > notebook aksesuarlari > Notebook Ekran Koruyucuları"
106855,115714,Notebook Kilitleri,https://www.hepsiburada.com/notebook-kilitleri-c-106855,5,"Spor, Outdoor > kramponlar > bilgisayar aksesuarlari > notebook aksesuarlari > Notebook Kilitleri"
106854,115714,Notebook Pilleri,https://www.hepsiburada.com/notebook-pilleri-c-106854,5,"Spor, Outdoor > kramponlar > bilgisayar aksesuarlari > notebook aksesuarlari > Notebook Pilleri"
106861,115714,Notebook Standları,https://www.hepsiburada.com/notebook-standlari-c-106861,5,"Spor, Outdoor > kramponlar > bilgisayar aksesuarlari > notebook aksesuarlari > Notebook Standları"
3009848,3009846,Bluray Yazıcılar,https://www.hepsiburada.com/bluray-yazicilar-c-3009848,5,"Spor, Outdoor > kramponlar > bilgisayar parcalari > Optik Sürücüler > Bluray Yazıcılar"
17,3009846,CD/DVD Yazıcılar,https://www.hepsiburada.com/cd-dvd-yazicilar-c-17,5,"Spor, Outdoor > kramponlar > bilgisayar parcalari > Optik Sürücüler > CD/DVD Yazıcılar"
3009847,3009846,Çoklu Kopyalama Sistemleri,https://www.hepsiburada.com/coklu-kopyalama-sistemleri-c-3009847,5,"Spor, Outdoor > kramponlar > bilgisayar parcalari > Optik Sürücüler > Çoklu Kopyalama Sistemleri"
60008824,60008823,Dizüstü Bilgisayar Laptop,https://www.hepsiburada.com/dizustu-bilgisayar-laptop-yedek-parcalari-c-60008824,5,"Spor, Outdoor > kramponlar > bilgisayar sistemleri ve ekipmanlari > Bilgisayar Yedek Parçaları > Dizüstü Bilgisayar Laptop"
60008825,60008823,Tablet,https://www.hepsiburada.com/tablet-yedek-parca-c-60008825,5,"Spor, Outdoor > kramponlar > bilgisayar sistemleri ve ekipmanlari > Bilgisayar Yedek Parçaları > Tablet"
162,106503,Barkod Ürünleri,https://www.hepsiburada.com/barkod-urunleri-c-162,5,"Spor, Outdoor > kramponlar > bilgisayar sistemleri ve ekipmanlari > barkod okuyucular > Barkod Ürünleri"
60000010,111001,ssd solid state drive,https://www.hepsiburada.com/ssd-solid-state-drive-c-60000010,5,"Spor, Outdoor > kramponlar > bilgisayar sistemleri ve ekipmanlari > mini masaustu bilgisayarlar > ssd solid state drive"
80122009,60007722,Bataryalar,https://www.hepsiburada.com/bataryalar-c-80122009,5,"Spor, Outdoor > kramponlar > cep telefonu aksesuarlari > Cep Telefonu Yedek Parçaları > Bataryalar"
60007724,60007722,Ekran,https://www.hepsiburada.com/cep-telefonu-ekrani-c-60007724,5,"Spor, Outdoor > kramponlar > cep telefonu aksesuarlari > Cep Telefonu Yedek Parçaları > Ekran"
60007733,60007722,Fleks Kablo,https://www.hepsiburada.com/fleks-kablo-c-60007733,5,"Spor, Outdoor > kramponlar > cep telefonu aksesuarlari > Cep Telefonu Yedek Parçaları > Fleks Kablo"
60007729,60007722,Hoparlör,https://www.hepsiburada.com/telefon-hoparlor-c-60007729,5,"Spor, Outdoor > kramponlar > cep telefonu aksesuarlari > Cep Telefonu Yedek Parçaları > Hoparlör"
60007731,60007722,Kamera,https://www.hepsiburada.com/cep-telefonu-kamerasi-c-60007731,5,"Spor, Outdoor > kramponlar > cep telefonu aksesuarlari > Cep Telefonu Yedek Parçaları > Kamera"
60007726,60007722,Kasa,https://www.hepsiburada.com/cep-telefonu-kasasi-c-60007726,5,"Spor, Outdoor > kramponlar > cep telefonu aksesuarlari > Cep Telefonu Yedek Parçaları > Kasa"
60007732,60007722,Soket,https://www.hepsiburada.com/soket-c-60007732,5,"Spor, Outdoor > kramponlar > cep telefonu aksesuarlari > Cep Telefonu Yedek Parçaları > Soket"
60007727,60007722,Tuş Takımı,https://www.hepsiburada.com/tus-takimi-c-60007727,5,"Spor, Outdoor > kramponlar > cep telefonu aksesuarlari > Cep Telefonu Yedek Parçaları > Tuş Takımı"
60001545,36,Akü,https://www.hepsiburada.com/bilgisayar-akuleri-c-60001545,5,"Spor, Outdoor > kramponlar > cevre birimleri > Güç Kaynakları Ups / Akü > Akü"
51,1,Klavye,https://www.hepsiburada.com/klavyeler-c-51,5,"Spor, Outdoor > kramponlar > cevre birimleri > Klavye > Klavye"
60001543,18,Mikrofon,https://www.hepsiburada.com/bilgisayar-mikrofonu-c-60001543,5,"Spor, Outdoor > kramponlar > cevre birimleri > Ses Ve Görüntü Ürünleri > Mikrofon"
256,18,Speaker,https://www.hepsiburada.com/speaker-hoparlorler-c-256,5,"Spor, Outdoor > kramponlar > cevre birimleri > Ses Ve Görüntü Ürünleri > Speaker"
1065,18,Webcam,https://www.hepsiburada.com/webcamler-c-1065,5,"Spor, Outdoor > kramponlar > cevre birimleri > Ses Ve Görüntü Ürünleri > Webcam"
60008553,32010886,Göz Altı Torbası & Morluk Bakımı,https://www.hepsiburada.com/goz-alti-morlugu-torbasi-c-60008553,5,"Spor, Outdoor > kramponlar > cilt bakim urunleri > Göz Bakımı > Göz Altı Torbası & Morluk Bakımı"
60008552,32010886,Göz Anti-Aging Bakımı,https://www.hepsiburada.com/goz-anti-aging-bakimi-c-60008552,5,"Spor, Outdoor > kramponlar > cilt bakim urunleri > Göz Bakımı > Göz Anti-Aging Bakımı"
60008555,32010886,Göz Maskesi,https://www.hepsiburada.com/goz-maskesi-c-60008555,5,"Spor, Outdoor > kramponlar > cilt bakim urunleri > Göz Bakımı > Göz Maskesi"
60008556,32010886,Kaş & Kirpik Bakımı,https://www.hepsiburada.com/kas-kirpik-bakimi-c-60008556,5,"Spor, Outdoor > kramponlar > cilt bakim urunleri > Göz Bakımı > Kaş & Kirpik Bakımı"
32010942,32010890,Göğüs Bakım Ürünleri,https://www.hepsiburada.com/gogus-bakim-urunleri-c-32010942,5,"Spor, Outdoor > kramponlar > cilt bakim urunleri > Vücut Bakımı > Göğüs Bakım Ürünleri"
32010926,32010890,Peeling Ürünleri,https://www.hepsiburada.com/vucut-icin-arindirici-olu-hucre-temizleyiciler-c-32010926,5,"Spor, Outdoor > kramponlar > cilt bakim urunleri > Vücut Bakımı > Peeling Ürünleri"
32010927,32010890,Selülit Giderici / Sıkılaştırıcılar ve Çatlak Bakımı,https://www.hepsiburada.com/selulit-giderici-sikilastiricilar-catlak-bakimi-c-32010927,5,"Spor, Outdoor > kramponlar > cilt bakim urunleri > Vücut Bakımı > Selülit Giderici / Sıkılaştırıcılar ve Çatlak Bakımı"
32010924,32010890,Temizleyiciler,https://www.hepsiburada.com/vucut-temizleyiciler-c-32010924,5,"Spor, Outdoor > kramponlar > cilt bakim urunleri > Vücut Bakımı > Temizleyiciler"
206099,205454,Aksesuar,https://www.hepsiburada.com/erkek-cocuk-aksesuar-c-206099,5,"Spor, Outdoor > kramponlar > cocuk giyim kiyafetleri > Erkek Çocuk > Aksesuar"
12087323,205454,İç Giyim,https://www.hepsiburada.com/erkek-cocuk-ic-giyim-c-12087323,5,"Spor, Outdoor > kramponlar > cocuk giyim kiyafetleri > Erkek Çocuk > İç Giyim"
60000886,60002732,cocuk giyim aksesuarlari,https://www.hepsiburada.com/cocuk-giyim-aksesuarlari-c-60000886,5,"Spor, Outdoor > kramponlar > cocuk giyim kiyafetleri > cocuk elbiseler > cocuk giyim aksesuarlari"
60003883,60004845,cocuk patikler,https://www.hepsiburada.com/cocuk-patikler-c-60003883,5,"Spor, Outdoor > kramponlar > cocuk giyim kiyafetleri > cocuk takimlari > cocuk patikler"
12087336,60004845,erkek cocuk corap,https://www.hepsiburada.com/erkek-cocuk-corap-c-12087336,5,"Spor, Outdoor > kramponlar > cocuk giyim kiyafetleri > cocuk takimlari > erkek cocuk corap"
12087335,205504,Alt Üst Takım,https://www.hepsiburada.com/cocuk-takimi-c-12087335,5,"Spor, Outdoor > kramponlar > cocuk giyim kiyafetleri > erkek cocuk giyim > Alt Üst Takım"
12087333,205504,Eşofman,https://www.hepsiburada.com/erkek-cocuk-esofmanlari-c-12087333,5,"Spor, Outdoor > kramponlar > cocuk giyim kiyafetleri > erkek cocuk giyim > Eşofman"
12087324,205504,Gömlek,https://www.hepsiburada.com/erkek-cocuk-gomlek-c-12087324,5,"Spor, Outdoor > kramponlar > cocuk giyim kiyafetleri > erkek cocuk giyim > Gömlek"
12087330,205504,Kazak,https://www.hepsiburada.com/erkek-cocuk-kazak-c-12087330,5,"Spor, Outdoor > kramponlar > cocuk giyim kiyafetleri > erkek cocuk giyim > Kazak"
12103461,205504,Mayo,https://www.hepsiburada.com/erkek-cocuk-mayo-c-12103461,5,"Spor, Outdoor > kramponlar > cocuk giyim kiyafetleri > erkek cocuk giyim > Mayo"
12087332,205504,Mont,https://www.hepsiburada.com/erkek-cocuk-mont-c-12087332,5,"Spor, Outdoor > kramponlar > cocuk giyim kiyafetleri > erkek cocuk giyim > Mont"
12087329,205504,Pantolon,https://www.hepsiburada.com/erkek-cocuk-pantolon-c-12087329,5,"Spor, Outdoor > kramponlar > cocuk giyim kiyafetleri > erkek cocuk giyim > Pantolon"
12103460,205504,Pijama Takımı,https://www.hepsiburada.com/erkek-cocuk-pijama-takimlari-c-12103460,5,"Spor, Outdoor > kramponlar > cocuk giyim kiyafetleri > erkek cocuk giyim > Pijama Takımı"
60006843,205504,Sweatshirt,https://www.hepsiburada.com/erkek-cocuk-sweatshirt-c-60006843,5,"Spor, Outdoor > kramponlar > cocuk giyim kiyafetleri > erkek cocuk giyim > Sweatshirt"
80158011,205504,Sünnet Kıyafetleri,https://www.hepsiburada.com/sunnet-kiyafetleri-c-80158011,5,"Spor, Outdoor > kramponlar > cocuk giyim kiyafetleri > erkek cocuk giyim > Sünnet Kıyafetleri"
12087325,205504,Süveter & Hırka,https://www.hepsiburada.com/erkek-cocuk-suveter-hirka-c-12087325,5,"Spor, Outdoor > kramponlar > cocuk giyim kiyafetleri > erkek cocuk giyim > Süveter & Hırka"
12087334,205504,T-Shirt,https://www.hepsiburada.com/erkek-cocuk-t-shirt-c-12087334,5,"Spor, Outdoor > kramponlar > cocuk giyim kiyafetleri > erkek cocuk giyim > T-Shirt"
12087327,205504,Uyku Tulumu,https://www.hepsiburada.com/erkek-cocuk-uyku-tulumu-c-12087327,5,"Spor, Outdoor > kramponlar > cocuk giyim kiyafetleri > erkek cocuk giyim > Uyku Tulumu"
80073001,205504,Yağmurluk,https://www.hepsiburada.com/erkek-cocuk-yagmurluk-c-80073001,5,"Spor, Outdoor > kramponlar > cocuk giyim kiyafetleri > erkek cocuk giyim > Yağmurluk"
12106387,205504,Yelek,https://www.hepsiburada.com/erkek-cocuk-yelek-c-12106387,5,"Spor, Outdoor > kramponlar > cocuk giyim kiyafetleri > erkek cocuk giyim > Yelek"
205719,205504,erkek cocuk ayakkabi,https://www.hepsiburada.com/erkek-cocuk-ayakkabi-c-205719,5,"Spor, Outdoor > kramponlar > cocuk giyim kiyafetleri > erkek cocuk giyim > erkek cocuk ayakkabi"
12087337,205504,Şort & Kapri,https://www.hepsiburada.com/erkek-cocuk-sort-kapri-c-12087337,5,"Spor, Outdoor > kramponlar > cocuk giyim kiyafetleri > erkek cocuk giyim > Şort & Kapri"
60003772,18021308,Ayna Stickerlar,https://www.hepsiburada.com/ayna-stickerlar-c-60003772,5,"Spor, Outdoor > kramponlar > dekorasyon > Aynalar > Ayna Stickerlar"
60006512,18021308,Dekoratif Aynalar,https://www.hepsiburada.com/dekoratif-aynalar-c-60006512,5,"Spor, Outdoor > kramponlar > dekorasyon > Aynalar > Dekoratif Aynalar"
60006509,18021308,El Aynaları,https://www.hepsiburada.com/el-aynasi-c-60006509,5,"Spor, Outdoor > kramponlar > dekorasyon > Aynalar > El Aynaları"
60006508,18021308,Kırılmaz Aynalar,https://www.hepsiburada.com/kirilmaz-ayna-c-60006508,5,"Spor, Outdoor > kramponlar > dekorasyon > Aynalar > Kırılmaz Aynalar"
60006507,18021308,Parçalı Aynalar,https://www.hepsiburada.com/parcali-aynalar-c-60006507,5,"Spor, Outdoor > kramponlar > dekorasyon > Aynalar > Parçalı Aynalar"
60006511,18021308,Varaklı Aynalar,https://www.hepsiburada.com/varakli-aynalar-c-60006511,5,"Spor, Outdoor > kramponlar > dekorasyon > Aynalar > Varaklı Aynalar"
18021309,18021308,duvar stickerlari,https://www.hepsiburada.com/duvar-stickerlari-c-18021309,5,"Spor, Outdoor > kramponlar > dekorasyon > Aynalar > duvar stickerlari"
60003817,18021308,Çerçeveli Aynalar,https://www.hepsiburada.com/cerceveli-aynalar-c-60003817,5,"Spor, Outdoor > kramponlar > dekorasyon > Aynalar > Çerçeveli Aynalar"
60003929,60003776,yilbasi dekorlari,https://www.hepsiburada.com/yilbasi-dekorlari-c-60003929,5,"Spor, Outdoor > kramponlar > dekorasyon > Biblo > yilbasi dekorlari"
60001605,60003775,Bardak Altlığı,https://www.hepsiburada.com/bardak-altliklari-c-60001605,5,"Spor, Outdoor > kramponlar > dekorasyon > Dekoratif Objeler > Bardak Altlığı"
60003777,60003775,Dekoratif Tabak & Kaseler,https://www.hepsiburada.com/dekoratif-tabak-kaseler-c-60003777,5,"Spor, Outdoor > kramponlar > dekorasyon > Dekoratif Objeler > Dekoratif Tabak & Kaseler"
18042865,60003775,Dekoratif Taşlar,https://www.hepsiburada.com/dekoratif-taslar-c-18042865,5,"Spor, Outdoor > kramponlar > dekorasyon > Dekoratif Objeler > Dekoratif Taşlar"
60005737,60003775,Fener Mumluk,https://www.hepsiburada.com/fener-mumluk-c-60005737,5,"Spor, Outdoor > kramponlar > dekorasyon > Dekoratif Objeler > Fener Mumluk"
1110939,60003775,Gondol,https://www.hepsiburada.com/gondol-c-1110939,5,"Spor, Outdoor > kramponlar > dekorasyon > Dekoratif Objeler > Gondol"
60003778,60003775,Keyif Tepsileri,https://www.hepsiburada.com/keyif-tepsileri-c-60003778,5,"Spor, Outdoor > kramponlar > dekorasyon > Dekoratif Objeler > Keyif Tepsileri"
18021624,60003775,Kitap Tutucular,https://www.hepsiburada.com/kitap-tutucular-c-18021624,5,"Spor, Outdoor > kramponlar > dekorasyon > Dekoratif Objeler > Kitap Tutucular"
60003779,60003775,Kumbaralar,https://www.hepsiburada.com/kumbaralar-c-60003779,5,"Spor, Outdoor > kramponlar > dekorasyon > Dekoratif Objeler > Kumbaralar"
18021352,60003775,Kül Tablaları,https://www.hepsiburada.com/kul-tablalari-c-18021352,5,"Spor, Outdoor > kramponlar > dekorasyon > Dekoratif Objeler > Kül Tablaları"
60003569,60003775,Magnet,https://www.hepsiburada.com/magnetler-c-60003569,5,"Spor, Outdoor > kramponlar > dekorasyon > Dekoratif Objeler > Magnet"
18031523,60003775,Nargileler,https://www.hepsiburada.com/nargileler-c-18031523,5,"Spor, Outdoor > kramponlar > dekorasyon > Dekoratif Objeler > Nargileler"
18021355,60003775,Nazar Boncuğu,https://www.hepsiburada.com/nazar-boncuklari-c-18021355,5,"Spor, Outdoor > kramponlar > dekorasyon > Dekoratif Objeler > Nazar Boncuğu"
60005087,60003775,Salon Aksesuar Seti,https://www.hepsiburada.com/salon-aksesuar-seti-c-60005087,5,"Spor, Outdoor > kramponlar > dekorasyon > Dekoratif Objeler > Salon Aksesuar Seti"
60005004,60003775,Yapay Meyve,https://www.hepsiburada.com/yapay-meyveler-c-60005004,5,"Spor, Outdoor > kramponlar > dekorasyon > Dekoratif Objeler > Yapay Meyve"
60003782,60003775,Şaraplıklar,https://www.hepsiburada.com/sarapliklar-c-60003782,5,"Spor, Outdoor > kramponlar > dekorasyon > Dekoratif Objeler > Şaraplıklar"
18021319,60003775,Şömine ve Aksesuarları,https://www.hepsiburada.com/somine-ve-aksesuarlari-c-18021319,5,"Spor, Outdoor > kramponlar > dekorasyon > Dekoratif Objeler > Şömine ve Aksesuarları"
18021431,60000511,Duvar Süslemeleri,https://www.hepsiburada.com/duvar-suslemeleri-c-18021431,5,"Spor, Outdoor > kramponlar > dekorasyon > Duvar Dekorları > Duvar Süslemeleri"
60005403,60000511,Poster Duvar Kağıdı,https://www.hepsiburada.com/poster-duvar-kagidi-c-60005403,5,"Spor, Outdoor > kramponlar > dekorasyon > Duvar Dekorları > Poster Duvar Kağıdı"
18021374,60000511,Posterler,https://www.hepsiburada.com/duvar-dekoru-posterleri-c-18021374,5,"Spor, Outdoor > kramponlar > dekorasyon > Duvar Dekorları > Posterler"
60006525,18021458,Aynalı Saatler,https://www.hepsiburada.com/aynali-saat-c-60006525,5,"Spor, Outdoor > kramponlar > dekorasyon > Duvar Saatleri > Aynalı Saatler"
18032553,18021458,Dekoratif Duvar Saatleri,https://www.hepsiburada.com/dekoratif-duvar-saatleri-c-18032553,5,"Spor, Outdoor > kramponlar > dekorasyon > Duvar Saatleri > Dekoratif Duvar Saatleri"
60006524,18021458,Guguklu Saatler,https://www.hepsiburada.com/guguklu-saatler-c-60006524,5,"Spor, Outdoor > kramponlar > dekorasyon > Duvar Saatleri > Guguklu Saatler"
60006522,18021458,Mutfak Saatleri,https://www.hepsiburada.com/mutfak-saatleri-c-60006522,5,"Spor, Outdoor > kramponlar > dekorasyon > Duvar Saatleri > Mutfak Saatleri"
60006523,18021458,Sarkaçlı Saatler,https://www.hepsiburada.com/sarkacli-saatler-c-60006523,5,"Spor, Outdoor > kramponlar > dekorasyon > Duvar Saatleri > Sarkaçlı Saatler"
60006521,18021458,Sticker Saatler,https://www.hepsiburada.com/sticker-saatler-c-60006521,5,"Spor, Outdoor > kramponlar > dekorasyon > Duvar Saatleri > Sticker Saatler"
60006520,18021458,Tablo Saatler,https://www.hepsiburada.com/tablo-saatler-c-60006520,5,"Spor, Outdoor > kramponlar > dekorasyon > Duvar Saatleri > Tablo Saatler"
60006526,18021458,Çocuk Odası Saatleri,https://www.hepsiburada.com/cocuk-odasi-saatleri-c-60006526,5,"Spor, Outdoor > kramponlar > dekorasyon > Duvar Saatleri > Çocuk Odası Saatleri"
60006527,18021458,İstasyon Saatler,https://www.hepsiburada.com/istasyon-saat-c-60006527,5,"Spor, Outdoor > kramponlar > dekorasyon > Duvar Saatleri > İstasyon Saatler"
60004980,18021314,Ayakkabı Kutusu,https://www.hepsiburada.com/ayakkabi-kutusu-c-60004980,5,"Spor, Outdoor > kramponlar > dekorasyon > Ev Düzenleme & Saklama > Ayakkabı Kutusu"
60004983,18021314,Dekoratif Kutu,https://www.hepsiburada.com/dekoratif-kutular-c-60004983,5,"Spor, Outdoor > kramponlar > dekorasyon > Ev Düzenleme & Saklama > Dekoratif Kutu"
60004987,18021314,Elbise Askısı,https://www.hepsiburada.com/dekoratif-elbise-askilari-c-60004987,5,"Spor, Outdoor > kramponlar > dekorasyon > Ev Düzenleme & Saklama > Elbise Askısı"
60004981,18021314,Saklama Kutusu,https://www.hepsiburada.com/saklama-kutulari-c-60004981,5,"Spor, Outdoor > kramponlar > dekorasyon > Ev Düzenleme & Saklama > Saklama Kutusu"
60004984,18021314,Takı Askısı,https://www.hepsiburada.com/taki-askilari-c-60004984,5,"Spor, Outdoor > kramponlar > dekorasyon > Ev Düzenleme & Saklama > Takı Askısı"
60004982,18021314,Takı Kutusu,https://www.hepsiburada.com/taki-kutulari-c-60004982,5,"Spor, Outdoor > kramponlar > dekorasyon > Ev Düzenleme & Saklama > Takı Kutusu"
60004985,18021314,Yüzük Kutusu,https://www.hepsiburada.com/yuzuk-kutulari-c-60004985,5,"Spor, Outdoor > kramponlar > dekorasyon > Ev Düzenleme & Saklama > Yüzük Kutusu"
60007529,60001787,Afiş & Banner,https://www.hepsiburada.com/afis-banner-c-60007529,5,"Spor, Outdoor > kramponlar > dekorasyon > Parti Malzemeleri > Afiş & Banner"
60007530,60001787,Bayrak,https://www.hepsiburada.com/parti-bayragi-c-60007530,5,"Spor, Outdoor > kramponlar > dekorasyon > Parti Malzemeleri > Bayrak"
60007533,60001787,Davetiye,https://www.hepsiburada.com/davetiye-c-60007533,5,"Spor, Outdoor > kramponlar > dekorasyon > Parti Malzemeleri > Davetiye"
60007535,60001787,Dilek Balonu,https://www.hepsiburada.com/dilek-balonu-c-60007535,5,"Spor, Outdoor > kramponlar > dekorasyon > Parti Malzemeleri > Dilek Balonu"
60005016,60001787,Doğum Günü Süsleri,https://www.hepsiburada.com/dogum-gunu-susleri-c-60005016,5,"Spor, Outdoor > kramponlar > dekorasyon > Parti Malzemeleri > Doğum Günü Süsleri"
60008282,60001787,"Düğün, Kına & Nikah",https://www.hepsiburada.com/dugun-kina-nikah-c-60008282,5,"Spor, Outdoor > kramponlar > dekorasyon > Parti Malzemeleri > Düğün, Kına & Nikah"
60007532,60001787,Hatıra Çerçevesi,https://www.hepsiburada.com/hatira-cercevesi-c-60007532,5,"Spor, Outdoor > kramponlar > dekorasyon > Parti Malzemeleri > Hatıra Çerçevesi"
60007538,60001787,Hediye Paketleme Malzemeleri,https://www.hepsiburada.com/hediye-paketleme-malzemeleri-c-60007538,5,"Spor, Outdoor > kramponlar > dekorasyon > Parti Malzemeleri > Hediye Paketleme Malzemeleri"
60007534,60001787,Kaynana Dili Düdük,https://www.hepsiburada.com/kaynana-dili-duduk-c-60007534,5,"Spor, Outdoor > kramponlar > dekorasyon > Parti Malzemeleri > Kaynana Dili Düdük"
60007536,60001787,Kağıt Fener,https://www.hepsiburada.com/kagit-fener-c-60007536,5,"Spor, Outdoor > kramponlar > dekorasyon > Parti Malzemeleri > Kağıt Fener"
60007537,60001787,Parti Gözlüğü,https://www.hepsiburada.com/parti-gozlugu-c-60007537,5,"Spor, Outdoor > kramponlar > dekorasyon > Parti Malzemeleri > Parti Gözlüğü"
60007549,60001787,Sofra Gereçleri,https://www.hepsiburada.com/sofra-gerecleri-c-60007549,5,"Spor, Outdoor > kramponlar > dekorasyon > Parti Malzemeleri > Sofra Gereçleri"
80618110,18021320,Cam Tablolar,https://www.hepsiburada.com/cam-tablolar-c-80618110,5,"Spor, Outdoor > kramponlar > dekorasyon > Tablolar > Cam Tablolar"
60005461,18021320,Deri Tablo,https://www.hepsiburada.com/deri-tablolar-c-60005461,5,"Spor, Outdoor > kramponlar > dekorasyon > Tablolar > Deri Tablo"
80774000,18021320,Duvar Örtüsü,https://www.hepsiburada.com/duvar-ortusu-c-80774000,5,"Spor, Outdoor > kramponlar > dekorasyon > Tablolar > Duvar Örtüsü"
80547088,18021320,Epoksi Tablolar,https://www.hepsiburada.com/epoksi-tablolar-c-80547088,5,"Spor, Outdoor > kramponlar > dekorasyon > Tablolar > Epoksi Tablolar"
60005639,18021320,Kabartma Tablolar,https://www.hepsiburada.com/kabartma-tablolar-c-60005639,5,"Spor, Outdoor > kramponlar > dekorasyon > Tablolar > Kabartma Tablolar"
18021373,18021320,Kanvas Tablolar,https://www.hepsiburada.com/kanvas-tablolar-c-18021373,5,"Spor, Outdoor > kramponlar > dekorasyon > Tablolar > Kanvas Tablolar"
60005746,18021320,Kara Tahta Tablolar,https://www.hepsiburada.com/kara-tahta-tablolar-c-60005746,5,"Spor, Outdoor > kramponlar > dekorasyon > Tablolar > Kara Tahta Tablolar"
60003566,18021320,Led Işıklı Tablolar,https://www.hepsiburada.com/led-isikli-tablolar-c-60003566,5,"Spor, Outdoor > kramponlar > dekorasyon > Tablolar > Led Işıklı Tablolar"
60002497,18021320,MDF Tablolar,https://www.hepsiburada.com/mdf-tablolar-c-60002497,5,"Spor, Outdoor > kramponlar > dekorasyon > Tablolar > MDF Tablolar"
80517000,18021320,Masif Ahşap Tablolar,https://www.hepsiburada.com/masif-ahsap-tablolar-c-80517000,5,"Spor, Outdoor > kramponlar > dekorasyon > Tablolar > Masif Ahşap Tablolar"
60003474,18021320,Metal Tablolar,https://www.hepsiburada.com/metal-tablolar-c-60003474,5,"Spor, Outdoor > kramponlar > dekorasyon > Tablolar > Metal Tablolar"
60003475,18021320,Pleksi Tablolar,https://www.hepsiburada.com/pleksi-tablolar-c-60003475,5,"Spor, Outdoor > kramponlar > dekorasyon > Tablolar > Pleksi Tablolar"
60005747,18021320,Puzzle Tablolar,https://www.hepsiburada.com/puzzle-tablolar-c-60005747,5,"Spor, Outdoor > kramponlar > dekorasyon > Tablolar > Puzzle Tablolar"
60005098,18021320,Taş Tablolar,https://www.hepsiburada.com/tas-tablolar-c-60005098,5,"Spor, Outdoor > kramponlar > dekorasyon > Tablolar > Taş Tablolar"
18021375,18021320,Yağlı Boya Tablolar,https://www.hepsiburada.com/yagli-boya-tablolar-c-18021375,5,"Spor, Outdoor > kramponlar > dekorasyon > Tablolar > Yağlı Boya Tablolar"
80440035,18021320,Çerçeveli Tablolar,https://www.hepsiburada.com/cerceveli-tablolar-c-80440035,5,"Spor, Outdoor > kramponlar > dekorasyon > Tablolar > Çerçeveli Tablolar"
18033489,18021321,Eğlenceli Tasarım Ürünleri,https://www.hepsiburada.com/eglenceli-tasarim-urunleri-c-18033489,5,"Spor, Outdoor > kramponlar > dekorasyon > Tasarım Ürünleri > Eğlenceli Tasarım Ürünleri"
60005097,18021321,Pratik Ürünler,https://www.hepsiburada.com/pratik-dekorasyon-urunler-c-60005097,5,"Spor, Outdoor > kramponlar > dekorasyon > Tasarım Ürünleri > Pratik Ürünler"
18033490,18021321,İlginç Tasarımlı Dekoratif Ürünler,https://www.hepsiburada.com/ilginc-tasarimli-dekoratif-urunler-c-18033490,5,"Spor, Outdoor > kramponlar > dekorasyon > Tasarım Ürünleri > İlginç Tasarımlı Dekoratif Ürünler"
80857622,18021358,Ahşap Vazo,https://www.hepsiburada.com/ahsap-vazo-c-80857622,5,"Spor, Outdoor > kramponlar > dekorasyon > Vazo > Ahşap Vazo"
18021452,18021358,Cam Vazolar,https://www.hepsiburada.com/cam-vazolar-c-18021452,5,"Spor, Outdoor > kramponlar > dekorasyon > Vazo > Cam Vazolar"
80771002,18021358,Mermer Vazo,https://www.hepsiburada.com/mermer-vazo-c-80771002,5,"Spor, Outdoor > kramponlar > dekorasyon > Vazo > Mermer Vazo"
60003785,18021358,Metal Vazo,https://www.hepsiburada.com/metal-vazolar-c-60003785,5,"Spor, Outdoor > kramponlar > dekorasyon > Vazo > Metal Vazo"
80857586,18021358,Plastik Vazo,https://www.hepsiburada.com/plastik-vazo-c-80857586,5,"Spor, Outdoor > kramponlar > dekorasyon > Vazo > Plastik Vazo"
18021454,18021358,Seramik Vazolar,https://www.hepsiburada.com/seramik-vazolar-c-18021454,5,"Spor, Outdoor > kramponlar > dekorasyon > Vazo > Seramik Vazolar"
60005020,60004335,Yılbaşı Ağaç Süsleri,https://www.hepsiburada.com/yilbasi-agac-susleri-c-60005020,5,"Spor, Outdoor > kramponlar > dekorasyon > Yılbaşı Süsleri > Yılbaşı Ağaç Süsleri"
60003804,60004335,Yılbaşı Oyuncakları,https://www.hepsiburada.com/yilbasi-oyuncaklari-c-60003804,5,"Spor, Outdoor > kramponlar > dekorasyon > Yılbaşı Süsleri > Yılbaşı Oyuncakları"
60003805,60004335,Yılbaşı Parti Malzemeleri,https://www.hepsiburada.com/yilbasi-parti-malzemeleri-c-60003805,5,"Spor, Outdoor > kramponlar > dekorasyon > Yılbaşı Süsleri > Yılbaşı Parti Malzemeleri"
60003928,60004335,Yılbaşı Tabloları,https://www.hepsiburada.com/yilbasi-tablolari-c-60003928,5,"Spor, Outdoor > kramponlar > dekorasyon > Yılbaşı Süsleri > Yılbaşı Tabloları"
60003806,60004335,Yılbaşı Topları,https://www.hepsiburada.com/yilbasi-toplari-c-60003806,5,"Spor, Outdoor > kramponlar > dekorasyon > Yılbaşı Süsleri > Yılbaşı Topları"
60003803,60004335,yilbasi cam agaclari,https://www.hepsiburada.com/yilbasi-cam-agaclari-c-60003803,5,"Spor, Outdoor > kramponlar > dekorasyon > Yılbaşı Süsleri > yilbasi cam agaclari"
60005044,60004335,yilbasi sepetleri,https://www.hepsiburada.com/yilbasi-sepetleri-c-60005044,5,"Spor, Outdoor > kramponlar > dekorasyon > Yılbaşı Süsleri > yilbasi sepetleri"
80755017,80755014,Dijital Dergi,https://www.hepsiburada.com/dijital-dergi-c-80755017,5,"Spor, Outdoor > kramponlar > dijital urunler > Dijital Yayın > Dijital Dergi"
80755015,80755014,E-kitap,https://www.hepsiburada.com/e-kitap-c-80755015,5,"Spor, Outdoor > kramponlar > dijital urunler > Dijital Yayın > E-kitap"
80755016,80755014,Sesli Kitap,https://www.hepsiburada.com/sesli-kitap-c-80755016,5,"Spor, Outdoor > kramponlar > dijital urunler > Dijital Yayın > Sesli Kitap"
80755004,80755003,"Etkinlik, Aktivite",https://www.hepsiburada.com/etkinlik-aktivite-c-80755004,5,"Spor, Outdoor > kramponlar > dijital urunler > Eğlence > Etkinlik, Aktivite"
80755005,80755003,"Gezi, Tatil Turu",https://www.hepsiburada.com/gezi-tatil-turu-c-80755005,5,"Spor, Outdoor > kramponlar > dijital urunler > Eğlence > Gezi, Tatil Turu"
80755007,80755003,Spor Hizmet,https://www.hepsiburada.com/spor-hizmet-c-80755007,5,"Spor, Outdoor > kramponlar > dijital urunler > Eğlence > Spor Hizmet"
80756000,80755019,Fırsat Menüleri,https://www.hepsiburada.com/firsat-menuleri-c-80756000,5,"Spor, Outdoor > kramponlar > dijital urunler > Yeme, İçme > Fırsat Menüleri"
60003891,60002660,yilbasi aydinlatmalari,https://www.hepsiburada.com/yilbasi-aydinlatmalari-c-60003891,5,"Spor, Outdoor > kramponlar > elektrik aydinlatma urunleri > Dekoratif Aydınlatma > yilbasi aydinlatmalari"
60002656,60002655,Gömme Spotlar,https://www.hepsiburada.com/gomme-spotlar-c-60002656,5,"Spor, Outdoor > kramponlar > elektrik aydinlatma urunleri > Spotlar > Gömme Spotlar"
60002789,60002655,piller,https://www.hepsiburada.com/piller-c-60002789,5,"Spor, Outdoor > kramponlar > elektrik aydinlatma urunleri > Spotlar > piller"
80274085,13003202,Akıllı Ampuller,https://www.hepsiburada.com/akilli-ampuller-c-80274085,5,"Spor, Outdoor > kramponlar > elektrik aydinlatma urunleri > ampuller > Akıllı Ampuller"
60002997,13003202,Floresan Ampuller,https://www.hepsiburada.com/floresan-ampuller-c-60002997,5,"Spor, Outdoor > kramponlar > elektrik aydinlatma urunleri > ampuller > Floresan Ampuller"
13006523,13003202,Halojen Ampuller,https://www.hepsiburada.com/halojen-ampuller-c-13006523,5,"Spor, Outdoor > kramponlar > elektrik aydinlatma urunleri > ampuller > Halojen Ampuller"
80274084,13003202,Rustik Ampuller,https://www.hepsiburada.com/rustik-ampuller-c-80274084,5,"Spor, Outdoor > kramponlar > elektrik aydinlatma urunleri > ampuller > Rustik Ampuller"
60004292,60004290,Abajur,https://www.hepsiburada.com/cocuk-odasi-abajurleri-c-60004292,5,"Spor, Outdoor > kramponlar > elektrik aydinlatma urunleri > Çocuk Odası Aydınlatma > Abajur"
60004294,60004290,Dekoratif Aydınlatma,https://www.hepsiburada.com/cocuk-odasi-dekoratif-aydinlatmalar-c-60004294,5,"Spor, Outdoor > kramponlar > elektrik aydinlatma urunleri > Çocuk Odası Aydınlatma > Dekoratif Aydınlatma"
60004295,60004290,Gece Lambası,https://www.hepsiburada.com/cocuk-odasi-gece-lambalari-c-60004295,5,"Spor, Outdoor > kramponlar > elektrik aydinlatma urunleri > Çocuk Odası Aydınlatma > Gece Lambası"
60004296,60004290,Masa Lambası,https://www.hepsiburada.com/cocuk-odasi-masa-lambalari-c-60004296,5,"Spor, Outdoor > kramponlar > elektrik aydinlatma urunleri > Çocuk Odası Aydınlatma > Masa Lambası"
60004297,60004290,Sarkıt,https://www.hepsiburada.com/cocuk-odasi-sarkit-avizeler-c-60004297,5,"Spor, Outdoor > kramponlar > elektrik aydinlatma urunleri > Çocuk Odası Aydınlatma > Sarkıt"
13006539,13003206,Akım Korumalı Grup Prizler,https://www.hepsiburada.com/akim-korumali-grup-prizler-c-13006539,5,"Spor, Outdoor > kramponlar > elektrik tesisat malzemeleri > Grup Priz & Uzatma Kablosu > Akım Korumalı Grup Prizler"
100565,13003206,Akım Koruyucular,https://www.hepsiburada.com/akim-koruyucu-prizler-c-100565,5,"Spor, Outdoor > kramponlar > elektrik tesisat malzemeleri > Grup Priz & Uzatma Kablosu > Akım Koruyucular"
13006541,13003206,Golyat Priz,https://www.hepsiburada.com/golyat-prizler-c-13006541,5,"Spor, Outdoor > kramponlar > elektrik tesisat malzemeleri > Grup Priz & Uzatma Kablosu > Golyat Priz"
13006538,13003206,Kablosuz Grup Prizler,https://www.hepsiburada.com/kablosuz-grup-prizler-c-13006538,5,"Spor, Outdoor > kramponlar > elektrik tesisat malzemeleri > Grup Priz & Uzatma Kablosu > Kablosuz Grup Prizler"
13006537,13003206,Uzatma Kablosu & Grup Priz,https://www.hepsiburada.com/uzatma-kablolari-grup-prizler-c-13006537,5,"Spor, Outdoor > kramponlar > elektrik tesisat malzemeleri > Grup Priz & Uzatma Kablosu > Uzatma Kablosu & Grup Priz"
162153,17693,Dikiş Makinası Aksesuarları,https://www.hepsiburada.com/dikis-makinasi-aksesuarlari-c-162153,5,"Spor, Outdoor > kramponlar > elektrikli ev aletleri > Dikiş Makinaları & Aksesuarları > Dikiş Makinası Aksesuarları"
237529,60003748,mutfak ekipmanlari,https://www.hepsiburada.com/mutfak-ekipmanlari-c-237529,5,"Spor, Outdoor > kramponlar > elektrikli mutfak aletleri > Mutfak Tartıları > mutfak ekipmanlari"
60003764,60003748,servis aletleri,https://www.hepsiburada.com/servis-aletleri-c-60003764,5,"Spor, Outdoor > kramponlar > elektrikli mutfak aletleri > Mutfak Tartıları > servis aletleri"
80857368,60004641,Alt Üst Takım,https://www.hepsiburada.com/alt-ust-takim-c-80857368,5,"Spor, Outdoor > kramponlar > erkek giyim modelleri > Giyim > Alt Üst Takım"
60000676,60004641,Eşofman,https://www.hepsiburada.com/erkek-esofmanlar-c-60000676,5,"Spor, Outdoor > kramponlar > erkek giyim modelleri > Giyim > Eşofman"
80519085,60004641,Hac & Umre Kıyafetleri,https://www.hepsiburada.com/hac-umre-kiyafetleri-c-80519085,5,"Spor, Outdoor > kramponlar > erkek giyim modelleri > Giyim > Hac & Umre Kıyafetleri"
60000070,60004641,Kaban & Parka,https://www.hepsiburada.com/erkek-kabanlar-c-60000070,5,"Spor, Outdoor > kramponlar > erkek giyim modelleri > Giyim > Kaban & Parka"
12087307,60004641,Mayo Şort,https://www.hepsiburada.com/sort-mayo-c-12087307,5,"Spor, Outdoor > kramponlar > erkek giyim modelleri > Giyim > Mayo Şort"
60003800,60004641,Süveter,https://www.hepsiburada.com/erkek-suveter-c-60003800,5,"Spor, Outdoor > kramponlar > erkek giyim modelleri > Giyim > Süveter"
60000761,60004641,Yağmurluk,https://www.hepsiburada.com/yagmurluklar-c-60000761,5,"Spor, Outdoor > kramponlar > erkek giyim modelleri > Giyim > Yağmurluk"
12067637,60004641,Yelek,https://www.hepsiburada.com/erkek-yelekler-c-12067637,5,"Spor, Outdoor > kramponlar > erkek giyim modelleri > Giyim > Yelek"
60000692,60001586,Fanila / Atlet,https://www.hepsiburada.com/erkek-fanila-atletler-c-60000692,5,"Spor, Outdoor > kramponlar > erkek giyim modelleri > İç Giyim > Fanila / Atlet"
60003297,60001586,Fantezi,https://www.hepsiburada.com/erkek-fantezi-ic-giyim-urunleri-c-60003297,5,"Spor, Outdoor > kramponlar > erkek giyim modelleri > İç Giyim > Fantezi"
80857369,60001586,Korse,https://www.hepsiburada.com/korse-c-80857369,5,"Spor, Outdoor > kramponlar > erkek giyim modelleri > İç Giyim > Korse"
60000694,60001586,Pijama,https://www.hepsiburada.com/erkek-pijamalar-c-60000694,5,"Spor, Outdoor > kramponlar > erkek giyim modelleri > İç Giyim > Pijama"
80857516,60001586,Slip,https://www.hepsiburada.com/slip-c-80857516,5,"Spor, Outdoor > kramponlar > erkek giyim modelleri > İç Giyim > Slip"
60002071,60001586,İçlik,https://www.hepsiburada.com/erkek-iclikler-c-60002071,5,"Spor, Outdoor > kramponlar > erkek giyim modelleri > İç Giyim > İçlik"
26012165,26012157,Bıçak Yedekleri,https://www.hepsiburada.com/tiras-bicagi-yedekleri-c-26012165,5,"Spor, Outdoor > kramponlar > erkek tiras urunleri > Tıraş Bıçakları Ve Yedekleri > Bıçak Yedekleri"
26012163,26012157,Kullan-At Bıçaklar,https://www.hepsiburada.com/kullan-at-bicaklar-c-26012163,5,"Spor, Outdoor > kramponlar > erkek tiras urunleri > Tıraş Bıçakları Ve Yedekleri > Kullan-At Bıçaklar"
26012164,26012157,Manuel Tıraş Makineleri,https://www.hepsiburada.com/manuel-tiras-makineleri-c-26012164,5,"Spor, Outdoor > kramponlar > erkek tiras urunleri > Tıraş Bıçakları Ve Yedekleri > Manuel Tıraş Makineleri"
26012169,26012158,Tıraş Jelleri,https://www.hepsiburada.com/tiras-jelleri-c-26012169,5,"Spor, Outdoor > kramponlar > erkek tiras urunleri > Tıraş Sabun,Krem,Köpük Ve Jelleri > Tıraş Jelleri"
26012167,26012158,Tıraş Kremleri,https://www.hepsiburada.com/tiras-kremleri-c-26012167,5,"Spor, Outdoor > kramponlar > erkek tiras urunleri > Tıraş Sabun,Krem,Köpük Ve Jelleri > Tıraş Kremleri"
26012168,26012158,Tıraş Köpükleri,https://www.hepsiburada.com/tiras-kopukleri-c-26012168,5,"Spor, Outdoor > kramponlar > erkek tiras urunleri > Tıraş Sabun,Krem,Köpük Ve Jelleri > Tıraş Köpükleri"
28001541,60002914,temizlik setleri,https://www.hepsiburada.com/temizlik-setleri-c-28001541,5,"Spor, Outdoor > kramponlar > ev gerecleri > Plastik Temizlik Malzemeleri > temizlik setleri"
9011810,9010073,Banyo Perdesi,https://www.hepsiburada.com/banyo-perdeleri-c-9011810,5,"Spor, Outdoor > kramponlar > ev tekstili > Banyo Tekstili > Banyo Perdesi"
9010083,9010073,Bornoz Takımı,https://www.hepsiburada.com/bornoz-takimlari-c-9010083,5,"Spor, Outdoor > kramponlar > ev tekstili > Banyo Tekstili > Bornoz Takımı"
60003633,9010073,Peştemal,https://www.hepsiburada.com/pestemaller-c-60003633,5,"Spor, Outdoor > kramponlar > ev tekstili > Banyo Tekstili > Peştemal"
9010080,9010073,Plaj Havlusu,https://www.hepsiburada.com/plaj-havlulari-c-9010080,5,"Spor, Outdoor > kramponlar > ev tekstili > Banyo Tekstili > Plaj Havlusu"
60000522,512329,Akrilik Battaniye,https://www.hepsiburada.com/akrilik-battaniyeler-c-60000522,5,"Spor, Outdoor > kramponlar > ev tekstili > Battaniye > Akrilik Battaniye"
60000524,512329,Elektrikli Battaniye,https://www.hepsiburada.com/elektrikli-battaniyeleri-c-60000524,5,"Spor, Outdoor > kramponlar > ev tekstili > Battaniye > Elektrikli Battaniye"
60001889,512329,Pamuk Battaniye,https://www.hepsiburada.com/pamuk-battaniyeler-c-60001889,5,"Spor, Outdoor > kramponlar > ev tekstili > Battaniye > Pamuk Battaniye"
60000523,512329,Polyester Battaniye,https://www.hepsiburada.com/polyester-battaniyeler-c-60000523,5,"Spor, Outdoor > kramponlar > ev tekstili > Battaniye > Polyester Battaniye"
60001835,512329,Yün Battaniye,https://www.hepsiburada.com/yun-battaniyeler-c-60001835,5,"Spor, Outdoor > kramponlar > ev tekstili > Battaniye > Yün Battaniye"
9010088,9010084,Duvar Kağıdı ve Çıkartmalar (Sticker),https://www.hepsiburada.com/duvar-kagidi-cikartmalar-sticker-c-9010088,5,"Spor, Outdoor > kramponlar > ev tekstili > Ev Dekorasyon Ürünleri > Duvar Kağıdı ve Çıkartmalar (Sticker)"
9010100,9010084,Koltuk Örtü ve Şalları,https://www.hepsiburada.com/koltuk-ortu-sallari-c-9010100,5,"Spor, Outdoor > kramponlar > ev tekstili > Ev Dekorasyon Ürünleri > Koltuk Örtü ve Şalları"
9013711,9010084,Minderler,https://www.hepsiburada.com/minderler-c-9013711,5,"Spor, Outdoor > kramponlar > ev tekstili > Ev Dekorasyon Ürünleri > Minderler"
516506,9010084,Saklama Ürünleri,https://www.hepsiburada.com/saklama-urunleri-c-516506,5,"Spor, Outdoor > kramponlar > ev tekstili > Ev Dekorasyon Ürünleri > Saklama Ürünleri"
9024981,9022246,Deri Halı,https://www.hepsiburada.com/deri-halilar-c-9024981,5,"Spor, Outdoor > kramponlar > ev tekstili > Halı > Deri Halı"
60000664,9022246,El Halısı,https://www.hepsiburada.com/el-halilari-c-60000664,5,"Spor, Outdoor > kramponlar > ev tekstili > Halı > El Halısı"
80340043,9022246,Halı Kaydırmaz,https://www.hepsiburada.com/hali-kaydirmaz-c-80340043,5,"Spor, Outdoor > kramponlar > ev tekstili > Halı > Halı Kaydırmaz"
60000307,9022246,Makina Halısı,https://www.hepsiburada.com/makina-halilari-c-60000307,5,"Spor, Outdoor > kramponlar > ev tekstili > Halı > Makina Halısı"
60005565,9022246,Seccade,https://www.hepsiburada.com/seccade-c-60005565,5,"Spor, Outdoor > kramponlar > ev tekstili > Halı > Seccade"
60000305,9022246,Shaggy Halı,https://www.hepsiburada.com/shaggy-halilar-c-60000305,5,"Spor, Outdoor > kramponlar > ev tekstili > Halı > Shaggy Halı"
60000304,9022246,bambu halilar,https://www.hepsiburada.com/bambu-halilar-c-60000304,5,"Spor, Outdoor > kramponlar > ev tekstili > Halı > bambu halilar"
80195002,9022246,hali ortusu,https://www.hepsiburada.com/hali-ortusu-c-80195002,5,"Spor, Outdoor > kramponlar > ev tekstili > Halı > hali ortusu"
60001273,9022246,Çocuk Halısı,https://www.hepsiburada.com/cocuk-halilari-c-60001273,5,"Spor, Outdoor > kramponlar > ev tekstili > Halı > Çocuk Halısı"
9010078,9010074,Ayak Havlusu,https://www.hepsiburada.com/ayak-havlulari-c-9010078,5,"Spor, Outdoor > kramponlar > ev tekstili > Havlu > Ayak Havlusu"
9010079,9010074,Banyo Havlusu,https://www.hepsiburada.com/banyo-havlulari-c-9010079,5,"Spor, Outdoor > kramponlar > ev tekstili > Havlu > Banyo Havlusu"
9010077,9010074,El / Yüz Havluları,https://www.hepsiburada.com/el-yuz-havlulari-c-9010077,5,"Spor, Outdoor > kramponlar > ev tekstili > Havlu > El / Yüz Havluları"
9024753,9010107,Amerikan Servisler,https://www.hepsiburada.com/amerikan-servisler-c-9024753,5,"Spor, Outdoor > kramponlar > ev tekstili > Masa Örtüleri > Amerikan Servisler"
9010262,9010107,Klasik Masa Örtüleri,https://www.hepsiburada.com/klasik-masa-ortuleri-c-9010262,5,"Spor, Outdoor > kramponlar > ev tekstili > Masa Örtüleri > Klasik Masa Örtüleri"
9010264,9010107,Runner,https://www.hepsiburada.com/runner-c-9010264,5,"Spor, Outdoor > kramponlar > ev tekstili > Masa Örtüleri > Runner"
60001358,9022247,Fon Perde,https://www.hepsiburada.com/fon-perdeler-c-60001358,5,"Spor, Outdoor > kramponlar > ev tekstili > Perde > Fon Perde"
9022249,9022247,Güneşlik,https://www.hepsiburada.com/guneslikler-c-9022249,5,"Spor, Outdoor > kramponlar > ev tekstili > Perde > Güneşlik"
60001164,9022247,Jaluzi,https://www.hepsiburada.com/jaluziler-c-60001164,5,"Spor, Outdoor > kramponlar > ev tekstili > Perde > Jaluzi"
60008820,9022247,Mutfak Perdesi,https://www.hepsiburada.com/mutfak-perdesi-c-60008820,5,"Spor, Outdoor > kramponlar > ev tekstili > Perde > Mutfak Perdesi"
60005043,9022247,Perde Aksesuarları,https://www.hepsiburada.com/perde-aksesuarlari-c-60005043,5,"Spor, Outdoor > kramponlar > ev tekstili > Perde > Perde Aksesuarları"
9022251,9022247,Stor Perde,https://www.hepsiburada.com/stor-perdeler-c-9022251,5,"Spor, Outdoor > kramponlar > ev tekstili > Perde > Stor Perde"
60001357,9022247,Tül Perde,https://www.hepsiburada.com/tul-perdeler-c-60001357,5,"Spor, Outdoor > kramponlar > ev tekstili > Perde > Tül Perde"
9024239,9022247,İp Perde,https://www.hepsiburada.com/ip-perdeler-c-9024239,5,"Spor, Outdoor > kramponlar > ev tekstili > Perde > İp Perde"
9010353,512226,Pike,https://www.hepsiburada.com/pikeler-c-9010353,5,"Spor, Outdoor > kramponlar > ev tekstili > Pike / Pike Takımı > Pike"
9010352,512226,Pike Takımı,https://www.hepsiburada.com/pike-takimlari-c-9010352,5,"Spor, Outdoor > kramponlar > ev tekstili > Pike / Pike Takımı > Pike Takımı"
9009859,512544,carsaflar,https://www.hepsiburada.com/carsaflar-c-9009859,5,"Spor, Outdoor > kramponlar > ev tekstili > Yatak Örtüsü > carsaflar"
9010351,512544,yastik kiliflari,https://www.hepsiburada.com/yastik-kiliflari-c-9010351,5,"Spor, Outdoor > kramponlar > ev tekstili > Yatak Örtüsü > yastik kiliflari"
60005196,510009,Bambu Yorgan,https://www.hepsiburada.com/bambu-yorgan-c-60005196,5,"Spor, Outdoor > kramponlar > ev tekstili > Yorgan > Bambu Yorgan"
510033,510009,Kaz Tüyü Yorgan,https://www.hepsiburada.com/kaz-tuyu-yorganlar-c-510033,5,"Spor, Outdoor > kramponlar > ev tekstili > Yorgan > Kaz Tüyü Yorgan"
9000548,510009,Mikrofiber Yorgan,https://www.hepsiburada.com/mikrofiber-yorganlar-c-9000548,5,"Spor, Outdoor > kramponlar > ev tekstili > Yorgan > Mikrofiber Yorgan"
510034,510009,Pamuk Yorgan,https://www.hepsiburada.com/pamuk-yorganlar-c-510034,5,"Spor, Outdoor > kramponlar > ev tekstili > Yorgan > Pamuk Yorgan"
524504,510009,Silikon Yorgan,https://www.hepsiburada.com/silikon-yorganlar-c-524504,5,"Spor, Outdoor > kramponlar > ev tekstili > Yorgan > Silikon Yorgan"
510035,510009,Yün Yorgan,https://www.hepsiburada.com/yun-yorganlar-c-510035,5,"Spor, Outdoor > kramponlar > ev tekstili > Yorgan > Yün Yorgan"
80523061,510009,İpek Yorgan,https://www.hepsiburada.com/ipek-yorgan-c-80523061,5,"Spor, Outdoor > kramponlar > ev tekstili > Yorgan > İpek Yorgan"
60006149,60002083,Filmli Fotoğraf Makineleri,https://www.hepsiburada.com/filmli-fotograf-makineleri-c-60006149,5,"Spor, Outdoor > kramponlar > foto kameralari > Fotoğraf Makinesi ve Kamera > Filmli Fotoğraf Makineleri"
60003730,81481,Kompakt Kamera Çantaları,https://www.hepsiburada.com/kompakt-kamera-cantalari-c-60003730,5,"Spor, Outdoor > kramponlar > fotograf makinesi aksesuarlari > Fotoğraf Makinesi Çantaları > Kompakt Kamera Çantaları"
60003736,81481,Lens Çantaları,https://www.hepsiburada.com/lens-cantalari-c-60003736,5,"Spor, Outdoor > kramponlar > fotograf makinesi aksesuarlari > Fotoğraf Makinesi Çantaları > Lens Çantaları"
60003731,81481,SLR Omuz Çantaları,https://www.hepsiburada.com/slr-omuz-cantalari-c-60003731,5,"Spor, Outdoor > kramponlar > fotograf makinesi aksesuarlari > Fotoğraf Makinesi Çantaları > SLR Omuz Çantaları"
60003732,81481,SLR Sırt Çantaları,https://www.hepsiburada.com/slr-sirt-cantalari-c-60003732,5,"Spor, Outdoor > kramponlar > fotograf makinesi aksesuarlari > Fotoğraf Makinesi Çantaları > SLR Sırt Çantaları"
60003725,60002059,Compact Flash,https://www.hepsiburada.com/compact-flashlar-c-60003725,5,"Spor, Outdoor > kramponlar > fotograf makinesi aksesuarlari > Hafıza Kartı ve Kart Okuyucuları > Compact Flash"
698,60002059,Kart Okuyucular,https://www.hepsiburada.com/kart-okuyucular-c-698,5,"Spor, Outdoor > kramponlar > fotograf makinesi aksesuarlari > Hafıza Kartı ve Kart Okuyucuları > Kart Okuyucular"
60003724,60002059,Micro Sd Kartlar,https://www.hepsiburada.com/micro-sd-kartlar-c-60003724,5,"Spor, Outdoor > kramponlar > fotograf makinesi aksesuarlari > Hafıza Kartı ve Kart Okuyucuları > Micro Sd Kartlar"
1100011,60002059,sd kartlar,https://www.hepsiburada.com/sd-kartlar-c-1100011,5,"Spor, Outdoor > kramponlar > fotograf makinesi aksesuarlari > Hafıza Kartı ve Kart Okuyucuları > sd kartlar"
60003726,87951,Para Piller,https://www.hepsiburada.com/para-piller-c-60003726,5,"Spor, Outdoor > kramponlar > fotograf makinesi aksesuarlari > Pil Ve Şarj Cihazları > Para Piller"
60003728,87951,SLR ve Kompakt Kamera Li-On Pilleri,https://www.hepsiburada.com/slr-kompakt-kamera-li-on-pilleri-c-60003728,5,"Spor, Outdoor > kramponlar > fotograf makinesi aksesuarlari > Pil Ve Şarj Cihazları > SLR ve Kompakt Kamera Li-On Pilleri"
60003729,87951,SLR Şarj Üniteleri,https://www.hepsiburada.com/slr-sarj-uniteleri-c-60003729,5,"Spor, Outdoor > kramponlar > fotograf makinesi aksesuarlari > Pil Ve Şarj Cihazları > SLR Şarj Üniteleri"
60003727,87951,Şarj Edilebilir Piller ve Şarj Cihazları,https://www.hepsiburada.com/sarj-edilebilir-piller-sarj-cihazlari-c-60003727,5,"Spor, Outdoor > kramponlar > fotograf makinesi aksesuarlari > Pil Ve Şarj Cihazları > Şarj Edilebilir Piller ve Şarj Cihazları"
60002248,60000388,Setler,https://www.hepsiburada.com/setler-c-60002248,5,"Spor, Outdoor > kramponlar > hirdavat urunleri > Bağlantı Elemanları > Setler"
60002186,60000388,Çivi,https://www.hepsiburada.com/civiler-c-60002186,5,"Spor, Outdoor > kramponlar > hirdavat urunleri > Bağlantı Elemanları > Çivi"
60001263,80127002,contalar,https://www.hepsiburada.com/contalar-c-60001263,5,"Spor, Outdoor > kramponlar > hirdavat urunleri > Doğalgaz Hortumu > contalar"
60002055,60005797,rulolar,https://www.hepsiburada.com/rulolar-c-60002055,5,"Spor, Outdoor > kramponlar > hirdavat urunleri > Dış Mekan Paspasları > rulolar"
60005213,13003348,Diafon Sistemleri,https://www.hepsiburada.com/diafon-sistemleri-c-60005213,5,"Spor, Outdoor > kramponlar > hirdavat urunleri > Kapı & Pencere > Diafon Sistemleri"
13003368,13003348,Kapı,https://www.hepsiburada.com/kapi-c-13003368,5,"Spor, Outdoor > kramponlar > hirdavat urunleri > Kapı & Pencere > Kapı"
13003369,13003348,Kapı Kolları,https://www.hepsiburada.com/kapi-kollari-c-13003369,5,"Spor, Outdoor > kramponlar > hirdavat urunleri > Kapı & Pencere > Kapı Kolları"
80842001,13003348,Pencere,https://www.hepsiburada.com/pencere-c-80842001,5,"Spor, Outdoor > kramponlar > hirdavat urunleri > Kapı & Pencere > Pencere"
60000662,13003348,Stoper,https://www.hepsiburada.com/kapi-stoperleri-c-60000662,5,"Spor, Outdoor > kramponlar > hirdavat urunleri > Kapı & Pencere > Stoper"
13003469,13003348,Yalıtım Bandı & Fitiller,https://www.hepsiburada.com/kapi-pencere-bantlari-c-13003469,5,"Spor, Outdoor > kramponlar > hirdavat urunleri > Kapı & Pencere > Yalıtım Bandı & Fitiller"
13006551,13003348,Zil,https://www.hepsiburada.com/ziller-c-13006551,5,"Spor, Outdoor > kramponlar > hirdavat urunleri > Kapı & Pencere > Zil"
80146018,60000309,Dolap İçi Düzenleyiciler,https://www.hepsiburada.com/dolap-ici-duzenleyici-c-80146018,5,"Spor, Outdoor > kramponlar > hirdavat urunleri > Mobilya Hırdavatı > Dolap İçi Düzenleyiciler"
80146014,60000309,Kenar Bantları,https://www.hepsiburada.com/kenar-bantlari-c-80146014,5,"Spor, Outdoor > kramponlar > hirdavat urunleri > Mobilya Hırdavatı > Kenar Bantları"
60000367,60000309,Keçeler,https://www.hepsiburada.com/keceler-c-60000367,5,"Spor, Outdoor > kramponlar > hirdavat urunleri > Mobilya Hırdavatı > Keçeler"
60001176,60000309,Masa Ayakları,https://www.hepsiburada.com/masa-ayaklari-c-60001176,5,"Spor, Outdoor > kramponlar > hirdavat urunleri > Mobilya Hırdavatı > Masa Ayakları"
60001174,60000309,Mobilya Bağlantı Elemanları,https://www.hepsiburada.com/mobilya-baglanti-elemanlari-c-60001174,5,"Spor, Outdoor > kramponlar > hirdavat urunleri > Mobilya Hırdavatı > Mobilya Bağlantı Elemanları"
60001173,60000309,Mobilya Kilitleri,https://www.hepsiburada.com/mobilya-kilitleri-c-60001173,5,"Spor, Outdoor > kramponlar > hirdavat urunleri > Mobilya Hırdavatı > Mobilya Kilitleri"
60001178,60000309,Mobilya Makasları,https://www.hepsiburada.com/mobilya-makaslari-c-60001178,5,"Spor, Outdoor > kramponlar > hirdavat urunleri > Mobilya Hırdavatı > Mobilya Makasları"
60001179,60000309,Mobilya Menteşeleri,https://www.hepsiburada.com/mobilya-menteseleri-c-60001179,5,"Spor, Outdoor > kramponlar > hirdavat urunleri > Mobilya Hırdavatı > Mobilya Menteşeleri"
80149006,60000309,Mobilya Profilleri,https://www.hepsiburada.com/mobilya-profilleri-c-80149006,5,"Spor, Outdoor > kramponlar > hirdavat urunleri > Mobilya Hırdavatı > Mobilya Profilleri"
60001175,60000309,Mıknatıs / Çıtçıt,https://www.hepsiburada.com/miknatis-citcitler-c-60001175,5,"Spor, Outdoor > kramponlar > hirdavat urunleri > Mobilya Hırdavatı > Mıknatıs / Çıtçıt"
60002235,60000309,Raf Altı,https://www.hepsiburada.com/raf-altlari-c-60002235,5,"Spor, Outdoor > kramponlar > hirdavat urunleri > Mobilya Hırdavatı > Raf Altı"
60001177,60000309,Raf Pimleri,https://www.hepsiburada.com/raf-pimleri-c-60001177,5,"Spor, Outdoor > kramponlar > hirdavat urunleri > Mobilya Hırdavatı > Raf Pimleri"
60001172,60000309,Çekmece Rayları,https://www.hepsiburada.com/cekmece-raylari-c-60001172,5,"Spor, Outdoor > kramponlar > hirdavat urunleri > Mobilya Hırdavatı > Çekmece Rayları"
13003363,60000385,Avadanlık,https://www.hepsiburada.com/avadanlik-c-13003363,5,"Spor, Outdoor > kramponlar > hirdavat urunleri > Takım Çantaları ve Avadanlıklar > Avadanlık"
60003960,60000385,Takım Çantaları,https://www.hepsiburada.com/alet-takim-cantalari-c-60003960,5,"Spor, Outdoor > kramponlar > hirdavat urunleri > Takım Çantaları ve Avadanlıklar > Takım Çantaları"
60002015,60000385,is guvenlik eldivenleri,https://www.hepsiburada.com/is-guvenlik-eldivenleri-c-60002015,5,"Spor, Outdoor > kramponlar > hirdavat urunleri > Takım Çantaları ve Avadanlıklar > is guvenlik eldivenleri"
80842015,1200001,3D Baskı Parçalar,https://www.hepsiburada.com/3d-baski-parcalari-c-80842015,5,"Spor, Outdoor > kramponlar > hobi eglence urunleri > Hobi > 3D Baskı Parçalar"
60005631,1200001,Aksesuarlar,https://www.hepsiburada.com/aksesuarlar-c-60005631,5,"Spor, Outdoor > kramponlar > hobi eglence urunleri > Hobi > Aksesuarlar"
60005936,1200001,El İşi Malzemeleri,https://www.hepsiburada.com/el-isi-malzemeleri-c-60005936,5,"Spor, Outdoor > kramponlar > hobi eglence urunleri > Hobi > El İşi Malzemeleri"
1204342,1200001,Figür Modeller,https://www.hepsiburada.com/figur-modelleri-c-1204342,5,"Spor, Outdoor > kramponlar > hobi eglence urunleri > Hobi > Figür Modeller"
80828027,1200001,Koleksiyon,https://www.hepsiburada.com/koleksiyon-c-80828027,5,"Spor, Outdoor > kramponlar > hobi eglence urunleri > Hobi > Koleksiyon"
60005054,1200001,Müzik Kutusu,https://www.hepsiburada.com/muzik-kutulari-c-60005054,5,"Spor, Outdoor > kramponlar > hobi eglence urunleri > Hobi > Müzik Kutusu"
60003253,1200001,Mıknatıslar,https://www.hepsiburada.com/miknatisli-hobi-oyunlari-c-60003253,5,"Spor, Outdoor > kramponlar > hobi eglence urunleri > Hobi > Mıknatıslar"
60001072,1200001,Puzzle Aksesuarları,https://www.hepsiburada.com/yapboz-puzzle-aksesuarlari-c-60001072,5,"Spor, Outdoor > kramponlar > hobi eglence urunleri > Hobi > Puzzle Aksesuarları"
80207015,1200001,Stres Oyuncakları,https://www.hepsiburada.com/stres-oyuncaklari-c-80207015,5,"Spor, Outdoor > kramponlar > hobi eglence urunleri > Hobi > Stres Oyuncakları"
60005520,1200001,İlginç Ürünler,https://www.hepsiburada.com/ilginc-urunler-c-60005520,5,"Spor, Outdoor > kramponlar > hobi eglence urunleri > Hobi > İlginç Ürünler"
1200261,1201472,Okeyler,https://www.hepsiburada.com/okeyler-c-1200261,5,"Spor, Outdoor > kramponlar > hobi eglence urunleri > Oyun Takımları > Okeyler"
14002013,1201472,Oyun Takımı Aksesuarları,https://www.hepsiburada.com/oyun-takimi-aksesuarlari-c-14002013,5,"Spor, Outdoor > kramponlar > hobi eglence urunleri > Oyun Takımları > Oyun Takımı Aksesuarları"
60005067,14001244,Akıllı Oyuncaklar,https://www.hepsiburada.com/akilli-oyuncaklar-c-60005067,5,"Spor, Outdoor > kramponlar > hobi eglence urunleri > Uzaktan Kumandalı Araçlar > Akıllı Oyuncaklar"
14003285,14001244,RC Araç Ekipmanları,https://www.hepsiburada.com/rc-araba-ekipmanlari-c-14003285,5,"Spor, Outdoor > kramponlar > hobi eglence urunleri > Uzaktan Kumandalı Araçlar > RC Araç Ekipmanları"
14004318,14001244,RC Araç Yedek Parçaları,https://www.hepsiburada.com/rc-araba-yedek-parcalari-c-14004318,5,"Spor, Outdoor > kramponlar > hobi eglence urunleri > Uzaktan Kumandalı Araçlar > RC Araç Yedek Parçaları"
1201466,14001244,RC Elektrikli Arabalar,https://www.hepsiburada.com/rc-elektrikli-arabalar-c-1201466,5,"Spor, Outdoor > kramponlar > hobi eglence urunleri > Uzaktan Kumandalı Araçlar > RC Elektrikli Arabalar"
1201002,14001244,RC Helikopterler,https://www.hepsiburada.com/rc-helikopterler-c-1201002,5,"Spor, Outdoor > kramponlar > hobi eglence urunleri > Uzaktan Kumandalı Araçlar > RC Helikopterler"
60001094,14001244,RC Tanklar,https://www.hepsiburada.com/rc-tanklar-c-60001094,5,"Spor, Outdoor > kramponlar > hobi eglence urunleri > Uzaktan Kumandalı Araçlar > RC Tanklar"
1204960,14001244,RC Tekneler,https://www.hepsiburada.com/rc-tekneler-c-1204960,5,"Spor, Outdoor > kramponlar > hobi eglence urunleri > Uzaktan Kumandalı Araçlar > RC Tekneler"
1204883,14001244,RC Uçaklar,https://www.hepsiburada.com/rc-ucaklar-c-1204883,5,"Spor, Outdoor > kramponlar > hobi eglence urunleri > Uzaktan Kumandalı Araçlar > RC Uçaklar"
33000019,60001277,oyun konsollari,https://www.hepsiburada.com/oyun-konsollari-c-33000019,5,"Spor, Outdoor > kramponlar > hobi eglence urunleri > harita puzzle yapbozlar > oyun konsollari"
1205176,1205175,Kostüm ve Aksesuarlar,https://www.hepsiburada.com/kostum-aksesuarlari-c-1205176,5,"Spor, Outdoor > kramponlar > hobi eglence urunleri > kostumler parti malzemeleri > Kostüm ve Aksesuarlar"
14001663,1205175,Maskeler,https://www.hepsiburada.com/kostum-parti-maskeleri-c-14001663,5,"Spor, Outdoor > kramponlar > hobi eglence urunleri > kostumler parti malzemeleri > Maskeler"
60002706,60001092,Maket Aksesuarları,https://www.hepsiburada.com/maket-aksesuarlari-c-60002706,5,"Spor, Outdoor > kramponlar > hobi eglence urunleri > maketler > Maket Aksesuarları"
60001298,60001092,Montajlı Maketler,https://www.hepsiburada.com/montajli-maketler-c-60001298,5,"Spor, Outdoor > kramponlar > hobi eglence urunleri > maketler > Montajlı Maketler"
1204383,60001092,Plastik Maket,https://www.hepsiburada.com/plastik-maketler-c-1204383,5,"Spor, Outdoor > kramponlar > hobi eglence urunleri > maketler > Plastik Maket"
14001936,60001092,Seramik Maketler,https://www.hepsiburada.com/seramik-maketler-c-14001936,5,"Spor, Outdoor > kramponlar > hobi eglence urunleri > maketler > Seramik Maketler"
296159,60001091,Model Arabalar,https://www.hepsiburada.com/model-arabalar-c-296159,5,"Spor, Outdoor > kramponlar > hobi eglence urunleri > model arac cesitleri > Model Arabalar"
14005297,60001091,Model Motosiklet,https://www.hepsiburada.com/model-motosikletler-c-14005297,5,"Spor, Outdoor > kramponlar > hobi eglence urunleri > model arac cesitleri > Model Motosiklet"
1123163,212357,kadin gunes gozlukleri,https://www.hepsiburada.com/kadin-gunes-gozlukleri-c-1123163,5,"Spor, Outdoor > kramponlar > kulce ziynet cumhuriyet altinlari > 22 Ayar Yatırımlık Bilezik > kadin gunes gozlukleri"
60008289,530176,10 Gram Altın,https://www.hepsiburada.com/10-gram-altin-c-60008289,5,"Spor, Outdoor > kramponlar > kulce ziynet cumhuriyet altinlari > Gram Külçe Altın > 10 Gram Altın"
60008725,530176,2 Gram Altın,https://www.hepsiburada.com/2-gram-altin-c-60008725,5,"Spor, Outdoor > kramponlar > kulce ziynet cumhuriyet altinlari > Gram Külçe Altın > 2 Gram Altın"
60008295,530176,"2,5 Gram Altın",https://www.hepsiburada.com/2-5-gram-altin-c-60008295,5,"Spor, Outdoor > kramponlar > kulce ziynet cumhuriyet altinlari > Gram Külçe Altın > 2,5 Gram Altın"
60008290,530176,20 Gram Altın,https://www.hepsiburada.com/20-gram-altin-c-60008290,5,"Spor, Outdoor > kramponlar > kulce ziynet cumhuriyet altinlari > Gram Külçe Altın > 20 Gram Altın"
60008288,530176,5 Gram Altın,https://www.hepsiburada.com/5-gram-altin-c-60008288,5,"Spor, Outdoor > kramponlar > kulce ziynet cumhuriyet altinlari > Gram Külçe Altın > 5 Gram Altın"
80750002,16032977,10 Gram Gümüş,https://www.hepsiburada.com/10-gram-gumus-c-80750002,5,"Spor, Outdoor > kramponlar > kulce ziynet cumhuriyet altinlari > Külçe Gümüş > 10 Gram Gümüş"
80750005,16032977,100 Gram Gümüş,https://www.hepsiburada.com/100-gram-gumus-c-80750005,5,"Spor, Outdoor > kramponlar > kulce ziynet cumhuriyet altinlari > Külçe Gümüş > 100 Gram Gümüş"
80842014,16032977,1000 Gram Gümüş,https://www.hepsiburada.com/1000-gram-gumus-c-80842014,5,"Spor, Outdoor > kramponlar > kulce ziynet cumhuriyet altinlari > Külçe Gümüş > 1000 Gram Gümüş"
80750003,16032977,20 Gram Gümüş,https://www.hepsiburada.com/20-gram-gumus-c-80750003,5,"Spor, Outdoor > kramponlar > kulce ziynet cumhuriyet altinlari > Külçe Gümüş > 20 Gram Gümüş"
80750008,16032977,250 Gram Gümüş,https://www.hepsiburada.com/250-gram-gumus-c-80750008,5,"Spor, Outdoor > kramponlar > kulce ziynet cumhuriyet altinlari > Külçe Gümüş > 250 Gram Gümüş"
80750011,16032977,"31,1 Gram Gümüş",https://www.hepsiburada.com/31-1-gram-gumus-c-80750011,5,"Spor, Outdoor > kramponlar > kulce ziynet cumhuriyet altinlari > Külçe Gümüş > 31,1 Gram Gümüş"
80750001,16032977,5 Gram Gümüş,https://www.hepsiburada.com/5-gram-gumus-c-80750001,5,"Spor, Outdoor > kramponlar > kulce ziynet cumhuriyet altinlari > Külçe Gümüş > 5 Gram Gümüş"
80750004,16032977,50 Gram Gümüş,https://www.hepsiburada.com/50-gram-gumus-c-80750004,5,"Spor, Outdoor > kramponlar > kulce ziynet cumhuriyet altinlari > Külçe Gümüş > 50 Gram Gümüş"
80750007,16032977,500 Gram Gümüş,https://www.hepsiburada.com/500-gram-gumus-c-80750007,5,"Spor, Outdoor > kramponlar > kulce ziynet cumhuriyet altinlari > Külçe Gümüş > 500 Gram Gümüş"
536796,16032977,gumus taki setleri,https://www.hepsiburada.com/gumus-taki-setleri-c-536796,5,"Spor, Outdoor > kramponlar > kulce ziynet cumhuriyet altinlari > Külçe Gümüş > gumus taki setleri"
32010979,32010967,Dudak Kalemleri,https://www.hepsiburada.com/dudak-kalemleri-c-32010979,5,"Spor, Outdoor > kramponlar > makyaj urunleri > Dudaklar > Dudak Kalemleri"
32010978,32010967,Dudak Parlatıcıları,https://www.hepsiburada.com/dudak-parlaticilari-c-32010978,5,"Spor, Outdoor > kramponlar > makyaj urunleri > Dudaklar > Dudak Parlatıcıları"
80485001,32001791,Makyaj Düzenleyici ve Organizerleri,https://www.hepsiburada.com/makyaj-duzenleyici-ve-organizerleri-c-80485001,5,"Spor, Outdoor > kramponlar > makyaj urunleri > Makyaj Fırça ve Aksesuarlar > Makyaj Düzenleyici ve Organizerleri"
32001846,32001791,Makyaj Fırça ve Aplikatörleri,https://www.hepsiburada.com/makyaj-firca-aplikatorleri-c-32001846,5,"Spor, Outdoor > kramponlar > makyaj urunleri > Makyaj Fırça ve Aksesuarlar > Makyaj Fırça ve Aplikatörleri"
32001850,32001791,Makyaj Çantaları,https://www.hepsiburada.com/bayan-makyaj-cantalari-c-32001850,5,"Spor, Outdoor > kramponlar > makyaj urunleri > Makyaj Fırça ve Aksesuarlar > Makyaj Çantaları"
32010971,32010970,Makyaj Temizleme Mendilleri & Pamukları,https://www.hepsiburada.com/makyaj-temizleme-mendilleri-c-32010971,5,"Spor, Outdoor > kramponlar > makyaj urunleri > Makyaj Temizleyiciler > Makyaj Temizleme Mendilleri & Pamukları"
32010972,32010970,Makyaj Temizleme Ürünleri,https://www.hepsiburada.com/makyaj-temizleme-ped-pamuklari-c-32010972,5,"Spor, Outdoor > kramponlar > makyaj urunleri > Makyaj Temizleyiciler > Makyaj Temizleme Ürünleri"
32010976,32010968,Aseton,https://www.hepsiburada.com/oje-cikaricilar-c-32010976,5,"Spor, Outdoor > kramponlar > makyaj urunleri > Tırnaklar > Aseton"
80482026,32010968,Oje Kurutucu,https://www.hepsiburada.com/oje-kurutucu-c-80482026,5,"Spor, Outdoor > kramponlar > makyaj urunleri > Tırnaklar > Oje Kurutucu"
60005437,32010968,Takma Tırnak,https://www.hepsiburada.com/takma-tirnaklar-c-60005437,5,"Spor, Outdoor > kramponlar > makyaj urunleri > Tırnaklar > Takma Tırnak"
32010920,32010968,Tırnak Bakımı,https://www.hepsiburada.com/tirnak-bakim-urunleri-c-32010920,5,"Spor, Outdoor > kramponlar > makyaj urunleri > Tırnaklar > Tırnak Bakımı"
32010980,32010964,Allıklar,https://www.hepsiburada.com/alliklar-c-32010980,5,"Spor, Outdoor > kramponlar > makyaj urunleri > Yüz > Allıklar"
32010982,32010964,Aydınlatıcılar,https://www.hepsiburada.com/aydinlatici-c-32010982,5,"Spor, Outdoor > kramponlar > makyaj urunleri > Yüz > Aydınlatıcılar"
60008191,32010964,BB Kremler,https://www.hepsiburada.com/bb-kremler-c-60008191,5,"Spor, Outdoor > kramponlar > makyaj urunleri > Yüz > BB Kremler"
60008192,32010964,CC Kremler,https://www.hepsiburada.com/cc-kremler-c-60008192,5,"Spor, Outdoor > kramponlar > makyaj urunleri > Yüz > CC Kremler"
60008193,32010964,DD Kremler,https://www.hepsiburada.com/dd-krem-c-60008193,5,"Spor, Outdoor > kramponlar > makyaj urunleri > Yüz > DD Kremler"
32010995,32010964,Fondöten,https://www.hepsiburada.com/fondotenler-c-32010995,5,"Spor, Outdoor > kramponlar > makyaj urunleri > Yüz > Fondöten"
32010993,32010964,Kapatıcı,https://www.hepsiburada.com/kapaticilar-c-32010993,5,"Spor, Outdoor > kramponlar > makyaj urunleri > Yüz > Kapatıcı"
60003970,32010964,Makyaj Bazları,https://www.hepsiburada.com/makyaj-bazlari-c-60003970,5,"Spor, Outdoor > kramponlar > makyaj urunleri > Yüz > Makyaj Bazları"
32010996,32010964,Pudra,https://www.hepsiburada.com/pudralar-c-32010996,5,"Spor, Outdoor > kramponlar > makyaj urunleri > Yüz > Pudra"
18021621,18021305,Ayaklı Askılıklar,https://www.hepsiburada.com/ayakli-askiliklar-c-18021621,5,"Spor, Outdoor > kramponlar > mobilyalar > Antre / Hol > Ayaklı Askılıklar"
60000299,18021305,Kapı ve Duvar Askılıkları,https://www.hepsiburada.com/kapi-duvar-askiliklari-c-60000299,5,"Spor, Outdoor > kramponlar > mobilyalar > Antre / Hol > Kapı ve Duvar Askılıkları"
60001355,18021305,ayna dresuarlar,https://www.hepsiburada.com/ayna-dresuarlar-c-60001355,5,"Spor, Outdoor > kramponlar > mobilyalar > Antre / Hol > ayna dresuarlar"
18021623,18021305,portmantolar,https://www.hepsiburada.com/portmantolar-c-18021623,5,"Spor, Outdoor > kramponlar > mobilyalar > Antre / Hol > portmantolar"
60004020,18021305,Şemsiyelikler,https://www.hepsiburada.com/semsiyelikler-c-60004020,5,"Spor, Outdoor > kramponlar > mobilyalar > Antre / Hol > Şemsiyelikler"
60000017,60003483,banyo aynaları,https://www.hepsiburada.com/banyo-aynalari-c-60000017,5,"Spor, Outdoor > kramponlar > mobilyalar > Banyo Dolapları > banyo aynaları"
60001286,60001284,Dolap,https://www.hepsiburada.com/dolaplar-c-60001286,5,"Spor, Outdoor > kramponlar > mobilyalar > Bebek Odası > Dolap"
60003820,60001284,Masa & Sandalye,https://www.hepsiburada.com/puf-sandalyeler-c-60003820,5,"Spor, Outdoor > kramponlar > mobilyalar > Bebek Odası > Masa & Sandalye"
60001289,60001284,Takım,https://www.hepsiburada.com/bebek-odasi-takimlari-c-60001289,5,"Spor, Outdoor > kramponlar > mobilyalar > Bebek Odası > Takım"
60003704,18021386,Bazalar,https://www.hepsiburada.com/genc-odasi-bazalari-c-60003704,5,"Spor, Outdoor > kramponlar > mobilyalar > Genç Odası > Bazalar"
60003703,18021386,Gardıroplar,https://www.hepsiburada.com/gardiroplar-c-60003703,5,"Spor, Outdoor > kramponlar > mobilyalar > Genç Odası > Gardıroplar"
60002442,18021386,Karyolalar,https://www.hepsiburada.com/karyolalar-c-60002442,5,"Spor, Outdoor > kramponlar > mobilyalar > Genç Odası > Karyolalar"
60003705,18021386,Komidin & Şifonyer,https://www.hepsiburada.com/komidinler-sifonyerler-c-60003705,5,"Spor, Outdoor > kramponlar > mobilyalar > Genç Odası > Komidin & Şifonyer"
18021399,18021386,Oda Takımları,https://www.hepsiburada.com/oda-takimlari-c-18021399,5,"Spor, Outdoor > kramponlar > mobilyalar > Genç Odası > Oda Takımları"
18021398,18021386,Ranzalar,https://www.hepsiburada.com/ranzalar-c-18021398,5,"Spor, Outdoor > kramponlar > mobilyalar > Genç Odası > Ranzalar"
60006551,18021386,Çocuk Koltukları,https://www.hepsiburada.com/cocuk-koltuklari-c-60006551,5,"Spor, Outdoor > kramponlar > mobilyalar > Genç Odası > Çocuk Koltukları"
60006381,18021304,Bank,https://www.hepsiburada.com/mutfak-banklari-c-60006381,5,"Spor, Outdoor > kramponlar > mobilyalar > Mutfak > Bank"
18032721,18021304,Mutfak Dolapları,https://www.hepsiburada.com/mutfak-dolaplari-c-18032721,5,"Spor, Outdoor > kramponlar > mobilyalar > Mutfak > Mutfak Dolapları"
18021337,18021304,Mutfak Masaları,https://www.hepsiburada.com/mutfak-masalari-c-18021337,5,"Spor, Outdoor > kramponlar > mobilyalar > Mutfak > Mutfak Masaları"
80162024,18021304,Mutfak Rafları & Terekler,https://www.hepsiburada.com/mutfak-raflari-terek-c-80162024,5,"Spor, Outdoor > kramponlar > mobilyalar > Mutfak > Mutfak Rafları & Terekler"
18021427,18021304,Tabure,https://www.hepsiburada.com/tabureler-c-18021427,5,"Spor, Outdoor > kramponlar > mobilyalar > Mutfak > Tabure"
60001163,18021304,mobilya kulplari,https://www.hepsiburada.com/mobilya-kulplari-c-60001163,5,"Spor, Outdoor > kramponlar > mobilyalar > Mutfak > mobilya kulplari"
18021316,18021303,Gazetelikler,https://www.hepsiburada.com/gazetelikler-c-18021316,5,"Spor, Outdoor > kramponlar > mobilyalar > Oturma Odası > Gazetelikler"
18021334,18021303,Puf / Minderler,https://www.hepsiburada.com/puf-minderler-c-18021334,5,"Spor, Outdoor > kramponlar > mobilyalar > Oturma Odası > Puf / Minderler"
18021332,18021303,Sehpalar,https://www.hepsiburada.com/sehpalar-c-18021332,5,"Spor, Outdoor > kramponlar > mobilyalar > Oturma Odası > Sehpalar"
9010085,18021303,dekoratif yastiklar,https://www.hepsiburada.com/dekoratif-yastiklar-c-9010085,5,"Spor, Outdoor > kramponlar > mobilyalar > Oturma Odası > dekoratif yastiklar"
18021616,18021303,yan sehpalar,https://www.hepsiburada.com/yan-sehpalar-c-18021616,5,"Spor, Outdoor > kramponlar > mobilyalar > Oturma Odası > yan sehpalar"
18021326,18021301,Bazalar,https://www.hepsiburada.com/yatak-odasi-bazalari-c-18021326,5,"Spor, Outdoor > kramponlar > mobilyalar > Yatak Odası > Bazalar"
18021329,18021301,Gardıroplar,https://www.hepsiburada.com/gardiroplar-c-18021329,5,"Spor, Outdoor > kramponlar > mobilyalar > Yatak Odası > Gardıroplar"
60004287,18021301,Josephine Koltuk,https://www.hepsiburada.com/josephine-koltuklar-c-60004287,5,"Spor, Outdoor > kramponlar > mobilyalar > Yatak Odası > Josephine Koltuk"
18021325,18021301,Karyolalar,https://www.hepsiburada.com/karyolalar-c-18021325,5,"Spor, Outdoor > kramponlar > mobilyalar > Yatak Odası > Karyolalar"
18021330,18021301,Komodin ve Şifonyerler,https://www.hepsiburada.com/komodin-sifonyerler-c-18021330,5,"Spor, Outdoor > kramponlar > mobilyalar > Yatak Odası > Komodin ve Şifonyerler"
60002386,18021301,Paravanlar,https://www.hepsiburada.com/paravanlar-c-60002386,5,"Spor, Outdoor > kramponlar > mobilyalar > Yatak Odası > Paravanlar"
60003067,18021301,Sandıklar,https://www.hepsiburada.com/sandiklar-c-60003067,5,"Spor, Outdoor > kramponlar > mobilyalar > Yatak Odası > Sandıklar"
60002102,18021301,Takı/Makyaj Dolapları,https://www.hepsiburada.com/taki-makyaj-dolaplari-c-60002102,5,"Spor, Outdoor > kramponlar > mobilyalar > Yatak Odası > Takı/Makyaj Dolapları"
18021327,18021301,Yatak Başlığı,https://www.hepsiburada.com/yatak-basliklari-c-18021327,5,"Spor, Outdoor > kramponlar > mobilyalar > Yatak Odası > Yatak Başlığı"
60000368,18021301,Yatak Odası Takımı,https://www.hepsiburada.com/yatak-odasi-takimlari-c-60000368,5,"Spor, Outdoor > kramponlar > mobilyalar > Yatak Odası > Yatak Odası Takımı"
60001360,18021302,Gümüşlük & Konsol,https://www.hepsiburada.com/gumusluk-konsollar-c-60001360,5,"Spor, Outdoor > kramponlar > mobilyalar > Yemek Odası > Gümüşlük & Konsol"
60002983,18021302,Masa Takımları,https://www.hepsiburada.com/yemek-odasi-masa-takimlari-c-60002983,5,"Spor, Outdoor > kramponlar > mobilyalar > Yemek Odası > Masa Takımları"
18029552,18021302,Sandalye,https://www.hepsiburada.com/yemek-odasi-sandalyeleri-c-18029552,5,"Spor, Outdoor > kramponlar > mobilyalar > Yemek Odası > Sandalye"
60002241,18021983,banyo dolaplari,https://www.hepsiburada.com/banyo-dolaplari-c-60002241,5,"Spor, Outdoor > kramponlar > mobilyalar > banyo lavabo bataryalari > banyo dolaplari"
18021999,18021981,kuvetler,https://www.hepsiburada.com/kuvetler-c-18021999,5,"Spor, Outdoor > kramponlar > mobilyalar > jakuziler > kuvetler"
9010082,18021930,banyo klozet takimlari,https://www.hepsiburada.com/banyo-klozet-takimlari-c-9010082,5,"Spor, Outdoor > kramponlar > mobilyalar > klozetler > banyo klozet takimlari"
60001304,13006524,oto farlari,https://www.hepsiburada.com/oto-farlari-c-60001304,5,"Spor, Outdoor > kramponlar > mobilyalar > led ampuller > oto farlari"
60001363,9010093,Kapı Önü Paspaslar,https://www.hepsiburada.com/kapi-onu-paspaslar-c-60001363,5,"Spor, Outdoor > kramponlar > mobilyalar > paspaslar > Kapı Önü Paspaslar"
9013158,9011674,tek banyo paspaslari,https://www.hepsiburada.com/tek-banyo-paspaslari-c-9013158,5,"Spor, Outdoor > kramponlar > mobilyalar > takim banyo paspaslari > tek banyo paspaslari"
9010092,80275209,kilimler,https://www.hepsiburada.com/kilimler-c-9010092,5,"Spor, Outdoor > kramponlar > mobilyalar > yolluk > kilimler"
18021341,18021307,Bilgisayar Masaları ve Çalışma Üniteleri,https://www.hepsiburada.com/bilgisayar-masalari-calisma-uniteleri-c-18021341,5,"Spor, Outdoor > kramponlar > mobilyalar > Çalışma Odası > Bilgisayar Masaları ve Çalışma Üniteleri"
60001361,18021307,Takımlar,https://www.hepsiburada.com/takimlar-c-60001361,5,"Spor, Outdoor > kramponlar > mobilyalar > Çalışma Odası > Takımlar"
18026723,18021307,Çalışma Koltukları,https://www.hepsiburada.com/calisma-koltuklari-c-18026723,5,"Spor, Outdoor > kramponlar > mobilyalar > Çalışma Odası > Çalışma Koltukları"
80702004,80702000,Baza,https://www.hepsiburada.com/cocuk-odasi-baza-c-80702004,5,"Spor, Outdoor > kramponlar > mobilyalar > Çocuk Odası > Baza"
80702001,80702000,Gardırop,https://www.hepsiburada.com/cocuk-odasi-dolap-gardirop-c-80702001,5,"Spor, Outdoor > kramponlar > mobilyalar > Çocuk Odası > Gardırop"
80702002,80702000,Karyola,https://www.hepsiburada.com/cocuk-odasi-karyola-c-80702002,5,"Spor, Outdoor > kramponlar > mobilyalar > Çocuk Odası > Karyola"
80702009,80702000,Koltuk,https://www.hepsiburada.com/cocuk-odasi-koltugu-c-80702009,5,"Spor, Outdoor > kramponlar > mobilyalar > Çocuk Odası > Koltuk"
80702005,80702000,Komodin,https://www.hepsiburada.com/cocuk-odasi-komidin-c-80702005,5,"Spor, Outdoor > kramponlar > mobilyalar > Çocuk Odası > Komodin"
80702007,80702000,Masa,https://www.hepsiburada.com/masa-c-80702007,5,"Spor, Outdoor > kramponlar > mobilyalar > Çocuk Odası > Masa"
80699004,80702000,Oda Takımı,https://www.hepsiburada.com/cocuk-odasi-takimi-c-80699004,5,"Spor, Outdoor > kramponlar > mobilyalar > Çocuk Odası > Oda Takımı"
80702003,80702000,Ranza,https://www.hepsiburada.com/cocuk-odasi-ranza-c-80702003,5,"Spor, Outdoor > kramponlar > mobilyalar > Çocuk Odası > Ranza"
80767003,80702000,Sallanan Koltuk,https://www.hepsiburada.com/sallanan-koltuk-c-80767003,5,"Spor, Outdoor > kramponlar > mobilyalar > Çocuk Odası > Sallanan Koltuk"
80702008,80702000,Sandalye,https://www.hepsiburada.com/sandalye-c-80702008,5,"Spor, Outdoor > kramponlar > mobilyalar > Çocuk Odası > Sandalye"
60005692,80405020,Motosiklet Lastik Tamir Ürünleri,https://www.hepsiburada.com/motosiklet-lastik-tamir-urunleri-c-60005692,5,"Spor, Outdoor > kramponlar > motosiklet > Bakım & Temizlik > Motosiklet Lastik Tamir Ürünleri"
80273087,80405020,Motosiklet Yağları,https://www.hepsiburada.com/motosiklet-yagi-c-80273087,5,"Spor, Outdoor > kramponlar > motosiklet > Bakım & Temizlik > Motosiklet Yağları"
20029250,80405020,Temizlik Ürünleri,https://www.hepsiburada.com/motosiklet-bakim-temizlik-urunleri-c-20029250,5,"Spor, Outdoor > kramponlar > motosiklet > Bakım & Temizlik > Temizlik Ürünleri"
60005704,80273080,Bacak & Bel Çantaları,https://www.hepsiburada.com/motosiklet-bacak-bel-cantalari-c-60005704,5,"Spor, Outdoor > kramponlar > motosiklet > Giyim & Ekipman > Bacak & Bel Çantaları"
20040814,80273080,Bandanalar,https://www.hepsiburada.com/motosiklet-bandanalari-c-20040814,5,"Spor, Outdoor > kramponlar > motosiklet > Giyim & Ekipman > Bandanalar"
20029251,80273080,Giyim Ürünleri,https://www.hepsiburada.com/motosiklet-giyim-urunleri-c-20029251,5,"Spor, Outdoor > kramponlar > motosiklet > Giyim & Ekipman > Giyim Ürünleri"
80405002,80273080,Maske&Balaklava,https://www.hepsiburada.com/maske-balaklava-c-80405002,5,"Spor, Outdoor > kramponlar > motosiklet > Giyim & Ekipman > Maske&Balaklava"
60005651,80273080,Mont&Ceket,https://www.hepsiburada.com/motosiklet-montlari-c-60005651,5,"Spor, Outdoor > kramponlar > motosiklet > Giyim & Ekipman > Mont&Ceket"
60005706,80273080,Sırt Çantaları,https://www.hepsiburada.com/motosiklet-sirt-cantalari-c-60005706,5,"Spor, Outdoor > kramponlar > motosiklet > Giyim & Ekipman > Sırt Çantaları"
80408114,80273080,T-Shirt,https://www.hepsiburada.com/motosiklet-t-shirt-c-80408114,5,"Spor, Outdoor > kramponlar > motosiklet > Giyim & Ekipman > T-Shirt"
60005673,80273080,Termal Giyim,https://www.hepsiburada.com/motosiklet-termal-giyim-urunleri-c-60005673,5,"Spor, Outdoor > kramponlar > motosiklet > Giyim & Ekipman > Termal Giyim"
80273081,80273080,Tulum,https://www.hepsiburada.com/motosiklet-tulumu-c-80273081,5,"Spor, Outdoor > kramponlar > motosiklet > Giyim & Ekipman > Tulum"
60005678,80273080,Yelekler,https://www.hepsiburada.com/motosiklet-yelekleri-c-60005678,5,"Spor, Outdoor > kramponlar > motosiklet > Giyim & Ekipman > Yelekler"
60005670,80273080,motosiklet dizlikler,https://www.hepsiburada.com/motosiklet-dizlikler-c-60005670,5,"Spor, Outdoor > kramponlar > motosiklet > Giyim & Ekipman > motosiklet dizlikler"
60005664,80273080,motosiklet kislik eldiven,https://www.hepsiburada.com/motosiklet-kislik-eldiven-c-60005664,5,"Spor, Outdoor > kramponlar > motosiklet > Giyim & Ekipman > motosiklet kislik eldiven"
60005680,80273080,motosiklet yagmurluklar,https://www.hepsiburada.com/motosiklet-yagmurluklar-c-60005680,5,"Spor, Outdoor > kramponlar > motosiklet > Giyim & Ekipman > motosiklet yagmurluklar"
20029256,20029247,Aksesuarlar,https://www.hepsiburada.com/aksesuarlar-c-20029256,5,"Spor, Outdoor > kramponlar > motosiklet > Motosiklet Aksesuarları > Aksesuarlar"
20029254,20029247,Alarm,https://www.hepsiburada.com/motorsiklet-alarmlari-c-20029254,5,"Spor, Outdoor > kramponlar > motosiklet > Motosiklet Aksesuarları > Alarm"
60002531,20029247,Anahtarlıklar,https://www.hepsiburada.com/motosiklet-anahtarliklari-c-60002531,5,"Spor, Outdoor > kramponlar > motosiklet > Motosiklet Aksesuarları > Anahtarlıklar"
20029252,20029247,Aydınlatma Ürünleri,https://www.hepsiburada.com/motosiklet-aydinlatma-urunleri-c-20029252,5,"Spor, Outdoor > kramponlar > motosiklet > Motosiklet Aksesuarları > Aydınlatma Ürünleri"
20029257,20029247,Branda & Sele Örtüsü,https://www.hepsiburada.com/motosiklet-brandalari-c-20029257,5,"Spor, Outdoor > kramponlar > motosiklet > Motosiklet Aksesuarları > Branda & Sele Örtüsü"
60004743,20029247,GPS & Navigasyon,https://www.hepsiburada.com/motosiklet-navigasyonlari-c-60004743,5,"Spor, Outdoor > kramponlar > motosiklet > Motosiklet Aksesuarları > GPS & Navigasyon"
20029248,20029247,Kilit,https://www.hepsiburada.com/motosiklet-kilitleri-c-20029248,5,"Spor, Outdoor > kramponlar > motosiklet > Motosiklet Aksesuarları > Kilit"
60006490,20029247,Motosiklet Ayak Destek Kitleri,https://www.hepsiburada.com/motosiklet-ayak-destek-kitleri-c-60006490,5,"Spor, Outdoor > kramponlar > motosiklet > Motosiklet Aksesuarları > Motosiklet Ayak Destek Kitleri"
60005686,20029247,Motosiklet Bağlama & Taşıma Ürünleri,https://www.hepsiburada.com/motosiklet-baglama-tasima-urunleri-c-60005686,5,"Spor, Outdoor > kramponlar > motosiklet > Motosiklet Aksesuarları > Motosiklet Bağlama & Taşıma Ürünleri"
60005688,20029247,Motosiklet Jant Şeritleri,https://www.hepsiburada.com/motosiklet-jant-seritleri-c-60005688,5,"Spor, Outdoor > kramponlar > motosiklet > Motosiklet Aksesuarları > Motosiklet Jant Şeritleri"
60005693,20029247,Motosiklet Lastik Kalemleri,https://www.hepsiburada.com/motosiklet-lastik-kalemleri-c-60005693,5,"Spor, Outdoor > kramponlar > motosiklet > Motosiklet Aksesuarları > Motosiklet Lastik Kalemleri"
60005694,20029247,Motosiklet Lüzumlu Ürünler,https://www.hepsiburada.com/motosiklet-luzumlu-urunler-c-60005694,5,"Spor, Outdoor > kramponlar > motosiklet > Motosiklet Aksesuarları > Motosiklet Lüzumlu Ürünler"
60005695,20029247,Motosiklet Reflektif Ürünler,https://www.hepsiburada.com/motosiklet-reflektif-urunler-c-60005695,5,"Spor, Outdoor > kramponlar > motosiklet > Motosiklet Aksesuarları > Motosiklet Reflektif Ürünler"
60005696,20029247,Motosiklet Saatleri,https://www.hepsiburada.com/motosiklet-saatleri-c-60005696,5,"Spor, Outdoor > kramponlar > motosiklet > Motosiklet Aksesuarları > Motosiklet Saatleri"
60005697,20029247,Motosiklet Sehpaları,https://www.hepsiburada.com/motosiklet-sehpalari-c-60005697,5,"Spor, Outdoor > kramponlar > motosiklet > Motosiklet Aksesuarları > Motosiklet Sehpaları"
60005642,20029247,Motosiklet Sele Pedi (Airhawk),https://www.hepsiburada.com/motosiklet-sele-pedi-airhawk-c-60005642,5,"Spor, Outdoor > kramponlar > motosiklet > Motosiklet Aksesuarları > Motosiklet Sele Pedi (Airhawk)"
60006489,20029247,Motosiklet Smart Barlar,https://www.hepsiburada.com/motosiklet-smart-barlar-c-60006489,5,"Spor, Outdoor > kramponlar > motosiklet > Motosiklet Aksesuarları > Motosiklet Smart Barlar"
60005698,20029247,Motosiklet Telefon & Navigasyon Tutucular,https://www.hepsiburada.com/motosiklet-telefon-navigasyon-tutucular-c-60005698,5,"Spor, Outdoor > kramponlar > motosiklet > Motosiklet Aksesuarları > Motosiklet Telefon & Navigasyon Tutucular"
60005710,20029247,Tankpad,https://www.hepsiburada.com/motosiklet-sticker-c-60005710,5,"Spor, Outdoor > kramponlar > motosiklet > Motosiklet Aksesuarları > Tankpad"
60005689,20029247,İlk Yardım Çantaları,https://www.hepsiburada.com/motosiklet-ilk-yardim-seti-c-60005689,5,"Spor, Outdoor > kramponlar > motosiklet > Motosiklet Aksesuarları > İlk Yardım Çantaları"
80405016,80560308,Commuter,https://www.hepsiburada.com/commuter-motor-c-80405016,5,"Spor, Outdoor > kramponlar > motosiklet > Motosiklet Modelleri > Commuter"
80405018,80560308,Cross,https://www.hepsiburada.com/cross-motor-c-80405018,5,"Spor, Outdoor > kramponlar > motosiklet > Motosiklet Modelleri > Cross"
80405012,80560308,Naked,https://www.hepsiburada.com/naked-motosiklet-c-80405012,5,"Spor, Outdoor > kramponlar > motosiklet > Motosiklet Modelleri > Naked"
80405017,80560308,Super Sport,https://www.hepsiburada.com/super-sport-c-80405017,5,"Spor, Outdoor > kramponlar > motosiklet > Motosiklet Modelleri > Super Sport"
80405013,80560308,Touring,https://www.hepsiburada.com/touring-motor-c-80405013,5,"Spor, Outdoor > kramponlar > motosiklet > Motosiklet Modelleri > Touring"
60005660,80560308,motosiklet pantolonlari,https://www.hepsiburada.com/motosiklet-pantolonlari-c-60005660,5,"Spor, Outdoor > kramponlar > motosiklet > Motosiklet Modelleri > motosiklet pantolonlari"
80273086,80168003,Akü,https://www.hepsiburada.com/motosiklet-akusu-c-80273086,5,"Spor, Outdoor > kramponlar > motosiklet > Motosiklet Yedek Parça > Akü"
80273091,80168003,Ayna,https://www.hepsiburada.com/motosiklet-aynasi-c-80273091,5,"Spor, Outdoor > kramponlar > motosiklet > Motosiklet Yedek Parça > Ayna"
20041850,80168003,Buji,https://www.hepsiburada.com/motosiklet-buji-c-20041850,5,"Spor, Outdoor > kramponlar > motosiklet > Motosiklet Yedek Parça > Buji"
80273105,80168003,Debriyaj,https://www.hepsiburada.com/motosiklet-debriyaj-c-80273105,5,"Spor, Outdoor > kramponlar > motosiklet > Motosiklet Yedek Parça > Debriyaj"
60006485,80168003,Egzozlar,https://www.hepsiburada.com/motosiklet-egzozlari-c-60006485,5,"Spor, Outdoor > kramponlar > motosiklet > Motosiklet Yedek Parça > Egzozlar"
60005687,80168003,Elcik,https://www.hepsiburada.com/motosiklet-elcik-isitmalar-c-60005687,5,"Spor, Outdoor > kramponlar > motosiklet > Motosiklet Yedek Parça > Elcik"
80405005,80168003,Far & Ampül,https://www.hepsiburada.com/motosiklet-far-ampul-c-80405005,5,"Spor, Outdoor > kramponlar > motosiklet > Motosiklet Yedek Parça > Far & Ampül"
80273090,80168003,Filtre,https://www.hepsiburada.com/motosiklet-filtresi-c-80273090,5,"Spor, Outdoor > kramponlar > motosiklet > Motosiklet Yedek Parça > Filtre"
80405006,80168003,Fren & Fren Ekipmanları,https://www.hepsiburada.com/motosiklet-fren-ekipmanlari-c-80405006,5,"Spor, Outdoor > kramponlar > motosiklet > Motosiklet Yedek Parça > Fren & Fren Ekipmanları"
80405008,80168003,Grenaj,https://www.hepsiburada.com/grenaj-c-80405008,5,"Spor, Outdoor > kramponlar > motosiklet > Motosiklet Yedek Parça > Grenaj"
80405007,80168003,Gösterge,https://www.hepsiburada.com/motosiklet-gostergesi-c-80405007,5,"Spor, Outdoor > kramponlar > motosiklet > Motosiklet Yedek Parça > Gösterge"
60005690,80168003,Kornalar,https://www.hepsiburada.com/motosiklet-kornalari-c-60005690,5,"Spor, Outdoor > kramponlar > motosiklet > Motosiklet Yedek Parça > Kornalar"
60006483,80168003,Koruma Demiri & Takoz,https://www.hepsiburada.com/motosiklet-koruma-demirleri-c-60006483,5,"Spor, Outdoor > kramponlar > motosiklet > Motosiklet Yedek Parça > Koruma Demiri & Takoz"
80273094,80168003,"Krank, Piston ve Contalar",https://www.hepsiburada.com/krank-piston-ve-contalar-c-80273094,5,"Spor, Outdoor > kramponlar > motosiklet > Motosiklet Yedek Parça > Krank, Piston ve Contalar"
20029259,80168003,Lastikler,https://www.hepsiburada.com/motosiklet-lastikleri-c-20029259,5,"Spor, Outdoor > kramponlar > motosiklet > Motosiklet Yedek Parça > Lastikler"
60006487,80168003,Motosiklet Karter Korumaları,https://www.hepsiburada.com/motosiklet-karter-korumalari-c-60006487,5,"Spor, Outdoor > kramponlar > motosiklet > Motosiklet Yedek Parça > Motosiklet Karter Korumaları"
80273089,80168003,Zincir & Kayışlar,https://www.hepsiburada.com/motosiklet-zincir-kayis-c-80273089,5,"Spor, Outdoor > kramponlar > motosiklet > Motosiklet Yedek Parça > Zincir & Kayışlar"
60006488,80168003,Ön Cam Siperlik,https://www.hepsiburada.com/motosiklet-ruzgar-siperlikleri-c-60006488,5,"Spor, Outdoor > kramponlar > motosiklet > Motosiklet Yedek Parça > Ön Cam Siperlik"
60005667,60005666,Bellik,https://www.hepsiburada.com/motosiklet-bellikler-c-60005667,5,"Spor, Outdoor > kramponlar > motosiklet > Sürücü Koruma > Bellik"
60005668,60005666,Boyunluk,https://www.hepsiburada.com/motosiklet-boyunluklar-c-60005668,5,"Spor, Outdoor > kramponlar > motosiklet > Sürücü Koruma > Boyunluk"
60005669,60005666,Dirseklik,https://www.hepsiburada.com/motosiklet-dirseklikler-c-60005669,5,"Spor, Outdoor > kramponlar > motosiklet > Sürücü Koruma > Dirseklik"
60005672,60005666,Motosiklet Sırtlıklar,https://www.hepsiburada.com/motosiklet-sirtliklar-c-60005672,5,"Spor, Outdoor > kramponlar > motosiklet > Sürücü Koruma > Motosiklet Sırtlıklar"
60005671,60005666,Vücut Koruma,https://www.hepsiburada.com/motosiklet-kross-giysiler-c-60005671,5,"Spor, Outdoor > kramponlar > motosiklet > Sürücü Koruma > Vücut Koruma"
60005699,20029249,Arka Çanta,https://www.hepsiburada.com/motosiklet-arka-cantalar-c-60005699,5,"Spor, Outdoor > kramponlar > motosiklet > Çanta > Arka Çanta"
80405003,20029249,Bel Çantası,https://www.hepsiburada.com/motosiklet-bel-cantasi-c-80405003,5,"Spor, Outdoor > kramponlar > motosiklet > Çanta > Bel Çantası"
60005703,20029249,Depo Üstü Çanta,https://www.hepsiburada.com/motosiklet-depo-ustu-cantalar-c-60005703,5,"Spor, Outdoor > kramponlar > motosiklet > Çanta > Depo Üstü Çanta"
60005708,20029249,Motosiklet ATV Çantaları,https://www.hepsiburada.com/motosiklet-atv-cantalari-c-60005708,5,"Spor, Outdoor > kramponlar > motosiklet > Çanta > Motosiklet ATV Çantaları"
60005705,20029249,Motosiklet Rulo Çantalar,https://www.hepsiburada.com/motosiklet-rulo-cantalar-c-60005705,5,"Spor, Outdoor > kramponlar > motosiklet > Çanta > Motosiklet Rulo Çantalar"
60006484,20029249,Motosiklet Çanta Taşıyıcılar,https://www.hepsiburada.com/motosiklet-canta-tasiyicilar-c-60006484,5,"Spor, Outdoor > kramponlar > motosiklet > Çanta > Motosiklet Çanta Taşıyıcılar"
60005701,20029249,Yan Çanta,https://www.hepsiburada.com/motosiklet-sert-yan-cantalar-c-60005701,5,"Spor, Outdoor > kramponlar > motosiklet > Çanta > Yan Çanta"
60006486,20029249,motosiklet canta aksesuarlari,https://www.hepsiburada.com/motosiklet-canta-aksesuarlari-c-60006486,5,"Spor, Outdoor > kramponlar > motosiklet > Çanta > motosiklet canta aksesuarlari"
60005700,20029249,motosiklet canta sirtliklari,https://www.hepsiburada.com/motosiklet-canta-sirtliklari-c-60005700,5,"Spor, Outdoor > kramponlar > motosiklet > Çanta > motosiklet canta sirtliklari"
60005702,20029249,motosiklet kumas yan cantalar,https://www.hepsiburada.com/motosiklet-kumas-yan-cantalar-c-60005702,5,"Spor, Outdoor > kramponlar > motosiklet > Çanta > motosiklet kumas yan cantalar"
60005707,20029249,motosiklet scooter cantalari,https://www.hepsiburada.com/motosiklet-scooter-cantalari-c-60005707,5,"Spor, Outdoor > kramponlar > motosiklet > Çanta > motosiklet scooter cantalari"
80405004,20029249,motosiklet sirt cantasi,https://www.hepsiburada.com/motosiklet-sirt-cantasi-c-80405004,5,"Spor, Outdoor > kramponlar > motosiklet > Çanta > motosiklet sirt cantasi"
80349337,232420,Cam Tepsi,https://www.hepsiburada.com/cam-tepsi-c-80349337,5,"Spor, Outdoor > kramponlar > mutfak gerecleri > Fırında Pişirme > Cam Tepsi"
80349336,232420,Fırın Tepsisi,https://www.hepsiburada.com/firin-tepsisi-c-80349336,5,"Spor, Outdoor > kramponlar > mutfak gerecleri > Fırında Pişirme > Fırın Tepsisi"
80349339,232420,Güveç,https://www.hepsiburada.com/guvec-c-80349339,5,"Spor, Outdoor > kramponlar > mutfak gerecleri > Fırında Pişirme > Güveç"
80349335,232420,Kek Kalıbı,https://www.hepsiburada.com/kek-kalibi-c-80349335,5,"Spor, Outdoor > kramponlar > mutfak gerecleri > Fırında Pişirme > Kek Kalıbı"
80349338,232420,Kurabiye Kalıbı,https://www.hepsiburada.com/kurabiye-kalibi-c-80349338,5,"Spor, Outdoor > kramponlar > mutfak gerecleri > Fırında Pişirme > Kurabiye Kalıbı"
80349340,232420,Pasta Malzemeleri,https://www.hepsiburada.com/pasta-malzemeleri-c-80349340,5,"Spor, Outdoor > kramponlar > mutfak gerecleri > Fırında Pişirme > Pasta Malzemeleri"
22024,232420,mikrodalga firinlar,https://www.hepsiburada.com/mikrodalga-firinlar-c-22024,5,"Spor, Outdoor > kramponlar > mutfak gerecleri > Fırında Pişirme > mikrodalga firinlar"
22203,80667013,Tavalar,https://www.hepsiburada.com/tavalar-c-22203,5,"Spor, Outdoor > kramponlar > mutfak gerecleri > Pişirme > Tavalar"
60003719,231100,Bulaşık Sepetleri,https://www.hepsiburada.com/bulasik-sepetleri-c-60003719,5,"Spor, Outdoor > kramponlar > mutfak gerecleri > Saklama, Düzenleme > Bulaşık Sepetleri"
239793,231100,Ekmek Kutusu,https://www.hepsiburada.com/ekmek-kutulari-c-239793,5,"Spor, Outdoor > kramponlar > mutfak gerecleri > Saklama, Düzenleme > Ekmek Kutusu"
80667014,231100,Kaşıklık,https://www.hepsiburada.com/kasiklik-c-80667014,5,"Spor, Outdoor > kramponlar > mutfak gerecleri > Saklama, Düzenleme > Kaşıklık"
80667015,231100,Organizer,https://www.hepsiburada.com/organizer-c-80667015,5,"Spor, Outdoor > kramponlar > mutfak gerecleri > Saklama, Düzenleme > Organizer"
239208,231100,Sebzelikler,https://www.hepsiburada.com/sebzelikler-c-239208,5,"Spor, Outdoor > kramponlar > mutfak gerecleri > Saklama, Düzenleme > Sebzelikler"
60003720,231100,saklama kaplari,https://www.hepsiburada.com/saklama-kaplari-c-60003720,5,"Spor, Outdoor > kramponlar > mutfak gerecleri > Saklama, Düzenleme > saklama kaplari"
17008153,80667016,Kahvaltı Takımları,https://www.hepsiburada.com/kahvalti-takimlari-c-17008153,5,"Spor, Outdoor > kramponlar > mutfak gerecleri > Sofra, Servis & Sunum > Kahvaltı Takımları"
80516058,80667016,Kahvaltılıklar,https://www.hepsiburada.com/kahvaltiliklar-c-80516058,5,"Spor, Outdoor > kramponlar > mutfak gerecleri > Sofra, Servis & Sunum > Kahvaltılıklar"
80327170,80667016,Kase,https://www.hepsiburada.com/kase-c-80327170,5,"Spor, Outdoor > kramponlar > mutfak gerecleri > Sofra, Servis & Sunum > Kase"
231026,80667016,Servis Tepsileri,https://www.hepsiburada.com/servis-tepsileri-c-231026,5,"Spor, Outdoor > kramponlar > mutfak gerecleri > Sofra, Servis & Sunum > Servis Tepsileri"
233761,80667016,Sosluk,https://www.hepsiburada.com/sosluklar-c-233761,5,"Spor, Outdoor > kramponlar > mutfak gerecleri > Sofra, Servis & Sunum > Sosluk"
60006075,80667016,Yemek Takımları,https://www.hepsiburada.com/yemek-takimlari-c-60006075,5,"Spor, Outdoor > kramponlar > mutfak gerecleri > Sofra, Servis & Sunum > Yemek Takımları"
60007531,80667016,kek standi,https://www.hepsiburada.com/kek-standi-c-60007531,5,"Spor, Outdoor > kramponlar > mutfak gerecleri > Sofra, Servis & Sunum > kek standi"
9024751,80667016,masa ortusu peceteleri,https://www.hepsiburada.com/masa-ortusu-peceteleri-c-9024751,5,"Spor, Outdoor > kramponlar > mutfak gerecleri > Sofra, Servis & Sunum > masa ortusu peceteleri"
235155,80667016,"Çatal, Kaşık & Bıçaklar",https://www.hepsiburada.com/catal-kasik-bicak-takimlari-c-235155,5,"Spor, Outdoor > kramponlar > mutfak gerecleri > Sofra, Servis & Sunum > Çatal, Kaşık & Bıçaklar"
80327171,80667016,Çerezlik,https://www.hepsiburada.com/cerezlik-c-80327171,5,"Spor, Outdoor > kramponlar > mutfak gerecleri > Sofra, Servis & Sunum > Çerezlik"
238128,80320060,Bıçaklar,https://www.hepsiburada.com/bicaklar-rendeler-c-238128,5,"Spor, Outdoor > kramponlar > mutfak gerecleri > Yemek Hazırlama > Bıçaklar"
80667012,80320060,Limon Sıkacağı,https://www.hepsiburada.com/limon-sikacagi-c-80667012,5,"Spor, Outdoor > kramponlar > mutfak gerecleri > Yemek Hazırlama > Limon Sıkacağı"
233318,80320060,Pratik Mutfak Aletleri,https://www.hepsiburada.com/pratik-mutfak-aletleri-c-233318,5,"Spor, Outdoor > kramponlar > mutfak gerecleri > Yemek Hazırlama > Pratik Mutfak Aletleri"
80322218,80320060,Yumurta Fırçası,https://www.hepsiburada.com/yumurta-fircasi-c-80322218,5,"Spor, Outdoor > kramponlar > mutfak gerecleri > Yemek Hazırlama > Yumurta Fırçası"
80320061,80320060,meyve sebze soyacagi,https://www.hepsiburada.com/meyve-sebze-soyacagi-c-80320061,5,"Spor, Outdoor > kramponlar > mutfak gerecleri > Yemek Hazırlama > meyve sebze soyacagi"
60003718,80320060,rendeler,https://www.hepsiburada.com/rendeler-c-60003718,5,"Spor, Outdoor > kramponlar > mutfak gerecleri > Yemek Hazırlama > rendeler"
80320063,80320060,sarimsak patates ezici,https://www.hepsiburada.com/sarimsak-patates-ezici-c-80320063,5,"Spor, Outdoor > kramponlar > mutfak gerecleri > Yemek Hazırlama > sarimsak patates ezici"
80320064,80320060,suzgec,https://www.hepsiburada.com/suzgec-c-80320064,5,"Spor, Outdoor > kramponlar > mutfak gerecleri > Yemek Hazırlama > suzgec"
80322221,80320060,Çırpıcı,https://www.hepsiburada.com/cirpici-c-80322221,5,"Spor, Outdoor > kramponlar > mutfak gerecleri > Yemek Hazırlama > Çırpıcı"
60005542,80320060,Şiş,https://www.hepsiburada.com/sis-c-60005542,5,"Spor, Outdoor > kramponlar > mutfak gerecleri > Yemek Hazırlama > Şiş"
60008819,9010068,Ekmek Sepeti,https://www.hepsiburada.com/ekmek-sepeti-c-60008819,5,"Spor, Outdoor > kramponlar > mutfak gerecleri > mutfak urunleri > Ekmek Sepeti"
60008818,9010068,Fırın Eldivenleri,https://www.hepsiburada.com/firin-eldivenleri-c-60008818,5,"Spor, Outdoor > kramponlar > mutfak gerecleri > mutfak urunleri > Fırın Eldivenleri"
9010072,9010068,Kurulama Bezleri,https://www.hepsiburada.com/kurulama-bezleri-c-9010072,5,"Spor, Outdoor > kramponlar > mutfak gerecleri > mutfak urunleri > Kurulama Bezleri"
9010070,9010068,Mutfak Setleri,https://www.hepsiburada.com/mutfak-setleri-c-9010070,5,"Spor, Outdoor > kramponlar > mutfak gerecleri > mutfak urunleri > Mutfak Setleri"
60008817,9010068,Mutfak Önlükleri,https://www.hepsiburada.com/mutfak-onlukleri-c-60008817,5,"Spor, Outdoor > kramponlar > mutfak gerecleri > mutfak urunleri > Mutfak Önlükleri"
60003717,22530,Cezveler,https://www.hepsiburada.com/cezveler-c-60003717,5,"Spor, Outdoor > kramponlar > mutfak gerecleri > Çay & Kahve Demleme > Cezveler"
80297163,22530,Demlikler,https://www.hepsiburada.com/demlik-c-80297163,5,"Spor, Outdoor > kramponlar > mutfak gerecleri > Çay & Kahve Demleme > Demlikler"
80167024,22530,French Press,https://www.hepsiburada.com/french-press-c-80167024,5,"Spor, Outdoor > kramponlar > mutfak gerecleri > Çay & Kahve Demleme > French Press"
80167023,22530,Moka Pot,https://www.hepsiburada.com/moka-pot-c-80167023,5,"Spor, Outdoor > kramponlar > mutfak gerecleri > Çay & Kahve Demleme > Moka Pot"
80167026,22530,Sifon Kahve,https://www.hepsiburada.com/sifon-kahve-c-80167026,5,"Spor, Outdoor > kramponlar > mutfak gerecleri > Çay & Kahve Demleme > Sifon Kahve"
80167025,22530,Çay Süzgeci,https://www.hepsiburada.com/cay-suzgeci-c-80167025,5,"Spor, Outdoor > kramponlar > mutfak gerecleri > Çay & Kahve Demleme > Çay Süzgeci"
60003716,22530,Çaydanlıklar,https://www.hepsiburada.com/caydanliklar-c-60003716,5,"Spor, Outdoor > kramponlar > mutfak gerecleri > Çay & Kahve Demleme > Çaydanlıklar"
80168034,80167008,Çeyiz Tavaları,https://www.hepsiburada.com/ceyiz-tavalari-c-80168034,5,"Spor, Outdoor > kramponlar > mutfak gerecleri > Çeyiz Setleri > Çeyiz Tavaları"
80168033,80167008,Çeyiz Tencereleri,https://www.hepsiburada.com/ceyiz-tencereleri-c-80168033,5,"Spor, Outdoor > kramponlar > mutfak gerecleri > Çeyiz Setleri > Çeyiz Tencereleri"
80168030,80167008,Çeyiz Yemek Takımları,https://www.hepsiburada.com/ceyiz-yemek-takimlari-c-80168030,5,"Spor, Outdoor > kramponlar > mutfak gerecleri > Çeyiz Setleri > Çeyiz Yemek Takımları"
80168032,80167008,"Çeyiz Çatal, Kaşık & Bıçak Takımları",https://www.hepsiburada.com/ceyiz-catal-kasik-bicak-takimlari-c-80168032,5,"Spor, Outdoor > kramponlar > mutfak gerecleri > Çeyiz Setleri > Çeyiz Çatal, Kaşık & Bıçak Takımları"
33000987,1201454,Dsi Aksesuarları,https://www.hepsiburada.com/dsi-aksesuarlari-c-33000987,5,"Spor, Outdoor > kramponlar > nintendo > Nintendo Aksesuarları > Dsi Aksesuarları"
33002307,1201454,Nintendo 3DS Aksesuarları,https://www.hepsiburada.com/nintendo-3ds-aksesuarlari-c-33002307,5,"Spor, Outdoor > kramponlar > nintendo > Nintendo Aksesuarları > Nintendo 3DS Aksesuarları"
80536005,1201454,Nintendo Switch Aksesuarları,https://www.hepsiburada.com/nintendo-switch-aksesuarlari-c-80536005,5,"Spor, Outdoor > kramponlar > nintendo > Nintendo Aksesuarları > Nintendo Switch Aksesuarları"
33000986,1201454,Wii Aksesuarları,https://www.hepsiburada.com/nintendo-wii-aksesuarlari-c-33000986,5,"Spor, Outdoor > kramponlar > nintendo > Nintendo Aksesuarları > Wii Aksesuarları"
1204515,33000024,Nintendo DS Oyunları,https://www.hepsiburada.com/nintendo-ds-oyunlari-c-1204515,5,"Spor, Outdoor > kramponlar > nintendo > Nintendo Oyunları > Nintendo DS Oyunları"
1201452,33000024,nintendo wii oyunlari,https://www.hepsiburada.com/nintendo-wii-oyunlari-c-1201452,5,"Spor, Outdoor > kramponlar > nintendo > Nintendo Oyunları > nintendo wii oyunlari"
60001279,80154009,Askılık,https://www.hepsiburada.com/ofis-askiliklari-c-60001279,5,"Spor, Outdoor > kramponlar > ofis mobilyalari > Ofis Aksesuarları > Askılık"
15104,80154009,Ayaklı Küllük,https://www.hepsiburada.com/ayakli-kullukler-c-15104,5,"Spor, Outdoor > kramponlar > ofis mobilyalari > Ofis Aksesuarları > Ayaklı Küllük"
21033207,80154009,Banko,https://www.hepsiburada.com/banko-ofis-mobilyalari-c-21033207,5,"Spor, Outdoor > kramponlar > ofis mobilyalari > Ofis Aksesuarları > Banko"
60005546,80154009,Ofis Duvar Saatleri,https://www.hepsiburada.com/ofis-duvar-saatleri-c-60005546,5,"Spor, Outdoor > kramponlar > ofis mobilyalari > Ofis Aksesuarları > Ofis Duvar Saatleri"
60005545,80154009,Ofis Masa Saatleri,https://www.hepsiburada.com/ofis-masa-saatleri-c-60005545,5,"Spor, Outdoor > kramponlar > ofis mobilyalari > Ofis Aksesuarları > Ofis Masa Saatleri"
60005548,80154009,Ofis Posterleri,https://www.hepsiburada.com/ofis-posterleri-c-60005548,5,"Spor, Outdoor > kramponlar > ofis mobilyalari > Ofis Aksesuarları > Ofis Posterleri"
21002961,80154009,Ofis Çöp Kovası,https://www.hepsiburada.com/ofis-cop-kovalari-c-21002961,5,"Spor, Outdoor > kramponlar > ofis mobilyalari > Ofis Aksesuarları > Ofis Çöp Kovası"
60005547,80154009,Pratik Ofis Gereçleri,https://www.hepsiburada.com/pratik-ofis-gerecleri-c-60005547,5,"Spor, Outdoor > kramponlar > ofis mobilyalari > Ofis Aksesuarları > Pratik Ofis Gereçleri"
285545,60001664,Anahtar Dolapları,https://www.hepsiburada.com/anahtar-dolaplari-c-285545,5,"Spor, Outdoor > kramponlar > ofis mobilyalari > Ofis Dolapları > Anahtar Dolapları"
21003097,60001664,Dosya Dolapları,https://www.hepsiburada.com/dosya-dolaplari-c-21003097,5,"Spor, Outdoor > kramponlar > ofis mobilyalari > Ofis Dolapları > Dosya Dolapları"
60001816,60001664,Keson,https://www.hepsiburada.com/kesonlar-c-60001816,5,"Spor, Outdoor > kramponlar > ofis mobilyalari > Ofis Dolapları > Keson"
21035883,60001664,Soyunma Dolapları,https://www.hepsiburada.com/soyunma-dolaplari-c-21035883,5,"Spor, Outdoor > kramponlar > ofis mobilyalari > Ofis Dolapları > Soyunma Dolapları"
21035884,60001664,Temizlik Dolapları,https://www.hepsiburada.com/temizlik-dolaplari-c-21035884,5,"Spor, Outdoor > kramponlar > ofis mobilyalari > Ofis Dolapları > Temizlik Dolapları"
285906,60001663,Bekleme Koltukları,https://www.hepsiburada.com/bekleme-koltuklari-c-285906,5,"Spor, Outdoor > kramponlar > ofis mobilyalari > Ofis Koltukları > Bekleme Koltukları"
21027912,60001663,Koltuk Takımları,https://www.hepsiburada.com/ofis-koltuk-takimlari-c-21027912,5,"Spor, Outdoor > kramponlar > ofis mobilyalari > Ofis Koltukları > Koltuk Takımları"
15605,60001663,Masaj Koltukları,https://www.hepsiburada.com/masaj-koltuklari-c-15605,5,"Spor, Outdoor > kramponlar > ofis mobilyalari > Ofis Koltukları > Masaj Koltukları"
60005544,60001663,Ofis Kanepeleri,https://www.hepsiburada.com/ofis-kanepeleri-c-60005544,5,"Spor, Outdoor > kramponlar > ofis mobilyalari > Ofis Koltukları > Ofis Kanepeleri"
60005472,60001663,Ofis Koltuğu Yedek Parçaları,https://www.hepsiburada.com/ofis-koltugu-yedek-parcalari-c-60005472,5,"Spor, Outdoor > kramponlar > ofis mobilyalari > Ofis Koltukları > Ofis Koltuğu Yedek Parçaları"
15410,60001663,Personel / Çalışma Koltukları,https://www.hepsiburada.com/personel-calisma-koltuklari-c-15410,5,"Spor, Outdoor > kramponlar > ofis mobilyalari > Ofis Koltukları > Personel / Çalışma Koltukları"
15321,60001663,Yönetici Koltukları,https://www.hepsiburada.com/yonetici-koltuklari-c-15321,5,"Spor, Outdoor > kramponlar > ofis mobilyalari > Ofis Koltukları > Yönetici Koltukları"
291238,21032929,Bilgisayar Masaları,https://www.hepsiburada.com/ofis-bilgisayar-masalari-c-291238,5,"Spor, Outdoor > kramponlar > ofis mobilyalari > Ofis Masaları > Bilgisayar Masaları"
21033182,21032929,Masa Takımları,https://www.hepsiburada.com/ofis-masa-takimlari-c-21033182,5,"Spor, Outdoor > kramponlar > ofis mobilyalari > Ofis Masaları > Masa Takımları"
21032930,21032929,Ofis Masaları,https://www.hepsiburada.com/ofis-masalari-c-21032930,5,"Spor, Outdoor > kramponlar > ofis mobilyalari > Ofis Masaları > Ofis Masaları"
21033218,21032929,Toplantı Masaları,https://www.hepsiburada.com/toplanti-masalari-c-21033218,5,"Spor, Outdoor > kramponlar > ofis mobilyalari > Ofis Masaları > Toplantı Masaları"
60006008,21032929,Çalışma Grupları,https://www.hepsiburada.com/calisma-gruplari-c-60006008,5,"Spor, Outdoor > kramponlar > ofis mobilyalari > Ofis Masaları > Çalışma Grupları"
80857069,80320442,HB Hediye Çeki,https://www.hepsiburada.com/hb-hediye-ceki-c-80857069,5,"Spor, Outdoor > kramponlar > on odemeli kart > Özel Ürünler > HB Hediye Çeki"
80857141,80320442,Hepsiburada Koruma Paketi,https://www.hepsiburada.com/hepsiburada-koruma-paketi-c-80857141,5,"Spor, Outdoor > kramponlar > on odemeli kart > Özel Ürünler > Hepsiburada Koruma Paketi"
80857271,80320442,Hepsiburada Koruma Paketi Garanti Uzatma,https://www.hepsiburada.com/hepsiburada-koruma-paketi-garanti-uzatma-c-80857271,5,"Spor, Outdoor > kramponlar > on odemeli kart > Özel Ürünler > Hepsiburada Koruma Paketi Garanti Uzatma"
80857280,80320442,Hepsiburada Koruma Paketi Kazaya Karşı Garanti Uzatma,https://www.hepsiburada.com/hepsiburada-koruma-paketi-kazaya-karsi-garanti-uzatma-c-80857280,5,"Spor, Outdoor > kramponlar > on odemeli kart > Özel Ürünler > Hepsiburada Koruma Paketi Kazaya Karşı Garanti Uzatma"
80857006,80320442,Hepsiburada Premium,https://www.hepsiburada.com/hepsiburada-premium-c-80857006,5,"Spor, Outdoor > kramponlar > on odemeli kart > Özel Ürünler > Hepsiburada Premium"
80563071,80320442,Hizmetler,https://www.hepsiburada.com/hizmetler-c-80563071,5,"Spor, Outdoor > kramponlar > on odemeli kart > Özel Ürünler > Hizmetler"
80498297,80320442,Jetski,https://www.hepsiburada.com/jetski-c-80498297,5,"Spor, Outdoor > kramponlar > on odemeli kart > Özel Ürünler > Jetski"
80857392,80320442,Kapıda Ödeme Hizmet Bedeli,https://www.hepsiburada.com/kapida-odeme-hizmet-bedeli-c-80857392,5,"Spor, Outdoor > kramponlar > on odemeli kart > Özel Ürünler > Kapıda Ödeme Hizmet Bedeli"
80856031,80320442,Oynadıkça Kazan,https://www.hepsiburada.com/oynadikca-kazan-c-80856031,5,"Spor, Outdoor > kramponlar > on odemeli kart > Özel Ürünler > Oynadıkça Kazan"
80674031,80320442,Spor Üyelikleri,https://www.hepsiburada.com/spor-uyelikleri-c-80674031,5,"Spor, Outdoor > kramponlar > on odemeli kart > Özel Ürünler > Spor Üyelikleri"
80498290,80320442,Uçak,https://www.hepsiburada.com/ucak-c-80498290,5,"Spor, Outdoor > kramponlar > on odemeli kart > Özel Ürünler > Uçak"
80857140,80320442,Yardım,https://www.hepsiburada.com/yardim-c-80857140,5,"Spor, Outdoor > kramponlar > on odemeli kart > Özel Ürünler > Yardım"
80857066,80320442,Özel Fırsatlar,https://www.hepsiburada.com/ozel-firsatlar-c-80857066,5,"Spor, Outdoor > kramponlar > on odemeli kart > Özel Ürünler > Özel Fırsatlar"
60001060,20035732,Araca Özel Boyalar,https://www.hepsiburada.com/araca-ozel-boyalar-c-60001060,5,"Spor, Outdoor > kramponlar > oto aksesuarlari > Araç Bakım Ürünleri > Araca Özel Boyalar"
20035769,20035732,Boya,https://www.hepsiburada.com/oto-boyama-urunleri-c-20035769,5,"Spor, Outdoor > kramponlar > oto aksesuarlari > Araç Bakım Ürünleri > Boya"
20035734,20035732,Cabrio,https://www.hepsiburada.com/cabrio-bakim-temizlik-urunleri-c-20035734,5,"Spor, Outdoor > kramponlar > oto aksesuarlari > Araç Bakım Ürünleri > Cabrio"
20035763,20035732,Cam,https://www.hepsiburada.com/cam-bakim-temizlik-urunleri-c-20035763,5,"Spor, Outdoor > kramponlar > oto aksesuarlari > Araç Bakım Ürünleri > Cam"
20035735,20035732,Cila,https://www.hepsiburada.com/oto-cilalari-c-20035735,5,"Spor, Outdoor > kramponlar > oto aksesuarlari > Araç Bakım Ürünleri > Cila"
20035741,20035732,Fren Bakım Spreyi,https://www.hepsiburada.com/fren-bakim-spreyleri-c-20035741,5,"Spor, Outdoor > kramponlar > oto aksesuarlari > Araç Bakım Ürünleri > Fren Bakım Spreyi"
20035742,20035732,Genel Çok Amaçlı Temizlik,https://www.hepsiburada.com/genel-cok-amacli-temizlik-urunleri-c-20035742,5,"Spor, Outdoor > kramponlar > oto aksesuarlari > Araç Bakım Ürünleri > Genel Çok Amaçlı Temizlik"
20035743,20035732,Jant,https://www.hepsiburada.com/jant-bakim-temizlik-urunleri-c-20035743,5,"Spor, Outdoor > kramponlar > oto aksesuarlari > Araç Bakım Ürünleri > Jant"
20035744,20035732,Klima,https://www.hepsiburada.com/klima-bakim-temizlik-urunleri-c-20035744,5,"Spor, Outdoor > kramponlar > oto aksesuarlari > Araç Bakım Ürünleri > Klima"
20035745,20035732,Krom Metal,https://www.hepsiburada.com/krom-metal-bakim-temizlik-urunleri-c-20035745,5,"Spor, Outdoor > kramponlar > oto aksesuarlari > Araç Bakım Ürünleri > Krom Metal"
20035746,20035732,"Kumaş,Deri",https://www.hepsiburada.com/kumas-deri-bakim-temizlik-urunleri-c-20035746,5,"Spor, Outdoor > kramponlar > oto aksesuarlari > Araç Bakım Ürünleri > Kumaş,Deri"
20035767,20035732,Motor,https://www.hepsiburada.com/motor-bakim-temizlik-urunleri-c-20035767,5,"Spor, Outdoor > kramponlar > oto aksesuarlari > Araç Bakım Ürünleri > Motor"
20035748,20035732,NANO Koruma,https://www.hepsiburada.com/nano-korumalar-c-20035748,5,"Spor, Outdoor > kramponlar > oto aksesuarlari > Araç Bakım Ürünleri > NANO Koruma"
20035749,20035732,Oto Boyaları,https://www.hepsiburada.com/oto-boyalari-c-20035749,5,"Spor, Outdoor > kramponlar > oto aksesuarlari > Araç Bakım Ürünleri > Oto Boyaları"
20035750,20035732,Polyester Macun,https://www.hepsiburada.com/polyester-macunlar-c-20035750,5,"Spor, Outdoor > kramponlar > oto aksesuarlari > Araç Bakım Ürünleri > Polyester Macun"
20035751,20035732,Radyatör,https://www.hepsiburada.com/radyatorler-c-20035751,5,"Spor, Outdoor > kramponlar > oto aksesuarlari > Araç Bakım Ürünleri > Radyatör"
20035764,20035732,Süngerler,https://www.hepsiburada.com/sungerler-c-20035764,5,"Spor, Outdoor > kramponlar > oto aksesuarlari > Araç Bakım Ürünleri > Süngerler"
20035753,20035732,Tampon,https://www.hepsiburada.com/tampon-parlaticilar-c-20035753,5,"Spor, Outdoor > kramponlar > oto aksesuarlari > Araç Bakım Ürünleri > Tampon"
20035754,20035732,Temizlik,https://www.hepsiburada.com/oto-temizlik-malzemeleri-c-20035754,5,"Spor, Outdoor > kramponlar > oto aksesuarlari > Araç Bakım Ürünleri > Temizlik"
20035755,20035732,Temizlik Püskülü Duster,https://www.hepsiburada.com/temizlik-puskulu-dusterler-c-20035755,5,"Spor, Outdoor > kramponlar > oto aksesuarlari > Araç Bakım Ürünleri > Temizlik Püskülü Duster"
20035756,20035732,Torpido Bakımı,https://www.hepsiburada.com/torpido-bakim-urunleri-c-20035756,5,"Spor, Outdoor > kramponlar > oto aksesuarlari > Araç Bakım Ürünleri > Torpido Bakımı"
20039315,20035732,Uygulama Paketleri,https://www.hepsiburada.com/uygulama-paketleri-c-20039315,5,"Spor, Outdoor > kramponlar > oto aksesuarlari > Araç Bakım Ürünleri > Uygulama Paketleri"
20035757,20035732,Yağlayıcılar,https://www.hepsiburada.com/yaglayicilar-c-20035757,5,"Spor, Outdoor > kramponlar > oto aksesuarlari > Araç Bakım Ürünleri > Yağlayıcılar"
20035758,20035732,Yıkama Aksesuarları,https://www.hepsiburada.com/yikama-aksesuarlari-c-20035758,5,"Spor, Outdoor > kramponlar > oto aksesuarlari > Araç Bakım Ürünleri > Yıkama Aksesuarları"
20035759,20035732,Yıkama Fırçasız,https://www.hepsiburada.com/fircasiz-yikama-urunleri-c-20035759,5,"Spor, Outdoor > kramponlar > oto aksesuarlari > Araç Bakım Ürünleri > Yıkama Fırçasız"
20035760,20035732,Yıkama Susuz,https://www.hepsiburada.com/susuz-yikama-urunleri-c-20035760,5,"Spor, Outdoor > kramponlar > oto aksesuarlari > Araç Bakım Ürünleri > Yıkama Susuz"
20035761,20035732,Yıkama Şampuan,https://www.hepsiburada.com/yikama-sampuanlari-c-20035761,5,"Spor, Outdoor > kramponlar > oto aksesuarlari > Araç Bakım Ürünleri > Yıkama Şampuan"
20035762,20035732,"Zift,Böcek,Reçine",https://www.hepsiburada.com/zift-bocek-recine-temizlik-urunleri-c-20035762,5,"Spor, Outdoor > kramponlar > oto aksesuarlari > Araç Bakım Ürünleri > Zift,Böcek,Reçine"
20035752,20035732,oto bakim temizlik setleri,https://www.hepsiburada.com/oto-bakim-temizlik-setleri-c-20035752,5,"Spor, Outdoor > kramponlar > oto aksesuarlari > Araç Bakım Ürünleri > oto bakim temizlik setleri"
80168004,253574,Akaryakıt İstasyon Ürünleri,https://www.hepsiburada.com/akaryakit-istasyon-urunleri-c-80168004,5,"Spor, Outdoor > kramponlar > oto aksesuarlari > Oto Aksesuar Ürünleri > Akaryakıt İstasyon Ürünleri"
20024950,253574,Alarm / Park Sensörü / Merkezi Kilitler,https://www.hepsiburada.com/alarm-park-sensoru-merkezi-kilitler-c-20024950,5,"Spor, Outdoor > kramponlar > oto aksesuarlari > Oto Aksesuar Ürünleri > Alarm / Park Sensörü / Merkezi Kilitler"
260267,253574,Anahtarlık,https://www.hepsiburada.com/anahtarliklar-c-260267,5,"Spor, Outdoor > kramponlar > oto aksesuarlari > Oto Aksesuar Ürünleri > Anahtarlık"
266032,253574,Anatomik Spoiler,https://www.hepsiburada.com/anatomik-spoiler-c-266032,5,"Spor, Outdoor > kramponlar > oto aksesuarlari > Oto Aksesuar Ürünleri > Anatomik Spoiler"
20024933,253574,Araç Dış Aksesuar,https://www.hepsiburada.com/arac-dis-aksesuarlari-c-20024933,5,"Spor, Outdoor > kramponlar > oto aksesuarlari > Oto Aksesuar Ürünleri > Araç Dış Aksesuar"
20024879,253574,Araç İçi Aksesuarları,https://www.hepsiburada.com/arac-ici-aksesuarlari-c-20024879,5,"Spor, Outdoor > kramponlar > oto aksesuarlari > Oto Aksesuar Ürünleri > Araç İçi Aksesuarları"
260625,253574,Arma Sticker,https://www.hepsiburada.com/arma-stickerlar-c-260625,5,"Spor, Outdoor > kramponlar > oto aksesuarlari > Oto Aksesuar Ürünleri > Arma Sticker"
20024610,253574,Aydınlatma Ürünleri,https://www.hepsiburada.com/oto-aydinlatma-urunleri-c-20024610,5,"Spor, Outdoor > kramponlar > oto aksesuarlari > Oto Aksesuar Ürünleri > Aydınlatma Ürünleri"
20024837,253574,Aynalar,https://www.hepsiburada.com/oto-aynalari-c-20024837,5,"Spor, Outdoor > kramponlar > oto aksesuarlari > Oto Aksesuar Ürünleri > Aynalar"
20004372,253574,Basınçlı Yıkama Makineleri,https://www.hepsiburada.com/basincli-yikama-makineleri-c-20004372,5,"Spor, Outdoor > kramponlar > oto aksesuarlari > Oto Aksesuar Ürünleri > Basınçlı Yıkama Makineleri"
20024927,253574,Brandalar,https://www.hepsiburada.com/oto-brandalari-c-20024927,5,"Spor, Outdoor > kramponlar > oto aksesuarlari > Oto Aksesuar Ürünleri > Brandalar"
252831,253574,Buzdolapları,https://www.hepsiburada.com/oto-buzdolaplari-c-252831,5,"Spor, Outdoor > kramponlar > oto aksesuarlari > Oto Aksesuar Ürünleri > Buzdolapları"
20024866,253574,Direksiyon Ürünlerı,https://www.hepsiburada.com/direksiyon-urunleri-c-20024866,5,"Spor, Outdoor > kramponlar > oto aksesuarlari > Oto Aksesuar Ürünleri > Direksiyon Ürünlerı"
26051,253574,Egzoz Nikelajları,https://www.hepsiburada.com/egzos-nikelajlari-c-26051,5,"Spor, Outdoor > kramponlar > oto aksesuarlari > Oto Aksesuar Ürünleri > Egzoz Nikelajları"
20024827,253574,Fosfor Şeritler,https://www.hepsiburada.com/fosfor-seritler-c-20024827,5,"Spor, Outdoor > kramponlar > oto aksesuarlari > Oto Aksesuar Ürünleri > Fosfor Şeritler"
20036990,253574,Güneşlikler,https://www.hepsiburada.com/oto-guneslikleri-c-20036990,5,"Spor, Outdoor > kramponlar > oto aksesuarlari > Oto Aksesuar Ürünleri > Güneşlikler"
80320451,253574,Karavan,https://www.hepsiburada.com/karavan-c-80320451,5,"Spor, Outdoor > kramponlar > oto aksesuarlari > Oto Aksesuar Ürünleri > Karavan"
20036892,253574,Koltuk Kılıfları,https://www.hepsiburada.com/koltuk-kiliflari-c-20036892,5,"Spor, Outdoor > kramponlar > oto aksesuarlari > Oto Aksesuar Ürünleri > Koltuk Kılıfları"
266112,253574,Koltuk Minderleri,https://www.hepsiburada.com/koltuk-minderleri-c-266112,5,"Spor, Outdoor > kramponlar > oto aksesuarlari > Oto Aksesuar Ürünleri > Koltuk Minderleri"
20036491,253574,Kolçaklar,https://www.hepsiburada.com/kolcaklar-c-20036491,5,"Spor, Outdoor > kramponlar > oto aksesuarlari > Oto Aksesuar Ürünleri > Kolçaklar"
20024824,253574,Korna - Sirenler,https://www.hepsiburada.com/korna-sirenler-c-20024824,5,"Spor, Outdoor > kramponlar > oto aksesuarlari > Oto Aksesuar Ürünleri > Korna - Sirenler"
253447,253574,Krom Aksesuarlar,https://www.hepsiburada.com/krom-aksesuarlar-c-253447,5,"Spor, Outdoor > kramponlar > oto aksesuarlari > Oto Aksesuar Ürünleri > Krom Aksesuarlar"
20024783,253574,Kış Ürünleri,https://www.hepsiburada.com/kis-urunleri-c-20024783,5,"Spor, Outdoor > kramponlar > oto aksesuarlari > Oto Aksesuar Ürünleri > Kış Ürünleri"
80807001,253574,Lastik Montaj Hizmeti,https://www.hepsiburada.com/lastik-montaj-hizmeti-c-80807001,5,"Spor, Outdoor > kramponlar > oto aksesuarlari > Oto Aksesuar Ürünleri > Lastik Montaj Hizmeti"
252871,253574,Mobil Elektrik,https://www.hepsiburada.com/mobil-elektrik-oto-aksesuarlari-c-252871,5,"Spor, Outdoor > kramponlar > oto aksesuarlari > Oto Aksesuar Ürünleri > Mobil Elektrik"
262065,253574,Oto El Aletleri,https://www.hepsiburada.com/oto-el-aletleri-c-262065,5,"Spor, Outdoor > kramponlar > oto aksesuarlari > Oto Aksesuar Ürünleri > Oto El Aletleri"
26029,253574,Oto Kokuları,https://www.hepsiburada.com/oto-kokulari-c-26029,5,"Spor, Outdoor > kramponlar > oto aksesuarlari > Oto Aksesuar Ürünleri > Oto Kokuları"
262977,253574,Oto Lastik-Bakım,https://www.hepsiburada.com/oto-lastik-bakim-malzemeleri-c-262977,5,"Spor, Outdoor > kramponlar > oto aksesuarlari > Oto Aksesuar Ürünleri > Oto Lastik-Bakım"
20035777,253574,Paspaslar,https://www.hepsiburada.com/oto-paspaslari-c-20035777,5,"Spor, Outdoor > kramponlar > oto aksesuarlari > Oto Aksesuar Ürünleri > Paspaslar"
20036590,253574,Rüzgarlıklar,https://www.hepsiburada.com/ruzgarliklar-c-20036590,5,"Spor, Outdoor > kramponlar > oto aksesuarlari > Oto Aksesuar Ürünleri > Rüzgarlıklar"
20024971,253574,Seyahat Ürünleri,https://www.hepsiburada.com/seyahat-urunleri-c-20024971,5,"Spor, Outdoor > kramponlar > oto aksesuarlari > Oto Aksesuar Ürünleri > Seyahat Ürünleri"
20024840,253574,Torpido Aksesuarları,https://www.hepsiburada.com/torpido-aksesuarlari-c-20024840,5,"Spor, Outdoor > kramponlar > oto aksesuarlari > Oto Aksesuar Ürünleri > Torpido Aksesuarları"
26007,253574,Trafik Setleri,https://www.hepsiburada.com/trafik-setleri-c-26007,5,"Spor, Outdoor > kramponlar > oto aksesuarlari > Oto Aksesuar Ürünleri > Trafik Setleri"
264022,253574,Trafik Ürünleri,https://www.hepsiburada.com/trafik-urunleri-c-264022,5,"Spor, Outdoor > kramponlar > oto aksesuarlari > Oto Aksesuar Ürünleri > Trafik Ürünleri"
80555123,253574,Traktör Lastikleri,https://www.hepsiburada.com/traktor-lastikleri-c-80555123,5,"Spor, Outdoor > kramponlar > oto aksesuarlari > Oto Aksesuar Ürünleri > Traktör Lastikleri"
271585,253574,Xenon Far Kit,https://www.hepsiburada.com/xenon-far-kitleri-c-271585,5,"Spor, Outdoor > kramponlar > oto aksesuarlari > Oto Aksesuar Ürünleri > Xenon Far Kit"
20035733,253574,bezler,https://www.hepsiburada.com/bezler-c-20035733,5,"Spor, Outdoor > kramponlar > oto aksesuarlari > Oto Aksesuar Ürünleri > bezler"
20024848,253574,Çift Taraflı Bantlar,https://www.hepsiburada.com/cift-tarafli-bantlar-c-20024848,5,"Spor, Outdoor > kramponlar > oto aksesuarlari > Oto Aksesuar Ürünleri > Çift Taraflı Bantlar"
80805000,253574,İş Makinesi Lastiği,https://www.hepsiburada.com/is-makinesi-lastigi-c-80805000,5,"Spor, Outdoor > kramponlar > oto aksesuarlari > Oto Aksesuar Ürünleri > İş Makinesi Lastiği"
20024966,253575,Araç Takip Sistemleri,https://www.hepsiburada.com/arac-takip-sistemleri-c-20024966,5,"Spor, Outdoor > kramponlar > oto aksesuarlari > Oto Ses Ve Görüntü Sistemleri > Araç Takip Sistemleri"
60001710,253575,Araç İçi Monitörler,https://www.hepsiburada.com/arac-ici-monitorler-c-60001710,5,"Spor, Outdoor > kramponlar > oto aksesuarlari > Oto Ses Ve Görüntü Sistemleri > Araç İçi Monitörler"
60001687,253575,Araç İçi Multimedya ve Görüntü Sistemleri,https://www.hepsiburada.com/arac-ici-multimedya-goruntu-sistemleri-c-60001687,5,"Spor, Outdoor > kramponlar > oto aksesuarlari > Oto Ses Ve Görüntü Sistemleri > Araç İçi Multimedya ve Görüntü Sistemleri"
20024965,253575,Arka Görüş Kameraları,https://www.hepsiburada.com/arka-gorus-kameralari-c-20024965,5,"Spor, Outdoor > kramponlar > oto aksesuarlari > Oto Ses Ve Görüntü Sistemleri > Arka Görüş Kameraları"
268880,253575,Bluetooth Araç Kitleri,https://www.hepsiburada.com/bluetooth-arac-kitleri-c-268880,5,"Spor, Outdoor > kramponlar > oto aksesuarlari > Oto Ses Ve Görüntü Sistemleri > Bluetooth Araç Kitleri"
258076,253575,Fm Transmitter (Aktarım) Cihazları,https://www.hepsiburada.com/fm-transmitter-aktarim-cihazlari-c-258076,5,"Spor, Outdoor > kramponlar > oto aksesuarlari > Oto Ses Ve Görüntü Sistemleri > Fm Transmitter (Aktarım) Cihazları"
20027180,253575,Hazır Sistemler,https://www.hepsiburada.com/hazir-sistemler-c-20027180,5,"Spor, Outdoor > kramponlar > oto aksesuarlari > Oto Ses Ve Görüntü Sistemleri > Hazır Sistemler"
60004654,253575,Marine Ürünleri,https://www.hepsiburada.com/marine-urunleri-c-60004654,5,"Spor, Outdoor > kramponlar > oto aksesuarlari > Oto Ses Ve Görüntü Sistemleri > Marine Ürünleri"
266849,253575,Navigasyon Harita,https://www.hepsiburada.com/navigasyon-harita-c-266849,5,"Spor, Outdoor > kramponlar > oto aksesuarlari > Oto Ses Ve Görüntü Sistemleri > Navigasyon Harita"
20020281,253575,Teyp Çerçevesi,https://www.hepsiburada.com/teyp-cerceveleri-c-20020281,5,"Spor, Outdoor > kramponlar > oto aksesuarlari > Oto Ses Ve Görüntü Sistemleri > Teyp Çerçevesi"
20054741,253575,Usb-Sd Çevirici Modül,https://www.hepsiburada.com/usb-sd-cevirici-moduller-c-20054741,5,"Spor, Outdoor > kramponlar > oto aksesuarlari > Oto Ses Ve Görüntü Sistemleri > Usb-Sd Çevirici Modül"
60006589,253575,pandizot,https://www.hepsiburada.com/pandizot-c-60006589,5,"Spor, Outdoor > kramponlar > oto aksesuarlari > Oto Ses Ve Görüntü Sistemleri > pandizot"
26036,20003812,Ateşleme Sistemi,https://www.hepsiburada.com/atesleme-sistemleri-c-26036,5,"Spor, Outdoor > kramponlar > oto aksesuarlari > Oto Yedek Parça > Ateşleme Sistemi"
60005474,20003812,Ayna,https://www.hepsiburada.com/oto-aynasi-c-60005474,5,"Spor, Outdoor > kramponlar > oto aksesuarlari > Oto Yedek Parça > Ayna"
80507037,20003812,Cam,https://www.hepsiburada.com/cam-c-80507037,5,"Spor, Outdoor > kramponlar > oto aksesuarlari > Oto Yedek Parça > Cam"
60001302,20003812,Elektrik Aksam,https://www.hepsiburada.com/elektrik-aksamlar-c-60001302,5,"Spor, Outdoor > kramponlar > oto aksesuarlari > Oto Yedek Parça > Elektrik Aksam"
60001489,20003812,Filtre,https://www.hepsiburada.com/oto-filtreleri-c-60001489,5,"Spor, Outdoor > kramponlar > oto aksesuarlari > Oto Yedek Parça > Filtre"
20019478,20003812,Fren & Debriyaj,https://www.hepsiburada.com/fren-debriyajlari-c-20019478,5,"Spor, Outdoor > kramponlar > oto aksesuarlari > Oto Yedek Parça > Fren & Debriyaj"
60001490,20003812,Kaporta,https://www.hepsiburada.com/oto-kaporta-c-60001490,5,"Spor, Outdoor > kramponlar > oto aksesuarlari > Oto Yedek Parça > Kaporta"
60006058,20003812,LPG Yedek Parçaları,https://www.hepsiburada.com/lpg-yedek-parcalari-c-60006058,5,"Spor, Outdoor > kramponlar > oto aksesuarlari > Oto Yedek Parça > LPG Yedek Parçaları"
20016152,20003812,Mekanik Aksam,https://www.hepsiburada.com/mekanik-aksamlar-c-20016152,5,"Spor, Outdoor > kramponlar > oto aksesuarlari > Oto Yedek Parça > Mekanik Aksam"
20003823,20003812,Motor Aksamı,https://www.hepsiburada.com/oto-motor-aksamlari-c-20003823,5,"Spor, Outdoor > kramponlar > oto aksesuarlari > Oto Yedek Parça > Motor Aksamı"
60002130,20003812,Yürüyen Aksam & Direksiyon,https://www.hepsiburada.com/yuruyen-aksam-direksiyon-urunleri-c-60002130,5,"Spor, Outdoor > kramponlar > oto aksesuarlari > Oto Yedek Parça > Yürüyen Aksam & Direksiyon"
60007101,20003812,bobinler,https://www.hepsiburada.com/bobinler-c-60007101,5,"Spor, Outdoor > kramponlar > oto aksesuarlari > Oto Yedek Parça > bobinler"
80330142,20003812,İş Makinesi & Traktör Yedek Parçaları,https://www.hepsiburada.com/is-makinesi-traktor-yedek-parcalari-c-80330142,5,"Spor, Outdoor > kramponlar > oto aksesuarlari > Oto Yedek Parça > İş Makinesi & Traktör Yedek Parçaları"
20007071,264130,Araç Izgaraları,https://www.hepsiburada.com/arac-izgaralari-c-20007071,5,"Spor, Outdoor > kramponlar > oto aksesuarlari > Tuning (Auto Sport) > Araç Izgaraları"
20006746,264130,Blow Off/Turbo,https://www.hepsiburada.com/blow-off-turbo-c-20006746,5,"Spor, Outdoor > kramponlar > oto aksesuarlari > Tuning (Auto Sport) > Blow Off/Turbo"
272912,264130,Body Kitler,https://www.hepsiburada.com/body-kitler-c-272912,5,"Spor, Outdoor > kramponlar > oto aksesuarlari > Tuning (Auto Sport) > Body Kitler"
20004779,264130,Disk Aynaları,https://www.hepsiburada.com/disk-aynalari-c-20004779,5,"Spor, Outdoor > kramponlar > oto aksesuarlari > Tuning (Auto Sport) > Disk Aynaları"
20006808,264130,El Freni Kaplamaları,https://www.hepsiburada.com/el-freni-kaplamalari-c-20006808,5,"Spor, Outdoor > kramponlar > oto aksesuarlari > Tuning (Auto Sport) > El Freni Kaplamaları"
253249,264130,Filtre,https://www.hepsiburada.com/oto-tuning-filtreleri-c-253249,5,"Spor, Outdoor > kramponlar > oto aksesuarlari > Tuning (Auto Sport) > Filtre"
20006749,264130,Filtre Kit ve Aparatları,https://www.hepsiburada.com/filtre-kitleri-aparatlari-c-20006749,5,"Spor, Outdoor > kramponlar > oto aksesuarlari > Tuning (Auto Sport) > Filtre Kit ve Aparatları"
20006809,264130,Göstergeler,https://www.hepsiburada.com/oto-tuning-gostergeler-c-20006809,5,"Spor, Outdoor > kramponlar > oto aksesuarlari > Tuning (Auto Sport) > Göstergeler"
20024751,264130,Hava Filitreleri,https://www.hepsiburada.com/oto-tuning-hava-filitreleri-c-20024751,5,"Spor, Outdoor > kramponlar > oto aksesuarlari > Tuning (Auto Sport) > Hava Filitreleri"
20004780,264130,Havalandırmalar,https://www.hepsiburada.com/havalandirmalar-c-20004780,5,"Spor, Outdoor > kramponlar > oto aksesuarlari > Tuning (Auto Sport) > Havalandırmalar"
20006810,264130,Kafalık Yayları,https://www.hepsiburada.com/kafalik-yaylari-c-20006810,5,"Spor, Outdoor > kramponlar > oto aksesuarlari > Tuning (Auto Sport) > Kafalık Yayları"
20006727,264130,Kaliper Kapaklar,https://www.hepsiburada.com/kaliper-kapaklar-c-20006727,5,"Spor, Outdoor > kramponlar > oto aksesuarlari > Tuning (Auto Sport) > Kaliper Kapaklar"
20006743,264130,Kaput Aksesuarları,https://www.hepsiburada.com/kaput-aksesuarlari-c-20006743,5,"Spor, Outdoor > kramponlar > oto aksesuarlari > Tuning (Auto Sport) > Kaput Aksesuarları"
60006128,264130,Kaput Spoyleri,https://www.hepsiburada.com/kaput-spoyleri-c-60006128,5,"Spor, Outdoor > kramponlar > oto aksesuarlari > Tuning (Auto Sport) > Kaput Spoyleri"
20006811,264130,Kemer Yastığı ve Aksesuarları,https://www.hepsiburada.com/kemer-yastiklari-aksesuarlari-c-20006811,5,"Spor, Outdoor > kramponlar > oto aksesuarlari > Tuning (Auto Sport) > Kemer Yastığı ve Aksesuarları"
20006744,264130,Panjurlar,https://www.hepsiburada.com/panjurlar-c-20006744,5,"Spor, Outdoor > kramponlar > oto aksesuarlari > Tuning (Auto Sport) > Panjurlar"
20006812,264130,Pedal Setleri,https://www.hepsiburada.com/pedal-setleri-c-20006812,5,"Spor, Outdoor > kramponlar > oto aksesuarlari > Tuning (Auto Sport) > Pedal Setleri"
60002903,264130,Performans Ürünleri,https://www.hepsiburada.com/performans-urunleri-c-60002903,5,"Spor, Outdoor > kramponlar > oto aksesuarlari > Tuning (Auto Sport) > Performans Ürünleri"
20006813,264130,Sol Ayak Dayamaları,https://www.hepsiburada.com/sol-ayak-dayamalari-c-20006813,5,"Spor, Outdoor > kramponlar > oto aksesuarlari > Tuning (Auto Sport) > Sol Ayak Dayamaları"
20006752,264130,Spor Koltuklar,https://www.hepsiburada.com/spor-koltuklar-c-20006752,5,"Spor, Outdoor > kramponlar > oto aksesuarlari > Tuning (Auto Sport) > Spor Koltuklar"
263146,264130,Spor yaylar,https://www.hepsiburada.com/spor-yaylar-c-263146,5,"Spor, Outdoor > kramponlar > oto aksesuarlari > Tuning (Auto Sport) > Spor yaylar"
251079,264130,Sport,https://www.hepsiburada.com/sport-tuning-urunleri-c-251079,5,"Spor, Outdoor > kramponlar > oto aksesuarlari > Tuning (Auto Sport) > Sport"
264212,264130,Tekstil Ürünleri,https://www.hepsiburada.com/tekstil-urunleri-c-264212,5,"Spor, Outdoor > kramponlar > oto aksesuarlari > Tuning (Auto Sport) > Tekstil Ürünleri"
20006815,264130,Tuning Kitler,https://www.hepsiburada.com/tuning-kitler-c-20006815,5,"Spor, Outdoor > kramponlar > oto aksesuarlari > Tuning (Auto Sport) > Tuning Kitler"
20006817,264130,Vites Körüğü,https://www.hepsiburada.com/vites-korukleri-c-20006817,5,"Spor, Outdoor > kramponlar > oto aksesuarlari > Tuning (Auto Sport) > Vites Körüğü"
20018918,264130,Vites Topuzu,https://www.hepsiburada.com/vites-topuzlari-c-20018918,5,"Spor, Outdoor > kramponlar > oto aksesuarlari > Tuning (Auto Sport) > Vites Topuzu"
20035747,264130,lastikler,https://www.hepsiburada.com/lastikler-c-20035747,5,"Spor, Outdoor > kramponlar > oto aksesuarlari > Tuning (Auto Sport) > lastikler"
20006818,264130,Şalterler,https://www.hepsiburada.com/salterler-c-20006818,5,"Spor, Outdoor > kramponlar > oto aksesuarlari > Tuning (Auto Sport) > Şalterler"
264942,264130,Şeffaf ve Led Stoplar,https://www.hepsiburada.com/seffaf-ve-led-stoplar-c-264942,5,"Spor, Outdoor > kramponlar > oto aksesuarlari > Tuning (Auto Sport) > Şeffaf ve Led Stoplar"
80531054,26005,Hidrolik Yağlar,https://www.hepsiburada.com/hidrolik-yaglar-c-80531054,5,"Spor, Outdoor > kramponlar > oto aksesuarlari > Yağ ve Yakıt Katkıları > Hidrolik Yağlar"
80531050,26005,Motor Yağı,https://www.hepsiburada.com/motor-yagi-c-80531050,5,"Spor, Outdoor > kramponlar > oto aksesuarlari > Yağ ve Yakıt Katkıları > Motor Yağı"
80531052,26005,Motor Yağı Katkısı,https://www.hepsiburada.com/motor-yagi-katkisi-c-80531052,5,"Spor, Outdoor > kramponlar > oto aksesuarlari > Yağ ve Yakıt Katkıları > Motor Yağı Katkısı"
80531051,26005,Yakıt Katkısı,https://www.hepsiburada.com/yakit-katkisi-c-80531051,5,"Spor, Outdoor > kramponlar > oto aksesuarlari > Yağ ve Yakıt Katkıları > Yakıt Katkısı"
60008458,26005,Şanzıman Yağı,https://www.hepsiburada.com/araba-sanziman-yagi-c-60008458,5,"Spor, Outdoor > kramponlar > oto aksesuarlari > Yağ ve Yakıt Katkıları > Şanzıman Yağı"
80531053,26005,Şanzıman Yağı ve Katkısı,https://www.hepsiburada.com/sanziman-yagi-ve-katkisi-c-80531053,5,"Spor, Outdoor > kramponlar > oto aksesuarlari > Yağ ve Yakıt Katkıları > Şanzıman Yağı ve Katkısı"
80857364,80331054,Güvenlik Kamera Bataryası,https://www.hepsiburada.com/guvenlik-kamera-bataryasi-c-80857364,5,"Spor, Outdoor > kramponlar > outdoor sualti fotograf makineleri > kamera aksesuarlari > Güvenlik Kamera Bataryası"
60007239,80331054,Kamera Ayağı,https://www.hepsiburada.com/kamera-ayagi-c-60007239,5,"Spor, Outdoor > kramponlar > outdoor sualti fotograf makineleri > kamera aksesuarlari > Kamera Ayağı"
60007240,80331054,Kamera Kablosu,https://www.hepsiburada.com/kamera-kablosu-c-60007240,5,"Spor, Outdoor > kramponlar > outdoor sualti fotograf makineleri > kamera aksesuarlari > Kamera Kablosu"
60007241,80331054,Kamera Lensleri,https://www.hepsiburada.com/kamera-lensleri-c-60007241,5,"Spor, Outdoor > kramponlar > outdoor sualti fotograf makineleri > kamera aksesuarlari > Kamera Lensleri"
23032026,60002264,Ahşap Oyuncak,https://www.hepsiburada.com/ahsap-oyuncaklar-c-23032026,5,"Spor, Outdoor > kramponlar > oyuncaklar > Bebek Oyuncağı (0-24 Ay) > Ahşap Oyuncak"
23046377,60002264,Banyo Oyuncağı,https://www.hepsiburada.com/banyo-oyuncaklari-c-23046377,5,"Spor, Outdoor > kramponlar > oyuncaklar > Bebek Oyuncağı (0-24 Ay) > Banyo Oyuncağı"
301162,60002264,"Dişlik, Çıngırak",https://www.hepsiburada.com/bebek-dis-kasiyicilar-cingiraklar-c-301162,5,"Spor, Outdoor > kramponlar > oyuncaklar > Bebek Oyuncağı (0-24 Ay) > Dişlik, Çıngırak"
301151,60002264,"Dönence, Projektör",https://www.hepsiburada.com/donence-projektorler-c-301151,5,"Spor, Outdoor > kramponlar > oyuncaklar > Bebek Oyuncağı (0-24 Ay) > Dönence, Projektör"
80138063,60002264,Erken Öğrenme Oyuncağı,https://www.hepsiburada.com/erken-ogrenme-oyuncaklari-c-80138063,5,"Spor, Outdoor > kramponlar > oyuncaklar > Bebek Oyuncağı (0-24 Ay) > Erken Öğrenme Oyuncağı"
80138064,60002264,Kukla,https://www.hepsiburada.com/kukla-c-80138064,5,"Spor, Outdoor > kramponlar > oyuncaklar > Bebek Oyuncağı (0-24 Ay) > Kukla"
306857,60002264,Sallanan Oyuncak,https://www.hepsiburada.com/sallanan-oyuncaklar-c-306857,5,"Spor, Outdoor > kramponlar > oyuncaklar > Bebek Oyuncağı (0-24 Ay) > Sallanan Oyuncak"
80136015,60002264,Uyku Arkadaşı,https://www.hepsiburada.com/uyku-arkadasi-c-80136015,5,"Spor, Outdoor > kramponlar > oyuncaklar > Bebek Oyuncağı (0-24 Ay) > Uyku Arkadaşı"
10350,80138057,Bahçe Oyuncakları,https://www.hepsiburada.com/bahce-oyuncaklari-c-10350,5,"Spor, Outdoor > kramponlar > oyuncaklar > Dış Mekan ve Spor Oyuncağı > Bahçe Oyuncakları"
60006422,80138057,"Nerf, Oyuncak Tabanca",https://www.hepsiburada.com/oyuncak-silah-su-tabancasi-c-60006422,5,"Spor, Outdoor > kramponlar > oyuncaklar > Dış Mekan ve Spor Oyuncağı > Nerf, Oyuncak Tabanca"
23032029,80138057,Spor Oyuncağı,https://www.hepsiburada.com/cocuk-spor-oyuncaklari-c-23032029,5,"Spor, Outdoor > kramponlar > oyuncaklar > Dış Mekan ve Spor Oyuncağı > Spor Oyuncağı"
23024292,10452,Bilim Seti,https://www.hepsiburada.com/bilim-oyun-setleri-c-23024292,5,"Spor, Outdoor > kramponlar > oyuncaklar > Eğitici ve Öğretici Oyun > Bilim Seti"
23021006,10452,Çocuk Müzik Aleti,https://www.hepsiburada.com/cocuk-muzik-c-23021006,5,"Spor, Outdoor > kramponlar > oyuncaklar > Eğitici ve Öğretici Oyun > Çocuk Müzik Aleti"
60002443,10452,Üç Boyutlu Puzzle,https://www.hepsiburada.com/3d-puzzle-c-60002443,5,"Spor, Outdoor > kramponlar > oyuncaklar > Eğitici ve Öğretici Oyun > Üç Boyutlu Puzzle"
80398009,313764,Hayvan Figürü,https://www.hepsiburada.com/hayvan-figuru-c-80398009,5,"Spor, Outdoor > kramponlar > oyuncaklar > Figür Oyuncağı > Hayvan Figürü"
80138072,313764,Karakter Figürü,https://www.hepsiburada.com/aksiyon-figurleri-c-80138072,5,"Spor, Outdoor > kramponlar > oyuncaklar > Figür Oyuncağı > Karakter Figürü"
23022181,313764,Oyun Setleri,https://www.hepsiburada.com/oyun-setleri-c-23022181,5,"Spor, Outdoor > kramponlar > oyuncaklar > Figür Oyuncağı > Oyun Setleri"
60004473,60002099,Masa & Sandalye,https://www.hepsiburada.com/oyuncak-masa-sandalyeler-c-60004473,5,"Spor, Outdoor > kramponlar > oyuncaklar > Oyun Odası > Masa & Sandalye"
313082,60002099,Yazı Tahtaları,https://www.hepsiburada.com/oyuncak-yazi-tahtalari-c-313082,5,"Spor, Outdoor > kramponlar > oyuncaklar > Oyun Odası > Yazı Tahtaları"
60002249,60002099,Çocuk Valiz & Çantaları,https://www.hepsiburada.com/cocuk-valizleri-c-60002249,5,"Spor, Outdoor > kramponlar > oyuncaklar > Oyun Odası > Çocuk Valiz & Çantaları"
80138062,60002099,Çocuk Çöp Kovaları,https://www.hepsiburada.com/cocuk-cop-kovalari-c-80138062,5,"Spor, Outdoor > kramponlar > oyuncaklar > Oyun Odası > Çocuk Çöp Kovaları"
80136023,60002099,Şeker Makineleri,https://www.hepsiburada.com/seker-makineleri-c-80136023,5,"Spor, Outdoor > kramponlar > oyuncaklar > Oyun Odası > Şeker Makineleri"
60006480,23022184,Model Bebekler,https://www.hepsiburada.com/model-bebekler-c-60006480,5,"Spor, Outdoor > kramponlar > oyuncaklar > Oyuncak Bebek ve Aksesuar > Model Bebekler"
60006481,23022184,Oyuncak Bebek Evi,https://www.hepsiburada.com/oyuncak-bebek-evi-c-60006481,5,"Spor, Outdoor > kramponlar > oyuncaklar > Oyuncak Bebek ve Aksesuar > Oyuncak Bebek Evi"
80382045,23022184,İnteraktif Oyuncak Bebek,https://www.hepsiburada.com/interaktif-oyuncak-bebek-c-80382045,5,"Spor, Outdoor > kramponlar > oyuncaklar > Oyuncak Bebek ve Aksesuar > İnteraktif Oyuncak Bebek"
23010454,23020427,Parti Malzemesi,https://www.hepsiburada.com/parti-aksesuarlari-c-23010454,5,"Spor, Outdoor > kramponlar > oyuncaklar > Parti Malzemesi, Kostüm > Parti Malzemesi"
10309,23020427,yapbozlar puzzlelar,https://www.hepsiburada.com/yapbozlar-puzzlelar-c-10309,5,"Spor, Outdoor > kramponlar > oyuncaklar > Parti Malzemesi, Kostüm > yapbozlar puzzlelar"
80136016,80123020,Beceri Oyuncakları,https://www.hepsiburada.com/beceri-oyuncaklari-c-80136016,5,"Spor, Outdoor > kramponlar > oyuncaklar > Sanat & Bilim & Beceri Oyuncakları > Beceri Oyuncakları"
23020688,80123020,Oyun Hamuru,https://www.hepsiburada.com/oyun-hamurlari-c-23020688,5,"Spor, Outdoor > kramponlar > oyuncaklar > Sanat & Bilim & Beceri Oyuncakları > Oyun Hamuru"
80138069,80123020,"Takı, Moda Tasarım Seti",https://www.hepsiburada.com/bebek-tasarim-setleri-c-80138069,5,"Spor, Outdoor > kramponlar > oyuncaklar > Sanat & Bilim & Beceri Oyuncakları > Takı, Moda Tasarım Seti"
60006816,80123020,Çocuk Boyası,https://www.hepsiburada.com/cocuk-boyasi-c-60006816,5,"Spor, Outdoor > kramponlar > oyuncaklar > Sanat & Bilim & Beceri Oyuncakları > Çocuk Boyası"
80123019,80123018,Çocuk Bilgisayar Oyunları,https://www.hepsiburada.com/cocuk-bilgisayar-oyunlari-c-80123019,5,"Spor, Outdoor > kramponlar > oyuncaklar > Çocuk Multimedya > Çocuk Bilgisayar Oyunları"
23012636,80123018,Çocuk Elektronik,https://www.hepsiburada.com/cocuk-elektronik-c-23012636,5,"Spor, Outdoor > kramponlar > oyuncaklar > Çocuk Multimedya > Çocuk Elektronik"
23028728,80123018,Çocuk Filmleri,https://www.hepsiburada.com/cocuk-dvd-vcd-c-23028728,5,"Spor, Outdoor > kramponlar > oyuncaklar > Çocuk Multimedya > Çocuk Filmleri"
23028727,80123018,Çocuk Kitapları,https://www.hepsiburada.com/cocuk-kitaplari-c-23028727,5,"Spor, Outdoor > kramponlar > oyuncaklar > Çocuk Multimedya > Çocuk Kitapları"
60005779,499,Oyuncu Ergonomik Ürünler,https://www.hepsiburada.com/oyuncu-ergonomik-urunler-c-60005779,5,"Spor, Outdoor > kramponlar > oyuncular ozel bilgisayar bilesenleri > Oyun Donanımları > Oyuncu Ergonomik Ürünler"
1196,499,Oyuncu Kulaklık,https://www.hepsiburada.com/oyuncu-kulakliklari-c-1196,5,"Spor, Outdoor > kramponlar > oyuncular ozel bilgisayar bilesenleri > Oyun Donanımları > Oyuncu Kulaklık"
1988,499,Oyuncu Monitör,https://www.hepsiburada.com/oyuncu-monitorleri-c-1988,5,"Spor, Outdoor > kramponlar > oyuncular ozel bilgisayar bilesenleri > Oyun Donanımları > Oyuncu Monitör"
1182,499,Oyuncu Mousepad,https://www.hepsiburada.com/oyuncu-mousepadleri-c-1182,5,"Spor, Outdoor > kramponlar > oyuncular ozel bilgisayar bilesenleri > Oyun Donanımları > Oyuncu Mousepad"
1590,499,oyuncu mouselari,https://www.hepsiburada.com/oyuncu-mouselari-c-1590,5,"Spor, Outdoor > kramponlar > oyuncular ozel bilgisayar bilesenleri > Oyun Donanımları > oyuncu mouselari"
24003332,24001710,Bakım / Temizlik Malzemeleri,https://www.hepsiburada.com/bakim-temizlik-malzemeleri-c-24003332,5,"Spor, Outdoor > kramponlar > pet shop > Hamster & Tavşan > Bakım / Temizlik Malzemeleri"
24003446,24001710,Derece / Nem Ölçerler,https://www.hepsiburada.com/derece-nem-olcerler-c-24003446,5,"Spor, Outdoor > kramponlar > pet shop > Hamster & Tavşan > Derece / Nem Ölçerler"
24001713,24001710,Kafesler,https://www.hepsiburada.com/kafesler-c-24001713,5,"Spor, Outdoor > kramponlar > pet shop > Hamster & Tavşan > Kafesler"
24003335,24001710,Kafesler / Oyun Parkı,https://www.hepsiburada.com/kafesler-oyun-parki-c-24003335,5,"Spor, Outdoor > kramponlar > pet shop > Hamster & Tavşan > Kafesler / Oyun Parkı"
24003475,24001710,Mama Kapları Suluk / Besleme Aparatları,https://www.hepsiburada.com/mama-kaplari-suluk-besleme-aparatlari-c-24003475,5,"Spor, Outdoor > kramponlar > pet shop > Hamster & Tavşan > Mama Kapları Suluk / Besleme Aparatları"
24001716,24001710,Oyuncaklar,https://www.hepsiburada.com/kemirgen-oyuncaklari-c-24001716,5,"Spor, Outdoor > kramponlar > pet shop > Hamster & Tavşan > Oyuncaklar"
24003334,24001710,Yataklar / Evler,https://www.hepsiburada.com/yataklar-evler-c-24003334,5,"Spor, Outdoor > kramponlar > pet shop > Hamster & Tavşan > Yataklar / Evler"
24001712,24001710,Yemler / Ek Besinler,https://www.hepsiburada.com/kemirgen-yemleri-ek-besinleri-c-24001712,5,"Spor, Outdoor > kramponlar > pet shop > Hamster & Tavşan > Yemler / Ek Besinler"
24001720,24001711,Aydınlatma/ Uv / Ay Işığı / Isıtma Malzemeleri,https://www.hepsiburada.com/aydinlatma-uv-ay-isigi-isitma-malzemeleri-c-24001720,5,"Spor, Outdoor > kramponlar > pet shop > Kaplumbağa > Aydınlatma/ Uv / Ay Işığı / Isıtma Malzemeleri"
24004121,24001711,Kaplumbağa Bahçeleri ve Aksesuarları,https://www.hepsiburada.com/kaplumbaga-bahceleri-aksesuarlari-c-24004121,5,"Spor, Outdoor > kramponlar > pet shop > Kaplumbağa > Kaplumbağa Bahçeleri ve Aksesuarları"
24001719,24001711,Terraryumlar / Malzemeler,https://www.hepsiburada.com/terraryumlar-malzemeler-c-24001719,5,"Spor, Outdoor > kramponlar > pet shop > Kaplumbağa > Terraryumlar / Malzemeler"
24001717,24001711,Yemler / Ek Besinler,https://www.hepsiburada.com/surungen-yemleri-ek-besinleri-c-24001717,5,"Spor, Outdoor > kramponlar > pet shop > Kaplumbağa > Yemler / Ek Besinler"
60007000,560074,Kedi Evleri,https://www.hepsiburada.com/kedi-evleri-c-60007000,5,"Spor, Outdoor > kramponlar > pet shop > Kedi > Kedi Evleri"
80410000,560074,Kedi Giyim,https://www.hepsiburada.com/kedi-giyim-c-80410000,5,"Spor, Outdoor > kramponlar > pet shop > Kedi > Kedi Giyim"
60007008,560074,Kedi Güvenlik Ürünleri,https://www.hepsiburada.com/kedi-guvenlik-urunleri-c-60007008,5,"Spor, Outdoor > kramponlar > pet shop > Kedi > Kedi Güvenlik Ürünleri"
24001689,560074,Kedi Hijyen & Bakım Ürünleri,https://www.hepsiburada.com/kedi-hijyen-bakim-urunleri-c-24001689,5,"Spor, Outdoor > kramponlar > pet shop > Kedi > Kedi Hijyen & Bakım Ürünleri"
60002694,560074,Kedi Kapıları,https://www.hepsiburada.com/kedi-kapi-cam-guvenlik-urunleri-c-60002694,5,"Spor, Outdoor > kramponlar > pet shop > Kedi > Kedi Kapıları"
561355,560074,Kedi Kumları,https://www.hepsiburada.com/kedi-kumlari-c-561355,5,"Spor, Outdoor > kramponlar > pet shop > Kedi > Kedi Kumları"
560205,560074,Kedi Mama & Su Kapları,https://www.hepsiburada.com/kedi-mama-kaplari-servisleri-c-560205,5,"Spor, Outdoor > kramponlar > pet shop > Kedi > Kedi Mama & Su Kapları"
560118,560074,Kedi Mamaları,https://www.hepsiburada.com/kedi-mamalari-c-560118,5,"Spor, Outdoor > kramponlar > pet shop > Kedi > Kedi Mamaları"
560403,560074,Kedi Oyuncakları,https://www.hepsiburada.com/kedi-oyuncaklari-c-560403,5,"Spor, Outdoor > kramponlar > pet shop > Kedi > Kedi Oyuncakları"
560176,560074,Kedi Tasmaları,https://www.hepsiburada.com/kedi-tasmalari-c-560176,5,"Spor, Outdoor > kramponlar > pet shop > Kedi > Kedi Tasmaları"
560243,560074,Kedi Taşıma & Seyahat Ürünleri,https://www.hepsiburada.com/kedi-tasima-seyahat-cantalari-c-560243,5,"Spor, Outdoor > kramponlar > pet shop > Kedi > Kedi Taşıma & Seyahat Ürünleri"
560251,560074,Kedi Tuvalet Kabı & Aksesuarları,https://www.hepsiburada.com/kedi-tuvalet-kabi-aksesuarlari-c-560251,5,"Spor, Outdoor > kramponlar > pet shop > Kedi > Kedi Tuvalet Kabı & Aksesuarları"
561673,560074,Kedi Tırmalamaları,https://www.hepsiburada.com/kedi-tirmalama-urunleri-oyun-evleri-c-561673,5,"Spor, Outdoor > kramponlar > pet shop > Kedi > Kedi Tırmalamaları"
24004170,560074,Kedi Vitaminleri,https://www.hepsiburada.com/kedi-vitaminleri-c-24004170,5,"Spor, Outdoor > kramponlar > pet shop > Kedi > Kedi Vitaminleri"
560398,560074,Kedi Yatakları,https://www.hepsiburada.com/kedi-yataklari-radyator-askiliklari-c-560398,5,"Spor, Outdoor > kramponlar > pet shop > Kedi > Kedi Yatakları"
560166,560074,Kedi Ödülleri,https://www.hepsiburada.com/kedi-odulleri-aperatifler-c-560166,5,"Spor, Outdoor > kramponlar > pet shop > Kedi > Kedi Ödülleri"
24003541,560074,Yavru Kedi Malzemeleri,https://www.hepsiburada.com/yavru-kedi-malzemeleri-c-24003541,5,"Spor, Outdoor > kramponlar > pet shop > Kedi > Yavru Kedi Malzemeleri"
60006991,560074,acik kedi tuvaletleri,https://www.hepsiburada.com/acik-kedi-tuvaletleri-c-60006991,5,"Spor, Outdoor > kramponlar > pet shop > Kedi > acik kedi tuvaletleri"
60006986,560074,mama su kaplari,https://www.hepsiburada.com/mama-su-kaplari-c-60006986,5,"Spor, Outdoor > kramponlar > pet shop > Kedi > mama su kaplari"
24001704,560338,Kuş Kafesleri & Aksesuarları,https://www.hepsiburada.com/kus-kafesler-tasima-kaplari-uretici-kafesleri-c-24001704,5,"Spor, Outdoor > kramponlar > pet shop > Kuş > Kuş Kafesleri & Aksesuarları"
24003329,560338,Kuş Oyuncak & Tünekleri,https://www.hepsiburada.com/kus-oyuncak-tunekleri-c-24003329,5,"Spor, Outdoor > kramponlar > pet shop > Kuş > Kuş Oyuncak & Tünekleri"
24001706,560338,Kuş Sağlık & Bakım Ürünleri,https://www.hepsiburada.com/kus-saglik-bakim-urunleri-c-24001706,5,"Spor, Outdoor > kramponlar > pet shop > Kuş > Kuş Sağlık & Bakım Ürünleri"
24001705,560338,Kuş Suluk & Yemlikleri,https://www.hepsiburada.com/kus-suluk-yemlikleri-c-24001705,5,"Spor, Outdoor > kramponlar > pet shop > Kuş > Kuş Suluk & Yemlikleri"
560885,560338,Kuş Yemleri & Krakerler,https://www.hepsiburada.com/kus-yemleri-krakerler-profesyonel-mamalar-c-560885,5,"Spor, Outdoor > kramponlar > pet shop > Kuş > Kuş Yemleri & Krakerler"
560886,560338,muhabbet yemleri,https://www.hepsiburada.com/muhabbet-yemleri-c-560886,5,"Spor, Outdoor > kramponlar > pet shop > Kuş > muhabbet yemleri"
60002490,560000,Deniz ve Havuz Ürünleri,https://www.hepsiburada.com/deniz-havuz-urunleri-c-60002490,5,"Spor, Outdoor > kramponlar > pet shop > Köpek > Deniz ve Havuz Ürünleri"
24004369,560000,Köpek Bisiklet Aparatları,https://www.hepsiburada.com/kopek-bisiklet-aparatlari-c-24004369,5,"Spor, Outdoor > kramponlar > pet shop > Köpek > Köpek Bisiklet Aparatları"
24001001,560000,Köpek Elbiseleri,https://www.hepsiburada.com/kopek-elbiseleri-c-24001001,5,"Spor, Outdoor > kramponlar > pet shop > Köpek > Köpek Elbiseleri"
564048,560000,Köpek Eğitim Malzemeleri,https://www.hepsiburada.com/kopek-egitim-malzemeleri-c-564048,5,"Spor, Outdoor > kramponlar > pet shop > Köpek > Köpek Eğitim Malzemeleri"
560178,560000,Köpek Hijyen & Bakım Ürünleri,https://www.hepsiburada.com/kopek-hijyen-bakim-urunleri-c-560178,5,"Spor, Outdoor > kramponlar > pet shop > Köpek > Köpek Hijyen & Bakım Ürünleri"
561830,560000,Köpek Kafesi ve Aksesuarları,https://www.hepsiburada.com/kopek-kafesi-aksesuarlari-c-561830,5,"Spor, Outdoor > kramponlar > pet shop > Köpek > Köpek Kafesi ve Aksesuarları"
24004116,560000,Köpek Kapıları & Güvenlik Aksesuarları,https://www.hepsiburada.com/kopek-kapilari-aksesuarlari-c-24004116,5,"Spor, Outdoor > kramponlar > pet shop > Köpek > Köpek Kapıları & Güvenlik Aksesuarları"
24001772,560000,Köpek Kulübeleri,https://www.hepsiburada.com/kopek-kulubeleri-c-24001772,5,"Spor, Outdoor > kramponlar > pet shop > Köpek > Köpek Kulübeleri"
24001769,560000,Köpek Mama & Su Kapları,https://www.hepsiburada.com/kopek-mama-su-kaplari-c-24001769,5,"Spor, Outdoor > kramponlar > pet shop > Köpek > Köpek Mama & Su Kapları"
561183,560000,Köpek Oyuncakları,https://www.hepsiburada.com/kopek-oyuncaklari-c-561183,5,"Spor, Outdoor > kramponlar > pet shop > Köpek > Köpek Oyuncakları"
560184,560000,Köpek Tasmaları,https://www.hepsiburada.com/kopek-tasmalari-c-560184,5,"Spor, Outdoor > kramponlar > pet shop > Köpek > Köpek Tasmaları"
24001771,560000,Köpek Taşıma & Seyahat Ürünleri,https://www.hepsiburada.com/kopek-tasima-seyahat-urunleri-c-24001771,5,"Spor, Outdoor > kramponlar > pet shop > Köpek > Köpek Taşıma & Seyahat Ürünleri"
24004171,560000,Köpek Vitaminleri,https://www.hepsiburada.com/kopek-vitaminleri-c-24004171,5,"Spor, Outdoor > kramponlar > pet shop > Köpek > Köpek Vitaminleri"
24001657,560000,Köpek Yatakları,https://www.hepsiburada.com/kopek-yataklari-c-24001657,5,"Spor, Outdoor > kramponlar > pet shop > Köpek > Köpek Yatakları"
24004115,560000,Köpek Çigneme Kemikleri,https://www.hepsiburada.com/kopek-cigneme-kemikleri-c-24004115,5,"Spor, Outdoor > kramponlar > pet shop > Köpek > Köpek Çigneme Kemikleri"
24001767,560000,Köpek Ödülleri,https://www.hepsiburada.com/kopek-odul-mamalari-c-24001767,5,"Spor, Outdoor > kramponlar > pet shop > Köpek > Köpek Ödülleri"
60002530,560000,Sticker ve Uyarı Levhaları,https://www.hepsiburada.com/sticker-uyari-levhalari-c-60002530,5,"Spor, Outdoor > kramponlar > pet shop > Köpek > Sticker ve Uyarı Levhaları"
24003013,560000,Yavru Köpek Malzemeleri,https://www.hepsiburada.com/yavru-kopek-malzemeleri-c-24003013,5,"Spor, Outdoor > kramponlar > pet shop > Köpek > Yavru Köpek Malzemeleri"
560001,560000,kopek mamalari,https://www.hepsiburada.com/kopek-mamalari-c-560001,5,"Spor, Outdoor > kramponlar > pet shop > Köpek > kopek mamalari"
60000415,24001725,Akvaryum,https://www.hepsiburada.com/akvaryumlar-c-60000415,5,"Spor, Outdoor > kramponlar > pet shop > baliklar > Akvaryum"
60000428,24001725,Akvaryum Malzemeleri,https://www.hepsiburada.com/akvaryum-malzemeleri-c-60000428,5,"Spor, Outdoor > kramponlar > pet shop > baliklar > Akvaryum Malzemeleri"
80783003,24001725,Akvaryum Sehpaları ve Mobilyaları,https://www.hepsiburada.com/akvaryum-sehpalari-ve-mobilyalari-c-80783003,5,"Spor, Outdoor > kramponlar > pet shop > baliklar > Akvaryum Sehpaları ve Mobilyaları"
24001759,24001725,Balık Yemleme Makineleri,https://www.hepsiburada.com/balik-yemleme-makineleri-c-24001759,5,"Spor, Outdoor > kramponlar > pet shop > baliklar > Balık Yemleme Makineleri"
24001726,24001725,Balık Yemleri,https://www.hepsiburada.com/balik-yemleri-c-24001726,5,"Spor, Outdoor > kramponlar > pet shop > baliklar > Balık Yemleri"
60000468,24001725,Bitkiler ve Bitki Bakım Ürünleri,https://www.hepsiburada.com/bitki-bakim-urunleri-c-60000468,5,"Spor, Outdoor > kramponlar > pet shop > baliklar > Bitkiler ve Bitki Bakım Ürünleri"
60000454,24001725,Dekoratif Malzemeler,https://www.hepsiburada.com/dekoratif-malzemeler-c-60000454,5,"Spor, Outdoor > kramponlar > pet shop > baliklar > Dekoratif Malzemeler"
60000446,24001725,Filtre Malzemeleri,https://www.hepsiburada.com/filtre-malzemeleri-c-60000446,5,"Spor, Outdoor > kramponlar > pet shop > baliklar > Filtre Malzemeleri"
60000440,24001725,Filtreleri,https://www.hepsiburada.com/akvaryum-filtreleri-c-60000440,5,"Spor, Outdoor > kramponlar > pet shop > baliklar > Filtreleri"
24001756,24001725,Hava & Sirkülasyon Motorları,https://www.hepsiburada.com/hava-motorlari-ekipmanlari-c-24001756,5,"Spor, Outdoor > kramponlar > pet shop > baliklar > Hava & Sirkülasyon Motorları"
60000460,24001725,Isıtıcılar,https://www.hepsiburada.com/balik-isiticilari-c-60000460,5,"Spor, Outdoor > kramponlar > pet shop > baliklar > Isıtıcılar"
60000461,24001725,Su Kimyası / Bakımı,https://www.hepsiburada.com/akvaryum-suyu-bakim-urunleri-c-60000461,5,"Spor, Outdoor > kramponlar > pet shop > baliklar > Su Kimyası / Bakımı"
60000475,24001725,Tuzlu Su,https://www.hepsiburada.com/tuzlu-sular-c-60000475,5,"Spor, Outdoor > kramponlar > pet shop > baliklar > Tuzlu Su"
60000328,1204495,Psp Vita Oyunları,https://www.hepsiburada.com/psp-vita-oyunlari-c-60000328,5,"Spor, Outdoor > kramponlar > psp vita > PSP / Vita Oyun > Psp Vita Oyunları"
26012132,26012131,Bigudiler,https://www.hepsiburada.com/bigudiler-c-26012132,5,"Spor, Outdoor > kramponlar > sac bakim urunleri > Saç Fırçaları Ve Aksesuarlar > Bigudiler"
26012134,26012131,"Peruk,Çıtçıt Ve Postişler",https://www.hepsiburada.com/perukcitcit-postisler-c-26012134,5,"Spor, Outdoor > kramponlar > sac bakim urunleri > Saç Fırçaları Ve Aksesuarlar > Peruk,Çıtçıt Ve Postişler"
80412234,26012131,Saç Makası,https://www.hepsiburada.com/sac-makasi-c-80412234,5,"Spor, Outdoor > kramponlar > sac bakim urunleri > Saç Fırçaları Ve Aksesuarlar > Saç Makası"
26012133,26012285,sac fircalari taraklar,https://www.hepsiburada.com/sac-fircalari-taraklar-c-26012133,5,"Spor, Outdoor > kramponlar > sac bakim urunleri > Saç Maskeleri,Bakım Krem,Losyon Ve Spreyleri > sac fircalari taraklar"
80857386,243,Muadil,https://www.hepsiburada.com/muadil-c-80857386,5,"Spor, Outdoor > kramponlar > sarf malzemeleri > Mürekkep Kartuşları > Muadil"
80857385,243,Orijinal,https://www.hepsiburada.com/orijinal-c-80857385,5,"Spor, Outdoor > kramponlar > sarf malzemeleri > Mürekkep Kartuşları > Orijinal"
80857384,320,Muadil,https://www.hepsiburada.com/muadil-c-80857384,5,"Spor, Outdoor > kramponlar > sarf malzemeleri > tonerler > Muadil"
80857383,320,Orijinal,https://www.hepsiburada.com/orijinal-c-80857383,5,"Spor, Outdoor > kramponlar > sarf malzemeleri > tonerler > Orijinal"
157201,155056,Dıseq Motorlar,https://www.hepsiburada.com/diseq-motorlar-c-157201,5,"Spor, Outdoor > kramponlar > ses goruntu sistemleri > Uydu Alıcısı Aksesuarları > Dıseq Motorlar"
157196,155056,Switchler,https://www.hepsiburada.com/uydu-alicisi-switchleri-c-157196,5,"Spor, Outdoor > kramponlar > ses goruntu sistemleri > Uydu Alıcısı Aksesuarları > Switchler"
157876,155056,Tv Antenleri,https://www.hepsiburada.com/tv-antenleri-c-157876,5,"Spor, Outdoor > kramponlar > ses goruntu sistemleri > Uydu Alıcısı Aksesuarları > Tv Antenleri"
160957,155056,Uydu Bölücüler,https://www.hepsiburada.com/uydu-boluculer-c-160957,5,"Spor, Outdoor > kramponlar > ses goruntu sistemleri > Uydu Alıcısı Aksesuarları > Uydu Bölücüler"
155523,155056,Uydu Konnektörleri,https://www.hepsiburada.com/uydu-konnektorleri-c-155523,5,"Spor, Outdoor > kramponlar > ses goruntu sistemleri > Uydu Alıcısı Aksesuarları > Uydu Konnektörleri"
163488,155056,Uydu Prizleri,https://www.hepsiburada.com/uydu-prizleri-c-163488,5,"Spor, Outdoor > kramponlar > ses goruntu sistemleri > Uydu Alıcısı Aksesuarları > Uydu Prizleri"
60000539,155056,Uydu Santrali,https://www.hepsiburada.com/uydu-santralleri-c-60000539,5,"Spor, Outdoor > kramponlar > ses goruntu sistemleri > Uydu Alıcısı Aksesuarları > Uydu Santrali"
60003722,60002058,Aynasız Makine Lensleri,https://www.hepsiburada.com/aynasiz-makine-lensleri-c-60003722,5,"Spor, Outdoor > kramponlar > slr fotograf makineleri > lensler filtreler > Aynasız Makine Lensleri"
1100347,60002058,Filtreler,https://www.hepsiburada.com/filtreler-c-1100347,5,"Spor, Outdoor > kramponlar > slr fotograf makineleri > lensler filtreler > Filtreler"
60003723,60002058,Lens ve Filtre Aksesuarları,https://www.hepsiburada.com/lens-filtre-aksesuarlari-c-60003723,5,"Spor, Outdoor > kramponlar > slr fotograf makineleri > lensler filtreler > Lens ve Filtre Aksesuarları"
97096,60002058,SLR Lensleri,https://www.hepsiburada.com/slr-lensleri-c-97096,5,"Spor, Outdoor > kramponlar > slr fotograf makineleri > lensler filtreler > SLR Lensleri"
18021333,80081036,kanepe koltuklar,https://www.hepsiburada.com/kanepe-koltuklar-c-18021333,5,"Spor, Outdoor > kramponlar > sobalar isiticilar > Infrared Isıtıcılar > kanepe koltuklar"
60000853,80160031,koltuk takimlari,https://www.hepsiburada.com/koltuk-takimlari-c-60000853,5,"Spor, Outdoor > kramponlar > supurgeler > Sulu Süpürge > koltuk takimlari"
28002868,80160030,temizlik bezleri,https://www.hepsiburada.com/temizlik-bezleri-c-28002868,5,"Spor, Outdoor > kramponlar > supurgeler > Toz Torbasız Süpürge > temizlik bezleri"
18021336,18021389,tv sehpalari uniteleri,https://www.hepsiburada.com/tv-sehpalari-uniteleri-c-18021336,5,"Spor, Outdoor > kramponlar > tv aksesuarlari > tv uniteleri > tv sehpalari uniteleri"
13003265,13003264,Banyo Aksesuar,https://www.hepsiburada.com/banyo-aksesuarlari-c-13003265,5,"Spor, Outdoor > kramponlar > yapi market hirdavatlar > Banyo > Banyo Aksesuar"
13003275,13003264,Duş & Aksesuarları,https://www.hepsiburada.com/dus-aksesuarlari-c-13003275,5,"Spor, Outdoor > kramponlar > yapi market hirdavatlar > Banyo > Duş & Aksesuarları"
60000414,13003264,Tesisat,https://www.hepsiburada.com/banyo-tesisat-urunleri-c-60000414,5,"Spor, Outdoor > kramponlar > yapi market hirdavatlar > Banyo > Tesisat"
13003274,13003264,Vitrifiye,https://www.hepsiburada.com/vitrifiyeler-c-13003274,5,"Spor, Outdoor > kramponlar > yapi market hirdavatlar > Banyo > Vitrifiye"
60007333,60001216,Duvar Boyaları,https://www.hepsiburada.com/duvar-boyalari-c-60007333,5,"Spor, Outdoor > kramponlar > yapi market hirdavatlar > Boya & Boya Malzemeleri > Duvar Boyaları"
60003025,60001216,Endüstriyel Grup,https://www.hepsiburada.com/endustriyel-grup-urunleri-c-60003025,5,"Spor, Outdoor > kramponlar > yapi market hirdavatlar > Boya & Boya Malzemeleri > Endüstriyel Grup"
60001252,60001216,"Fırça, Rulo & Aksesuar",https://www.hepsiburada.com/firca-rulo-aksesuarlari-c-60001252,5,"Spor, Outdoor > kramponlar > yapi market hirdavatlar > Boya & Boya Malzemeleri > Fırça, Rulo & Aksesuar"
60005205,60001216,Sprey Boya,https://www.hepsiburada.com/sprey-boyalar-c-60005205,5,"Spor, Outdoor > kramponlar > yapi market hirdavatlar > Boya & Boya Malzemeleri > Sprey Boya"
13003110,13003081,Ahşap / Metal Kesme,https://www.hepsiburada.com/ahsap-metal-kesme-makineleri-c-13003110,5,"Spor, Outdoor > kramponlar > yapi market hirdavatlar > Elektrikli El Aletleri > Ahşap / Metal Kesme"
60001742,13003081,Boru Kaynak Makinesi,https://www.hepsiburada.com/pvc-kaynaklar-c-60001742,5,"Spor, Outdoor > kramponlar > yapi market hirdavatlar > Elektrikli El Aletleri > Boru Kaynak Makinesi"
13003102,13003081,Boya Tabancası,https://www.hepsiburada.com/boya-tabancalari-c-13003102,5,"Spor, Outdoor > kramponlar > yapi market hirdavatlar > Elektrikli El Aletleri > Boya Tabancası"
13003088,13003081,Daire Testere,https://www.hepsiburada.com/daire-testereleri-c-13003088,5,"Spor, Outdoor > kramponlar > yapi market hirdavatlar > Elektrikli El Aletleri > Daire Testere"
13003089,13003081,Dekupaj Testere,https://www.hepsiburada.com/dekupaj-testereler-c-13003089,5,"Spor, Outdoor > kramponlar > yapi market hirdavatlar > Elektrikli El Aletleri > Dekupaj Testere"
13003084,13003081,Döşeme / Çivi / Zımba Çakma,https://www.hepsiburada.com/doseme-civi-zimba-cakma-makineleri-c-13003084,5,"Spor, Outdoor > kramponlar > yapi market hirdavatlar > Elektrikli El Aletleri > Döşeme / Çivi / Zımba Çakma"
80857587,13003081,Elektrikli El Aletleri Yedek Parçaları,https://www.hepsiburada.com/elektrikli-el-aletleri-yedek-parcalari-c-80857587,5,"Spor, Outdoor > kramponlar > yapi market hirdavatlar > Elektrikli El Aletleri > Elektrikli El Aletleri Yedek Parçaları"
13003142,13003081,Elektrikli Tornavida,https://www.hepsiburada.com/elektrikli-tornavidalar-c-13003142,5,"Spor, Outdoor > kramponlar > yapi market hirdavatlar > Elektrikli El Aletleri > Elektrikli Tornavida"
13003106,13003081,Freze,https://www.hepsiburada.com/frezeler-c-13003106,5,"Spor, Outdoor > kramponlar > yapi market hirdavatlar > Elektrikli El Aletleri > Freze"
13003092,13003081,Hava Kompresörü,https://www.hepsiburada.com/hava-kompresorleri-c-13003092,5,"Spor, Outdoor > kramponlar > yapi market hirdavatlar > Elektrikli El Aletleri > Hava Kompresörü"
60001283,13003081,Havalı El Aletleri,https://www.hepsiburada.com/havali-aletler-c-60001283,5,"Spor, Outdoor > kramponlar > yapi market hirdavatlar > Elektrikli El Aletleri > Havalı El Aletleri"
13003111,13003081,Hobi Ürünleri,https://www.hepsiburada.com/hobi-urunleri-c-13003111,5,"Spor, Outdoor > kramponlar > yapi market hirdavatlar > Elektrikli El Aletleri > Hobi Ürünleri"
13003143,13003081,Kanal Açma Makinesi,https://www.hepsiburada.com/kanal-acma-makineleri-c-13003143,5,"Spor, Outdoor > kramponlar > yapi market hirdavatlar > Elektrikli El Aletleri > Kanal Açma Makinesi"
60002701,13003081,Karot Makinesi,https://www.hepsiburada.com/karot-makinalari-c-60002701,5,"Spor, Outdoor > kramponlar > yapi market hirdavatlar > Elektrikli El Aletleri > Karot Makinesi"
13003120,13003081,Karıştırıcılar,https://www.hepsiburada.com/karistiricilar-c-13003120,5,"Spor, Outdoor > kramponlar > yapi market hirdavatlar > Elektrikli El Aletleri > Karıştırıcılar"
13003101,13003081,Kırıcı Deliciler / Kırıcılar,https://www.hepsiburada.com/kirici-deliciler-kiricilar-c-13003101,5,"Spor, Outdoor > kramponlar > yapi market hirdavatlar > Elektrikli El Aletleri > Kırıcı Deliciler / Kırıcılar"
60005224,13003081,Pafta Makinesi,https://www.hepsiburada.com/pafta-makinalari-c-60005224,5,"Spor, Outdoor > kramponlar > yapi market hirdavatlar > Elektrikli El Aletleri > Pafta Makinesi"
13003389,13003081,Planya,https://www.hepsiburada.com/planyalar-c-13003389,5,"Spor, Outdoor > kramponlar > yapi market hirdavatlar > Elektrikli El Aletleri > Planya"
13003392,13003081,Polisaj Makinesi,https://www.hepsiburada.com/polisaj-makineleri-c-13003392,5,"Spor, Outdoor > kramponlar > yapi market hirdavatlar > Elektrikli El Aletleri > Polisaj Makinesi"
13003145,13003081,Raspalama,https://www.hepsiburada.com/raspalar-c-13003145,5,"Spor, Outdoor > kramponlar > yapi market hirdavatlar > Elektrikli El Aletleri > Raspalama"
13003148,13003081,Sac ve Sünger Kesme,https://www.hepsiburada.com/sac-sunger-kesme-makineleri-c-13003148,5,"Spor, Outdoor > kramponlar > yapi market hirdavatlar > Elektrikli El Aletleri > Sac ve Sünger Kesme"
13003133,13003081,Seramik Kesme Makinesi,https://www.hepsiburada.com/seramik-kesme-makineleri-c-13003133,5,"Spor, Outdoor > kramponlar > yapi market hirdavatlar > Elektrikli El Aletleri > Seramik Kesme Makinesi"
13003147,13003081,Somun Sıkma Makinesi,https://www.hepsiburada.com/somun-sikma-makineleri-c-13003147,5,"Spor, Outdoor > kramponlar > yapi market hirdavatlar > Elektrikli El Aletleri > Somun Sıkma Makinesi"
13003117,13003081,Sıcak Hava Tabancaları,https://www.hepsiburada.com/sicak-hava-tabancalari-c-13003117,5,"Spor, Outdoor > kramponlar > yapi market hirdavatlar > Elektrikli El Aletleri > Sıcak Hava Tabancaları"
13003132,13003081,Taş Motoru,https://www.hepsiburada.com/tas-motorlari-c-13003132,5,"Spor, Outdoor > kramponlar > yapi market hirdavatlar > Elektrikli El Aletleri > Taş Motoru"
13003107,13003081,Taşlama,https://www.hepsiburada.com/taslamalar-c-13003107,5,"Spor, Outdoor > kramponlar > yapi market hirdavatlar > Elektrikli El Aletleri > Taşlama"
13003400,13003081,Tilki Kuyruğu Testere,https://www.hepsiburada.com/tilki-kuyruklari-c-13003400,5,"Spor, Outdoor > kramponlar > yapi market hirdavatlar > Elektrikli El Aletleri > Tilki Kuyruğu Testere"
13003144,13003081,Torna Makinesi,https://www.hepsiburada.com/torna-makineleri-c-13003144,5,"Spor, Outdoor > kramponlar > yapi market hirdavatlar > Elektrikli El Aletleri > Torna Makinesi"
13003149,13003081,Uçlar & Aparatlar,https://www.hepsiburada.com/elektrikli-alet-aksesuarlari-c-13003149,5,"Spor, Outdoor > kramponlar > yapi market hirdavatlar > Elektrikli El Aletleri > Uçlar & Aparatlar"
13003129,13003081,Yüksek Basınçlı Yıkama,https://www.hepsiburada.com/yuksek-basincli-yikama-makineleri-c-13003129,5,"Spor, Outdoor > kramponlar > yapi market hirdavatlar > Elektrikli El Aletleri > Yüksek Basınçlı Yıkama"
13003136,13003081,Zımpara,https://www.hepsiburada.com/elektrikli-zimparalar-c-13003136,5,"Spor, Outdoor > kramponlar > yapi market hirdavatlar > Elektrikli El Aletleri > Zımpara"
13003105,13003081,Şarjlı Tornavida,https://www.hepsiburada.com/sarjli-tornavidalar-c-13003105,5,"Spor, Outdoor > kramponlar > yapi market hirdavatlar > Elektrikli El Aletleri > Şarjlı Tornavida"
80857510,13003085,Cam Temizleme Makinesi,https://www.hepsiburada.com/cam-temizleme-makinesi-c-80857510,5,"Spor, Outdoor > kramponlar > yapi market hirdavatlar > Endüstriyel Temizleme > Cam Temizleme Makinesi"
80857505,13003085,Endüstriyel Elektrik Süpürgesi,https://www.hepsiburada.com/endustriyel-elektrik-supurgesi-c-80857505,5,"Spor, Outdoor > kramponlar > yapi market hirdavatlar > Endüstriyel Temizleme > Endüstriyel Elektrik Süpürgesi"
80857506,13003085,Petek Temizleme Makinesi,https://www.hepsiburada.com/petek-temizleme-makinesi-c-80857506,5,"Spor, Outdoor > kramponlar > yapi market hirdavatlar > Endüstriyel Temizleme > Petek Temizleme Makinesi"
80857513,13003085,Sanayi Tipi Halı Yıkama Makinesi,https://www.hepsiburada.com/sanayi-tipi-hali-yikama-makinesi-c-80857513,5,"Spor, Outdoor > kramponlar > yapi market hirdavatlar > Endüstriyel Temizleme > Sanayi Tipi Halı Yıkama Makinesi"
80857509,13003085,Temizlik & Servis Arabaları,https://www.hepsiburada.com/temizlik-servis-arabalari-c-80857509,5,"Spor, Outdoor > kramponlar > yapi market hirdavatlar > Endüstriyel Temizleme > Temizlik & Servis Arabaları"
80857512,13003085,Temizlik Kimyasalları,https://www.hepsiburada.com/temizlik-kimyasallari-c-80857512,5,"Spor, Outdoor > kramponlar > yapi market hirdavatlar > Endüstriyel Temizleme > Temizlik Kimyasalları"
80857508,13003085,Ultrasonik Yıkama Makinesi,https://www.hepsiburada.com/ultrasonik-yikama-makinesi-c-80857508,5,"Spor, Outdoor > kramponlar > yapi market hirdavatlar > Endüstriyel Temizleme > Ultrasonik Yıkama Makinesi"
80857511,13003085,Zemin Cila Makinesi,https://www.hepsiburada.com/zemin-cila-makinesi-c-80857511,5,"Spor, Outdoor > kramponlar > yapi market hirdavatlar > Endüstriyel Temizleme > Zemin Cila Makinesi"
80857507,13003085,Zemin Temizleme Makinesi,https://www.hepsiburada.com/zemin-temizleme-makinesi-c-80857507,5,"Spor, Outdoor > kramponlar > yapi market hirdavatlar > Endüstriyel Temizleme > Zemin Temizleme Makinesi"
80857580,80857576,Güneş Paneli Kontrol Cihazı,https://www.hepsiburada.com/gunes-paneli-kontrol-cihazi-c-80857580,5,"Spor, Outdoor > kramponlar > yapi market hirdavatlar > Enerji Sistemleri > Güneş Paneli Kontrol Cihazı"
80857577,80857576,Güneş Panelleri,https://www.hepsiburada.com/gunes-panelleri-c-80857577,5,"Spor, Outdoor > kramponlar > yapi market hirdavatlar > Enerji Sistemleri > Güneş Panelleri"
80857581,80857576,Güneş Su Isıtma,https://www.hepsiburada.com/gunes-su-isitma-c-80857581,5,"Spor, Outdoor > kramponlar > yapi market hirdavatlar > Enerji Sistemleri > Güneş Su Isıtma"
80857583,80857576,Hazır Güneş Sistemi,https://www.hepsiburada.com/hazir-gunes-sistemi-c-80857583,5,"Spor, Outdoor > kramponlar > yapi market hirdavatlar > Enerji Sistemleri > Hazır Güneş Sistemi"
80857578,80857576,Inverter,https://www.hepsiburada.com/inverter-c-80857578,5,"Spor, Outdoor > kramponlar > yapi market hirdavatlar > Enerji Sistemleri > Inverter"
80857582,80857576,Kablo & Montaj Parçaları,https://www.hepsiburada.com/kablo-montaj-parcalari-c-80857582,5,"Spor, Outdoor > kramponlar > yapi market hirdavatlar > Enerji Sistemleri > Kablo & Montaj Parçaları"
80857579,80857576,Rüzgar Türbini,https://www.hepsiburada.com/ruzgar-turbini-c-80857579,5,"Spor, Outdoor > kramponlar > yapi market hirdavatlar > Enerji Sistemleri > Rüzgar Türbini"
80857155,80857576,Taşınabilir Güç İstasyonu,https://www.hepsiburada.com/tasinabilir-guc-istasyonu-c-80857155,5,"Spor, Outdoor > kramponlar > yapi market hirdavatlar > Enerji Sistemleri > Taşınabilir Güç İstasyonu"
80571183,13003327,Aparat & Aksesuarlar,https://www.hepsiburada.com/aparat-aksesuarlar-c-80571183,5,"Spor, Outdoor > kramponlar > yapi market hirdavatlar > Kaldırma Ekipmanları > Aparat & Aksesuarlar"
13007325,13003327,Ceraskal,https://www.hepsiburada.com/ceraskal-c-13007325,5,"Spor, Outdoor > kramponlar > yapi market hirdavatlar > Kaldırma Ekipmanları > Ceraskal"
13003334,13003327,Makine Krikosu,https://www.hepsiburada.com/makine-krikosu-c-13003334,5,"Spor, Outdoor > kramponlar > yapi market hirdavatlar > Kaldırma Ekipmanları > Makine Krikosu"
13007230,13003327,Manyetik Kaldıraç,https://www.hepsiburada.com/manyetik-kaldirac-c-13007230,5,"Spor, Outdoor > kramponlar > yapi market hirdavatlar > Kaldırma Ekipmanları > Manyetik Kaldıraç"
13003337,13003327,Paket Taşıma Arabaları,https://www.hepsiburada.com/paket-tasima-arabalari-c-13003337,5,"Spor, Outdoor > kramponlar > yapi market hirdavatlar > Kaldırma Ekipmanları > Paket Taşıma Arabaları"
13003336,13003327,Transpaletler,https://www.hepsiburada.com/transpaletler-c-13003336,5,"Spor, Outdoor > kramponlar > yapi market hirdavatlar > Kaldırma Ekipmanları > Transpaletler"
80571184,13003327,Vantuz,https://www.hepsiburada.com/vantuz-c-80571184,5,"Spor, Outdoor > kramponlar > yapi market hirdavatlar > Kaldırma Ekipmanları > Vantuz"
13003338,13003327,Vinçler,https://www.hepsiburada.com/vincler-c-13003338,5,"Spor, Outdoor > kramponlar > yapi market hirdavatlar > Kaldırma Ekipmanları > Vinçler"
13003178,13003082,Anahtarlar,https://www.hepsiburada.com/anahtarlar-c-13003178,5,"Spor, Outdoor > kramponlar > yapi market hirdavatlar > Manuel El Aletleri > Anahtarlar"
60000256,13003082,Balta,https://www.hepsiburada.com/baltalar-c-60000256,5,"Spor, Outdoor > kramponlar > yapi market hirdavatlar > Manuel El Aletleri > Balta"
60003563,13003082,Cımbız,https://www.hepsiburada.com/cimbizlar-c-60003563,5,"Spor, Outdoor > kramponlar > yapi market hirdavatlar > Manuel El Aletleri > Cımbız"
60001211,13003082,El Zımparaları,https://www.hepsiburada.com/el-zimparalari-c-60001211,5,"Spor, Outdoor > kramponlar > yapi market hirdavatlar > Manuel El Aletleri > El Zımparaları"
13003176,13003082,Eğe Seti,https://www.hepsiburada.com/ege-setleri-c-13003176,5,"Spor, Outdoor > kramponlar > yapi market hirdavatlar > Manuel El Aletleri > Eğe Seti"
60005504,13003082,Gaz Armatürü,https://www.hepsiburada.com/gaz-armaturlari-c-60005504,5,"Spor, Outdoor > kramponlar > yapi market hirdavatlar > Manuel El Aletleri > Gaz Armatürü"
60000228,13003082,Gönye,https://www.hepsiburada.com/gonyeler-c-60000228,5,"Spor, Outdoor > kramponlar > yapi market hirdavatlar > Manuel El Aletleri > Gönye"
13005236,13003082,Kablo Makaraları,https://www.hepsiburada.com/kablo-makaralari-c-13005236,5,"Spor, Outdoor > kramponlar > yapi market hirdavatlar > Manuel El Aletleri > Kablo Makaraları"
13003162,13003082,Kargaburun,https://www.hepsiburada.com/kargaburunlar-c-13003162,5,"Spor, Outdoor > kramponlar > yapi market hirdavatlar > Manuel El Aletleri > Kargaburun"
13003163,13003082,Kerpeten,https://www.hepsiburada.com/kerpetenler-c-13003163,5,"Spor, Outdoor > kramponlar > yapi market hirdavatlar > Manuel El Aletleri > Kerpeten"
60000253,13003082,Kesici Makaslar,https://www.hepsiburada.com/kesici-makaslar-c-60000253,5,"Spor, Outdoor > kramponlar > yapi market hirdavatlar > Manuel El Aletleri > Kesici Makaslar"
60004430,13003082,Mengeneler,https://www.hepsiburada.com/mengeneler-c-60004430,5,"Spor, Outdoor > kramponlar > yapi market hirdavatlar > Manuel El Aletleri > Mengeneler"
60000232,13003082,Perçin,https://www.hepsiburada.com/percinler-c-60000232,5,"Spor, Outdoor > kramponlar > yapi market hirdavatlar > Manuel El Aletleri > Perçin"
60000233,13003082,Rende,https://www.hepsiburada.com/hirdavat-rendeleri-c-60000233,5,"Spor, Outdoor > kramponlar > yapi market hirdavatlar > Manuel El Aletleri > Rende"
13003187,13003082,Silikon Tabancası,https://www.hepsiburada.com/silikon-tabancalari-c-13003187,5,"Spor, Outdoor > kramponlar > yapi market hirdavatlar > Manuel El Aletleri > Silikon Tabancası"
13003165,13003082,Su Terazileri,https://www.hepsiburada.com/su-terazileri-c-13003165,5,"Spor, Outdoor > kramponlar > yapi market hirdavatlar > Manuel El Aletleri > Su Terazileri"
13003168,13003082,Tornavida,https://www.hepsiburada.com/tornavidalar-c-13003168,5,"Spor, Outdoor > kramponlar > yapi market hirdavatlar > Manuel El Aletleri > Tornavida"
13003157,13003082,Yan Keski,https://www.hepsiburada.com/yan-keskiler-c-13003157,5,"Spor, Outdoor > kramponlar > yapi market hirdavatlar > Manuel El Aletleri > Yan Keski"
60000255,13003082,Yassı Keski,https://www.hepsiburada.com/yassi-keskiler-c-60000255,5,"Spor, Outdoor > kramponlar > yapi market hirdavatlar > Manuel El Aletleri > Yassı Keski"
13003160,13003082,Çekiç,https://www.hepsiburada.com/cekicler-c-13003160,5,"Spor, Outdoor > kramponlar > yapi market hirdavatlar > Manuel El Aletleri > Çekiç"
60000227,13003082,Çizim İpi,https://www.hepsiburada.com/cizim-ipleri-c-60000227,5,"Spor, Outdoor > kramponlar > yapi market hirdavatlar > Manuel El Aletleri > Çizim İpi"
13003174,13003082,Çok Amaçlı Setler,https://www.hepsiburada.com/cok-amacli-setler-c-13003174,5,"Spor, Outdoor > kramponlar > yapi market hirdavatlar > Manuel El Aletleri > Çok Amaçlı Setler"
13003166,13003082,Çok Fonksiyonlu Ürünler,https://www.hepsiburada.com/cok-fonksiyonlu-urunler-c-13003166,5,"Spor, Outdoor > kramponlar > yapi market hirdavatlar > Manuel El Aletleri > Çok Fonksiyonlu Ürünler"
13003172,13003082,İskarpelalar,https://www.hepsiburada.com/iskarpelalar-c-13003172,5,"Spor, Outdoor > kramponlar > yapi market hirdavatlar > Manuel El Aletleri > İskarpelalar"
60000229,13003082,İşkence,https://www.hepsiburada.com/iskenceler-c-60000229,5,"Spor, Outdoor > kramponlar > yapi market hirdavatlar > Manuel El Aletleri > İşkence"
80856004,80856001,Arıtma Cihazı Pompası,https://www.hepsiburada.com/aritma-cihazi-pompasi-c-80856004,5,"Spor, Outdoor > kramponlar > yapi market hirdavatlar > Su Arıtma > Arıtma Cihazı Pompası"
80856005,80856001,Arıtma Cihazı Tankı,https://www.hepsiburada.com/aritma-cihazi-tanki-c-80856005,5,"Spor, Outdoor > kramponlar > yapi market hirdavatlar > Su Arıtma > Arıtma Cihazı Tankı"
80856003,80856001,Arıtma Musluğu,https://www.hepsiburada.com/aritma-muslugu-c-80856003,5,"Spor, Outdoor > kramponlar > yapi market hirdavatlar > Su Arıtma > Arıtma Musluğu"
80856007,80856001,Su Arıtma Bağlantı Parçaları,https://www.hepsiburada.com/su-aritma-baglanti-parcalari-c-80856007,5,"Spor, Outdoor > kramponlar > yapi market hirdavatlar > Su Arıtma > Su Arıtma Bağlantı Parçaları"
80856002,80856001,Su Arıtma Filtresi,https://www.hepsiburada.com/su-aritma-filtresi-c-80856002,5,"Spor, Outdoor > kramponlar > yapi market hirdavatlar > Su Arıtma > Su Arıtma Filtresi"
80856006,80856001,Su Arıtma Hortumu,https://www.hepsiburada.com/su-aritma-hortumu-c-80856006,5,"Spor, Outdoor > kramponlar > yapi market hirdavatlar > Su Arıtma > Su Arıtma Hortumu"
26090,26027,hoparlorler,https://www.hepsiburada.com/hoparlorler-c-26090,5,"Spor, Outdoor > kramponlar > yapi market hirdavatlar > arac ici kameralar > hoparlorler"
60000865,60000864,buyuk taslamalar,https://www.hepsiburada.com/buyuk-taslamalar-c-60000865,5,"Spor, Outdoor > kramponlar > yapi market hirdavatlar > avuc taslamalar > buyuk taslamalar"
60000866,60000864,kalipci taslamalar,https://www.hepsiburada.com/kalipci-taslamalar-c-60000866,5,"Spor, Outdoor > kramponlar > yapi market hirdavatlar > avuc taslamalar > kalipci taslamalar"
34000109,34001225,Ağaç Kesme Makineleri,https://www.hepsiburada.com/agac-kesme-makineleri-c-34000109,5,"Spor, Outdoor > kramponlar > yapi market hirdavatlar > benzinli agac kesme makineleri > Ağaç Kesme Makineleri"
451867,34001225,Ağaç Kesme Makinesi Çeşitleri,https://www.hepsiburada.com/agac-kesme-makinesi-cesitleri-c-451867,5,"Spor, Outdoor > kramponlar > yapi market hirdavatlar > benzinli agac kesme makineleri > Ağaç Kesme Makinesi Çeşitleri"
34001220,34001221,elektrikli tirpanlar,https://www.hepsiburada.com/elektrikli-tirpanlar-c-34001220,5,"Spor, Outdoor > kramponlar > yapi market hirdavatlar > benzinli tirpanlar > elektrikli tirpanlar"
451580,34001221,tirpanlar,https://www.hepsiburada.com/tirpanlar-c-451580,5,"Spor, Outdoor > kramponlar > yapi market hirdavatlar > benzinli tirpanlar > tirpanlar"
20024873,20024895,Cam Aksesuarları,https://www.hepsiburada.com/cam-aksesuarlari-c-20024873,5,"Spor, Outdoor > kramponlar > yapi market hirdavatlar > cam filmleri > Cam Aksesuarları"
20024894,20024895,Cam Filmleri Aksesuarları,https://www.hepsiburada.com/cam-filmleri-aksesuarlari-c-20024894,5,"Spor, Outdoor > kramponlar > yapi market hirdavatlar > cam filmleri > Cam Filmleri Aksesuarları"
34000018,60005076,Tohumlar,https://www.hepsiburada.com/tohumlar-c-34000018,5,"Spor, Outdoor > kramponlar > yapi market hirdavatlar > cicek tohumlari > Tohumlar"
60008471,26039,araba valfi,https://www.hepsiburada.com/araba-valfi-c-60008471,5,"Spor, Outdoor > kramponlar > yapi market hirdavatlar > jant kapaklari > araba valfi"
272470,13003121,benzin bidonlari,https://www.hepsiburada.com/benzin-bidonlari-c-272470,5,"Spor, Outdoor > kramponlar > yapi market hirdavatlar > jeneratorler > benzin bidonlari"
261275,26080,sistem kablolari aksesuarlari,https://www.hepsiburada.com/sistem-kablolari-aksesuarlari-c-261275,5,"Spor, Outdoor > kramponlar > yapi market hirdavatlar > oto teyp > sistem kablolari aksesuarlari"
80857263,80857264,Elektrikli Araç Ürünleri,https://www.hepsiburada.com/elektrikli-arac-urunleri-c-80857263,5,"Spor, Outdoor > kramponlar > yapi market hirdavatlar > sarj istasyonu > Elektrikli Araç Ürünleri"
257643,80857264,navigasyon sistemleri,https://www.hepsiburada.com/navigasyon-sistemleri-c-257643,5,"Spor, Outdoor > kramponlar > yapi market hirdavatlar > sarj istasyonu > navigasyon sistemleri"
20024697,60003680,Silecekler Aksesuarları,https://www.hepsiburada.com/silecekler-aksesuarlari-c-20024697,5,"Spor, Outdoor > kramponlar > yapi market hirdavatlar > silecekler > Silecekler Aksesuarları"
80200000,452384,bahce makinesi motoru,https://www.hepsiburada.com/bahce-makinesi-motoru-c-80200000,5,"Spor, Outdoor > kramponlar > yapi market hirdavatlar > su motorlari pompalar > bahce makinesi motoru"
13003153,60004662,matkap uclari,https://www.hepsiburada.com/matkap-uclari-c-13003153,5,"Spor, Outdoor > kramponlar > yapi market hirdavatlar > vidalar civiler dubeller > matkap uclari"
60001377,60003997,guvenlik cihazlari,https://www.hepsiburada.com/guvenlik-cihazlari-c-60001377,5,"Spor, Outdoor > kramponlar > yapi market hirdavatlar > yangin sonduruculer > guvenlik cihazlari"
13003358,60003997,yapi guvenlik kilitleri,https://www.hepsiburada.com/yapi-guvenlik-kilitleri-c-13003358,5,"Spor, Outdoor > kramponlar > yapi market hirdavatlar > yangin sonduruculer > yapi guvenlik kilitleri"
13003194,13003083,Aksesuarlar,https://www.hepsiburada.com/dijital-olcum-cihazi-aksesuarlari-c-13003194,5,"Spor, Outdoor > kramponlar > yapi market hirdavatlar > Ölçüm Cihazları > Aksesuarlar"
60006726,13003083,Açı Ölçer,https://www.hepsiburada.com/aci-olcer-c-60006726,5,"Spor, Outdoor > kramponlar > yapi market hirdavatlar > Ölçüm Cihazları > Açı Ölçer"
13003188,13003083,Dijital Ölçüm Cihazları,https://www.hepsiburada.com/dijital-olcum-cihazlari-c-13003188,5,"Spor, Outdoor > kramponlar > yapi market hirdavatlar > Ölçüm Cihazları > Dijital Ölçüm Cihazları"
60006728,13003083,Diğer Ölçüm Cihazları,https://www.hepsiburada.com/diger-olcum-cihazlari-c-60006728,5,"Spor, Outdoor > kramponlar > yapi market hirdavatlar > Ölçüm Cihazları > Diğer Ölçüm Cihazları"
80547050,13003083,Endoskop Kamera (Boroskop),https://www.hepsiburada.com/endoskop-kamera-boroskop-c-80547050,5,"Spor, Outdoor > kramponlar > yapi market hirdavatlar > Ölçüm Cihazları > Endoskop Kamera (Boroskop)"
60006729,13003083,Gaz Ölçüm Cihazı,https://www.hepsiburada.com/gaz-olcum-cihazi-c-60006729,5,"Spor, Outdoor > kramponlar > yapi market hirdavatlar > Ölçüm Cihazları > Gaz Ölçüm Cihazı"
60006730,13003083,Hassas Terazi,https://www.hepsiburada.com/hassas-terazi-c-60006730,5,"Spor, Outdoor > kramponlar > yapi market hirdavatlar > Ölçüm Cihazları > Hassas Terazi"
60006731,13003083,Higrometre,https://www.hepsiburada.com/higrometre-c-60006731,5,"Spor, Outdoor > kramponlar > yapi market hirdavatlar > Ölçüm Cihazları > Higrometre"
13005606,13003083,Komparatör,https://www.hepsiburada.com/komparator-c-13005606,5,"Spor, Outdoor > kramponlar > yapi market hirdavatlar > Ölçüm Cihazları > Komparatör"
60006732,13003083,Kontrol Kalemi,https://www.hepsiburada.com/kontrol-kalemi-c-60006732,5,"Spor, Outdoor > kramponlar > yapi market hirdavatlar > Ölçüm Cihazları > Kontrol Kalemi"
13003195,13003083,Kumpas,https://www.hepsiburada.com/kumpaslar-c-13003195,5,"Spor, Outdoor > kramponlar > yapi market hirdavatlar > Ölçüm Cihazları > Kumpas"
13003190,13003083,Lazermetre,https://www.hepsiburada.com/lazermetreler-c-13003190,5,"Spor, Outdoor > kramponlar > yapi market hirdavatlar > Ölçüm Cihazları > Lazermetre"
60006733,13003083,Metal Dedektörü,https://www.hepsiburada.com/metal-dedektoru-c-60006733,5,"Spor, Outdoor > kramponlar > yapi market hirdavatlar > Ölçüm Cihazları > Metal Dedektörü"
60000231,13003083,Metre,https://www.hepsiburada.com/metreler-c-60000231,5,"Spor, Outdoor > kramponlar > yapi market hirdavatlar > Ölçüm Cihazları > Metre"
13005604,13003083,Mikrometre,https://www.hepsiburada.com/mikrometreler-c-13005604,5,"Spor, Outdoor > kramponlar > yapi market hirdavatlar > Ölçüm Cihazları > Mikrometre"
60006734,13003083,Multi Dedektör,https://www.hepsiburada.com/multi-dedektor-c-60006734,5,"Spor, Outdoor > kramponlar > yapi market hirdavatlar > Ölçüm Cihazları > Multi Dedektör"
60006758,13003083,Multimetre,https://www.hepsiburada.com/multimetre-c-60006758,5,"Spor, Outdoor > kramponlar > yapi market hirdavatlar > Ölçüm Cihazları > Multimetre"
13003192,13003083,Nivo,https://www.hepsiburada.com/nivolar-c-13003192,5,"Spor, Outdoor > kramponlar > yapi market hirdavatlar > Ölçüm Cihazları > Nivo"
60006735,13003083,Pensampermetre,https://www.hepsiburada.com/pensampermetre-c-60006735,5,"Spor, Outdoor > kramponlar > yapi market hirdavatlar > Ölçüm Cihazları > Pensampermetre"
60006736,13003083,Rotasyon Lazeri,https://www.hepsiburada.com/rotasyon-lazeri-c-60006736,5,"Spor, Outdoor > kramponlar > yapi market hirdavatlar > Ölçüm Cihazları > Rotasyon Lazeri"
80857518,13003083,Termal Kamera,https://www.hepsiburada.com/termal-kamera-c-80857518,5,"Spor, Outdoor > kramponlar > yapi market hirdavatlar > Ölçüm Cihazları > Termal Kamera"
60006274,13003083,Termometreler,https://www.hepsiburada.com/termometreler-c-60006274,5,"Spor, Outdoor > kramponlar > yapi market hirdavatlar > Ölçüm Cihazları > Termometreler"
60006737,13003083,Test Cihazları,https://www.hepsiburada.com/test-cihazlari-c-60006737,5,"Spor, Outdoor > kramponlar > yapi market hirdavatlar > Ölçüm Cihazları > Test Cihazları"
60006738,13003083,Voltaj Dedektörü,https://www.hepsiburada.com/voltaj-dedektoru-c-60006738,5,"Spor, Outdoor > kramponlar > yapi market hirdavatlar > Ölçüm Cihazları > Voltaj Dedektörü"
60006739,13003083,Voltmetre,https://www.hepsiburada.com/voltmetre-c-60006739,5,"Spor, Outdoor > kramponlar > yapi market hirdavatlar > Ölçüm Cihazları > Voltmetre"
60006727,13003083,Çizgi Hizalama,https://www.hepsiburada.com/cizgi-hizalama-c-60006727,5,"Spor, Outdoor > kramponlar > yapi market hirdavatlar > Ölçüm Cihazları > Çizgi Hizalama"
80081049,80081048,Duvar & Cephe Kaplama,https://www.hepsiburada.com/duvar-cephe-kaplama-c-80081049,5,"Spor, Outdoor > kramponlar > yapi market hirdavatlar > İnşaat Malzemeleri > Duvar & Cephe Kaplama"
13003325,80081048,Seramik ve Yer Döşemeleri,https://www.hepsiburada.com/seramikler-yer-dosemeleri-c-13003325,5,"Spor, Outdoor > kramponlar > yapi market hirdavatlar > İnşaat Malzemeleri > Seramik ve Yer Döşemeleri"
60005248,80081048,Yalıtım Malzemeleri,https://www.hepsiburada.com/yalitim-malzemeleri-c-60005248,5,"Spor, Outdoor > kramponlar > yapi market hirdavatlar > İnşaat Malzemeleri > Yalıtım Malzemeleri"
80508055,80081048,İnşaat Makineleri,https://www.hepsiburada.com/insaat-makineleri-c-80508055,5,"Spor, Outdoor > kramponlar > yapi market hirdavatlar > İnşaat Malzemeleri > İnşaat Makineleri"
22011665,22011663,ATC,https://www.hepsiburada.com/atc-c-22011665,5,"Spor, Outdoor > outdoor batonlar > Outdoor Tırmanış Ürünleri > İniş ve Emniyet Alma Malzemeleri > ATC"
22011666,22011663,HMS,https://www.hepsiburada.com/hms-c-22011666,5,"Spor, Outdoor > outdoor batonlar > Outdoor Tırmanış Ürünleri > İniş ve Emniyet Alma Malzemeleri > HMS"
22011712,22011663,Jumar,https://www.hepsiburada.com/jumarlar-c-22011712,5,"Spor, Outdoor > outdoor batonlar > Outdoor Tırmanış Ürünleri > İniş ve Emniyet Alma Malzemeleri > Jumar"
22011688,22011663,Karabina,https://www.hepsiburada.com/karabinalar-c-22011688,5,"Spor, Outdoor > outdoor batonlar > Outdoor Tırmanış Ürünleri > İniş ve Emniyet Alma Malzemeleri > Karabina"
22011697,22011663,Makara,https://www.hepsiburada.com/makaralar-c-22011697,5,"Spor, Outdoor > outdoor batonlar > Outdoor Tırmanış Ürünleri > İniş ve Emniyet Alma Malzemeleri > Makara"
22011676,22011663,Sekizli,https://www.hepsiburada.com/sekizli-c-22011676,5,"Spor, Outdoor > outdoor batonlar > Outdoor Tırmanış Ürünleri > İniş ve Emniyet Alma Malzemeleri > Sekizli"
22011681,22011663,Sikke&Takoz&Bolt,https://www.hepsiburada.com/sikke-takoz-bolt-c-22011681,5,"Spor, Outdoor > outdoor batonlar > Outdoor Tırmanış Ürünleri > İniş ve Emniyet Alma Malzemeleri > Sikke&Takoz&Bolt"
20024662,368029,flash lambalar,https://www.hepsiburada.com/flash-lambalar-c-20024662,5,"Spor, Outdoor > patenler > Scooter Patenler Kaykaylar > Scooterlar > flash lambalar"
80138061,295869,Kask ve Güvenlik Aksesuarı,https://www.hepsiburada.com/cocuk-koruyucu-aksesuarlar-c-80138061,5,"Spor, Outdoor > patenler > cocuk patenleri > Bebek Çocuk Bisikletleri > Kask ve Güvenlik Aksesuarı"
80136014,295869,Çocuk Kaykay,https://www.hepsiburada.com/cocuk-kaykay-c-80136014,5,"Spor, Outdoor > patenler > cocuk patenleri > Bebek Çocuk Bisikletleri > Çocuk Kaykay"
303251,80138066,bebek oyuncaklari,https://www.hepsiburada.com/bebek-oyuncaklari-c-303251,5,"Spor, Outdoor > patenler > cocuk patenleri > aktivite masasi > bebek oyuncaklari"
60007979,80567048,sis tiglar,https://www.hepsiburada.com/sis-tiglar-c-60007979,5,"Spor, Outdoor > patenler > cocuk patenleri > amigurumi > sis tiglar"
80383003,301143,Bebek Taşıma,https://www.hepsiburada.com/bebek-tasima-c-80383003,5,"Spor, Outdoor > patenler > cocuk patenleri > bebek bakim cantalari > Bebek Taşıma"
80383032,80383033,Bebek Banyo,https://www.hepsiburada.com/bebek-banyo-c-80383032,5,"Spor, Outdoor > patenler > cocuk patenleri > bebek kuveti > Bebek Banyo"
80383031,80383033,Bebek Banyo ve Tuvalet,https://www.hepsiburada.com/bebek-banyo-ve-tuvalet-c-80383031,5,"Spor, Outdoor > patenler > cocuk patenleri > bebek kuveti > Bebek Banyo ve Tuvalet"
301159,23021010,Bebek Cilt Bakımı & Kozmetik Ürünleri,https://www.hepsiburada.com/bebek-kozmetik-urunleri-c-301159,5,"Spor, Outdoor > patenler > cocuk patenleri > bebek pisik kremi yaglari > Bebek Cilt Bakımı & Kozmetik Ürünleri"
301174,23021010,bebek pudralari parfumleri,https://www.hepsiburada.com/bebek-pudralari-parfumleri-c-301174,5,"Spor, Outdoor > patenler > cocuk patenleri > bebek pisik kremi yaglari > bebek pudralari parfumleri"
301128,60002087,Bebek Güvenlik Malzemeleri,https://www.hepsiburada.com/bebek-guvenlik-malzemeleri-c-301128,5,"Spor, Outdoor > patenler > cocuk patenleri > bebek telsiz kamera dedektorler > Bebek Güvenlik Malzemeleri"
80381044,23011486,Bebek Tekstili,https://www.hepsiburada.com/bebek-tekstili-c-80381044,5,"Spor, Outdoor > patenler > cocuk patenleri > bebek yataklari > Bebek Tekstili"
301127,23011486,Bebek Çocuk Odaları,https://www.hepsiburada.com/bebek-cocuk-odalari-c-301127,5,"Spor, Outdoor > patenler > cocuk patenleri > bebek yataklari > Bebek Çocuk Odaları"
60002062,301133,Bebek Aktivite ve Oyun,https://www.hepsiburada.com/bebek-aktivite-oyun-malzemeleri-c-60002062,5,"Spor, Outdoor > patenler > cocuk patenleri > bebek yurutecleri > Bebek Aktivite ve Oyun"
310529,80383025,emzirme aksesuarlari,https://www.hepsiburada.com/emzirme-aksesuarlari-c-310529,5,"Spor, Outdoor > patenler > cocuk patenleri > burun aspiratoru > emzirme aksesuarlari"
309942,80383014,Anne Kozmetik Ürünleri,https://www.hepsiburada.com/anne-kozmetik-urunleri-c-309942,5,"Spor, Outdoor > patenler > cocuk patenleri > catlak kremi > Anne Kozmetik Ürünleri"
23020380,301138,Emzirme Ürünleri,https://www.hepsiburada.com/emzirme-urunleri-c-23020380,5,"Spor, Outdoor > patenler > cocuk patenleri > gogus pompalari > Emzirme Ürünleri"
80383040,301138,alistirma kulodu,https://www.hepsiburada.com/alistirma-kulodu-c-80383040,5,"Spor, Outdoor > patenler > cocuk patenleri > gogus pompalari > alistirma kulodu"
23021015,301138,ana kucaklari,https://www.hepsiburada.com/ana-kucaklari-c-23021015,5,"Spor, Outdoor > patenler > cocuk patenleri > gogus pompalari > ana kucaklari"
301163,301138,bebek mamalari,https://www.hepsiburada.com/bebek-mamalari-c-301163,5,"Spor, Outdoor > patenler > cocuk patenleri > gogus pompalari > bebek mamalari"
301173,301138,bebek sampuanlari,https://www.hepsiburada.com/bebek-sampuanlari-c-301173,5,"Spor, Outdoor > patenler > cocuk patenleri > gogus pompalari > bebek sampuanlari"
302243,80136013,Deniz Plaj Malzemeleri,https://www.hepsiburada.com/deniz-plaj-malzemeleri-c-302243,5,"Spor, Outdoor > patenler > cocuk patenleri > haciyatmaz > Deniz Plaj Malzemeleri"
301132,60002063,mama sandalyeleri,https://www.hepsiburada.com/mama-sandalyeleri-c-301132,5,"Spor, Outdoor > patenler > cocuk patenleri > hoppala kangurular > mama sandalyeleri"
80383037,80383038,Bebek Tuvalet,https://www.hepsiburada.com/bebek-tuvalet-c-80383037,5,"Spor, Outdoor > patenler > cocuk patenleri > klozet adaptoru > Bebek Tuvalet"
60005733,80383038,muzik kutusu,https://www.hepsiburada.com/muzik-kutusu-c-60005733,5,"Spor, Outdoor > patenler > cocuk patenleri > klozet adaptoru > muzik kutusu"
80381037,23020686,Oyun Odası Mobilyası,https://www.hepsiburada.com/oyun-odasi-mobilyasi-c-80381037,5,"Spor, Outdoor > patenler > cocuk patenleri > oyuncak kutulari > Oyun Odası Mobilyası"
80677058,80677057,Elektronik Devre Elemanları,https://www.hepsiburada.com/elektronik-devre-elemanlari-c-80677058,5,"Spor, Outdoor > playstation 5 konsol > Hobi Oyun Konsolları > Elektronik Devre & Robotik > Elektronik Devre Elemanları"
80169002,80677057,Hobi Devreleri,https://www.hepsiburada.com/hobi-devreleri-c-80169002,5,"Spor, Outdoor > playstation 5 konsol > Hobi Oyun Konsolları > Elektronik Devre & Robotik > Hobi Devreleri"
60004716,16032929,Erkek,https://www.hepsiburada.com/erkek-takilar-c-60004716,5,"Spor, Outdoor > playstation 5 konsol > altin taki mucevherler > Takı & Mücevher > Erkek"
60003788,16032929,Hediye Setleri,https://www.hepsiburada.com/hediye-setleri-c-60003788,5,"Spor, Outdoor > playstation 5 konsol > altin taki mucevherler > Takı & Mücevher > Hediye Setleri"
80586080,16032929,Kadın,https://www.hepsiburada.com/kadin-takilari-c-80586080,5,"Spor, Outdoor > playstation 5 konsol > altin taki mucevherler > Takı & Mücevher > Kadın"
60004414,16032929,Kişiye Özel Takılar,https://www.hepsiburada.com/kisiye-ozel-takilar-c-60004414,5,"Spor, Outdoor > playstation 5 konsol > altin taki mucevherler > Takı & Mücevher > Kişiye Özel Takılar"
16032939,16032929,alyans modelleri,https://www.hepsiburada.com/alyans-modelleri-c-16032939,5,"Spor, Outdoor > playstation 5 konsol > altin taki mucevherler > Takı & Mücevher > alyans modelleri"
60000132,60000118,Ayakkabı Kalıbı,https://www.hepsiburada.com/ayakkabi-kalibi-c-60000132,5,"Spor, Outdoor > playstation 5 konsol > ayakkabi > Ayakkabı Bakım & Aksesuar > Ayakkabı Kalıbı"
60000134,60000118,Ayakkabı Kutusu,https://www.hepsiburada.com/ayakkabi-kutusu-c-60000134,5,"Spor, Outdoor > playstation 5 konsol > ayakkabi > Ayakkabı Bakım & Aksesuar > Ayakkabı Kutusu"
60000136,60000118,Spesiyal,https://www.hepsiburada.com/ayakkabi-boyasi-sungeri-c-60000136,5,"Spor, Outdoor > playstation 5 konsol > ayakkabi > Ayakkabı Bakım & Aksesuar > Spesiyal"
60003861,60003860,Ev Ayakkabısı,https://www.hepsiburada.com/ev-terligi-c-60003861,5,"Spor, Outdoor > playstation 5 konsol > bayan ayakkabilar > Ev Ayakkabısı > Ev Ayakkabısı"
60003862,60003860,Panduf,https://www.hepsiburada.com/panduf-c-60003862,5,"Spor, Outdoor > playstation 5 konsol > bayan ayakkabilar > Ev Ayakkabısı > Panduf"
60003857,60000121,Espadril,https://www.hepsiburada.com/espadril-c-60003857,5,"Spor, Outdoor > playstation 5 konsol > bayan ayakkabilar > bayan gunluk ayakkabilar > Espadril"
60003858,60000121,Günlük Ayakkabı,https://www.hepsiburada.com/gunluk-ayakkabi-c-60003858,5,"Spor, Outdoor > playstation 5 konsol > bayan ayakkabilar > bayan gunluk ayakkabilar > Günlük Ayakkabı"
60003859,60000121,Loafer,https://www.hepsiburada.com/loafer-kadin-ayakkabi-c-60003859,5,"Spor, Outdoor > playstation 5 konsol > bayan ayakkabilar > bayan gunluk ayakkabilar > Loafer"
80076001,60000121,Oxford Kadın Ayakkabı,https://www.hepsiburada.com/oxford-kadin-ayakkabi-c-80076001,5,"Spor, Outdoor > playstation 5 konsol > bayan ayakkabilar > bayan gunluk ayakkabilar > Oxford Kadın Ayakkabı"
12045538,60000054,bebek montlari,https://www.hepsiburada.com/bebek-montlari-c-12045538,5,"Spor, Outdoor > playstation 5 konsol > bayan kazaklar > bayan hirkalar > bebek montlari"
60000161,60000054,patik ayakkabi,https://www.hepsiburada.com/patik-ayakkabi-c-60000161,5,"Spor, Outdoor > playstation 5 konsol > bayan kazaklar > bayan hirkalar > patik ayakkabi"
80529023,60000054,tulum,https://www.hepsiburada.com/tulum-c-80529023,5,"Spor, Outdoor > playstation 5 konsol > bayan kazaklar > bayan hirkalar > tulum"
358556,23011,Atkı,https://www.hepsiburada.com/galatasaray-atkilari-c-358556,5,"Spor, Outdoor > playstation 5 konsol > galatasaray store urunleri > Aksesuarlar > Atkı"
357801,23011,Diğer Aksesuarlar,https://www.hepsiburada.com/galatasaray-diger-aksesuarlar-c-357801,5,"Spor, Outdoor > playstation 5 konsol > galatasaray store urunleri > Aksesuarlar > Diğer Aksesuarlar"
383845,23011,Rozet,https://www.hepsiburada.com/galatasaray-rozetleri-c-383845,5,"Spor, Outdoor > playstation 5 konsol > galatasaray store urunleri > Aksesuarlar > Rozet"
23008,23011,Top,https://www.hepsiburada.com/galatasaray-toplari-c-23008,5,"Spor, Outdoor > playstation 5 konsol > galatasaray store urunleri > Aksesuarlar > Top"
357811,23011,Çanta & Cüzdan,https://www.hepsiburada.com/galatasaray-cantalari-cuzdanlari-c-357811,5,"Spor, Outdoor > playstation 5 konsol > galatasaray store urunleri > Aksesuarlar > Çanta & Cüzdan"
383856,23011,Şapka & Bere,https://www.hepsiburada.com/galatasaray-sapkalari-bereleri-c-383856,5,"Spor, Outdoor > playstation 5 konsol > galatasaray store urunleri > Aksesuarlar > Şapka & Bere"
23074,23069,Bebek Takım,https://www.hepsiburada.com/galatasaray-bebek-takimlari-c-23074,5,"Spor, Outdoor > playstation 5 konsol > galatasaray store urunleri > Bebek > Bebek Takım"
357799,23069,Body,https://www.hepsiburada.com/galatasaray-bebek-bodyleri-c-357799,5,"Spor, Outdoor > playstation 5 konsol > galatasaray store urunleri > Bebek > Body"
357798,23069,Hastane Çıkışı,https://www.hepsiburada.com/hastane-cikisi-urunleri-c-357798,5,"Spor, Outdoor > playstation 5 konsol > galatasaray store urunleri > Bebek > Hastane Çıkışı"
23046,23069,Pantolon,https://www.hepsiburada.com/galatasaray-bebek-pantolonlari-c-23046,5,"Spor, Outdoor > playstation 5 konsol > galatasaray store urunleri > Bebek > Pantolon"
351502,23069,Sweatshirt,https://www.hepsiburada.com/galatasaray-bebek-sweatshirt-c-351502,5,"Spor, Outdoor > playstation 5 konsol > galatasaray store urunleri > Bebek > Sweatshirt"
23072,23069,Tulum,https://www.hepsiburada.com/galatasaray-tulumlar-c-23072,5,"Spor, Outdoor > playstation 5 konsol > galatasaray store urunleri > Bebek > Tulum"
357789,23006,Eşofman,https://www.hepsiburada.com/galatasaray-erkek-esofmanlari-c-357789,5,"Spor, Outdoor > playstation 5 konsol > galatasaray store urunleri > Erkek > Eşofman"
23045,23006,Kaban & Mont,https://www.hepsiburada.com/galatasaray-erkek-kabanlari-montlari-c-23045,5,"Spor, Outdoor > playstation 5 konsol > galatasaray store urunleri > Erkek > Kaban & Mont"
365050,23006,Sweatshirt,https://www.hepsiburada.com/galatasaray-erkek-sweatshirt-c-365050,5,"Spor, Outdoor > playstation 5 konsol > galatasaray store urunleri > Erkek > Sweatshirt"
25711,23006,T-Shirt,https://www.hepsiburada.com/galatasaray-erkek-t-shirt-c-25711,5,"Spor, Outdoor > playstation 5 konsol > galatasaray store urunleri > Erkek > T-Shirt"
357785,23006,Şort,https://www.hepsiburada.com/galatasaray-erkek-sortlari-c-357785,5,"Spor, Outdoor > playstation 5 konsol > galatasaray store urunleri > Erkek > Şort"
363755,357353,Battaniye & Nevresim,https://www.hepsiburada.com/galatasaray-nevresimler-c-363755,5,"Spor, Outdoor > playstation 5 konsol > galatasaray store urunleri > Ev & Ofis > Battaniye & Nevresim"
357827,357353,Kupa & Mug,https://www.hepsiburada.com/galatasaray-kupa-muglar-c-357827,5,"Spor, Outdoor > playstation 5 konsol > galatasaray store urunleri > Ev & Ofis > Kupa & Mug"
23001,23003,Futbol Formaları,https://www.hepsiburada.com/galatasaray-futbol-formalari-c-23001,5,"Spor, Outdoor > playstation 5 konsol > galatasaray store urunleri > Formalar > Futbol Formaları"
357791,23007,Eşofman & Kapri,https://www.hepsiburada.com/galatasaray-esofman-kapriler-c-357791,5,"Spor, Outdoor > playstation 5 konsol > galatasaray store urunleri > Kadın > Eşofman & Kapri"
23023,23007,T-Shirt,https://www.hepsiburada.com/galatasaray-kadin-t-shirt-c-23023,5,"Spor, Outdoor > playstation 5 konsol > galatasaray store urunleri > Kadın > T-Shirt"
365062,23018,Eşofman,https://www.hepsiburada.com/galatasaray-cocuk-esofmanlari-c-365062,5,"Spor, Outdoor > playstation 5 konsol > galatasaray store urunleri > Çocuk > Eşofman"
357797,23018,Mont,https://www.hepsiburada.com/galasaray-cocuk-montlari-c-357797,5,"Spor, Outdoor > playstation 5 konsol > galatasaray store urunleri > Çocuk > Mont"
365056,23018,Sweatshirt,https://www.hepsiburada.com/galatasaray-cocuk-sweatshirt-c-365056,5,"Spor, Outdoor > playstation 5 konsol > galatasaray store urunleri > Çocuk > Sweatshirt"
357795,23018,T-Shirt,https://www.hepsiburada.com/galatasaray-cocuk-t-shirt-c-357795,5,"Spor, Outdoor > playstation 5 konsol > galatasaray store urunleri > Çocuk > T-Shirt"
388716,23018,Çocuk Takım,https://www.hepsiburada.com/galatasaray-cocuk-takimlar-c-388716,5,"Spor, Outdoor > playstation 5 konsol > galatasaray store urunleri > Çocuk > Çocuk Takım"
20033706,20033704,Akü Aksesuarları,https://www.hepsiburada.com/aku-aksesuarlari-c-20033706,5,"Spor, Outdoor > playstation 5 konsol > oto lastikler > aku takviye kablolari sarj cihazlari > Akü Aksesuarları"
20033707,20033704,Akü Takviye Kabloları,https://www.hepsiburada.com/aku-takviye-kablolari-c-20033707,5,"Spor, Outdoor > playstation 5 konsol > oto lastikler > aku takviye kablolari sarj cihazlari > Akü Takviye Kabloları"
25008413,25000094,Aksesuar Setleri,https://www.hepsiburada.com/saat-gozluk-aksesuar-setleri-c-25008413,5,"Spor, Outdoor > playstation 5 konsol > saat gozluk aksesuarlari > Aksesuarlar > Aksesuar Setleri"
18103,25000094,Anahtarlıklar,https://www.hepsiburada.com/anahtarliklar-c-18103,5,"Spor, Outdoor > playstation 5 konsol > saat gozluk aksesuarlari > Aksesuarlar > Anahtarlıklar"
80733000,25000094,Bakım Ürünleri,https://www.hepsiburada.com/bakim-urunleri-c-80733000,5,"Spor, Outdoor > playstation 5 konsol > saat gozluk aksesuarlari > Aksesuarlar > Bakım Ürünleri"
60006826,25000094,Baston,https://www.hepsiburada.com/baston-c-60006826,5,"Spor, Outdoor > playstation 5 konsol > saat gozluk aksesuarlari > Aksesuarlar > Baston"
60003252,25000094,Cüzdanlar,https://www.hepsiburada.com/vespa-cuzdanlar-c-60003252,5,"Spor, Outdoor > playstation 5 konsol > saat gozluk aksesuarlari > Aksesuarlar > Cüzdanlar"
60003232,25000094,Defter ve Notluklar,https://www.hepsiburada.com/vespa-defter-notluklar-c-60003232,5,"Spor, Outdoor > playstation 5 konsol > saat gozluk aksesuarlari > Aksesuarlar > Defter ve Notluklar"
60003451,25000094,Gözlük Aksesuarları,https://www.hepsiburada.com/gozluk-aksesuarlari-c-60003451,5,"Spor, Outdoor > playstation 5 konsol > saat gozluk aksesuarlari > Aksesuarlar > Gözlük Aksesuarları"
60003233,25000094,Kalem ve Aksesuarları,https://www.hepsiburada.com/vespa-kalem-setleri-aksesuarlari-c-60003233,5,"Spor, Outdoor > playstation 5 konsol > saat gozluk aksesuarlari > Aksesuarlar > Kalem ve Aksesuarları"
60003236,25000094,Magnetler,https://www.hepsiburada.com/vespa-magnetler-c-60003236,5,"Spor, Outdoor > playstation 5 konsol > saat gozluk aksesuarlari > Aksesuarlar > Magnetler"
201950,25000094,Nargileler ve Aksesuarları,https://www.hepsiburada.com/nargile-aksesuar-modelleri-c-201950,5,"Spor, Outdoor > playstation 5 konsol > saat gozluk aksesuarlari > Aksesuarlar > Nargileler ve Aksesuarları"
25015202,25000094,Pipo Seti ve Aksesuarları,https://www.hepsiburada.com/pipo-seti-aksesuarlari-c-25015202,5,"Spor, Outdoor > playstation 5 konsol > saat gozluk aksesuarlari > Aksesuarlar > Pipo Seti ve Aksesuarları"
18207,25000094,Puro Aksesuarları,https://www.hepsiburada.com/puro-aksesuarlari-c-18207,5,"Spor, Outdoor > playstation 5 konsol > saat gozluk aksesuarlari > Aksesuarlar > Puro Aksesuarları"
60003239,25000094,Puzzle,https://www.hepsiburada.com/vespa-yapbozlar-c-60003239,5,"Spor, Outdoor > playstation 5 konsol > saat gozluk aksesuarlari > Aksesuarlar > Puzzle"
60003240,25000094,Rozetler,https://www.hepsiburada.com/vespa-rozetler-c-60003240,5,"Spor, Outdoor > playstation 5 konsol > saat gozluk aksesuarlari > Aksesuarlar > Rozetler"
60002231,25000094,Saat Aksesuarları,https://www.hepsiburada.com/saat-aksesuarlari-c-60002231,5,"Spor, Outdoor > playstation 5 konsol > saat gozluk aksesuarlari > Aksesuarlar > Saat Aksesuarları"
60002060,25000094,Saat Kutuları,https://www.hepsiburada.com/saat-kutulari-c-60002060,5,"Spor, Outdoor > playstation 5 konsol > saat gozluk aksesuarlari > Aksesuarlar > Saat Kutuları"
25015258,25000094,Sigara Tabaka ve Aksesuarları,https://www.hepsiburada.com/sigara-tabaka-aksesuarlari-c-25015258,5,"Spor, Outdoor > playstation 5 konsol > saat gozluk aksesuarlari > Aksesuarlar > Sigara Tabaka ve Aksesuarları"
25018378,25000094,Sigara ve Pipo Tablaları,https://www.hepsiburada.com/sigara-pipo-tablalari-c-25018378,5,"Spor, Outdoor > playstation 5 konsol > saat gozluk aksesuarlari > Aksesuarlar > Sigara ve Pipo Tablaları"
60003242,25000094,Tablolar,https://www.hepsiburada.com/vespa-tablolar-c-60003242,5,"Spor, Outdoor > playstation 5 konsol > saat gozluk aksesuarlari > Aksesuarlar > Tablolar"
60003243,25000094,Tebrik ve Posta Kartları,https://www.hepsiburada.com/vespa-tebrik-posta-kartlari-c-60003243,5,"Spor, Outdoor > playstation 5 konsol > saat gozluk aksesuarlari > Aksesuarlar > Tebrik ve Posta Kartları"
60005244,25000094,Tesbih Kutusu,https://www.hepsiburada.com/tesbih-kutulari-c-60005244,5,"Spor, Outdoor > playstation 5 konsol > saat gozluk aksesuarlari > Aksesuarlar > Tesbih Kutusu"
25025377,25000094,Tesbihler,https://www.hepsiburada.com/tesbihler-c-25025377,5,"Spor, Outdoor > playstation 5 konsol > saat gozluk aksesuarlari > Aksesuarlar > Tesbihler"
16032973,25000094,kravat ignesi,https://www.hepsiburada.com/kravat-ignesi-c-16032973,5,"Spor, Outdoor > playstation 5 konsol > saat gozluk aksesuarlari > Aksesuarlar > kravat ignesi"
25018450,25000094,pipolar,https://www.hepsiburada.com/pipolar-c-25018450,5,"Spor, Outdoor > playstation 5 konsol > saat gozluk aksesuarlari > Aksesuarlar > pipolar"
18137,25000094,Çakmaklar,https://www.hepsiburada.com/cakmak-c-18137,5,"Spor, Outdoor > playstation 5 konsol > saat gozluk aksesuarlari > Aksesuarlar > Çakmaklar"
80857061,1120745,Koruma Gözlüğü,https://www.hepsiburada.com/koruma-gozlugu-c-80857061,5,"Spor, Outdoor > playstation 5 konsol > saat gozluk aksesuarlari > gunes gozlugu > Koruma Gözlüğü"
60000375,1120745,Unisex Güneş Gözlüğü,https://www.hepsiburada.com/unisex-gunes-gozlukleri-c-60000375,5,"Spor, Outdoor > playstation 5 konsol > saat gozluk aksesuarlari > gunes gozlugu > Unisex Güneş Gözlüğü"
1123164,1120745,erkek gunes gozlukleri,https://www.hepsiburada.com/erkek-gunes-gozlukleri-c-1123164,5,"Spor, Outdoor > playstation 5 konsol > saat gozluk aksesuarlari > gunes gozlugu > erkek gunes gozlukleri"
60000535,1120745,Çocuk Güneş Gözlüğü,https://www.hepsiburada.com/cocuk-gunes-gozlukleri-c-60000535,5,"Spor, Outdoor > playstation 5 konsol > saat gozluk aksesuarlari > gunes gozlugu > Çocuk Güneş Gözlüğü"
60002037,60000349,Eşofman,https://www.hepsiburada.com/trabzonspor-erkek-esofmanlari-c-60002037,5,"Spor, Outdoor > playstation 5 konsol > trabzonspor urunleri > Erkek Giyim > Eşofman"
60002035,60000349,Sweatshirt,https://www.hepsiburada.com/trabzonspor-erkek-sweatshirt-c-60002035,5,"Spor, Outdoor > playstation 5 konsol > trabzonspor urunleri > Erkek Giyim > Sweatshirt"
60002036,60000349,T-Shirt,https://www.hepsiburada.com/trabzonspor-erkek-t-shirt-c-60002036,5,"Spor, Outdoor > playstation 5 konsol > trabzonspor urunleri > Erkek Giyim > T-Shirt"
60002041,60000349,Çorap,https://www.hepsiburada.com/trabzonspor-coraplari-c-60002041,5,"Spor, Outdoor > playstation 5 konsol > trabzonspor urunleri > Erkek Giyim > Çorap"
60006350,60000349,İç Giyim,https://www.hepsiburada.com/trabzonspor-erkek-ic-giyim-c-60006350,5,"Spor, Outdoor > playstation 5 konsol > trabzonspor urunleri > Erkek Giyim > İç Giyim"
60002047,60000351,Eşofman,https://www.hepsiburada.com/trabzonspor-cocuk-esofmanlari-c-60002047,5,"Spor, Outdoor > playstation 5 konsol > trabzonspor urunleri > Çocuk Giyim > Eşofman"
60002046,60000351,Sweatshirt,https://www.hepsiburada.com/trabzonspor-cocuk-sweatshirt-c-60002046,5,"Spor, Outdoor > playstation 5 konsol > trabzonspor urunleri > Çocuk Giyim > Sweatshirt"
60002045,60000351,T-Shirt,https://www.hepsiburada.com/trabzonspor-cocuk-t-shirt-c-60002045,5,"Spor, Outdoor > playstation 5 konsol > trabzonspor urunleri > Çocuk Giyim > T-Shirt"
391248,60000545,Mayo-Deniz Şortu,https://www.hepsiburada.com/outdoor-mayo-deniz-sortlari-c-391248,5,"Spor, Outdoor > spor cantalari > spor malzemeleri kiyafetleri > spor giyim urunleri > Mayo-Deniz Şortu"
80791005,60000545,Sporcu Atleti,https://www.hepsiburada.com/sporcu-atleti-c-80791005,5,"Spor, Outdoor > spor cantalari > spor malzemeleri kiyafetleri > spor giyim urunleri > Sporcu Atleti"
80627016,60000545,Sporcu Sütyeni,https://www.hepsiburada.com/sporcu-sutyeni-c-80627016,5,"Spor, Outdoor > spor cantalari > spor malzemeleri kiyafetleri > spor giyim urunleri > Sporcu Sütyeni"
367846,60000545,Sweatshirt - Hoodie,https://www.hepsiburada.com/spor-sweatshirt-c-367846,5,"Spor, Outdoor > spor cantalari > spor malzemeleri kiyafetleri > spor giyim urunleri > Sweatshirt - Hoodie"
390650,60000545,T-Shirt,https://www.hepsiburada.com/spor-t-shirt-c-390650,5,"Spor, Outdoor > spor cantalari > spor malzemeleri kiyafetleri > spor giyim urunleri > T-Shirt"
372912,60000545,Yağmurluk,https://www.hepsiburada.com/spor-giyim-yagmurluklar-c-372912,5,"Spor, Outdoor > spor cantalari > spor malzemeleri kiyafetleri > spor giyim urunleri > Yağmurluk"
80791004,60000545,esofman alti,https://www.hepsiburada.com/esofman-alti-c-80791004,5,"Spor, Outdoor > spor cantalari > spor malzemeleri kiyafetleri > spor giyim urunleri > esofman alti"
19155,60000545,spor esofmanlar,https://www.hepsiburada.com/spor-esofmanlar-c-19155,5,"Spor, Outdoor > spor cantalari > spor malzemeleri kiyafetleri > spor giyim urunleri > spor esofmanlar"
27036819,60000545,spor sortlar,https://www.hepsiburada.com/spor-sortlar-c-27036819,5,"Spor, Outdoor > spor cantalari > spor malzemeleri kiyafetleri > spor giyim urunleri > spor sortlar"
60006886,60000545,tayt,https://www.hepsiburada.com/tayt-c-60006886,5,"Spor, Outdoor > spor cantalari > spor malzemeleri kiyafetleri > spor giyim urunleri > tayt"
80327225,15117,A3 Fotokopi Kağıdı,https://www.hepsiburada.com/a3-fotokopi-kagidi-c-80327225,5,"Spor, Outdoor > suluklar mataralar > Kırtasiye Ofis Ürünleri > Fotokopi Kağıtları > A3 Fotokopi Kağıdı"
80327226,15117,A5 Fotokopi Kağıdı,https://www.hepsiburada.com/a5-fotokopi-kagidi-c-80327226,5,"Spor, Outdoor > suluklar mataralar > Kırtasiye Ofis Ürünleri > Fotokopi Kağıtları > A5 Fotokopi Kağıdı"
15618,15117,fotokopi makineleri,https://www.hepsiburada.com/fotokopi-makineleri-c-15618,5,"Spor, Outdoor > suluklar mataralar > Kırtasiye Ofis Ürünleri > Fotokopi Kağıtları > fotokopi makineleri"
15245,15238,Ciltleme Makinesi & Malzemeler,https://www.hepsiburada.com/ciltleme-makinesi-malzemeleri-c-15245,5,"Spor, Outdoor > suluklar mataralar > Kırtasiye Ofis Ürünleri > Ofis Teknolojileri > Ciltleme Makinesi & Malzemeler"
80708018,15238,Elektronik Reklam Panosu,https://www.hepsiburada.com/elektronik-reklam-panosu-c-80708018,5,"Spor, Outdoor > suluklar mataralar > Kırtasiye Ofis Ürünleri > Ofis Teknolojileri > Elektronik Reklam Panosu"
15608,15238,Etiket Makineleri,https://www.hepsiburada.com/etiket-makineleri-c-15608,5,"Spor, Outdoor > suluklar mataralar > Kırtasiye Ofis Ürünleri > Ofis Teknolojileri > Etiket Makineleri"
15256,15238,Evrak İmha Makinesi,https://www.hepsiburada.com/evrak-imha-makineleri-c-15256,5,"Spor, Outdoor > suluklar mataralar > Kırtasiye Ofis Ürünleri > Ofis Teknolojileri > Evrak İmha Makinesi"
15610,15238,Faks Makinesi,https://www.hepsiburada.com/faks-makineleri-c-15610,5,"Spor, Outdoor > suluklar mataralar > Kırtasiye Ofis Ürünleri > Ofis Teknolojileri > Faks Makinesi"
15260,15238,Giyotin Makas,https://www.hepsiburada.com/giyotin-makaslar-c-15260,5,"Spor, Outdoor > suluklar mataralar > Kırtasiye Ofis Ürünleri > Ofis Teknolojileri > Giyotin Makas"
15298,15238,Hesap Makinesi,https://www.hepsiburada.com/hesap-makineleri-c-15298,5,"Spor, Outdoor > suluklar mataralar > Kırtasiye Ofis Ürünleri > Ofis Teknolojileri > Hesap Makinesi"
80857620,15238,Hizmet Robotu,https://www.hepsiburada.com/hizmet-robotu-c-80857620,5,"Spor, Outdoor > suluklar mataralar > Kırtasiye Ofis Ürünleri > Ofis Teknolojileri > Hizmet Robotu"
288813,15238,"Kartuş, Toner & Drum",https://www.hepsiburada.com/kartuslar-tonerler-drumler-c-288813,5,"Spor, Outdoor > suluklar mataralar > Kırtasiye Ofis Ürünleri > Ofis Teknolojileri > Kartuş, Toner & Drum"
15239,15238,Laminasyon Makinesi & Malzemeler,https://www.hepsiburada.com/laminasyon-makinesi-malzemeler-c-15239,5,"Spor, Outdoor > suluklar mataralar > Kırtasiye Ofis Ürünleri > Ofis Teknolojileri > Laminasyon Makinesi & Malzemeler"
15543,15238,Mikroskop,https://www.hepsiburada.com/mikroskoplar-c-15543,5,"Spor, Outdoor > suluklar mataralar > Kırtasiye Ofis Ürünleri > Ofis Teknolojileri > Mikroskop"
15461,15238,Para Kasası,https://www.hepsiburada.com/para-kasalari-c-15461,5,"Spor, Outdoor > suluklar mataralar > Kırtasiye Ofis Ürünleri > Ofis Teknolojileri > Para Kasası"
15364,15238,Para Sayma Makinesi,https://www.hepsiburada.com/para-sayma-makineleri-c-15364,5,"Spor, Outdoor > suluklar mataralar > Kırtasiye Ofis Ürünleri > Ofis Teknolojileri > Para Sayma Makinesi"
15365,15238,Piller & Şarj Cihazları,https://www.hepsiburada.com/piller-sarj-cihazlari-c-15365,5,"Spor, Outdoor > suluklar mataralar > Kırtasiye Ofis Ürünleri > Ofis Teknolojileri > Piller & Şarj Cihazları"
80857064,15238,Sahte Para Kontrol Cihazı,https://www.hepsiburada.com/sahte-para-kontrol-cihazi-c-80857064,5,"Spor, Outdoor > suluklar mataralar > Kırtasiye Ofis Ürünleri > Ofis Teknolojileri > Sahte Para Kontrol Cihazı"
276980,15238,Slayt Makinesi,https://www.hepsiburada.com/slayt-makineleri-c-276980,5,"Spor, Outdoor > suluklar mataralar > Kırtasiye Ofis Ürünleri > Ofis Teknolojileri > Slayt Makinesi"
60007232,15238,Terazi,https://www.hepsiburada.com/terazi-c-60007232,5,"Spor, Outdoor > suluklar mataralar > Kırtasiye Ofis Ürünleri > Ofis Teknolojileri > Terazi"
80518058,15238,Termal Rulo,https://www.hepsiburada.com/termal-rulo-c-80518058,5,"Spor, Outdoor > suluklar mataralar > Kırtasiye Ofis Ürünleri > Ofis Teknolojileri > Termal Rulo"
271765,15238,Yazarkasa,https://www.hepsiburada.com/yazar-kasa-c-271765,5,"Spor, Outdoor > suluklar mataralar > Kırtasiye Ofis Ürünleri > Ofis Teknolojileri > Yazarkasa"
15540,15010,Arşiv Kutusu ve Dosyası,https://www.hepsiburada.com/arsiv-kutulari-c-15540,5,"Spor, Outdoor > suluklar mataralar > Kırtasiye Ürünleri > Dosyalama, Arşivleme > Arşiv Kutusu ve Dosyası"
15059,15010,Askılı Dosya ve Havuzu,https://www.hepsiburada.com/askili-dosyalar-c-15059,5,"Spor, Outdoor > suluklar mataralar > Kırtasiye Ürünleri > Dosyalama, Arşivleme > Askılı Dosya ve Havuzu"
273518,15010,Ayraç ve Seperatör,https://www.hepsiburada.com/ayrac-seperatorler-c-273518,5,"Spor, Outdoor > suluklar mataralar > Kırtasiye Ürünleri > Dosyalama, Arşivleme > Ayraç ve Seperatör"
15067,15010,Evrak Rafı,https://www.hepsiburada.com/evrak-raflari-c-15067,5,"Spor, Outdoor > suluklar mataralar > Kırtasiye Ürünleri > Dosyalama, Arşivleme > Evrak Rafı"
21029128,15010,Evrak Taşıma Çantası,https://www.hepsiburada.com/evrak-tasima-cantalari-c-21029128,5,"Spor, Outdoor > suluklar mataralar > Kırtasiye Ürünleri > Dosyalama, Arşivleme > Evrak Taşıma Çantası"
15074,15010,Halkalı Klasör,https://www.hepsiburada.com/halkali-klasorler-c-15074,5,"Spor, Outdoor > suluklar mataralar > Kırtasiye Ürünleri > Dosyalama, Arşivleme > Halkalı Klasör"
15051,15010,Karton Dosya,https://www.hepsiburada.com/karton-dosyalar-c-15051,5,"Spor, Outdoor > suluklar mataralar > Kırtasiye Ürünleri > Dosyalama, Arşivleme > Karton Dosya"
15075,15010,Karton Klasör,https://www.hepsiburada.com/karton-klasorler-c-15075,5,"Spor, Outdoor > suluklar mataralar > Kırtasiye Ürünleri > Dosyalama, Arşivleme > Karton Klasör"
15052,15010,Körüklü Dosya,https://www.hepsiburada.com/koruklu-dosyalar-c-15052,5,"Spor, Outdoor > suluklar mataralar > Kırtasiye Ürünleri > Dosyalama, Arşivleme > Körüklü Dosya"
15072,15010,Plastik Klasör,https://www.hepsiburada.com/plastik-klasorler-c-15072,5,"Spor, Outdoor > suluklar mataralar > Kırtasiye Ürünleri > Dosyalama, Arşivleme > Plastik Klasör"
15053,15010,Poşet Dosya,https://www.hepsiburada.com/poset-dosyalar-c-15053,5,"Spor, Outdoor > suluklar mataralar > Kırtasiye Ürünleri > Dosyalama, Arşivleme > Poşet Dosya"
21028002,15010,Prezentasyon Dosyası,https://www.hepsiburada.com/prezentasyon-dosyasi-c-21028002,5,"Spor, Outdoor > suluklar mataralar > Kırtasiye Ürünleri > Dosyalama, Arşivleme > Prezentasyon Dosyası"
15070,15010,Sekreterlik,https://www.hepsiburada.com/sekreterlikler-c-15070,5,"Spor, Outdoor > suluklar mataralar > Kırtasiye Ürünleri > Dosyalama, Arşivleme > Sekreterlik"
15054,15010,Sunum Dosyası,https://www.hepsiburada.com/sunum-dosyalari-c-15054,5,"Spor, Outdoor > suluklar mataralar > Kırtasiye Ürünleri > Dosyalama, Arşivleme > Sunum Dosyası"
21000245,15010,Sıkıştırmalı Dosya,https://www.hepsiburada.com/sikistirmali-dosyalar-c-21000245,5,"Spor, Outdoor > suluklar mataralar > Kırtasiye Ürünleri > Dosyalama, Arşivleme > Sıkıştırmalı Dosya"
15056,15010,Telli Dosya,https://www.hepsiburada.com/telli-dosyalar-c-15056,5,"Spor, Outdoor > suluklar mataralar > Kırtasiye Ürünleri > Dosyalama, Arşivleme > Telli Dosya"
15061,15010,Çıtçıtlı Dosya,https://www.hepsiburada.com/citcitli-dosyalar-c-15061,5,"Spor, Outdoor > suluklar mataralar > Kırtasiye Ürünleri > Dosyalama, Arşivleme > Çıtçıtlı Dosya"
15057,15010,İmza Defteri & Evrak Düzenleyici,https://www.hepsiburada.com/evrak-duzenleyici-dosyalar-c-15057,5,"Spor, Outdoor > suluklar mataralar > Kırtasiye Ürünleri > Dosyalama, Arşivleme > İmza Defteri & Evrak Düzenleyici"
15472,80147044,Ambalaj Paketleme Ürünleri,https://www.hepsiburada.com/ambalaj-malzemeleri-c-15472,5,"Spor, Outdoor > suluklar mataralar > Kırtasiye Ürünleri > Gönderi ve Paketleme > Ambalaj Paketleme Ürünleri"
15389,80147044,"Etiket, Etiket Makinesi",https://www.hepsiburada.com/etiket-etiket-makinalari-c-15389,5,"Spor, Outdoor > suluklar mataralar > Kırtasiye Ürünleri > Gönderi ve Paketleme > Etiket, Etiket Makinesi"
277922,80147044,Koli Bandı,https://www.hepsiburada.com/koli-bantlari-c-277922,5,"Spor, Outdoor > suluklar mataralar > Kırtasiye Ürünleri > Gönderi ve Paketleme > Koli Bandı"
80147046,80147044,Koli Bandı Makinesi,https://www.hepsiburada.com/koli-bandi-makinasi-c-80147046,5,"Spor, Outdoor > suluklar mataralar > Kırtasiye Ürünleri > Gönderi ve Paketleme > Koli Bandı Makinesi"
15153,80147044,Zarf,https://www.hepsiburada.com/zarflar-c-15153,5,"Spor, Outdoor > suluklar mataralar > Kırtasiye Ürünleri > Gönderi ve Paketleme > Zarf"
277923,80147044,Çift Taraflı Bant,https://www.hepsiburada.com/cift-tarafli-bant-c-277923,5,"Spor, Outdoor > suluklar mataralar > Kırtasiye Ürünleri > Gönderi ve Paketleme > Çift Taraflı Bant"
21031104,15547,Ataş,https://www.hepsiburada.com/atas-c-21031104,5,"Spor, Outdoor > suluklar mataralar > Kırtasiye Ürünleri > Masa Üstü Gereçleri > Ataş"
15091,15547,Bant,https://www.hepsiburada.com/bantlar-c-15091,5,"Spor, Outdoor > suluklar mataralar > Kırtasiye Ürünleri > Masa Üstü Gereçleri > Bant"
15216,15547,Kaşe,https://www.hepsiburada.com/kaseler-c-15216,5,"Spor, Outdoor > suluklar mataralar > Kırtasiye Ürünleri > Masa Üstü Gereçleri > Kaşe"
15068,15547,Magazinlik,https://www.hepsiburada.com/magazinlik-kutu-klasorler-c-15068,5,"Spor, Outdoor > suluklar mataralar > Kırtasiye Ürünleri > Masa Üstü Gereçleri > Magazinlik"
60003342,15547,Makas,https://www.hepsiburada.com/makas-cesitleri-c-60003342,5,"Spor, Outdoor > suluklar mataralar > Kırtasiye Ürünleri > Masa Üstü Gereçleri > Makas"
60003343,15547,Maket Bıçağı,https://www.hepsiburada.com/maket-bicaklari-yedekleri-c-60003343,5,"Spor, Outdoor > suluklar mataralar > Kırtasiye Ürünleri > Masa Üstü Gereçleri > Maket Bıçağı"
15283,15547,Masaüstü Aksesuar,https://www.hepsiburada.com/masaustu-setleri-c-15283,5,"Spor, Outdoor > suluklar mataralar > Kırtasiye Ürünleri > Masa Üstü Gereçleri > Masaüstü Aksesuar"
278747,15547,Masaüstü Organizer,https://www.hepsiburada.com/masaustu-organizerler-c-278747,5,"Spor, Outdoor > suluklar mataralar > Kırtasiye Ürünleri > Masa Üstü Gereçleri > Masaüstü Organizer"
15103,15547,Paket Lastiği,https://www.hepsiburada.com/paket-lastikleri-c-15103,5,"Spor, Outdoor > suluklar mataralar > Kırtasiye Ürünleri > Masa Üstü Gereçleri > Paket Lastiği"
273340,15547,Plastik Kart Ürünleri,https://www.hepsiburada.com/plastik-kart-urunleri-c-273340,5,"Spor, Outdoor > suluklar mataralar > Kırtasiye Ürünleri > Masa Üstü Gereçleri > Plastik Kart Ürünleri"
15396,15547,Raptiye ve İğne,https://www.hepsiburada.com/raptiyeler-c-15396,5,"Spor, Outdoor > suluklar mataralar > Kırtasiye Ürünleri > Masa Üstü Gereçleri > Raptiye ve İğne"
15511,15547,Sümen Takımı,https://www.hepsiburada.com/sumen-takimlari-c-15511,5,"Spor, Outdoor > suluklar mataralar > Kırtasiye Ürünleri > Masa Üstü Gereçleri > Sümen Takımı"
80149005,15547,Sıvı ve Şerit Düzeltici (Daksil),https://www.hepsiburada.com/daksil-c-80149005,5,"Spor, Outdoor > suluklar mataralar > Kırtasiye Ürünleri > Masa Üstü Gereçleri > Sıvı ve Şerit Düzeltici (Daksil)"
21005382,15547,Yapıştırıcı,https://www.hepsiburada.com/yapistiricilar-tutkallar-c-21005382,5,"Spor, Outdoor > suluklar mataralar > Kırtasiye Ürünleri > Masa Üstü Gereçleri > Yapıştırıcı"
15286,15547,Zarf Açacağı,https://www.hepsiburada.com/zarf-acacaklari-c-15286,5,"Spor, Outdoor > suluklar mataralar > Kırtasiye Ürünleri > Masa Üstü Gereçleri > Zarf Açacağı"
15078,15547,Zımba Makinesi,https://www.hepsiburada.com/zimba-makineleri-c-15078,5,"Spor, Outdoor > suluklar mataralar > Kırtasiye Ürünleri > Masa Üstü Gereçleri > Zımba Makinesi"
15079,15547,Zımba Teli ve Tel Sökücü,https://www.hepsiburada.com/zimba-telleri-c-15079,5,"Spor, Outdoor > suluklar mataralar > Kırtasiye Ürünleri > Masa Üstü Gereçleri > Zımba Teli ve Tel Sökücü"
15421,80450004,El İşi Malzemeleri,https://www.hepsiburada.com/el-isi-malzemeleri-c-15421,5,"Spor, Outdoor > suluklar mataralar > Kırtasiye Ürünleri > Okul Aktivite ve Boya > El İşi Malzemeleri"
21028265,80450004,Oyun Hamuru,https://www.hepsiburada.com/oyun-hamuru-killer-c-21028265,5,"Spor, Outdoor > suluklar mataralar > Kırtasiye Ürünleri > Okul Aktivite ve Boya > Oyun Hamuru"
21037841,80450004,Resim Defteri ve Kağıdı,https://www.hepsiburada.com/resim-defterleri-c-21037841,5,"Spor, Outdoor > suluklar mataralar > Kırtasiye Ürünleri > Okul Aktivite ve Boya > Resim Defteri ve Kağıdı"
15481,15470,Abaküs,https://www.hepsiburada.com/abakusler-c-15481,5,"Spor, Outdoor > suluklar mataralar > Kırtasiye Ürünleri > Sınıf ve Laboratuvar Malzemesi > Abaküs"
285140,15470,Atatürk Portresi,https://www.hepsiburada.com/ataturk-portresi-c-285140,5,"Spor, Outdoor > suluklar mataralar > Kırtasiye Ürünleri > Sınıf ve Laboratuvar Malzemesi > Atatürk Portresi"
287975,15470,Bayrak,https://www.hepsiburada.com/bayraklar-c-287975,5,"Spor, Outdoor > suluklar mataralar > Kırtasiye Ürünleri > Sınıf ve Laboratuvar Malzemesi > Bayrak"
277099,15470,Büyüteç,https://www.hepsiburada.com/buyutecler-c-277099,5,"Spor, Outdoor > suluklar mataralar > Kırtasiye Ürünleri > Sınıf ve Laboratuvar Malzemesi > Büyüteç"
80573097,15470,Deney Malzemeleri,https://www.hepsiburada.com/deney-malzemeleri-c-80573097,5,"Spor, Outdoor > suluklar mataralar > Kırtasiye Ürünleri > Sınıf ve Laboratuvar Malzemesi > Deney Malzemeleri"
60002510,15470,Eğitim Levhası,https://www.hepsiburada.com/egitim-levhalari-c-60002510,5,"Spor, Outdoor > suluklar mataralar > Kırtasiye Ürünleri > Sınıf ve Laboratuvar Malzemesi > Eğitim Levhası"
21020575,15470,Flüt,https://www.hepsiburada.com/okul-flutleri-c-21020575,5,"Spor, Outdoor > suluklar mataralar > Kırtasiye Ürünleri > Sınıf ve Laboratuvar Malzemesi > Flüt"
289614,15470,Küre,https://www.hepsiburada.com/dunya-haritasi-kureleri-c-289614,5,"Spor, Outdoor > suluklar mataralar > Kırtasiye Ürünleri > Sınıf ve Laboratuvar Malzemesi > Küre"
15137,15470,Melodika,https://www.hepsiburada.com/melodika-c-15137,5,"Spor, Outdoor > suluklar mataralar > Kırtasiye Ürünleri > Sınıf ve Laboratuvar Malzemesi > Melodika"
285141,15470,Mevsim Şeridi,https://www.hepsiburada.com/mevsim-seritleri-c-285141,5,"Spor, Outdoor > suluklar mataralar > Kırtasiye Ürünleri > Sınıf ve Laboratuvar Malzemesi > Mevsim Şeridi"
21032546,15470,Mikroskop,https://www.hepsiburada.com/okul-mikroskoplari-c-21032546,5,"Spor, Outdoor > suluklar mataralar > Kırtasiye Ürünleri > Sınıf ve Laboratuvar Malzemesi > Mikroskop"
80461088,15470,Okul Müzik Aletleri,https://www.hepsiburada.com/okul-muzik-aletleri-c-80461088,5,"Spor, Outdoor > suluklar mataralar > Kırtasiye Ürünleri > Sınıf ve Laboratuvar Malzemesi > Okul Müzik Aletleri"
285095,15470,Okul Pano ve Levha,https://www.hepsiburada.com/cesitli-panolar-c-285095,5,"Spor, Outdoor > suluklar mataralar > Kırtasiye Ürünleri > Sınıf ve Laboratuvar Malzemesi > Okul Pano ve Levha"
80486076,15470,Sıra Örtüsü,https://www.hepsiburada.com/sira-ortusu-c-80486076,5,"Spor, Outdoor > suluklar mataralar > Kırtasiye Ürünleri > Sınıf ve Laboratuvar Malzemesi > Sıra Örtüsü"
60005194,15470,Tebeşir,https://www.hepsiburada.com/tebesir-c-60005194,5,"Spor, Outdoor > suluklar mataralar > Kırtasiye Ürünleri > Sınıf ve Laboratuvar Malzemesi > Tebeşir"
60003139,15470,Teleskop,https://www.hepsiburada.com/teleskoplar-c-60003139,5,"Spor, Outdoor > suluklar mataralar > Kırtasiye Ürünleri > Sınıf ve Laboratuvar Malzemesi > Teleskop"
285089,15470,Şovale,https://www.hepsiburada.com/egitim-sovaleleri-c-285089,5,"Spor, Outdoor > suluklar mataralar > Kırtasiye Ürünleri > Sınıf ve Laboratuvar Malzemesi > Şovale"
21001165,60002958,Kart Aksesuarları,https://www.hepsiburada.com/kart-aksesuarlari-c-21001165,5,"Spor, Outdoor > suluklar mataralar > Kırtasiye Ürünleri > Yaka Kartı & Aksesuarları > Kart Aksesuarları"
273342,60002958,Kart Askı Zinciri,https://www.hepsiburada.com/kart-aski-zincirleri-c-273342,5,"Spor, Outdoor > suluklar mataralar > Kırtasiye Ürünleri > Yaka Kartı & Aksesuarları > Kart Askı Zinciri"
273343,60002958,Kart Askı İpi,https://www.hepsiburada.com/kart-aski-ipleri-c-273343,5,"Spor, Outdoor > suluklar mataralar > Kırtasiye Ürünleri > Yaka Kartı & Aksesuarları > Kart Askı İpi"
273341,60002958,"Klips, Yoyo",https://www.hepsiburada.com/klipsler-yoyolar-c-273341,5,"Spor, Outdoor > suluklar mataralar > Kırtasiye Ürünleri > Yaka Kartı & Aksesuarları > Klips, Yoyo"
273345,60002958,PVC Kart Poşeti,https://www.hepsiburada.com/pvc-kart-posetleri-c-273345,5,"Spor, Outdoor > suluklar mataralar > Kırtasiye Ürünleri > Yaka Kartı & Aksesuarları > PVC Kart Poşeti"
273344,60002958,Plastik Kart Koruyucu,https://www.hepsiburada.com/plastik-kart-koruyucular-c-273344,5,"Spor, Outdoor > suluklar mataralar > Kırtasiye Ürünleri > Yaka Kartı & Aksesuarları > Plastik Kart Koruyucu"
15176,21005096,Cetvel,https://www.hepsiburada.com/cetveller-c-15176,5,"Spor, Outdoor > suluklar mataralar > Kırtasiye Ürünleri > Ölçüm ve Çizim > Cetvel"
15255,21005096,Cetvel ve Sınıf Takımı,https://www.hepsiburada.com/cetvel-setleri-c-15255,5,"Spor, Outdoor > suluklar mataralar > Kırtasiye Ürünleri > Ölçüm ve Çizim > Cetvel ve Sınıf Takımı"
15177,21005096,Gönye,https://www.hepsiburada.com/gonyeler-c-15177,5,"Spor, Outdoor > suluklar mataralar > Kırtasiye Ürünleri > Ölçüm ve Çizim > Gönye"
15304,21005096,Minkale,https://www.hepsiburada.com/minkaleler-c-15304,5,"Spor, Outdoor > suluklar mataralar > Kırtasiye Ürünleri > Ölçüm ve Çizim > Minkale"
15178,21005096,Pergel,https://www.hepsiburada.com/pergeller-c-15178,5,"Spor, Outdoor > suluklar mataralar > Kırtasiye Ürünleri > Ölçüm ve Çizim > Pergel"
15294,21005096,T Cetveli,https://www.hepsiburada.com/t-cetvelleri-c-15294,5,"Spor, Outdoor > suluklar mataralar > Kırtasiye Ürünleri > Ölçüm ve Çizim > T Cetveli"
15125,21005096,Yazı ve Şekil Şablonu,https://www.hepsiburada.com/sablonlar-c-15125,5,"Spor, Outdoor > suluklar mataralar > Kırtasiye Ürünleri > Ölçüm ve Çizim > Yazı ve Şekil Şablonu"
15174,21005096,Çizim Masası,https://www.hepsiburada.com/cizim-masasi-c-15174,5,"Spor, Outdoor > suluklar mataralar > Kırtasiye Ürünleri > Ölçüm ve Çizim > Çizim Masası"
292999,15084,pastel boyalar,https://www.hepsiburada.com/pastel-boyalar-c-292999,5,"Spor, Outdoor > suluklar mataralar > boyalar boya kalemleri > Mum Boya > pastel boyalar"
292983,15171,firca cesitleri,https://www.hepsiburada.com/firca-cesitleri-c-292983,5,"Spor, Outdoor > suluklar mataralar > boyalar boya kalemleri > Sulu Boya > firca cesitleri"
21005589,289152,fon kartonu elisi kagitlari,https://www.hepsiburada.com/fon-kartonu-elisi-kagitlari-c-21005589,5,"Spor, Outdoor > suluklar mataralar > defter ajandalar > Asetatlar > fon kartonu elisi kagitlari"
293005,15181,sanatsal kalemler,https://www.hepsiburada.com/sanatsal-kalemler-c-293005,5,"Spor, Outdoor > suluklar mataralar > defter ajandalar > Teknik Çizim, Eskiz Defteri > sanatsal kalemler"
60000756,12087282,erkek denim pantolonlar,https://www.hepsiburada.com/erkek-denim-pantolonlar-c-60000756,5,"Spor, Outdoor > suluklar mataralar > erkek klasik ayakkabilar > erkek pantolonlar > erkek denim pantolonlar"
60004553,60002383,Günlük,https://www.hepsiburada.com/erkek-gunluk-spor-ayakkabilar-c-60004553,5,"Spor, Outdoor > suluklar mataralar > erkek klasik ayakkabilar > erkek spor ayakkabilari > Günlük"
60000061,60000728,Kadın Çoraplar,https://www.hepsiburada.com/bayan-coraplar-c-60000061,5,"Spor, Outdoor > suluklar mataralar > erkek klasik ayakkabilar > kulotlu coraplar > Kadın Çoraplar"
21028264,292990,Hobi Boya Malzemeleri,https://www.hepsiburada.com/hobi-boya-malzemeleri-c-21028264,5,"Spor, Outdoor > suluklar mataralar > keceli boyama kalemleri > tuvaller > Hobi Boya Malzemeleri"
60002362,205474,Ayakkabı,https://www.hepsiburada.com/cocuk-ayakkabilar-c-60002362,5,"Spor, Outdoor > suluklar mataralar > okul cantasi > Kız Çocuk > Ayakkabı"
60002724,205474,Giyim,https://www.hepsiburada.com/kiz-cocuk-giyim-urunleri-c-60002724,5,"Spor, Outdoor > suluklar mataralar > okul cantasi > Kız Çocuk > Giyim"
60002739,205474,cocuk esofmanlar,https://www.hepsiburada.com/cocuk-esofmanlar-c-60002739,5,"Spor, Outdoor > suluklar mataralar > okul cantasi > Kız Çocuk > cocuk esofmanlar"
60002733,205474,cocuk kazaklari,https://www.hepsiburada.com/cocuk-kazaklari-c-60002733,5,"Spor, Outdoor > suluklar mataralar > okul cantasi > Kız Çocuk > cocuk kazaklari"
60002730,205474,cocuk t shirt,https://www.hepsiburada.com/cocuk-t-shirt-c-60002730,5,"Spor, Outdoor > suluklar mataralar > okul cantasi > Kız Çocuk > cocuk t shirt"
60002729,205474,İç Giyim,https://www.hepsiburada.com/cocuk-ic-giyim-urunleri-c-60002729,5,"Spor, Outdoor > suluklar mataralar > okul cantasi > Kız Çocuk > İç Giyim"
60004849,60002725,"Atkı, Bere & Eldiven",https://www.hepsiburada.com/cocuk-atki-bere-eldivenler-c-60004849,5,"Spor, Outdoor > suluklar mataralar > okul cantasi > Çocuk Aksesuarları > Atkı, Bere & Eldiven"
60002745,60002725,Kemer,https://www.hepsiburada.com/kemer-c-60002745,5,"Spor, Outdoor > suluklar mataralar > okul cantasi > Çocuk Aksesuarları > Kemer"
80088005,60002725,Toka & Saç Aksesuarları,https://www.hepsiburada.com/toka-sac-aksesuarlari-c-80088005,5,"Spor, Outdoor > suluklar mataralar > okul cantasi > Çocuk Aksesuarları > Toka & Saç Aksesuarları"
60002744,60002725,cocuk sapkalar,https://www.hepsiburada.com/cocuk-sapkalar-c-60002744,5,"Spor, Outdoor > suluklar mataralar > okul cantasi > Çocuk Aksesuarları > cocuk sapkalar"
60004881,60002725,Önlük,https://www.hepsiburada.com/kiz-cocuk-onlukleri-c-60004881,5,"Spor, Outdoor > suluklar mataralar > okul cantasi > Çocuk Aksesuarları > Önlük"
60005002,60002725,Şemsiye,https://www.hepsiburada.com/cocuk-semsiyeleri-c-60005002,5,"Spor, Outdoor > suluklar mataralar > okul cantasi > Çocuk Aksesuarları > Şemsiye"
60006798,60004850,Beslenme Çantası,https://www.hepsiburada.com/beslenme-cantasi-c-60006798,5,"Spor, Outdoor > suluklar mataralar > okul cantasi > Çocuk Çantalar > Beslenme Çantası"
60006799,60004850,Cüzdan,https://www.hepsiburada.com/cocuk-cuzdan-c-60006799,5,"Spor, Outdoor > suluklar mataralar > okul cantasi > Çocuk Çantalar > Cüzdan"
80085000,60004850,Günlük Çanta,https://www.hepsiburada.com/gunluk-canta-c-80085000,5,"Spor, Outdoor > suluklar mataralar > okul cantasi > Çocuk Çantalar > Günlük Çanta"
1302559,19226,Balta,https://www.hepsiburada.com/kamp-baltalari-c-1302559,5,"Spor, Outdoor > uyku tulumlari > Kamp Kampçılık Malzemeleri > Çakılar & Bıçaklar > Balta"
22003423,19226,Kamp Testeresi,https://www.hepsiburada.com/kamp-testereleri-c-22003423,5,"Spor, Outdoor > uyku tulumlari > Kamp Kampçılık Malzemeleri > Çakılar & Bıçaklar > Kamp Testeresi"
1307144,19226,Outdoor Bıçak,https://www.hepsiburada.com/outdoor-bicaklar-c-1307144,5,"Spor, Outdoor > uyku tulumlari > Kamp Kampçılık Malzemeleri > Çakılar & Bıçaklar > Outdoor Bıçak"
22003416,19226,Pense Çakı,https://www.hepsiburada.com/penseler-cakilar-c-22003416,5,"Spor, Outdoor > uyku tulumlari > Kamp Kampçılık Malzemeleri > Çakılar & Bıçaklar > Pense Çakı"
22003451,19226,Tek İşlev Çakı,https://www.hepsiburada.com/tek-islev-cakilar-c-22003451,5,"Spor, Outdoor > uyku tulumlari > Kamp Kampçılık Malzemeleri > Çakılar & Bıçaklar > Tek İşlev Çakı"
1307143,19226,Çakı & Bıçak Aksesuarları,https://www.hepsiburada.com/caki-bicak-aksesuarlari-c-1307143,5,"Spor, Outdoor > uyku tulumlari > Kamp Kampçılık Malzemeleri > Çakılar & Bıçaklar > Çakı & Bıçak Aksesuarları"
1305219,19226,Çok Amaçlı Çakı,https://www.hepsiburada.com/cok-amacli-cakilar-c-1305219,5,"Spor, Outdoor > uyku tulumlari > Kamp Kampçılık Malzemeleri > Çakılar & Bıçaklar > Çok Amaçlı Çakı"
60007517,367176,cift kisilik sisme yatak,https://www.hepsiburada.com/cift-kisilik-sisme-yatak-c-60007517,5,"Spor, Outdoor > uyku tulumlari > Kamp Kampçılık Malzemeleri > Şişme Yataklar > cift kisilik sisme yatak"
60007518,367176,tek kisilik sisme yatak,https://www.hepsiburada.com/tek-kisilik-sisme-yatak-c-60007518,5,"Spor, Outdoor > uyku tulumlari > Kamp Kampçılık Malzemeleri > Şişme Yataklar > tek kisilik sisme yatak"
60007521,367176,Şişme Koltuk,https://www.hepsiburada.com/sisme-koltuk-c-60007521,5,"Spor, Outdoor > uyku tulumlari > Kamp Kampçılık Malzemeleri > Şişme Yataklar > Şişme Koltuk"
60007522,367176,Şişme Yastık,https://www.hepsiburada.com/sisme-yastik-c-60007522,5,"Spor, Outdoor > uyku tulumlari > Kamp Kampçılık Malzemeleri > Şişme Yataklar > Şişme Yastık"
60007523,367176,Şişme Yatak Pompası,https://www.hepsiburada.com/sisme-yatak-pompasi-c-60007523,5,"Spor, Outdoor > uyku tulumlari > Kamp Kampçılık Malzemeleri > Şişme Yataklar > Şişme Yatak Pompası"
60007519,367176,Şişme Çocuk Yatakları,https://www.hepsiburada.com/sisme-cocuk-yataklari-c-60007519,5,"Spor, Outdoor > uyku tulumlari > Kamp Kampçılık Malzemeleri > Şişme Yataklar > Şişme Çocuk Yatakları"
80741006,60006257,Ok ve Ok Aksesuarları,https://www.hepsiburada.com/ok-ve-ok-aksesuarlari-c-80741006,5,"Spor, Outdoor > uyku tulumlari > outdoor doga sporlari > Okçuluk > Ok ve Ok Aksesuarları"
80741007,60006257,Okçu Aksesuarları,https://www.hepsiburada.com/okcu-aksesuarlari-c-80741007,5,"Spor, Outdoor > uyku tulumlari > outdoor doga sporlari > Okçuluk > Okçu Aksesuarları"
80741008,60006257,Okçuluk Hedefleri,https://www.hepsiburada.com/okculuk-hedefleri-c-80741008,5,"Spor, Outdoor > uyku tulumlari > outdoor doga sporlari > Okçuluk > Okçuluk Hedefleri"
80741005,60006257,Yay Aksesuarları,https://www.hepsiburada.com/yay-aksesuarlari-c-80741005,5,"Spor, Outdoor > uyku tulumlari > outdoor doga sporlari > Okçuluk > Yay Aksesuarları"
80741004,60006257,yay,https://www.hepsiburada.com/yay-c-80741004,5,"Spor, Outdoor > uyku tulumlari > outdoor doga sporlari > Okçuluk > yay"
