id,parent_id,name,url,level,path
2147483639,,"Anne, Bebek, Oyuncak",https://www.hepsiburada.com/anne-bebek-oyuncak-c-2147483639,1,"Anne, Bebek, Oyuncak"
2147483638,,Elektronik,https://www.hepsiburada.com/ev-elektronik-urunleri-c-2147483638,1,Elektronik
60002028,,"Ev, Yasam, Kirtasiye, Ofis",https://www.hepsiburada.com/ev-dekorasyon-c-60002028,1,"Ev, Yasam, Kirtasiye, Ofis"
60001501,,"Kitap, Muzik, Film, Hobi",https://www.hepsiburada.com/kitaplar-filmler-muzikler-c-60001501,1,"Kitap, Muzik, Film, Hobi"
60001547,,"Kozmetik, Kisisel Bakim",https://www.hepsiburada.com/kozmetik-kisisel-bakim-urunleri-c-60001547,1,"Kozmetik, Kisisel Bakim"
2147483636,,Moda,https://www.hepsiburada.com/giyim-ayakkabi-c-2147483636,1,Moda
60002705,,"Oto, Bahce, Yapi Market",https://www.hepsiburada.com/yapi-market-bahce-oto-c-60002705,1,"Oto, Bahce, Yapi Market"
60001546,,"Spor, Outdoor",https://www.hepsiburada.com/spor-outdoor-urunleri-c-60001546,1,"Spor, Outdoor"
2147483619,,"Supermarket, Pet Shop",https://www.hepsiburada.com/supermarket-c-2147483619,1,"Supermarket, Pet Shop"
60006532,2147483639,3 tekerlekli bisiklet,https://www.hepsiburada.com/3-tekerlekli-bisiklet-c-60006532,2,"Anne, Bebek, Oyuncak > 3 tekerlekli bisiklet"
60002062,2147483639,Bebek Aktivite ve Eğlence,https://www.hepsiburada.com/bebek-aktivite-oyun-malzemeleri-c-60002062,2,"Anne, Bebek, Oyuncak > Bebek Aktivite ve Eğlence"
305668,2147483639,Bebek Arabası,https://www.hepsiburada.com/bebek-arabasi-pusetleri-c-305668,2,"Anne, Bebek, Oyuncak > Bebek Arabası"
60002069,2147483639,Bebek Arabası Aksesuarları,https://www.hepsiburada.com/bebek-arabasi-aksesuarlari-c-60002069,2,"Anne, Bebek, Oyuncak > Bebek Arabası Aksesuarları"
80383015,2147483639,Bebek Bakım ve Sağlık,https://www.hepsiburada.com/bebek-bakim-ve-saglik-c-80383015,2,"Anne, Bebek, Oyuncak > Bebek Bakım ve Sağlık"
80383031,2147483639,Bebek Banyo ve Tuvalet,https://www.hepsiburada.com/bebek-banyo-ve-tuvalet-c-80383031,2,"Anne, Bebek, Oyuncak > Bebek Banyo ve Tuvalet"
60002072,2147483639,Bebek Beslenme,https://www.hepsiburada.com/bebek-beslenme-urunleri-c-60002072,2,"Anne, Bebek, Oyuncak > Bebek Beslenme"
301128,2147483639,Bebek Güvenlik,https://www.hepsiburada.com/bebek-guvenlik-malzemeleri-c-301128,2,"Anne, Bebek, Oyuncak > Bebek Güvenlik"
305641,2147483639,Bebek Hediyelik,https://www.hepsiburada.com/bebek-hediyelikleri-c-305641,2,"Anne, Bebek, Oyuncak > Bebek Hediyelik"
301127,2147483639,Bebek Odası ve Tekstili,https://www.hepsiburada.com/bebek-cocuk-odalari-c-301127,2,"Anne, Bebek, Oyuncak > Bebek Odası ve Tekstili"
80383003,2147483639,Bebek Taşıma,https://www.hepsiburada.com/bebek-tasima-c-80383003,2,"Anne, Bebek, Oyuncak > Bebek Taşıma"
23020380,2147483639,Emzirme ve Anne Sağlık,https://www.hepsiburada.com/emzirme-urunleri-c-23020380,2,"Anne, Bebek, Oyuncak > Emzirme ve Anne Sağlık"
60000710,2147483639,Giyim,https://www.hepsiburada.com/anne-bebek-giyim-urunleri-c-60000710,2,"Anne, Bebek, Oyuncak > Giyim"
301132,2147483639,Mama Sandalyesi ve Aksesuarı,https://www.hepsiburada.com/mama-sandalyeleri-c-301132,2,"Anne, Bebek, Oyuncak > Mama Sandalyesi ve Aksesuarı"
305661,2147483639,Oto Koltuğu & Aksesuarı,https://www.hepsiburada.com/ana-kucagi-oto-koltuklari-c-305661,2,"Anne, Bebek, Oyuncak > Oto Koltuğu & Aksesuarı"
23017045,2147483639,Oyun Parkı ve Park Yatak,https://www.hepsiburada.com/oyun-parklari-c-23017045,2,"Anne, Bebek, Oyuncak > Oyun Parkı ve Park Yatak"
23031884,2147483639,Oyuncak,https://www.hepsiburada.com/oyuncaklar-c-23031884,2,"Anne, Bebek, Oyuncak > Oyuncak"
80383012,2147483639,Puset Oyuncağı,https://www.hepsiburada.com/puset-oyuncagi-c-80383012,2,"Anne, Bebek, Oyuncak > Puset Oyuncağı"
80138066,2147483639,aktivite masasi,https://www.hepsiburada.com/aktivite-masasi-c-80138066,2,"Anne, Bebek, Oyuncak > aktivite masasi"
306860,2147483639,akulu pedalli araclar,https://www.hepsiburada.com/akulu-pedalli-araclar-c-306860,2,"Anne, Bebek, Oyuncak > akulu pedalli araclar"
80567048,2147483639,amigurumi,https://www.hepsiburada.com/amigurumi-c-80567048,2,"Anne, Bebek, Oyuncak > amigurumi"
80483224,2147483639,ates olcerler,https://www.hepsiburada.com/ates-olcerler-c-80483224,2,"Anne, Bebek, Oyuncak > ates olcerler"
297993,2147483639,bebek aktivite setleri,https://www.hepsiburada.com/bebek-aktivite-setleri-c-297993,2,"Anne, Bebek, Oyuncak > bebek aktivite setleri"
301143,2147483639,bebek bakim cantalari,https://www.hepsiburada.com/bebek-bakim-cantalari-c-301143,2,"Anne, Bebek, Oyuncak > bebek bakim cantalari"
80383033,2147483639,bebek kuveti,https://www.hepsiburada.com/bebek-kuveti-c-80383033,2,"Anne, Bebek, Oyuncak > bebek kuveti"
23021010,2147483639,bebek pisik kremi yaglari,https://www.hepsiburada.com/bebek-pisik-kremi-yaglari-c-23021010,2,"Anne, Bebek, Oyuncak > bebek pisik kremi yaglari"
23032031,2147483639,bebek salincaklari,https://www.hepsiburada.com/bebek-salincaklari-c-23032031,2,"Anne, Bebek, Oyuncak > bebek salincaklari"
60002087,2147483639,bebek telsiz kamera dedektorler,https://www.hepsiburada.com/bebek-telsiz-kamera-dedektorler-c-60002087,2,"Anne, Bebek, Oyuncak > bebek telsiz kamera dedektorler"
301154,2147483639,bebek telsizi,https://www.hepsiburada.com/bebek-telsizi-c-301154,2,"Anne, Bebek, Oyuncak > bebek telsizi"
297986,2147483639,bebek yapi oyuncaklari,https://www.hepsiburada.com/bebek-yapi-oyuncaklari-c-297986,2,"Anne, Bebek, Oyuncak > bebek yapi oyuncaklari"
23011486,2147483639,bebek yataklari,https://www.hepsiburada.com/bebek-yataklari-c-23011486,2,"Anne, Bebek, Oyuncak > bebek yataklari"
301133,2147483639,bebek yurutecleri,https://www.hepsiburada.com/bebek-yurutecleri-c-301133,2,"Anne, Bebek, Oyuncak > bebek yurutecleri"
303171,2147483639,buhar makineleri,https://www.hepsiburada.com/buhar-makineleri-c-303171,2,"Anne, Bebek, Oyuncak > buhar makineleri"
80383025,2147483639,burun aspiratoru,https://www.hepsiburada.com/burun-aspiratoru-c-80383025,2,"Anne, Bebek, Oyuncak > burun aspiratoru"
80383014,2147483639,catlak kremi,https://www.hepsiburada.com/catlak-kremi-c-80383014,2,"Anne, Bebek, Oyuncak > catlak kremi"
80138060,2147483639,cocuk patenleri,https://www.hepsiburada.com/cocuk-patenleri-c-80138060,2,"Anne, Bebek, Oyuncak > cocuk patenleri"
60006531,2147483639,cocuk puzzle,https://www.hepsiburada.com/cocuk-puzzle-c-60006531,2,"Anne, Bebek, Oyuncak > cocuk puzzle"
60006533,2147483639,cocuk scooter,https://www.hepsiburada.com/cocuk-scooter-c-60006533,2,"Anne, Bebek, Oyuncak > cocuk scooter"
60002385,2147483639,egitici oyuncaklari,https://www.hepsiburada.com/egitici-oyuncaklari-c-60002385,2,"Anne, Bebek, Oyuncak > egitici oyuncaklari"
60006479,2147483639,et bebekler,https://www.hepsiburada.com/et-bebekler-c-60006479,2,"Anne, Bebek, Oyuncak > et bebekler"
301138,2147483639,gogus pompalari,https://www.hepsiburada.com/gogus-pompalari-c-301138,2,"Anne, Bebek, Oyuncak > gogus pompalari"
80136013,2147483639,haciyatmaz,https://www.hepsiburada.com/haciyatmaz-c-80136013,2,"Anne, Bebek, Oyuncak > haciyatmaz"
60002063,2147483639,hoppala kangurular,https://www.hepsiburada.com/hoppala-kangurular-c-60002063,2,"Anne, Bebek, Oyuncak > hoppala kangurular"
80123021,2147483639,kinetik kum,https://www.hepsiburada.com/kinetik-kum-c-80123021,2,"Anne, Bebek, Oyuncak > kinetik kum"
80383038,2147483639,klozet adaptoru,https://www.hepsiburada.com/klozet-adaptoru-c-80383038,2,"Anne, Bebek, Oyuncak > klozet adaptoru"
26012215,2147483639,nebulizatorler,https://www.hepsiburada.com/nebulizatorler-c-26012215,2,"Anne, Bebek, Oyuncak > nebulizatorler"
295870,2147483639,oyun cadiri evleri,https://www.hepsiburada.com/oyun-cadiri-evleri-c-295870,2,"Anne, Bebek, Oyuncak > oyun cadiri evleri"
60006677,2147483639,oyuncak arabalar,https://www.hepsiburada.com/oyuncak-arabalar-c-60006677,2,"Anne, Bebek, Oyuncak > oyuncak arabalar"
23020686,2147483639,oyuncak kutulari,https://www.hepsiburada.com/oyuncak-kutulari-c-23020686,2,"Anne, Bebek, Oyuncak > oyuncak kutulari"
10430,2147483639,pedalli surumeli arabalar,https://www.hepsiburada.com/pedalli-surumeli-arabalar-c-10430,2,"Anne, Bebek, Oyuncak > pedalli surumeli arabalar"
23020733,2147483639,pelus oyuncaklar,https://www.hepsiburada.com/pelus-oyuncaklar-c-23020733,2,"Anne, Bebek, Oyuncak > pelus oyuncaklar"
80136017,2147483639,slime,https://www.hepsiburada.com/slime-c-80136017,2,"Anne, Bebek, Oyuncak > slime"
80383004,2147483639,sling,https://www.hepsiburada.com/sling-c-80383004,2,"Anne, Bebek, Oyuncak > sling"
17071,2147483638,Elektrikli Ev Aletleri,https://www.hepsiburada.com/elektrikli-ev-aletleri-c-17071,2,Elektronik > Elektrikli Ev Aletleri
60002911,2147483638,Ev Gereçleri,https://www.hepsiburada.com/ev-gerecleri-c-60002911,2,Elektronik > Ev Gereçleri
161876,2147483638,Isıtma ve Soğutma,https://www.hepsiburada.com/isitma-sogutma-urunleri-c-161876,2,Elektronik > Isıtma ve Soğutma
60004557,2147483638,bluetooth hoparlorler,https://www.hepsiburada.com/bluetooth-hoparlorler-c-60004557,2,Elektronik > bluetooth hoparlorler
80160034,2147483638,buharli temizleyici,https://www.hepsiburada.com/buharli-temizleyici-c-80160034,2,Elektronik > buharli temizleyici
80857514,2147483638,cam silme robotu,https://www.hepsiburada.com/cam-silme-robotu-c-80857514,2,Elektronik > cam silme robotu
157192,2147483638,canak antenler,https://www.hepsiburada.com/canak-antenler-c-157192,2,Elektronik > canak antenler
60002912,2147483638,cop kovalari,https://www.hepsiburada.com/cop-kovalari-c-60002912,2,Elektronik > cop kovalari
80160032,2147483638,dikey supurge,https://www.hepsiburada.com/dikey-supurge-c-80160032,2,Elektronik > dikey supurge
162152,2147483638,dikis makinalari,https://www.hepsiburada.com/dikis-makinalari-c-162152,2,Elektronik > dikis makinalari
13003234,2147483638,gece lambalari,https://www.hepsiburada.com/gece-lambalari-c-13003234,2,Elektronik > gece lambalari
161837,2147483638,guvenlik kameralari,https://www.hepsiburada.com/guvenlik-kameralari-c-161837,2,Elektronik > guvenlik kameralari
17793,2147483638,hali yikama makinalari,https://www.hepsiburada.com/hali-yikama-makinalari-c-17793,2,Elektronik > hali yikama makinalari
80162058,2147483638,hava temizleme cihazi,https://www.hepsiburada.com/hava-temizleme-cihazi-c-80162058,2,Elektronik > hava temizleme cihazi
17175,2147483638,hava temizleme nem alma cihazlari,https://www.hepsiburada.com/hava-temizleme-nem-alma-cihazlari-c-17175,2,Elektronik > hava temizleme nem alma cihazlari
157410,2147483638,kablo soketler,https://www.hepsiburada.com/kablo-soketler-c-157410,2,Elektronik > kablo soketler
60007380,2147483638,kamera sistemleri,https://www.hepsiburada.com/kamera-sistemleri-c-60007380,2,Elektronik > kamera sistemleri
17453,2147483638,klimalar,https://www.hepsiburada.com/klimalar-c-17453,2,Elektronik > klimalar
17723,2147483638,kombiler,https://www.hepsiburada.com/kombiler-c-17723,2,Elektronik > kombiler
163192,2147483638,led tv televizyonlar,https://www.hepsiburada.com/led-tv-televizyonlar-c-163192,2,Elektronik > led tv televizyonlar
157193,2147483638,lnbler,https://www.hepsiburada.com/lnbler-c-157193,2,Elektronik > lnbler
80162059,2147483638,nem alma cihazi,https://www.hepsiburada.com/nem-alma-cihazi-c-80162059,2,Elektronik > nem alma cihazi
60002196,2147483638,pazar arabalari,https://www.hepsiburada.com/pazar-arabalari-c-60002196,2,Elektronik > pazar arabalari
80757006,2147483638,playstation 5 konsol,https://www.hepsiburada.com/playstation-5-konsol-c-80757006,2,Elektronik > playstation 5 konsol
80160033,2147483638,robot supurge,https://www.hepsiburada.com/robot-supurge-c-80160033,2,Elektronik > robot supurge
318242,2147483638,saatler,https://www.hepsiburada.com/saatler-c-318242,2,Elektronik > saatler
159445,2147483638,sarjli supurgeler,https://www.hepsiburada.com/sarjli-supurgeler-c-159445,2,Elektronik > sarjli supurgeler
17201,2147483638,ses goruntu sistemleri,https://www.hepsiburada.com/ses-goruntu-sistemleri-c-17201,2,Elektronik > ses goruntu sistemleri
17434,2147483638,sofbenler,https://www.hepsiburada.com/sofbenler-c-17434,2,Elektronik > sofbenler
60008218,2147483638,soundbar,https://www.hepsiburada.com/soundbar-c-60008218,2,Elektronik > soundbar
155123,2147483638,supurgeler,https://www.hepsiburada.com/supurgeler-c-155123,2,Elektronik > supurgeler
17769,2147483638,termosifonlar,https://www.hepsiburada.com/termosifonlar-c-17769,2,Elektronik > termosifonlar
17539,2147483638,tv aski aparatlari,https://www.hepsiburada.com/tv-aski-aparatlari-c-17539,2,Elektronik > tv aski aparatlari
153271,2147483638,utu masasi aksesuarlari,https://www.hepsiburada.com/utu-masasi-aksesuarlari-c-153271,2,Elektronik > utu masasi aksesuarlari
155122,2147483638,utuler,https://www.hepsiburada.com/utuler-c-155122,2,Elektronik > utuler
155057,2147483638,uydu alicilari,https://www.hepsiburada.com/uydu-alicilari-c-155057,2,Elektronik > uydu alicilari
154297,2147483638,uydu kablolari,https://www.hepsiburada.com/uydu-kablolari-c-154297,2,Elektronik > uydu kablolari
154296,2147483638,uydu yon bulucular,https://www.hepsiburada.com/uydu-yon-bulucular-c-154296,2,Elektronik > uydu yon bulucular
157396,2147483638,uzaktan kumandalar,https://www.hepsiburada.com/uzaktan-kumandalar-c-157396,2,Elektronik > uzaktan kumandalar
17412,2147483638,vantilatorler,https://www.hepsiburada.com/vantilatorler-c-17412,2,Elektronik > vantilatorler
13003201,60002028,Aydınlatma,https://www.hepsiburada.com/elektrik-aydinlatma-urunleri-c-13003201,2,"Ev, Yasam, Kirtasiye, Ofis > Aydınlatma"
455418,60002028,Banyo & Mutfak,https://www.hepsiburada.com/banyolar-c-455418,2,"Ev, Yasam, Kirtasiye, Ofis > Banyo & Mutfak"
18021300,60002028,Dekorasyon,https://www.hepsiburada.com/dekorasyon-c-18021300,2,"Ev, Yasam, Kirtasiye, Ofis > Dekorasyon"
2147483618,60002028,Ev Tekstili,https://www.hepsiburada.com/ev-tekstili-c-2147483618,2,"Ev, Yasam, Kirtasiye, Ofis > Ev Tekstili"
18021299,60002028,Mobilya,https://www.hepsiburada.com/mobilyalar-c-18021299,2,"Ev, Yasam, Kirtasiye, Ofis > Mobilya"
80227101,60002028,Montaj Hizmeti,https://www.hepsiburada.com/montaj-hizmeti-c-80227101,2,"Ev, Yasam, Kirtasiye, Ofis > Montaj Hizmeti"
13006543,60002028,aplikler,https://www.hepsiburada.com/aplikler-c-13006543,2,"Ev, Yasam, Kirtasiye, Ofis > aplikler"
13003223,60002028,avizeler,https://www.hepsiburada.com/avizeler-c-13003223,2,"Ev, Yasam, Kirtasiye, Ofis > avizeler"
18021622,60002028,ayakkabiliklar,https://www.hepsiburada.com/ayakkabiliklar-c-18021622,2,"Ev, Yasam, Kirtasiye, Ofis > ayakkabiliklar"
60005015,60002028,balonlar,https://www.hepsiburada.com/balonlar-c-60005015,2,"Ev, Yasam, Kirtasiye, Ofis > balonlar"
18021947,60002028,banyo bataryalari,https://www.hepsiburada.com/banyo-bataryalari-c-18021947,2,"Ev, Yasam, Kirtasiye, Ofis > banyo bataryalari"
18021983,60002028,banyo lavabo bataryalari,https://www.hepsiburada.com/banyo-lavabo-bataryalari-c-18021983,2,"Ev, Yasam, Kirtasiye, Ofis > banyo lavabo bataryalari"
457065,60002028,banyo mobilyalari,https://www.hepsiburada.com/banyo-mobilyalari-c-457065,2,"Ev, Yasam, Kirtasiye, Ofis > banyo mobilyalari"
60006510,60002028,boy aynasi,https://www.hepsiburada.com/boy-aynasi-c-60006510,2,"Ev, Yasam, Kirtasiye, Ofis > boy aynasi"
18043090,60002028,calisma masalari,https://www.hepsiburada.com/calisma-masalari-c-18043090,2,"Ev, Yasam, Kirtasiye, Ofis > calisma masalari"
18021928,60002028,camasir sepetleri,https://www.hepsiburada.com/camasir-sepetleri-c-18021928,2,"Ev, Yasam, Kirtasiye, Ofis > camasir sepetleri"
60005008,60002028,cok amacli dolaplar,https://www.hepsiburada.com/cok-amacli-dolaplar-c-60005008,2,"Ev, Yasam, Kirtasiye, Ofis > cok amacli dolaplar"
18021459,60002028,dekoratif masa saatleri,https://www.hepsiburada.com/dekoratif-masa-saatleri-c-18021459,2,"Ev, Yasam, Kirtasiye, Ofis > dekoratif masa saatleri"
60005229,60002028,dekoratif saksilar,https://www.hepsiburada.com/dekoratif-saksilar-c-60005229,2,"Ev, Yasam, Kirtasiye, Ofis > dekoratif saksilar"
18021972,60002028,dus basliklari,https://www.hepsiburada.com/dus-basliklari-c-18021972,2,"Ev, Yasam, Kirtasiye, Ofis > dus basliklari"
18021971,60002028,dus setleri,https://www.hepsiburada.com/dus-setleri-c-18021971,2,"Ev, Yasam, Kirtasiye, Ofis > dus setleri"
18021979,60002028,dusakabinler,https://www.hepsiburada.com/dusakabinler-c-18021979,2,"Ev, Yasam, Kirtasiye, Ofis > dusakabinler"
18042736,60002028,duvar kagitlari,https://www.hepsiburada.com/duvar-kagitlari-c-18042736,2,"Ev, Yasam, Kirtasiye, Ofis > duvar kagitlari"
60000815,60002028,duvar panelleri,https://www.hepsiburada.com/duvar-panelleri-c-60000815,2,"Ev, Yasam, Kirtasiye, Ofis > duvar panelleri"
462096,60002028,havlupanlar,https://www.hepsiburada.com/havlupanlar-c-462096,2,"Ev, Yasam, Kirtasiye, Ofis > havlupanlar"
18021981,60002028,jakuziler,https://www.hepsiburada.com/jakuziler-c-18021981,2,"Ev, Yasam, Kirtasiye, Ofis > jakuziler"
18021342,60002028,kitaplik,https://www.hepsiburada.com/kitaplik-c-18021342,2,"Ev, Yasam, Kirtasiye, Ofis > kitaplik"
18021958,60002028,klozet kapaklari,https://www.hepsiburada.com/klozet-kapaklari-c-18021958,2,"Ev, Yasam, Kirtasiye, Ofis > klozet kapaklari"
18021930,60002028,klozetler,https://www.hepsiburada.com/klozetler-c-18021930,2,"Ev, Yasam, Kirtasiye, Ofis > klozetler"
18021424,60002028,komodinler,https://www.hepsiburada.com/komodinler-c-18021424,2,"Ev, Yasam, Kirtasiye, Ofis > komodinler"
13003232,60002028,lambaderler,https://www.hepsiburada.com/lambaderler-c-13003232,2,"Ev, Yasam, Kirtasiye, Ofis > lambaderler"
60004458,60002028,lavabolar,https://www.hepsiburada.com/lavabolar-c-60004458,2,"Ev, Yasam, Kirtasiye, Ofis > lavabolar"
13006524,60002028,led ampuller,https://www.hepsiburada.com/led-ampuller-c-13006524,2,"Ev, Yasam, Kirtasiye, Ofis > led ampuller"
80340130,60002028,makyaj masasi,https://www.hepsiburada.com/makyaj-masasi-c-80340130,2,"Ev, Yasam, Kirtasiye, Ofis > makyaj masasi"
13003235,60002028,masa lambalari,https://www.hepsiburada.com/masa-lambalari-c-13003235,2,"Ev, Yasam, Kirtasiye, Ofis > masa lambalari"
18021949,60002028,mutfak evye bataryalari,https://www.hepsiburada.com/mutfak-evye-bataryalari-c-18021949,2,"Ev, Yasam, Kirtasiye, Ofis > mutfak evye bataryalari"
510001,60002028,nevresim takimlari,https://www.hepsiburada.com/nevresim-takimlari-c-510001,2,"Ev, Yasam, Kirtasiye, Ofis > nevresim takimlari"
9010093,60002028,paspaslar,https://www.hepsiburada.com/paspaslar-c-9010093,2,"Ev, Yasam, Kirtasiye, Ofis > paspaslar"
13006546,60002028,projektorler,https://www.hepsiburada.com/projektorler-c-13006546,2,"Ev, Yasam, Kirtasiye, Ofis > projektorler"
60002952,60002028,raflar,https://www.hepsiburada.com/raflar-c-60002952,2,"Ev, Yasam, Kirtasiye, Ofis > raflar"
18021929,60002028,rezervuar ic takimlar,https://www.hepsiburada.com/rezervuar-ic-takimlar-c-18021929,2,"Ev, Yasam, Kirtasiye, Ofis > rezervuar ic takimlar"
18021426,60002028,sandalyeler,https://www.hepsiburada.com/sandalyeler-c-18021426,2,"Ev, Yasam, Kirtasiye, Ofis > sandalyeler"
60000525,60002028,serit led,https://www.hepsiburada.com/serit-led-c-60000525,2,"Ev, Yasam, Kirtasiye, Ofis > serit led"
18021425,60002028,sifonyerler,https://www.hepsiburada.com/sifonyerler-c-18021425,2,"Ev, Yasam, Kirtasiye, Ofis > sifonyerler"
18021320,60002028,tablolar,https://www.hepsiburada.com/tablolar-c-18021320,2,"Ev, Yasam, Kirtasiye, Ofis > tablolar"
9011674,60002028,takim banyo paspaslari,https://www.hepsiburada.com/takim-banyo-paspaslari-c-9011674,2,"Ev, Yasam, Kirtasiye, Ofis > takim banyo paspaslari"
60000666,60002028,tavan vantilatoru,https://www.hepsiburada.com/tavan-vantilatoru-c-60000666,2,"Ev, Yasam, Kirtasiye, Ofis > tavan vantilatoru"
18021358,60002028,vazolar,https://www.hepsiburada.com/vazolar-c-18021358,2,"Ev, Yasam, Kirtasiye, Ofis > vazolar"
60001290,60002028,yapay cicekler,https://www.hepsiburada.com/yapay-cicekler-c-60001290,2,"Ev, Yasam, Kirtasiye, Ofis > yapay cicekler"
510008,60002028,yastiklar,https://www.hepsiburada.com/yastiklar-c-510008,2,"Ev, Yasam, Kirtasiye, Ofis > yastiklar"
511123,60002028,yataklar,https://www.hepsiburada.com/yataklar-c-511123,2,"Ev, Yasam, Kirtasiye, Ofis > yataklar"
80275209,60002028,yolluk,https://www.hepsiburada.com/yolluk-c-80275209,2,"Ev, Yasam, Kirtasiye, Ofis > yolluk"
18021617,60002028,zigon sehpalar,https://www.hepsiburada.com/zigon-sehpalar-c-18021617,2,"Ev, Yasam, Kirtasiye, Ofis > zigon sehpalar"
60007347,2147483636,Bebek,https://www.hepsiburada.com/bebek-kiyafetleri-giyim-c-60007347,2,Moda > Bebek
12087177,2147483636,Erkek,https://www.hepsiburada.com/erkek-giyim-modelleri-c-12087177,2,Moda > Erkek
60000117,2147483636,ayakkabi,https://www.hepsiburada.com/ayakkabi-c-60000117,2,Moda > ayakkabi
60000116,2147483636,bayan ayakkabilar,https://www.hepsiburada.com/bayan-ayakkabilar-c-60000116,2,Moda > bayan ayakkabilar
60003855,2147483636,bayan babetler,https://www.hepsiburada.com/bayan-babetler-c-60003855,2,Moda > bayan babetler
60000119,2147483636,bayan botlar,https://www.hepsiburada.com/bayan-botlar-c-60000119,2,Moda > bayan botlar
60000056,2147483636,bayan ceketler,https://www.hepsiburada.com/bayan-ceketler-c-60000056,2,Moda > bayan ceketler
12087178,2147483636,bayan giyim modelleri,https://www.hepsiburada.com/bayan-giyim-modelleri-c-12087178,2,Moda > bayan giyim modelleri
60000721,2147483636,bayan montlar,https://www.hepsiburada.com/bayan-montlar-c-60000721,2,Moda > bayan montlar
60000123,2147483636,bayan sneakers,https://www.hepsiburada.com/bayan-sneakers-c-60000123,2,Moda > bayan sneakers
12101382,2147483636,bayan sweatshirt,https://www.hepsiburada.com/bayan-sweatshirt-c-12101382,2,Moda > bayan sweatshirt
12087202,2147483636,elbiseler,https://www.hepsiburada.com/elbiseler-c-12087202,2,Moda > elbiseler
60000758,2147483636,erkek ceketler,https://www.hepsiburada.com/erkek-ceketler-c-60000758,2,Moda > erkek ceketler
60004641,2147483636,erkek giyim urunleri,https://www.hepsiburada.com/erkek-giyim-urunleri-c-60004641,2,Moda > erkek giyim urunleri
60000065,2147483636,erkek hirkalar,https://www.hepsiburada.com/erkek-hirkalar-c-60000065,2,Moda > erkek hirkalar
12087282,2147483636,erkek pantolonlar,https://www.hepsiburada.com/erkek-pantolonlar-c-12087282,2,Moda > erkek pantolonlar
60000693,2147483636,erkek slip boxerlar,https://www.hepsiburada.com/erkek-slip-boxerlar-c-60000693,2,Moda > erkek slip boxerlar
12087279,2147483636,erkek t shirt,https://www.hepsiburada.com/erkek-t-shirt-c-12087279,2,Moda > erkek t shirt
60000728,2147483636,kulotlu coraplar,https://www.hepsiburada.com/kulotlu-coraplar-c-60000728,2,Moda > kulotlu coraplar
60000146,2147483636,sirt cantasi,https://www.hepsiburada.com/sirt-cantasi-c-60000146,2,Moda > sirt cantasi
60003869,2147483636,topuklu ayakkabilar,https://www.hepsiburada.com/topuklu-ayakkabilar-c-60003869,2,Moda > topuklu ayakkabilar
60002723,2147483636,Çocuk,https://www.hepsiburada.com/cocuk-giyim-kiyafetleri-c-60002723,2,Moda > Çocuk
80857437,60002705,4 mevsim lastikler,https://www.hepsiburada.com/4-mevsim-lastikler-c-80857437,2,"Oto, Bahce, Yapi Market > 4 mevsim lastikler"
2147483601,60002705,Bahçe,https://www.hepsiburada.com/bahce-malzemeleri-c-2147483601,2,"Oto, Bahce, Yapi Market > Bahçe"
80857387,60002705,Hizmetler,https://www.hepsiburada.com/hizmetler-c-80857387,2,"Oto, Bahce, Yapi Market > Hizmetler"
60008737,60002705,Motosiklet,https://www.hepsiburada.com/motosiklet-c-60008737,2,"Oto, Bahce, Yapi Market > Motosiklet"
2147483631,60002705,Oto Aksesuar,https://www.hepsiburada.com/oto-aksesuarlari-c-2147483631,2,"Oto, Bahce, Yapi Market > Oto Aksesuar"
2147483620,60002705,Yapı Market / Hırdavat,https://www.hepsiburada.com/yapi-market-hirdavatlar-c-2147483620,2,"Oto, Bahce, Yapi Market > Yapı Market / Hırdavat"
17288,60002705,akim korumali prizler,https://www.hepsiburada.com/akim-korumali-prizler-c-17288,2,"Oto, Bahce, Yapi Market > akim korumali prizler"
20033705,60002705,aku sarj cihazlari,https://www.hepsiburada.com/aku-sarj-cihazlari-c-20033705,2,"Oto, Bahce, Yapi Market > aku sarj cihazlari"
60003762,60002705,akuler,https://www.hepsiburada.com/akuler-c-60003762,2,"Oto, Bahce, Yapi Market > akuler"
13003091,60002705,akulu vidalama aletleri,https://www.hepsiburada.com/akulu-vidalama-aletleri-c-13003091,2,"Oto, Bahce, Yapi Market > akulu vidalama aletleri"
26027,60002705,arac ici kameralar,https://www.hepsiburada.com/arac-ici-kameralar-c-26027,2,"Oto, Bahce, Yapi Market > arac ici kameralar"
20035765,60002705,arac supurgeleri,https://www.hepsiburada.com/arac-supurgeleri-c-20035765,2,"Oto, Bahce, Yapi Market > arac supurgeleri"
80405015,60002705,atv motor,https://www.hepsiburada.com/atv-motor-c-80405015,2,"Oto, Bahce, Yapi Market > atv motor"
60000864,60002705,avuc taslamalar,https://www.hepsiburada.com/avuc-taslamalar-c-60000864,2,"Oto, Bahce, Yapi Market > avuc taslamalar"
20024981,60002705,bagaj cantalari,https://www.hepsiburada.com/bagaj-cantalari-c-20024981,2,"Oto, Bahce, Yapi Market > bagaj cantalari"
34001208,60002705,bahce salincaklari,https://www.hepsiburada.com/bahce-salincaklari-c-34001208,2,"Oto, Bahce, Yapi Market > bahce salincaklari"
34001202,60002705,bahce sandalyeleri,https://www.hepsiburada.com/bahce-sandalyeleri-c-34001202,2,"Oto, Bahce, Yapi Market > bahce sandalyeleri"
13003267,60002705,batarya musluklari,https://www.hepsiburada.com/batarya-musluklari-c-13003267,2,"Oto, Bahce, Yapi Market > batarya musluklari"
34001225,60002705,benzinli agac kesme makineleri,https://www.hepsiburada.com/benzinli-agac-kesme-makineleri-c-34001225,2,"Oto, Bahce, Yapi Market > benzinli agac kesme makineleri"
34001221,60002705,benzinli tirpanlar,https://www.hepsiburada.com/benzinli-tirpanlar-c-34001221,2,"Oto, Bahce, Yapi Market > benzinli tirpanlar"
20024895,60002705,cam filmleri,https://www.hepsiburada.com/cam-filmleri-c-20024895,2,"Oto, Bahce, Yapi Market > cam filmleri"
60005076,60002705,cicek tohumlari,https://www.hepsiburada.com/cicek-tohumlari-c-60005076,2,"Oto, Bahce, Yapi Market > cicek tohumlari"
450871,60002705,cim bicme makineleri,https://www.hepsiburada.com/cim-bicme-makineleri-c-450871,2,"Oto, Bahce, Yapi Market > cim bicme makineleri"
13003082,60002705,el aletleri,https://www.hepsiburada.com/el-aletleri-c-13003082,2,"Oto, Bahce, Yapi Market > el aletleri"
80405009,60002705,elektrikli motosiklet,https://www.hepsiburada.com/elektrikli-motosiklet-c-80405009,2,"Oto, Bahce, Yapi Market > elektrikli motosiklet"
34001271,60002705,gunes enerjili bahce aydinlatmalari,https://www.hepsiburada.com/gunes-enerjili-bahce-aydinlatmalari-c-34001271,2,"Oto, Bahce, Yapi Market > gunes enerjili bahce aydinlatmalari"
13003347,60002705,hirdavat urunleri,https://www.hepsiburada.com/hirdavat-urunleri-c-13003347,2,"Oto, Bahce, Yapi Market > hirdavat urunleri"
34001258,60002705,hortumlar toplama urunleri,https://www.hepsiburada.com/hortumlar-toplama-urunleri-c-34001258,2,"Oto, Bahce, Yapi Market > hortumlar toplama urunleri"
80408116,60002705,intercom,https://www.hepsiburada.com/intercom-c-80408116,2,"Oto, Bahce, Yapi Market > intercom"
60002013,60002705,is ayakkabilari cizmeleri,https://www.hepsiburada.com/is-ayakkabilari-cizmeleri-c-60002013,2,"Oto, Bahce, Yapi Market > is ayakkabilari cizmeleri"
60002015,60002705,is guvenlik eldivenleri,https://www.hepsiburada.com/is-guvenlik-eldivenleri-c-60002015,2,"Oto, Bahce, Yapi Market > is guvenlik eldivenleri"
26039,60002705,jant kapaklari,https://www.hepsiburada.com/jant-kapaklari-c-26039,2,"Oto, Bahce, Yapi Market > jant kapaklari"
20006830,60002705,jantlar,https://www.hepsiburada.com/jantlar-c-20006830,2,"Oto, Bahce, Yapi Market > jantlar"
13003121,60002705,jeneratorler,https://www.hepsiburada.com/jeneratorler-c-13003121,2,"Oto, Bahce, Yapi Market > jeneratorler"
60008179,60002705,kartonpiyer,https://www.hepsiburada.com/kartonpiyer-c-60008179,2,"Oto, Bahce, Yapi Market > kartonpiyer"
13003124,60002705,kaynak makineleri,https://www.hepsiburada.com/kaynak-makineleri-c-13003124,2,"Oto, Bahce, Yapi Market > kaynak makineleri"
60007070,60002705,lastik tamir kiti,https://www.hepsiburada.com/lastik-tamir-kiti-c-60007070,2,"Oto, Bahce, Yapi Market > lastik tamir kiti"
13003177,60002705,lehim havyalari,https://www.hepsiburada.com/lehim-havyalari-c-13003177,2,"Oto, Bahce, Yapi Market > lehim havyalari"
13003186,60002705,lokma takimlari,https://www.hepsiburada.com/lokma-takimlari-c-13003186,2,"Oto, Bahce, Yapi Market > lokma takimlari"
34001281,60002705,mangallar,https://www.hepsiburada.com/mangallar-c-34001281,2,"Oto, Bahce, Yapi Market > mangallar"
13003095,60002705,matkaplar,https://www.hepsiburada.com/matkaplar-c-13003095,2,"Oto, Bahce, Yapi Market > matkaplar"
13003350,60002705,merdivenler,https://www.hepsiburada.com/merdivenler-c-13003350,2,"Oto, Bahce, Yapi Market > merdivenler"
26050,60002705,oto amfileri,https://www.hepsiburada.com/oto-amfileri-c-26050,2,"Oto, Bahce, Yapi Market > oto amfileri"
20035777,60002705,oto paspaslari,https://www.hepsiburada.com/oto-paspaslari-c-20035777,2,"Oto, Bahce, Yapi Market > oto paspaslari"
26080,60002705,oto teyp,https://www.hepsiburada.com/oto-teyp-c-26080,2,"Oto, Bahce, Yapi Market > oto teyp"
13003158,60002705,penseler,https://www.hepsiburada.com/penseler-c-13003158,2,"Oto, Bahce, Yapi Market > penseler"
60002661,60002705,priz anahtarlar,https://www.hepsiburada.com/priz-anahtarlar-c-60002661,2,"Oto, Bahce, Yapi Market > priz anahtarlar"
34001265,60002705,saksilar,https://www.hepsiburada.com/saksilar-c-34001265,2,"Oto, Bahce, Yapi Market > saksilar"
60004415,60002705,sapanlar,https://www.hepsiburada.com/sapanlar-c-60004415,2,"Oto, Bahce, Yapi Market > sapanlar"
80857264,60002705,sarj istasyonu,https://www.hepsiburada.com/sarj-istasyonu-c-80857264,2,"Oto, Bahce, Yapi Market > sarj istasyonu"
80405010,60002705,scooter motor,https://www.hepsiburada.com/scooter-motor-c-80405010,2,"Oto, Bahce, Yapi Market > scooter motor"
60003680,60002705,silecekler,https://www.hepsiburada.com/silecekler-c-60003680,2,"Oto, Bahce, Yapi Market > silecekler"
13003356,60002705,sinek perdeleri,https://www.hepsiburada.com/sinek-perdeleri-c-13003356,2,"Oto, Bahce, Yapi Market > sinek perdeleri"
9015285,60002705,sinek sivrisinek kovucular,https://www.hepsiburada.com/sinek-sivrisinek-kovucular-c-9015285,2,"Oto, Bahce, Yapi Market > sinek sivrisinek kovucular"
13003364,60002705,su aritma cihazlari,https://www.hepsiburada.com/su-aritma-cihazlari-c-13003364,2,"Oto, Bahce, Yapi Market > su aritma cihazlari"
452384,60002705,su motorlari pompalar,https://www.hepsiburada.com/su-motorlari-pompalar-c-452384,2,"Oto, Bahce, Yapi Market > su motorlari pompalar"
13003164,60002705,testereler,https://www.hepsiburada.com/testereler-c-13003164,2,"Oto, Bahce, Yapi Market > testereler"
26008,60002705,yangin sondurme tupleri,https://www.hepsiburada.com/yangin-sondurme-tupleri-c-26008,2,"Oto, Bahce, Yapi Market > yangin sondurme tupleri"
60003997,60002705,yangin sonduruculer,https://www.hepsiburada.com/yangin-sonduruculer-c-60003997,2,"Oto, Bahce, Yapi Market > yangin sonduruculer"
451862,60002705,yuksek basincli bahce yikama makineleri,https://www.hepsiburada.com/yuksek-basincli-bahce-yikama-makineleri-c-451862,2,"Oto, Bahce, Yapi Market > yuksek basincli bahce yikama makineleri"
80382017,60002062,Aktivite Merkezi,https://www.hepsiburada.com/aktivite-merkezi-c-80382017,3,"Anne, Bebek, Oyuncak > Bebek Aktivite ve Eğlence > Aktivite Merkezi"
23032027,60002062,Oyun Halısı ve Matı,https://www.hepsiburada.com/oyun-halilari-aktivite-merkezleri-c-23032027,3,"Anne, Bebek, Oyuncak > Bebek Aktivite ve Eğlence > Oyun Halısı ve Matı"
301159,80383015,Bebek Cilt Bakım,https://www.hepsiburada.com/bebek-kozmetik-urunleri-c-301159,3,"Anne, Bebek, Oyuncak > Bebek Bakım ve Sağlık > Bebek Cilt Bakım"
80383024,80383015,Bebek Parfüm ve Kolonya,https://www.hepsiburada.com/bebek-parfum-ve-kolonya-c-80383024,3,"Anne, Bebek, Oyuncak > Bebek Bakım ve Sağlık > Bebek Parfüm ve Kolonya"
80383022,80383015,Bebek Saç Bakım,https://www.hepsiburada.com/bebek-sac-bakim-c-80383022,3,"Anne, Bebek, Oyuncak > Bebek Bakım ve Sağlık > Bebek Saç Bakım"
301160,80383015,Bebek Sağlık,https://www.hepsiburada.com/bebek-sagligi-urunleri-c-301160,3,"Anne, Bebek, Oyuncak > Bebek Bakım ve Sağlık > Bebek Sağlık"
80383019,80383015,Bebek Tırnak Bakım,https://www.hepsiburada.com/bebek-tirnak-bakim-c-80383019,3,"Anne, Bebek, Oyuncak > Bebek Bakım ve Sağlık > Bebek Tırnak Bakım"
80383030,80383015,Çamaşır Yıkama Torbası,https://www.hepsiburada.com/camasir-yikama-torbasi-c-80383030,3,"Anne, Bebek, Oyuncak > Bebek Bakım ve Sağlık > Çamaşır Yıkama Torbası"
80383032,80383031,Bebek Banyo,https://www.hepsiburada.com/bebek-banyo-c-80383032,3,"Anne, Bebek, Oyuncak > Bebek Banyo ve Tuvalet > Bebek Banyo"
80383037,80383031,Bebek Tuvalet,https://www.hepsiburada.com/bebek-tuvalet-c-80383037,3,"Anne, Bebek, Oyuncak > Bebek Banyo ve Tuvalet > Bebek Tuvalet"
301163,60002072,Bebek Maması,https://www.hepsiburada.com/bebek-mamalari-c-301163,3,"Anne, Bebek, Oyuncak > Bebek Beslenme > Bebek Maması"
80381000,60002072,Bebek Yiyecek ve İçecek,https://www.hepsiburada.com/bebek-yiyecek-ve-icecek-c-80381000,3,"Anne, Bebek, Oyuncak > Bebek Beslenme > Bebek Yiyecek ve İçecek"
301161,60002072,Beslenme Gereci,https://www.hepsiburada.com/bebek-beslenme-gerecleri-c-301161,3,"Anne, Bebek, Oyuncak > Bebek Beslenme > Beslenme Gereci"
301166,60002072,Biberon Isıtıcı ve Sterilizatör,https://www.hepsiburada.com/biberon-isiticilar-sterilizatorler-c-301166,3,"Anne, Bebek, Oyuncak > Bebek Beslenme > Biberon Isıtıcı ve Sterilizatör"
80383001,60002072,"Biberon, Emzik ve Aksesuar",https://www.hepsiburada.com/biberon-emzik-ve-aksesuar-c-80383001,3,"Anne, Bebek, Oyuncak > Bebek Beslenme > Biberon, Emzik ve Aksesuar"
297822,60002072,yalanci emzik,https://www.hepsiburada.com/yalanci-emzik-c-297822,3,"Anne, Bebek, Oyuncak > Bebek Beslenme > yalanci emzik"
60006492,305641,Bebek Hediyelik Aksesuarlar,https://www.hepsiburada.com/bebek-hediyelik-aksesuarlar-c-60006492,3,"Anne, Bebek, Oyuncak > Bebek Hediyelik > Bebek Hediyelik Aksesuarlar"
301189,305641,Hediye Sepeti,https://www.hepsiburada.com/bebek-hediyeleri-c-301189,3,"Anne, Bebek, Oyuncak > Bebek Hediyelik > Hediye Sepeti"
60005435,305641,Mevlüt ve Sünnet Hediyelikleri,https://www.hepsiburada.com/mevlut-sunnet-hediyelikleri-c-60005435,3,"Anne, Bebek, Oyuncak > Bebek Hediyelik > Mevlüt ve Sünnet Hediyelikleri"
301193,305641,"Resimlik, Anı Defteri",https://www.hepsiburada.com/bebek-resimlik-ani-defterleri-c-301193,3,"Anne, Bebek, Oyuncak > Bebek Hediyelik > Resimlik, Anı Defteri"
23012962,305641,İsme Özel Hediyelik,https://www.hepsiburada.com/isme-ozel-bebek-hediyelikleri-c-23012962,3,"Anne, Bebek, Oyuncak > Bebek Hediyelik > İsme Özel Hediyelik"
80381050,301127,Bebek Banyo Tekstili,https://www.hepsiburada.com/bebek-banyo-tekstili-c-80381050,3,"Anne, Bebek, Oyuncak > Bebek Odası ve Tekstili > Bebek Banyo Tekstili"
80381044,301127,Bebek Tekstili,https://www.hepsiburada.com/bebek-tekstili-c-80381044,3,"Anne, Bebek, Oyuncak > Bebek Odası ve Tekstili > Bebek Tekstili"
23012883,301127,Dekorasyon,https://www.hepsiburada.com/bebek-dekorasyon-urunleri-c-23012883,3,"Anne, Bebek, Oyuncak > Bebek Odası ve Tekstili > Dekorasyon"
80381037,301127,Oyun Odası Mobilyası,https://www.hepsiburada.com/oyun-odasi-mobilyasi-c-80381037,3,"Anne, Bebek, Oyuncak > Bebek Odası ve Tekstili > Oyun Odası Mobilyası"
60002070,301127,bebek besikleri,https://www.hepsiburada.com/bebek-besikleri-c-60002070,3,"Anne, Bebek, Oyuncak > Bebek Odası ve Tekstili > bebek besikleri"
23012961,301127,bebek odasi mobilyalari,https://www.hepsiburada.com/bebek-odasi-mobilyalari-c-23012961,3,"Anne, Bebek, Oyuncak > Bebek Odası ve Tekstili > bebek odasi mobilyalari"
60001273,301127,cocuk halilari,https://www.hepsiburada.com/cocuk-halilari-c-60001273,3,"Anne, Bebek, Oyuncak > Bebek Odası ve Tekstili > cocuk halilari"
80702001,301127,cocuk odasi dolap gardirop,https://www.hepsiburada.com/cocuk-odasi-dolap-gardirop-c-80702001,3,"Anne, Bebek, Oyuncak > Bebek Odası ve Tekstili > cocuk odasi dolap gardirop"
302201,301127,masa sandalye,https://www.hepsiburada.com/masa-sandalye-c-302201,3,"Anne, Bebek, Oyuncak > Bebek Odası ve Tekstili > masa sandalye"
80383005,80383003,Bebek Kanguru,https://www.hepsiburada.com/bebek-kanguru-c-80383005,3,"Anne, Bebek, Oyuncak > Bebek Taşıma > Bebek Kanguru"
80383006,80383003,Bebek Taşıma Seti,https://www.hepsiburada.com/bebek-tasima-seti-c-80383006,3,"Anne, Bebek, Oyuncak > Bebek Taşıma > Bebek Taşıma Seti"
80444027,80383003,Bebek Yuvası,https://www.hepsiburada.com/bebek-yuvasi-c-80444027,3,"Anne, Bebek, Oyuncak > Bebek Taşıma > Bebek Yuvası"
302476,80383003,Portbebe,https://www.hepsiburada.com/portbebe-c-302476,3,"Anne, Bebek, Oyuncak > Bebek Taşıma > Portbebe"
309942,23020380,Anne Kozmetik,https://www.hepsiburada.com/anne-kozmetik-urunleri-c-309942,3,"Anne, Bebek, Oyuncak > Emzirme ve Anne Sağlık > Anne Kozmetik"
309403,23020380,"Anne İçecek, Yiyecekleri",https://www.hepsiburada.com/anne-icecekleri-ve-yiyecekleri-c-309403,3,"Anne, Bebek, Oyuncak > Emzirme ve Anne Sağlık > Anne İçecek, Yiyecekleri"
310529,23020380,Emzirme Aksesuarları,https://www.hepsiburada.com/emzirme-aksesuarlari-c-310529,3,"Anne, Bebek, Oyuncak > Emzirme ve Anne Sağlık > Emzirme Aksesuarları"
80382025,23020380,Emzirme Sütyeni,https://www.hepsiburada.com/emzirme-sutyeni-c-80382025,3,"Anne, Bebek, Oyuncak > Emzirme ve Anne Sağlık > Emzirme Sütyeni"
80418114,23020380,Emzirme Önlüğü,https://www.hepsiburada.com/emzirme-onlugu-c-80418114,3,"Anne, Bebek, Oyuncak > Emzirme ve Anne Sağlık > Emzirme Önlüğü"
308599,23020380,Hamile ve Emzirme Yastığı,https://www.hepsiburada.com/emzirme-yastiklari-c-308599,3,"Anne, Bebek, Oyuncak > Emzirme ve Anne Sağlık > Hamile ve Emzirme Yastığı"
80382022,23020380,Omuz Örtüsü & Müslin Bez,https://www.hepsiburada.com/muslin-bez-c-80382022,3,"Anne, Bebek, Oyuncak > Emzirme ve Anne Sağlık > Omuz Örtüsü & Müslin Bez"
301139,23020380,Süt Saklama Poşeti ve Kabı,https://www.hepsiburada.com/sut-saklama-poset-kaplari-c-301139,3,"Anne, Bebek, Oyuncak > Emzirme ve Anne Sağlık > Süt Saklama Poşeti ve Kabı"
301140,23020380,gogus pedleri koruyucular,https://www.hepsiburada.com/gogus-pedleri-koruyucular-c-301140,3,"Anne, Bebek, Oyuncak > Emzirme ve Anne Sağlık > gogus pedleri koruyucular"
301152,60000710,Bebek Giyim,https://www.hepsiburada.com/bebek-giyim-urunleri-c-301152,3,"Anne, Bebek, Oyuncak > Giyim > Bebek Giyim"
23020381,60000710,Hamile Giyim,https://www.hepsiburada.com/hamile-giyim-c-23020381,3,"Anne, Bebek, Oyuncak > Giyim > Hamile Giyim"
23024589,60000710,Çocuk Giyim,https://www.hepsiburada.com/cocuk-giyim-urunleri-c-23024589,3,"Anne, Bebek, Oyuncak > Giyim > Çocuk Giyim"
60000516,301132,Mama Sandalyesi,https://www.hepsiburada.com/mama-sandalyesi-c-60000516,3,"Anne, Bebek, Oyuncak > Mama Sandalyesi ve Aksesuarı > Mama Sandalyesi"
60000514,301132,Mama Sandalyesi Aksesuar,https://www.hepsiburada.com/mama-sandalyesi-aksesuarlari-c-60000514,3,"Anne, Bebek, Oyuncak > Mama Sandalyesi ve Aksesuarı > Mama Sandalyesi Aksesuar"
80138065,301132,Mama Sandalyesi Oyuncağı,https://www.hepsiburada.com/puset-mama-sandalyesi-oyuncaklari-c-80138065,3,"Anne, Bebek, Oyuncak > Mama Sandalyesi ve Aksesuarı > Mama Sandalyesi Oyuncağı"
60000513,301132,Portatif Mama Sandalyesi,https://www.hepsiburada.com/portatif-mama-sandalyeleri-c-60000513,3,"Anne, Bebek, Oyuncak > Mama Sandalyesi ve Aksesuarı > Portatif Mama Sandalyesi"
80382018,305661,Ev Tipi Ana Kucağı,https://www.hepsiburada.com/ev-tipi-ana-kucagi-c-80382018,3,"Anne, Bebek, Oyuncak > Oto Koltuğu & Aksesuarı > Ev Tipi Ana Kucağı"
23021016,305661,Oto Koltuğu,https://www.hepsiburada.com/oto-koltuklari-c-23021016,3,"Anne, Bebek, Oyuncak > Oto Koltuğu & Aksesuarı > Oto Koltuğu"
60000512,305661,Oto Koltuğu Aksesuar,https://www.hepsiburada.com/oto-koltugu-aksesuarlari-c-60000512,3,"Anne, Bebek, Oyuncak > Oto Koltuğu & Aksesuarı > Oto Koltuğu Aksesuar"
23032025,305661,Oto Koltuğu Yükseltici,https://www.hepsiburada.com/ana-kucagi-oto-koltugu-yukselticileri-c-23032025,3,"Anne, Bebek, Oyuncak > Oto Koltuğu & Aksesuarı > Oto Koltuğu Yükseltici"
80383040,305661,alistirma kulodu,https://www.hepsiburada.com/alistirma-kulodu-c-80383040,3,"Anne, Bebek, Oyuncak > Oto Koltuğu & Aksesuarı > alistirma kulodu"
23021015,305661,ana kucaklari,https://www.hepsiburada.com/ana-kucaklari-c-23021015,3,"Anne, Bebek, Oyuncak > Oto Koltuğu & Aksesuarı > ana kucaklari"
60002264,23031884,Bebek Oyuncağı (0-24 Ay),https://www.hepsiburada.com/ilk-yas-okul-oncesi-urunler-c-60002264,3,"Anne, Bebek, Oyuncak > Oyuncak > Bebek Oyuncağı (0-24 Ay)"
295869,23031884,"Bisiklet, Scooter ve Paten",https://www.hepsiburada.com/bebek-cocuk-bisikletleri-scooterlari-c-295869,3,"Anne, Bebek, Oyuncak > Oyuncak > Bisiklet, Scooter ve Paten"
80138057,23031884,Dış Mekan ve Spor Oyuncağı,https://www.hepsiburada.com/dis-mekan-spor-deniz-oyuncaklari-c-80138057,3,"Anne, Bebek, Oyuncak > Oyuncak > Dış Mekan ve Spor Oyuncağı"
10452,23031884,Eğitici ve Öğretici Oyun,https://www.hepsiburada.com/egitici-ve-ogretici-oyun-c-10452,3,"Anne, Bebek, Oyuncak > Oyuncak > Eğitici ve Öğretici Oyun"
313764,23031884,Figür Oyuncağı,https://www.hepsiburada.com/figur-oyuncaklar-c-313764,3,"Anne, Bebek, Oyuncak > Oyuncak > Figür Oyuncağı"
60002099,23031884,Oyun Odası,https://www.hepsiburada.com/oyun-odasi-c-60002099,3,"Anne, Bebek, Oyuncak > Oyuncak > Oyun Odası"
23022184,23031884,Oyuncak Bebek ve Aksesuar,https://www.hepsiburada.com/bebekler-c-23022184,3,"Anne, Bebek, Oyuncak > Oyuncak > Oyuncak Bebek ve Aksesuar"
23020427,23031884,"Parti Malzemesi, Kostüm",https://www.hepsiburada.com/oyuncak-parti-malzemeleri-c-23020427,3,"Anne, Bebek, Oyuncak > Oyuncak > Parti Malzemesi, Kostüm"
80123020,23031884,Sanat & Bilim & Beceri Oyuncakları,https://www.hepsiburada.com/sanat-bilim-beceri-oyuncaklari-c-80123020,3,"Anne, Bebek, Oyuncak > Oyuncak > Sanat & Bilim & Beceri Oyuncakları"
23022180,23031884,Uzaktan Kumandalı Araçlar,https://www.hepsiburada.com/uzaktan-kumandali-arabalar-c-23022180,3,"Anne, Bebek, Oyuncak > Oyuncak > Uzaktan Kumandalı Araçlar"
60006683,23031884,Yarış Pisti,https://www.hepsiburada.com/oyuncak-yaris-pisti-c-60006683,3,"Anne, Bebek, Oyuncak > Oyuncak > Yarış Pisti"
23021005,23031884,Yedek Akü ve Aksesuar,https://www.hepsiburada.com/oyuncak-yedek-parcalar-c-23021005,3,"Anne, Bebek, Oyuncak > Oyuncak > Yedek Akü ve Aksesuar"
10262,23031884,Çocuk Kutu Oyunu,https://www.hepsiburada.com/cocuk-kutu-oyunlari-c-10262,3,"Anne, Bebek, Oyuncak > Oyuncak > Çocuk Kutu Oyunu"
80123018,23031884,Çocuk Multimedya,https://www.hepsiburada.com/cocuk-multimedya-urunleri-c-80123018,3,"Anne, Bebek, Oyuncak > Oyuncak > Çocuk Multimedya"
303251,80138066,bebek oyuncaklari,https://www.hepsiburada.com/bebek-oyuncaklari-c-303251,3,"Anne, Bebek, Oyuncak > aktivite masasi > bebek oyuncaklari"
60007979,80567048,sis tiglar,https://www.hepsiburada.com/sis-tiglar-c-60007979,3,"Anne, Bebek, Oyuncak > amigurumi > sis tiglar"
301174,23021010,bebek pudralari parfumleri,https://www.hepsiburada.com/bebek-pudralari-parfumleri-c-301174,3,"Anne, Bebek, Oyuncak > bebek pisik kremi yaglari > bebek pudralari parfumleri"
301175,23021010,islak mendiller,https://www.hepsiburada.com/islak-mendiller-c-301175,3,"Anne, Bebek, Oyuncak > bebek pisik kremi yaglari > islak mendiller"
23020713,80383025,bebek alt acma setleri,https://www.hepsiburada.com/bebek-alt-acma-setleri-c-23020713,3,"Anne, Bebek, Oyuncak > burun aspiratoru > bebek alt acma setleri"
301173,301138,bebek sampuanlari,https://www.hepsiburada.com/bebek-sampuanlari-c-301173,3,"Anne, Bebek, Oyuncak > gogus pompalari > bebek sampuanlari"
302243,80136013,Deniz Plaj Malzemeleri,https://www.hepsiburada.com/deniz-plaj-malzemeleri-c-302243,3,"Anne, Bebek, Oyuncak > haciyatmaz > Deniz Plaj Malzemeleri"
15091,80383038,bantlar,https://www.hepsiburada.com/bantlar-c-15091,3,"Anne, Bebek, Oyuncak > klozet adaptoru > bantlar"
60001049,80383038,bebek bezleri,https://www.hepsiburada.com/bebek-bezleri-c-60001049,3,"Anne, Bebek, Oyuncak > klozet adaptoru > bebek bezleri"
60005733,80383038,muzik kutusu,https://www.hepsiburada.com/muzik-kutusu-c-60005733,3,"Anne, Bebek, Oyuncak > klozet adaptoru > muzik kutusu"
11008,295870,cizgi filmler,https://www.hepsiburada.com/cizgi-filmler-c-11008,3,"Anne, Bebek, Oyuncak > oyun cadiri evleri > cizgi filmler"
80232002,295870,kumas,https://www.hepsiburada.com/kumas-c-80232002,3,"Anne, Bebek, Oyuncak > oyun cadiri evleri > kumas"
21005382,80136017,yapistiricilar tutkallar,https://www.hepsiburada.com/yapistiricilar-tutkallar-c-21005382,3,"Anne, Bebek, Oyuncak > slime > yapistiricilar tutkallar"
17693,17071,Dikiş Makinaları & Aksesuarları,https://www.hepsiburada.com/dikis-makinesi-aksesuarlari-c-17693,3,Elektronik > Elektrikli Ev Aletleri > Dikiş Makinaları & Aksesuarları
80857105,17071,Hepsiburada Koruma Paketi,https://www.hepsiburada.com/hepsiburada-koruma-paketi-c-80857105,3,Elektronik > Elektrikli Ev Aletleri > Hepsiburada Koruma Paketi
60002190,60002911,Elbise Askıları,https://www.hepsiburada.com/elbise-askilari-c-60002190,3,Elektronik > Ev Gereçleri > Elbise Askıları
60002915,60002911,Fırça ve Moplar,https://www.hepsiburada.com/firca-moplar-c-60002915,3,Elektronik > Ev Gereçleri > Fırça ve Moplar
60002913,60002911,Oda Kokuları,https://www.hepsiburada.com/oda-kokulari-c-60002913,3,Elektronik > Ev Gereçleri > Oda Kokuları
60002914,60002911,Plastik Temizlik Malzemeleri,https://www.hepsiburada.com/plastik-temizlik-malzemeleri-c-60002914,3,Elektronik > Ev Gereçleri > Plastik Temizlik Malzemeleri
60003114,60002911,Pratik Ev Gereçleri,https://www.hepsiburada.com/pratik-ev-gerecleri-c-60003114,3,Elektronik > Ev Gereçleri > Pratik Ev Gereçleri
60002917,60002911,Temizlik Bezleri,https://www.hepsiburada.com/temizlik-bezleri-c-60002917,3,Elektronik > Ev Gereçleri > Temizlik Bezleri
153276,60002911,Çamaşır Kurutucular,https://www.hepsiburada.com/camasir-kurutucular-c-153276,3,Elektronik > Ev Gereçleri > Çamaşır Kurutucular
80857397,60002911,"Çamaşır Topu, İp & Mandal",https://www.hepsiburada.com/camasir-topu-ip-mandal-c-80857397,3,"Elektronik > Ev Gereçleri > Çamaşır Topu, İp & Mandal"
157284,161876,Hava Perdeleri,https://www.hepsiburada.com/hava-perdeleri-c-157284,3,Elektronik > Isıtma ve Soğutma > Hava Perdeleri
80757002,161876,"Isıtma, Soğutma Hizmetleri",https://www.hepsiburada.com/isitma-sogutma-hizmetleri-c-80757002,3,"Elektronik > Isıtma ve Soğutma > Isıtma, Soğutma Hizmetleri"
80419094,161876,"Isıtma, Soğutma Yedek Parçaları",https://www.hepsiburada.com/isitma-sogutma-yedek-parcalari-c-80419094,3,"Elektronik > Isıtma ve Soğutma > Isıtma, Soğutma Yedek Parçaları"
8003156,161876,Portatif Soğutucular,https://www.hepsiburada.com/portatif-sogutucular-c-8003156,3,Elektronik > Isıtma ve Soğutma > Portatif Soğutucular
8001872,161876,Sobalar ve Isıtıcılar,https://www.hepsiburada.com/sobalar-isiticilar-c-8001872,3,Elektronik > Isıtma ve Soğutma > Sobalar ve Isıtıcılar
60006329,161876,Termoboyler,https://www.hepsiburada.com/termoboyler-c-60006329,3,Elektronik > Isıtma ve Soğutma > Termoboyler
285390,60004557,projeksiyon sistemleri,https://www.hepsiburada.com/projeksiyon-sistemleri-c-285390,3,Elektronik > bluetooth hoparlorler > projeksiyon sistemleri
80571072,157192,elektrik kablosu,https://www.hepsiburada.com/elektrik-kablosu-c-80571072,3,Elektronik > canak antenler > elektrik kablosu
60004662,157192,vidalar civiler dubeller,https://www.hepsiburada.com/vidalar-civiler-dubeller-c-60004662,3,Elektronik > canak antenler > vidalar civiler dubeller
80162060,17175,Aksesuarlar,https://www.hepsiburada.com/aksesuarlar-c-80162060,3,Elektronik > hava temizleme nem alma cihazlari > Aksesuarlar
60005398,157410,hdmi kablolar,https://www.hepsiburada.com/hdmi-kablolar-c-60005398,3,Elektronik > kablo soketler > hdmi kablolar
152492,163192,ev sinema sistemleri,https://www.hepsiburada.com/ev-sinema-sistemleri-c-152492,3,Elektronik > led tv televizyonlar > ev sinema sistemleri
17011,163192,muzik setleri,https://www.hepsiburada.com/muzik-setleri-c-17011,3,Elektronik > led tv televizyonlar > muzik setleri
60003054,80757006,Hobi Oyun Konsolları,https://www.hepsiburada.com/hobi-oyun-konsollari-c-60003054,3,Elektronik > playstation 5 konsol > Hobi Oyun Konsolları
2147483602,80757006,Oyunlar Oyun Konsolları,https://www.hepsiburada.com/oyunlar-oyun-konsollari-c-2147483602,3,Elektronik > playstation 5 konsol > Oyunlar Oyun Konsolları
80757005,80757006,Playstation 5,https://www.hepsiburada.com/playstation-5-c-80757005,3,Elektronik > playstation 5 konsol > Playstation 5
80757007,80757006,playstation 5 oyunlari,https://www.hepsiburada.com/playstation-5-oyunlari-c-80757007,3,Elektronik > playstation 5 konsol > playstation 5 oyunlari
80757008,80757006,ps 5 aksesuarlari,https://www.hepsiburada.com/ps-5-aksesuarlari-c-80757008,3,Elektronik > playstation 5 konsol > ps 5 aksesuarlari
60008293,318242,1 gram altin,https://www.hepsiburada.com/1-gram-altin-c-60008293,3,Elektronik > saatler > 1 gram altin
25008465,318242,Duvar Saatleri,https://www.hepsiburada.com/duvar-saatleri-c-25008465,3,Elektronik > saatler > Duvar Saatleri
25008402,318242,Kol Saatleri,https://www.hepsiburada.com/kol-saatleri-c-25008402,3,Elektronik > saatler > Kol Saatleri
25008463,318242,Köstekli Cep Saatleri,https://www.hepsiburada.com/kostekli-saat-c-25008463,3,Elektronik > saatler > Köstekli Cep Saatleri
25008464,318242,Masa Saatleri,https://www.hepsiburada.com/masa-saatleri-c-25008464,3,Elektronik > saatler > Masa Saatleri
2147483632,318242,Saat/Gözlük/Aksesuar,https://www.hepsiburada.com/saat-gozluk-aksesuarlari-c-2147483632,3,Elektronik > saatler > Saat/Gözlük/Aksesuar
80717014,318242,airsoft,https://www.hepsiburada.com/airsoft-c-80717014,3,Elektronik > saatler > airsoft
60003676,318242,akilli saatler,https://www.hepsiburada.com/akilli-saatler-c-60003676,3,Elektronik > saatler > akilli saatler
2147483617,318242,altin taki mucevherler,https://www.hepsiburada.com/altin-taki-mucevherler-c-2147483617,3,Elektronik > saatler > altin taki mucevherler
60005201,318242,android telefonlar,https://www.hepsiburada.com/android-telefonlar-c-60005201,3,Elektronik > saatler > android telefonlar
60002211,318242,aycicek yaglari,https://www.hepsiburada.com/aycicek-yaglari-c-60002211,3,Elektronik > saatler > aycicek yaglari
60000163,318242,bayan cantalari,https://www.hepsiburada.com/bayan-cantalari-c-60000163,3,Elektronik > saatler > bayan cantalari
60000053,318242,bayan kazaklar,https://www.hepsiburada.com/bayan-kazaklar-c-60000053,3,Elektronik > saatler > bayan kazaklar
60001048,318242,bebek bezi,https://www.hepsiburada.com/bebek-bezi-c-60001048,3,Elektronik > saatler > bebek bezi
19111,318242,besiktas urunleri,https://www.hepsiburada.com/besiktas-urunleri-c-19111,3,Elektronik > saatler > besiktas urunleri
2147483646,318242,bilgisayarlar,https://www.hepsiburada.com/bilgisayarlar-c-2147483646,3,Elektronik > saatler > bilgisayarlar
22156,318242,bulasik makineleri,https://www.hepsiburada.com/bulasik-makineleri-c-22156,3,Elektronik > saatler > bulasik makineleri
22154,318242,buzdolaplari,https://www.hepsiburada.com/buzdolaplari-c-22154,3,Elektronik > saatler > buzdolaplari
155121,318242,camasir makineleri,https://www.hepsiburada.com/camasir-makineleri-c-155121,3,Elektronik > saatler > camasir makineleri
22005,318242,cay makineleri,https://www.hepsiburada.com/cay-makineleri-c-22005,3,Elektronik > saatler > cay makineleri
371965,318242,cep telefonlari,https://www.hepsiburada.com/cep-telefonlari-c-371965,3,Elektronik > saatler > cep telefonlari
60000125,318242,erkek botlar,https://www.hepsiburada.com/erkek-botlar-c-60000125,3,Elektronik > saatler > erkek botlar
60000066,318242,erkek kazaklar,https://www.hepsiburada.com/erkek-kazaklar-c-60000066,3,Elektronik > saatler > erkek kazaklar
60000759,318242,erkek montlar,https://www.hepsiburada.com/erkek-montlar-c-60000759,3,Elektronik > saatler > erkek montlar
12102800,318242,erkek sweatshirt,https://www.hepsiburada.com/erkek-sweatshirt-c-12102800,3,Elektronik > saatler > erkek sweatshirt
12140708,318242,erkek takim elbiseler,https://www.hepsiburada.com/erkek-takim-elbiseler-c-12140708,3,Elektronik > saatler > erkek takim elbiseler
12087197,318242,etekler,https://www.hepsiburada.com/etekler-c-12087197,3,Elektronik > saatler > etekler
27074921,318242,fenerium,https://www.hepsiburada.com/fenerium-c-27074921,3,Elektronik > saatler > fenerium
2147483640,318242,filmler,https://www.hepsiburada.com/filmler-c-2147483640,3,Elektronik > saatler > filmler
22017,318242,fritozler,https://www.hepsiburada.com/fritozler-c-22017,3,Elektronik > saatler > fritozler
23000,318242,galatasaray store urunleri,https://www.hepsiburada.com/galatasaray-store-urunleri-c-23000,3,Elektronik > saatler > galatasaray store urunleri
60005202,318242,iphone ios telefonlar,https://www.hepsiburada.com/iphone-ios-telefonlar-c-60005202,3,Elektronik > saatler > iphone ios telefonlar
22348,318242,kahve makineleri,https://www.hepsiburada.com/kahve-makineleri-c-22348,3,Elektronik > saatler > kahve makineleri
2147483645,318242,kitaplar,https://www.hepsiburada.com/kitaplar-c-2147483645,3,Elektronik > saatler > kitaplar
2147483603,318242,kozmetik,https://www.hepsiburada.com/kozmetik-c-2147483603,3,Elektronik > saatler > kozmetik
98,318242,laptop notebook dizustu bilgisayarlar,https://www.hepsiburada.com/laptop-notebook-dizustu-bilgisayarlar-c-98,3,Elektronik > saatler > laptop notebook dizustu bilgisayarlar
60002948,318242,mutfak masa takimlari,https://www.hepsiburada.com/mutfak-masa-takimlari-c-60002948,3,Elektronik > saatler > mutfak masa takimlari
2147483641,318242,muzik,https://www.hepsiburada.com/muzik-c-2147483641,3,Elektronik > saatler > muzik
259720,318242,oto lastikler,https://www.hepsiburada.com/oto-lastikler-c-259720,3,Elektronik > saatler > oto lastikler
28001320,318242,ramazan paketi,https://www.hepsiburada.com/ramazan-paketi-c-28001320,3,Elektronik > saatler > ramazan paketi
80857019,318242,resat altin,https://www.hepsiburada.com/resat-altin-c-80857019,3,Elektronik > saatler > resat altin
2147483633,318242,saglik kisisel bakim urunleri,https://www.hepsiburada.com/saglik-kisisel-bakim-urunleri-c-2147483633,3,Elektronik > saatler > saglik kisisel bakim urunleri
384551,318242,spor ayakkabilar,https://www.hepsiburada.com/spor-ayakkabilar-c-384551,3,Elektronik > saatler > spor ayakkabilar
3008012,318242,tablet,https://www.hepsiburada.com/tablet-c-3008012,3,Elektronik > saatler > tablet
2147483642,318242,telefonlar,https://www.hepsiburada.com/telefonlar-c-2147483642,3,Elektronik > saatler > telefonlar
352444,318242,trabzonspor urunleri,https://www.hepsiburada.com/trabzonspor-urunleri-c-352444,3,Elektronik > saatler > trabzonspor urunleri
60000720,318242,trenckotlar,https://www.hepsiburada.com/trenckotlar-c-60000720,3,Elektronik > saatler > trenckotlar
12095591,318242,tunikler,https://www.hepsiburada.com/tunikler-c-12095591,3,Elektronik > saatler > tunikler
60008247,318242,yarim altin,https://www.hepsiburada.com/yarim-altin-c-60008247,3,Elektronik > saatler > yarim altin
80256006,17201,Ek Güvence Paketleri,https://www.hepsiburada.com/ek-guvence-paketleri-c-80256006,3,Elektronik > ses goruntu sistemleri > Ek Güvence Paketleri
80857072,17201,Ek Güvence Paketleri Televizyon,https://www.hepsiburada.com/ek-guvence-paketleri-televizyon-c-80857072,3,Elektronik > ses goruntu sistemleri > Ek Güvence Paketleri Televizyon
161719,17201,Güvenlik Sistemleri,https://www.hepsiburada.com/guvenlik-sistemleri-c-161719,3,Elektronik > ses goruntu sistemleri > Güvenlik Sistemleri
8003673,17201,TV Aksesuarları,https://www.hepsiburada.com/tv-aksesuarlari-c-8003673,3,Elektronik > ses goruntu sistemleri > TV Aksesuarları
155056,17201,Uydu Alıcısı Aksesuarları,https://www.hepsiburada.com/uydu-alicisi-aksesuarlari-c-155056,3,Elektronik > ses goruntu sistemleri > Uydu Alıcısı Aksesuarları
17499,17201,muzik sistemleri,https://www.hepsiburada.com/muzik-sistemleri-c-17499,3,Elektronik > ses goruntu sistemleri > muzik sistemleri
80160031,155123,Sulu Süpürge,https://www.hepsiburada.com/sulu-supurge-c-80160031,3,Elektronik > supurgeler > Sulu Süpürge
17712,155123,Süpürge Aksesuarları,https://www.hepsiburada.com/supurge-aksesuarlari-c-17712,3,Elektronik > supurgeler > Süpürge Aksesuarları
80160029,155123,Toz Torbalı Süpürge,https://www.hepsiburada.com/toz-torbali-supurge-c-80160029,3,Elektronik > supurgeler > Toz Torbalı Süpürge
80160030,155123,Toz Torbasız Süpürge,https://www.hepsiburada.com/toz-torbasiz-supurge-c-80160030,3,Elektronik > supurgeler > Toz Torbasız Süpürge
80162057,155122,Buhar Kazanlı Ütü,https://www.hepsiburada.com/buhar-kazanli-utu-c-80162057,3,Elektronik > utuler > Buhar Kazanlı Ütü
80162056,155122,Buharlı Ütü,https://www.hepsiburada.com/buharli-utu-c-80162056,3,Elektronik > utuler > Buharlı Ütü
60000220,13003201,Armatürler,https://www.hepsiburada.com/armaturler-c-60000220,3,"Ev, Yasam, Kirtasiye, Ofis > Aydınlatma > Armatürler"
80719000,13003201,Aydınlatma Aksesuarları,https://www.hepsiburada.com/abajur-sapkasi-c-80719000,3,"Ev, Yasam, Kirtasiye, Ofis > Aydınlatma > Aydınlatma Aksesuarları"
60005122,13003201,Bahçe Aydınlatma Direkleri,https://www.hepsiburada.com/bahce-aydinlatma-direkleri-c-60005122,3,"Ev, Yasam, Kirtasiye, Ofis > Aydınlatma > Bahçe Aydınlatma Direkleri"
60005112,13003201,Bahçe Masa Üstü Aydınlatma,https://www.hepsiburada.com/bahce-masa-ustu-aydinlatmalar-c-60005112,3,"Ev, Yasam, Kirtasiye, Ofis > Aydınlatma > Bahçe Masa Üstü Aydınlatma"
60005113,13003201,Bahçe Set Üstü Aydınlatma,https://www.hepsiburada.com/bahce-set-ustu-aydinlatmalar-c-60005113,3,"Ev, Yasam, Kirtasiye, Ofis > Aydınlatma > Bahçe Set Üstü Aydınlatma"
60005123,13003201,Bahçe Yol Aydınlatması,https://www.hepsiburada.com/bahce-yol-aydinlatmasi-c-60005123,3,"Ev, Yasam, Kirtasiye, Ofis > Aydınlatma > Bahçe Yol Aydınlatması"
60002660,13003201,Dekoratif Aydınlatma,https://www.hepsiburada.com/dekoratif-aydinlatmalar-c-60002660,3,"Ev, Yasam, Kirtasiye, Ofis > Aydınlatma > Dekoratif Aydınlatma"
13003204,13003201,Dış Mekan Aydınlatma Ürünleri,https://www.hepsiburada.com/dis-mekan-aydinlatma-urunleri-c-13003204,3,"Ev, Yasam, Kirtasiye, Ofis > Aydınlatma > Dış Mekan Aydınlatma Ürünleri"
60002654,13003201,Fener,https://www.hepsiburada.com/el-fenerleri-c-60002654,3,"Ev, Yasam, Kirtasiye, Ofis > Aydınlatma > Fener"
60002657,13003201,Işıldak,https://www.hepsiburada.com/isildaklar-c-60002657,3,"Ev, Yasam, Kirtasiye, Ofis > Aydınlatma > Işıldak"
80585014,13003201,Led Modül,https://www.hepsiburada.com/led-modul-c-80585014,3,"Ev, Yasam, Kirtasiye, Ofis > Aydınlatma > Led Modül"
60001052,13003201,Pil ve Şarj Cihazları,https://www.hepsiburada.com/aydinlatma-pilleri-sarj-cihazlari-c-60001052,3,"Ev, Yasam, Kirtasiye, Ofis > Aydınlatma > Pil ve Şarj Cihazları"
60002081,13003201,Plafonyer,https://www.hepsiburada.com/plafonyerler-c-60002081,3,"Ev, Yasam, Kirtasiye, Ofis > Aydınlatma > Plafonyer"
13003399,13003201,Sarkıt,https://www.hepsiburada.com/sarkit-avizeler-c-13003399,3,"Ev, Yasam, Kirtasiye, Ofis > Aydınlatma > Sarkıt"
60002655,13003201,Spotlar,https://www.hepsiburada.com/spotlar-c-60002655,3,"Ev, Yasam, Kirtasiye, Ofis > Aydınlatma > Spotlar"
13007266,13003201,abajurlar,https://www.hepsiburada.com/abajurlar-c-13007266,3,"Ev, Yasam, Kirtasiye, Ofis > Aydınlatma > abajurlar"
13003202,13003201,ampuller,https://www.hepsiburada.com/ampuller-c-13003202,3,"Ev, Yasam, Kirtasiye, Ofis > Aydınlatma > ampuller"
13003212,13003201,enerji tasarruflu ampuller,https://www.hepsiburada.com/enerji-tasarruflu-ampuller-c-13003212,3,"Ev, Yasam, Kirtasiye, Ofis > Aydınlatma > enerji tasarruflu ampuller"
60004290,13003201,Çocuk Odası Aydınlatma,https://www.hepsiburada.com/cocuk-odasi-aydinlatmalari-c-60004290,3,"Ev, Yasam, Kirtasiye, Ofis > Aydınlatma > Çocuk Odası Aydınlatma"
18021925,455418,Banyo Aksesuarları,https://www.hepsiburada.com/banyo-aksesuarlari-c-18021925,3,"Ev, Yasam, Kirtasiye, Ofis > Banyo & Mutfak > Banyo Aksesuarları"
60004591,455418,Banyo Aydınlatma,https://www.hepsiburada.com/banyo-aydinlatmalar-c-60004591,3,"Ev, Yasam, Kirtasiye, Ofis > Banyo & Mutfak > Banyo Aydınlatma"
18021927,455418,Batarya & Musluk,https://www.hepsiburada.com/batarya-musluklari-c-18021927,3,"Ev, Yasam, Kirtasiye, Ofis > Banyo & Mutfak > Batarya & Musluk"
18021934,455418,Duş Sistemleri,https://www.hepsiburada.com/dus-sistemleri-c-18021934,3,"Ev, Yasam, Kirtasiye, Ofis > Banyo & Mutfak > Duş Sistemleri"
60004289,455418,Eviye,https://www.hepsiburada.com/evyeler-c-60004289,3,"Ev, Yasam, Kirtasiye, Ofis > Banyo & Mutfak > Eviye"
454873,455418,Tesisat,https://www.hepsiburada.com/banyo-tesisatlari-c-454873,3,"Ev, Yasam, Kirtasiye, Ofis > Banyo & Mutfak > Tesisat"
60000509,455418,Vitrifiye,https://www.hepsiburada.com/vitrifiyeler-c-60000509,3,"Ev, Yasam, Kirtasiye, Ofis > Banyo & Mutfak > Vitrifiye"
18021308,18021300,Aynalar,https://www.hepsiburada.com/duvar-aynalari-c-18021308,3,"Ev, Yasam, Kirtasiye, Ofis > Dekorasyon > Aynalar"
60003776,18021300,Biblo,https://www.hepsiburada.com/biblolar-c-60003776,3,"Ev, Yasam, Kirtasiye, Ofis > Dekorasyon > Biblo"
60006493,18021300,Boyanabilir Dekoratif Objeler,https://www.hepsiburada.com/boyanabilir-dekoratif-objeler-c-60006493,3,"Ev, Yasam, Kirtasiye, Ofis > Dekorasyon > Boyanabilir Dekoratif Objeler"
60006513,18021300,Dekoratif Hediyeler,https://www.hepsiburada.com/dekoratif-hediyeler-c-60006513,3,"Ev, Yasam, Kirtasiye, Ofis > Dekorasyon > Dekoratif Hediyeler"
60003775,18021300,Dekoratif Objeler,https://www.hepsiburada.com/dekoratif-objeler-c-60003775,3,"Ev, Yasam, Kirtasiye, Ofis > Dekorasyon > Dekoratif Objeler"
60006948,18021300,Dekoratif Sabunlar,https://www.hepsiburada.com/dekoratif-sabunlar-c-60006948,3,"Ev, Yasam, Kirtasiye, Ofis > Dekorasyon > Dekoratif Sabunlar"
60002981,18021300,Dekoratif Sepetler,https://www.hepsiburada.com/dekoratif-sepetler-c-60002981,3,"Ev, Yasam, Kirtasiye, Ofis > Dekorasyon > Dekoratif Sepetler"
60000511,18021300,Duvar Dekorları,https://www.hepsiburada.com/duvar-dekorlari-c-60000511,3,"Ev, Yasam, Kirtasiye, Ofis > Dekorasyon > Duvar Dekorları"
18021458,18021300,Duvar Saatleri,https://www.hepsiburada.com/ev-dekorasyon-duvar-saatleri-c-18021458,3,"Ev, Yasam, Kirtasiye, Ofis > Dekorasyon > Duvar Saatleri"
18021314,18021300,Ev Düzenleme & Saklama,https://www.hepsiburada.com/ev-duzenleyicileri-c-18021314,3,"Ev, Yasam, Kirtasiye, Ofis > Dekorasyon > Ev Düzenleme & Saklama"
60005841,18021300,Fotoğraf Albümleri,https://www.hepsiburada.com/fotograf-albumleri-c-60005841,3,"Ev, Yasam, Kirtasiye, Ofis > Dekorasyon > Fotoğraf Albümleri"
60006949,18021300,Kişiye Özel Dekoratif Ürünler,https://www.hepsiburada.com/kisiye-ozel-dekoratif-urunler-c-60006949,3,"Ev, Yasam, Kirtasiye, Ofis > Dekorasyon > Kişiye Özel Dekoratif Ürünler"
516324,18021300,Klasik Telefonlar,https://www.hepsiburada.com/klasik-telefonlar-c-516324,3,"Ev, Yasam, Kirtasiye, Ofis > Dekorasyon > Klasik Telefonlar"
60007263,18021300,Kokulu Taşlar & Kalıplar,https://www.hepsiburada.com/kokulu-taslar-kaliplar-c-60007263,3,"Ev, Yasam, Kirtasiye, Ofis > Dekorasyon > Kokulu Taşlar & Kalıplar"
60005110,18021300,Masa Lambaları,https://www.hepsiburada.com/masa-lambalari-c-60005110,3,"Ev, Yasam, Kirtasiye, Ofis > Dekorasyon > Masa Lambaları"
60001787,18021300,Parti Malzemeleri,https://www.hepsiburada.com/parti-malzemeleri-c-60001787,3,"Ev, Yasam, Kirtasiye, Ofis > Dekorasyon > Parti Malzemeleri"
60006444,18021300,Stickerlar & Folyolar,https://www.hepsiburada.com/dekoratif-stickerlar-c-60006444,3,"Ev, Yasam, Kirtasiye, Ofis > Dekorasyon > Stickerlar & Folyolar"
18021321,18021300,Tasarım Ürünleri,https://www.hepsiburada.com/tasarim-urunleri-c-18021321,3,"Ev, Yasam, Kirtasiye, Ofis > Dekorasyon > Tasarım Ürünleri"
80857469,18021300,Tütsü & Tütsülük,https://www.hepsiburada.com/tutsu-tutsuluk-c-80857469,3,"Ev, Yasam, Kirtasiye, Ofis > Dekorasyon > Tütsü & Tütsülük"
60004335,18021300,Yılbaşı Süsleri,https://www.hepsiburada.com/yilbasi-susleri-c-60004335,3,"Ev, Yasam, Kirtasiye, Ofis > Dekorasyon > Yılbaşı Süsleri"
18021992,18021300,fotograf cerceveleri,https://www.hepsiburada.com/fotograf-cerceveleri-c-18021992,3,"Ev, Yasam, Kirtasiye, Ofis > Dekorasyon > fotograf cerceveleri"
18021318,18021300,mum kokular,https://www.hepsiburada.com/mum-kokular-c-18021318,3,"Ev, Yasam, Kirtasiye, Ofis > Dekorasyon > mum kokular"
18021371,18021300,Şamdan & Mumluk,https://www.hepsiburada.com/mumluklar-samdanlar-c-18021371,3,"Ev, Yasam, Kirtasiye, Ofis > Dekorasyon > Şamdan & Mumluk"
80494051,2147483618,Aksesuarlar,https://www.hepsiburada.com/aksesuarlar-c-80494051,3,"Ev, Yasam, Kirtasiye, Ofis > Ev Tekstili > Aksesuarlar"
9009841,2147483618,Alez,https://www.hepsiburada.com/alezler-c-9009841,3,"Ev, Yasam, Kirtasiye, Ofis > Ev Tekstili > Alez"
9010073,2147483618,Banyo Tekstili,https://www.hepsiburada.com/banyo-tekstili-urunleri-c-9010073,3,"Ev, Yasam, Kirtasiye, Ofis > Ev Tekstili > Banyo Tekstili"
512329,2147483618,Battaniye,https://www.hepsiburada.com/battaniyeler-c-512329,3,"Ev, Yasam, Kirtasiye, Ofis > Ev Tekstili > Battaniye"
9010084,2147483618,Ev Dekorasyon Ürünleri,https://www.hepsiburada.com/ev-dekorasyon-urunleri-c-9010084,3,"Ev, Yasam, Kirtasiye, Ofis > Ev Tekstili > Ev Dekorasyon Ürünleri"
9022246,2147483618,Halı,https://www.hepsiburada.com/halilar-c-9022246,3,"Ev, Yasam, Kirtasiye, Ofis > Ev Tekstili > Halı"
9010074,2147483618,Havlu,https://www.hepsiburada.com/havlular-c-9010074,3,"Ev, Yasam, Kirtasiye, Ofis > Ev Tekstili > Havlu"
9010107,2147483618,Masa Örtüleri,https://www.hepsiburada.com/masa-ortuleri-c-9010107,3,"Ev, Yasam, Kirtasiye, Ofis > Ev Tekstili > Masa Örtüleri"
9010068,2147483618,Mutfak Tekstili,https://www.hepsiburada.com/mutfak-urunleri-c-9010068,3,"Ev, Yasam, Kirtasiye, Ofis > Ev Tekstili > Mutfak Tekstili"
9022247,2147483618,Perde,https://www.hepsiburada.com/perdeler-c-9022247,3,"Ev, Yasam, Kirtasiye, Ofis > Ev Tekstili > Perde"
512226,2147483618,Pike / Pike Takımı,https://www.hepsiburada.com/pike-pike-takimlari-c-512226,3,"Ev, Yasam, Kirtasiye, Ofis > Ev Tekstili > Pike / Pike Takımı"
510005,2147483618,Uyku Seti,https://www.hepsiburada.com/uyku-setleri-c-510005,3,"Ev, Yasam, Kirtasiye, Ofis > Ev Tekstili > Uyku Seti"
80857014,2147483618,Yastık & Yorgan Dolgu Malzemeleri,https://www.hepsiburada.com/yastik-yorgan-dolgu-malzemeleri-c-80857014,3,"Ev, Yasam, Kirtasiye, Ofis > Ev Tekstili > Yastık & Yorgan Dolgu Malzemeleri"
60002182,2147483618,Yatak Pedleri / Şilteler,https://www.hepsiburada.com/yatak-pedleri-silteler-c-60002182,3,"Ev, Yasam, Kirtasiye, Ofis > Ev Tekstili > Yatak Pedleri / Şilteler"
512544,2147483618,Yatak Örtüsü,https://www.hepsiburada.com/yatak-ortuleri-c-512544,3,"Ev, Yasam, Kirtasiye, Ofis > Ev Tekstili > Yatak Örtüsü"
510009,2147483618,Yorgan,https://www.hepsiburada.com/yorganlar-c-510009,3,"Ev, Yasam, Kirtasiye, Ofis > Ev Tekstili > Yorgan"
60005084,2147483618,bornozlar,https://www.hepsiburada.com/bornozlar-c-60005084,3,"Ev, Yasam, Kirtasiye, Ofis > Ev Tekstili > bornozlar"
9009842,2147483618,Çarşaf / Yastık Kılıfı,https://www.hepsiburada.com/carsaf-yastik-kiliflari-c-9009842,3,"Ev, Yasam, Kirtasiye, Ofis > Ev Tekstili > Çarşaf / Yastık Kılıfı"
60003295,2147483618,Çeyiz Seti,https://www.hepsiburada.com/ceyiz-ev-tekstili-paketleri-c-60003295,3,"Ev, Yasam, Kirtasiye, Ofis > Ev Tekstili > Çeyiz Seti"
18021305,18021299,Antre / Hol,https://www.hepsiburada.com/antre-holler-c-18021305,3,"Ev, Yasam, Kirtasiye, Ofis > Mobilya > Antre / Hol"
60003483,18021299,Banyo Dolapları,https://www.hepsiburada.com/banyo-dolaplari-c-60003483,3,"Ev, Yasam, Kirtasiye, Ofis > Mobilya > Banyo Dolapları"
60001284,18021299,Bebek Odası,https://www.hepsiburada.com/bebek-odalari-c-60001284,3,"Ev, Yasam, Kirtasiye, Ofis > Mobilya > Bebek Odası"
18021386,18021299,Genç Odası,https://www.hepsiburada.com/genc-odalari-c-18021386,3,"Ev, Yasam, Kirtasiye, Ofis > Mobilya > Genç Odası"
18021304,18021299,Mutfak,https://www.hepsiburada.com/mutfak-mobilya-dekorasyon-c-18021304,3,"Ev, Yasam, Kirtasiye, Ofis > Mobilya > Mutfak"
60004893,18021299,Ofis Mobilyaları,https://www.hepsiburada.com/ofis-dekorasyon-c-60004893,3,"Ev, Yasam, Kirtasiye, Ofis > Mobilya > Ofis Mobilyaları"
18021303,18021299,Oturma Odası,https://www.hepsiburada.com/oturma-odalari-c-18021303,3,"Ev, Yasam, Kirtasiye, Ofis > Mobilya > Oturma Odası"
18021301,18021299,Yatak Odası,https://www.hepsiburada.com/yatak-odalari-c-18021301,3,"Ev, Yasam, Kirtasiye, Ofis > Mobilya > Yatak Odası"
18021302,18021299,Yemek Odası,https://www.hepsiburada.com/yemek-odalari-c-18021302,3,"Ev, Yasam, Kirtasiye, Ofis > Mobilya > Yemek Odası"
18021307,18021299,Çalışma Odası,https://www.hepsiburada.com/calisma-odalari-c-18021307,3,"Ev, Yasam, Kirtasiye, Ofis > Mobilya > Çalışma Odası"
80702000,18021299,Çocuk Odası,https://www.hepsiburada.com/cocuk-odasi-c-80702000,3,"Ev, Yasam, Kirtasiye, Ofis > Mobilya > Çocuk Odası"
80750005,80227101,100 gram gumus,https://www.hepsiburada.com/100-gram-gumus-c-80750005,3,"Ev, Yasam, Kirtasiye, Ofis > Montaj Hizmeti > 100 gram gumus"
27081598,80227101,barfiks sinav barlari,https://www.hepsiburada.com/barfiks-sinav-barlari-c-27081598,3,"Ev, Yasam, Kirtasiye, Ofis > Montaj Hizmeti > barfiks sinav barlari"
278279,80227101,beslenme cantalari,https://www.hepsiburada.com/beslenme-cantalari-c-278279,3,"Ev, Yasam, Kirtasiye, Ofis > Montaj Hizmeti > beslenme cantalari"
105307,80227101,cevirici adaptorler,https://www.hepsiburada.com/cevirici-adaptorler-c-105307,3,"Ev, Yasam, Kirtasiye, Ofis > Montaj Hizmeti > cevirici adaptorler"
22005313,80227101,cocuk bisikletleri,https://www.hepsiburada.com/cocuk-bisikletleri-c-22005313,3,"Ev, Yasam, Kirtasiye, Ofis > Montaj Hizmeti > cocuk bisikletleri"
80229026,80227101,direksiyon seti,https://www.hepsiburada.com/direksiyon-seti-c-80229026,3,"Ev, Yasam, Kirtasiye, Ofis > Montaj Hizmeti > direksiyon seti"
27026409,80227101,elektrikli bisikletler,https://www.hepsiburada.com/elektrikli-bisikletler-c-27026409,3,"Ev, Yasam, Kirtasiye, Ofis > Montaj Hizmeti > elektrikli bisikletler"
25008404,80227101,erkek kol saatleri,https://www.hepsiburada.com/erkek-kol-saatleri-c-25008404,3,"Ev, Yasam, Kirtasiye, Ofis > Montaj Hizmeti > erkek kol saatleri"
60006399,80227101,filtre kahve makineleri,https://www.hepsiburada.com/filtre-kahve-makineleri-c-60006399,3,"Ev, Yasam, Kirtasiye, Ofis > Montaj Hizmeti > filtre kahve makineleri"
60001544,80227101,guc kaynaklari ups,https://www.hepsiburada.com/guc-kaynaklari-ups-c-60001544,3,"Ev, Yasam, Kirtasiye, Ofis > Montaj Hizmeti > guc kaynaklari ups"
80738003,80227101,hurma,https://www.hepsiburada.com/hurma-c-80738003,3,"Ev, Yasam, Kirtasiye, Ofis > Montaj Hizmeti > hurma"
21005099,80227101,kalemlikler kalem kutulari,https://www.hepsiburada.com/kalemlikler-kalem-kutulari-c-21005099,3,"Ev, Yasam, Kirtasiye, Ofis > Montaj Hizmeti > kalemlikler kalem kutulari"
19249,80227101,kosu bantlari,https://www.hepsiburada.com/kosu-bantlari-c-19249,3,"Ev, Yasam, Kirtasiye, Ofis > Montaj Hizmeti > kosu bantlari"
28001502,80227101,kuru meyveler,https://www.hepsiburada.com/kuru-meyveler-c-28001502,3,"Ev, Yasam, Kirtasiye, Ofis > Montaj Hizmeti > kuru meyveler"
15456,80227101,laminasyon posetleri,https://www.hepsiburada.com/laminasyon-posetleri-c-15456,3,"Ev, Yasam, Kirtasiye, Ofis > Montaj Hizmeti > laminasyon posetleri"
273199,80227101,lise universite cantalari,https://www.hepsiburada.com/lise-universite-cantalari-c-273199,3,"Ev, Yasam, Kirtasiye, Ofis > Montaj Hizmeti > lise universite cantalari"
60003452,80227101,makarnalar,https://www.hepsiburada.com/makarnalar-c-60003452,3,"Ev, Yasam, Kirtasiye, Ofis > Montaj Hizmeti > makarnalar"
26012186,80227101,masaj aletleri,https://www.hepsiburada.com/masaj-aletleri-c-26012186,3,"Ev, Yasam, Kirtasiye, Ofis > Montaj Hizmeti > masaj aletleri"
60006235,80227101,meyveler,https://www.hepsiburada.com/meyveler-c-60006235,3,"Ev, Yasam, Kirtasiye, Ofis > Montaj Hizmeti > meyveler"
15410,80227101,personel calisma koltuklari,https://www.hepsiburada.com/personel-calisma-koltuklari-c-15410,3,"Ev, Yasam, Kirtasiye, Ofis > Montaj Hizmeti > personel calisma koltuklari"
28002376,80227101,peynirler,https://www.hepsiburada.com/peynirler-c-28002376,3,"Ev, Yasam, Kirtasiye, Ofis > Montaj Hizmeti > peynirler"
60003892,80227101,playstation 4 konsollari,https://www.hepsiburada.com/playstation-4-konsollari-c-60003892,3,"Ev, Yasam, Kirtasiye, Ofis > Montaj Hizmeti > playstation 4 konsollari"
26012284,80227101,sac boyalari beyazlik giderici urunler,https://www.hepsiburada.com/sac-boyalari-beyazlik-giderici-urunler-c-26012284,3,"Ev, Yasam, Kirtasiye, Ofis > Montaj Hizmeti > sac boyalari beyazlik giderici urunler"
26012129,80227101,sac sekillendirme cihazlari,https://www.hepsiburada.com/sac-sekillendirme-cihazlari-c-26012129,3,"Ev, Yasam, Kirtasiye, Ofis > Montaj Hizmeti > sac sekillendirme cihazlari"
15459,80227101,spiralli defterler,https://www.hepsiburada.com/spiralli-defterler-c-15459,3,"Ev, Yasam, Kirtasiye, Ofis > Montaj Hizmeti > spiralli defterler"
26012156,80227101,tiras makineleri,https://www.hepsiburada.com/tiras-makineleri-c-26012156,3,"Ev, Yasam, Kirtasiye, Ofis > Montaj Hizmeti > tiras makineleri"
60002241,18021983,banyo dolaplari,https://www.hepsiburada.com/banyo-dolaplari-c-60002241,3,"Ev, Yasam, Kirtasiye, Ofis > banyo lavabo bataryalari > banyo dolaplari"
60000017,457065,banyo aynalari,https://www.hepsiburada.com/banyo-aynalari-c-60000017,3,"Ev, Yasam, Kirtasiye, Ofis > banyo mobilyalari > banyo aynalari"
18021341,18043090,Bilgisayar Masaları,https://www.hepsiburada.com/bilgisayar-masalari-calisma-uniteleri-c-18021341,3,"Ev, Yasam, Kirtasiye, Ofis > calisma masalari > Bilgisayar Masaları"
60000382,60005229,bahce dekorasyonu,https://www.hepsiburada.com/bahce-dekorasyonu-c-60000382,3,"Ev, Yasam, Kirtasiye, Ofis > dekoratif saksilar > bahce dekorasyonu"
34001194,60005229,bahce mobilyalari,https://www.hepsiburada.com/bahce-mobilyalari-c-34001194,3,"Ev, Yasam, Kirtasiye, Ofis > dekoratif saksilar > bahce mobilyalari"
18021999,18021981,kuvetler,https://www.hepsiburada.com/kuvetler-c-18021999,3,"Ev, Yasam, Kirtasiye, Ofis > jakuziler > kuvetler"
60001664,18021342,ofis dolaplari,https://www.hepsiburada.com/ofis-dolaplari-c-60001664,3,"Ev, Yasam, Kirtasiye, Ofis > kitaplik > ofis dolaplari"
21032929,18021342,ofis masalari,https://www.hepsiburada.com/ofis-masalari-c-21032929,3,"Ev, Yasam, Kirtasiye, Ofis > kitaplik > ofis masalari"
9010082,18021930,banyo klozet takimlari,https://www.hepsiburada.com/banyo-klozet-takimlari-c-9010082,3,"Ev, Yasam, Kirtasiye, Ofis > klozetler > banyo klozet takimlari"
60001304,13006524,oto farlari,https://www.hepsiburada.com/oto-farlari-c-60001304,3,"Ev, Yasam, Kirtasiye, Ofis > led ampuller > oto farlari"
32001851,80340130,makyaj aynalari,https://www.hepsiburada.com/makyaj-aynalari-c-32001851,3,"Ev, Yasam, Kirtasiye, Ofis > makyaj masasi > makyaj aynalari"
60001363,9010093,Kapı Önü Paspaslar,https://www.hepsiburada.com/kapi-onu-paspaslar-c-60001363,3,"Ev, Yasam, Kirtasiye, Ofis > paspaslar > Kapı Önü Paspaslar"
9010411,9010093,Zemin Koruyucular,https://www.hepsiburada.com/zemin-koruyucular-c-9010411,3,"Ev, Yasam, Kirtasiye, Ofis > paspaslar > Zemin Koruyucular"
18021330,18021425,Komodin Şifonyerler,https://www.hepsiburada.com/komodin-sifonyerler-c-18021330,3,"Ev, Yasam, Kirtasiye, Ofis > sifonyerler > Komodin Şifonyerler"
80618110,18021320,Cam Tablolar,https://www.hepsiburada.com/cam-tablolar-c-80618110,3,"Ev, Yasam, Kirtasiye, Ofis > tablolar > Cam Tablolar"
60005461,18021320,Deri Tablo,https://www.hepsiburada.com/deri-tablolar-c-60005461,3,"Ev, Yasam, Kirtasiye, Ofis > tablolar > Deri Tablo"
80774000,18021320,Duvar Örtüsü,https://www.hepsiburada.com/duvar-ortusu-c-80774000,3,"Ev, Yasam, Kirtasiye, Ofis > tablolar > Duvar Örtüsü"
80547088,18021320,Epoksi Tablolar,https://www.hepsiburada.com/epoksi-tablolar-c-80547088,3,"Ev, Yasam, Kirtasiye, Ofis > tablolar > Epoksi Tablolar"
60005639,18021320,Kabartma Tablolar,https://www.hepsiburada.com/kabartma-tablolar-c-60005639,3,"Ev, Yasam, Kirtasiye, Ofis > tablolar > Kabartma Tablolar"
18021373,18021320,Kanvas Tablolar,https://www.hepsiburada.com/kanvas-tablolar-c-18021373,3,"Ev, Yasam, Kirtasiye, Ofis > tablolar > Kanvas Tablolar"
60005746,18021320,Kara Tahta Tablolar,https://www.hepsiburada.com/kara-tahta-tablolar-c-60005746,3,"Ev, Yasam, Kirtasiye, Ofis > tablolar > Kara Tahta Tablolar"
60003566,18021320,Led Işıklı Tablolar,https://www.hepsiburada.com/led-isikli-tablolar-c-60003566,3,"Ev, Yasam, Kirtasiye, Ofis > tablolar > Led Işıklı Tablolar"
60002497,18021320,MDF Tablolar,https://www.hepsiburada.com/mdf-tablolar-c-60002497,3,"Ev, Yasam, Kirtasiye, Ofis > tablolar > MDF Tablolar"
80517000,18021320,Masif Ahşap Tablolar,https://www.hepsiburada.com/masif-ahsap-tablolar-c-80517000,3,"Ev, Yasam, Kirtasiye, Ofis > tablolar > Masif Ahşap Tablolar"
60003474,18021320,Metal Tablolar,https://www.hepsiburada.com/metal-tablolar-c-60003474,3,"Ev, Yasam, Kirtasiye, Ofis > tablolar > Metal Tablolar"
60003475,18021320,Pleksi Tablolar,https://www.hepsiburada.com/pleksi-tablolar-c-60003475,3,"Ev, Yasam, Kirtasiye, Ofis > tablolar > Pleksi Tablolar"
60005747,18021320,Puzzle Tablolar,https://www.hepsiburada.com/puzzle-tablolar-c-60005747,3,"Ev, Yasam, Kirtasiye, Ofis > tablolar > Puzzle Tablolar"
60005098,18021320,Taş Tablolar,https://www.hepsiburada.com/tas-tablolar-c-60005098,3,"Ev, Yasam, Kirtasiye, Ofis > tablolar > Taş Tablolar"
18021375,18021320,Yağlı Boya Tablolar,https://www.hepsiburada.com/yagli-boya-tablolar-c-18021375,3,"Ev, Yasam, Kirtasiye, Ofis > tablolar > Yağlı Boya Tablolar"
80440035,18021320,Çerçeveli Tablolar,https://www.hepsiburada.com/cerceveli-tablolar-c-80440035,3,"Ev, Yasam, Kirtasiye, Ofis > tablolar > Çerçeveli Tablolar"
9013158,9011674,tek banyo paspaslari,https://www.hepsiburada.com/tek-banyo-paspaslari-c-9013158,3,"Ev, Yasam, Kirtasiye, Ofis > takim banyo paspaslari > tek banyo paspaslari"
80857622,18021358,Ahşap Vazo,https://www.hepsiburada.com/ahsap-vazo-c-80857622,3,"Ev, Yasam, Kirtasiye, Ofis > vazolar > Ahşap Vazo"
18021452,18021358,Cam Vazolar,https://www.hepsiburada.com/cam-vazolar-c-18021452,3,"Ev, Yasam, Kirtasiye, Ofis > vazolar > Cam Vazolar"
80771002,18021358,Mermer Vazo,https://www.hepsiburada.com/mermer-vazo-c-80771002,3,"Ev, Yasam, Kirtasiye, Ofis > vazolar > Mermer Vazo"
60003785,18021358,Metal Vazo,https://www.hepsiburada.com/metal-vazolar-c-60003785,3,"Ev, Yasam, Kirtasiye, Ofis > vazolar > Metal Vazo"
80857586,18021358,Plastik Vazo,https://www.hepsiburada.com/plastik-vazo-c-80857586,3,"Ev, Yasam, Kirtasiye, Ofis > vazolar > Plastik Vazo"
18021454,18021358,Seramik Vazolar,https://www.hepsiburada.com/seramik-vazolar-c-18021454,3,"Ev, Yasam, Kirtasiye, Ofis > vazolar > Seramik Vazolar"
9010092,80275209,kilimler,https://www.hepsiburada.com/kilimler-c-9010092,3,"Ev, Yasam, Kirtasiye, Ofis > yolluk > kilimler"
18021332,18021617,Sehpalar,https://www.hepsiburada.com/sehpalar-c-18021332,3,"Ev, Yasam, Kirtasiye, Ofis > zigon sehpalar > Sehpalar"
12087354,60007347,Aksesuar,https://www.hepsiburada.com/bebek-aksesuarlari-c-12087354,3,Moda > Bebek > Aksesuar
12061876,60007347,Alt Üst Takım,https://www.hepsiburada.com/bebek-takimi-c-12061876,3,Moda > Bebek > Alt Üst Takım
80529024,60007347,Body,https://www.hepsiburada.com/body-c-80529024,3,Moda > Bebek > Body
12087343,60007347,Elbise,https://www.hepsiburada.com/bebek-elbiseleri-c-12087343,3,Moda > Bebek > Elbise
12087342,60007347,Etek,https://www.hepsiburada.com/bebek-etekleri-c-12087342,3,Moda > Bebek > Etek
12048280,60007347,Eşofman,https://www.hepsiburada.com/bebek-esofmanlari-c-12048280,3,Moda > Bebek > Eşofman
12045570,60007347,Gömlek,https://www.hepsiburada.com/bebek-gomlekleri-c-12045570,3,Moda > Bebek > Gömlek
80529021,60007347,Hastane Çıkışı,https://www.hepsiburada.com/hastane-cikisi-c-80529021,3,Moda > Bebek > Hastane Çıkışı
12046626,60007347,Hırka,https://www.hepsiburada.com/bebek-hirkasi-c-12046626,3,Moda > Bebek > Hırka
80369019,60007347,Kazak,https://www.hepsiburada.com/bebek-kazak-c-80369019,3,Moda > Bebek > Kazak
80529022,60007347,Kozmonot,https://www.hepsiburada.com/kozmonot-c-80529022,3,Moda > Bebek > Kozmonot
80529020,60007347,Kundak,https://www.hepsiburada.com/kundak-c-80529020,3,Moda > Bebek > Kundak
80438041,60007347,Mayo & Bikini,https://www.hepsiburada.com/mayo-bikini-c-80438041,3,Moda > Bebek > Mayo & Bikini
12045538,60007347,Mont,https://www.hepsiburada.com/bebek-montlari-c-12045538,3,Moda > Bebek > Mont
1127969,60007347,Pantolon,https://www.hepsiburada.com/bebek-pantolonlari-c-1127969,3,Moda > Bebek > Pantolon
80857296,60007347,Panço,https://www.hepsiburada.com/panco-c-80857296,3,Moda > Bebek > Panço
60000161,60007347,Patik & Ayakkabı,https://www.hepsiburada.com/patik-ayakkabi-c-60000161,3,Moda > Bebek > Patik & Ayakkabı
12106318,60007347,Sweatshirt,https://www.hepsiburada.com/bebek-sweatshirt-c-12106318,3,Moda > Bebek > Sweatshirt
12087345,60007347,T-Shirt & Bluz,https://www.hepsiburada.com/bebek-t-shirt-c-12087345,3,Moda > Bebek > T-Shirt & Bluz
12087201,60007347,Tayt,https://www.hepsiburada.com/bebek-taytlari-c-12087201,3,Moda > Bebek > Tayt
80529023,60007347,Tulum,https://www.hepsiburada.com/tulum-c-80529023,3,Moda > Bebek > Tulum
80073000,60007347,Yağmurluk,https://www.hepsiburada.com/bebek-yagmurluk-c-80073000,3,Moda > Bebek > Yağmurluk
80529026,60007347,Yelek,https://www.hepsiburada.com/yelek-c-80529026,3,Moda > Bebek > Yelek
80529019,60007347,Zıbın,https://www.hepsiburada.com/zibin-c-80529019,3,Moda > Bebek > Zıbın
12087352,60007347,İç Giyim,https://www.hepsiburada.com/bebek-ic-giyim-c-12087352,3,Moda > Bebek > İç Giyim
80529025,60007347,Şort,https://www.hepsiburada.com/sort-c-80529025,3,Moda > Bebek > Şort
60001104,12087177,Aksesuar,https://www.hepsiburada.com/erkek-aksesuarlari-c-60001104,3,Moda > Erkek > Aksesuar
60001586,12087177,İç Giyim,https://www.hepsiburada.com/erkek-ic-giyim-urunleri-c-60001586,3,Moda > Erkek > İç Giyim
60000118,60000117,Ayakkabı Bakım & Aksesuar,https://www.hepsiburada.com/bakim-koruma-c-60000118,3,Moda > ayakkabi > Ayakkabı Bakım & Aksesuar
60000126,60000117,Günlük Ayakkabı,https://www.hepsiburada.com/erkek-gunluk-ayakkabilar-c-60000126,3,Moda > ayakkabi > Günlük Ayakkabı
60003835,60000117,Klasik Ayakkabı,https://www.hepsiburada.com/erkek-klasik-ayakkabilar-c-60003835,3,Moda > ayakkabi > Klasik Ayakkabı
60003836,60000117,Loafer,https://www.hepsiburada.com/loafer-c-60003836,3,Moda > ayakkabi > Loafer
60003918,60000117,Outdoor / Trekking,https://www.hepsiburada.com/erkek-trekking-ayakkabilar-c-60003918,3,Moda > ayakkabi > Outdoor / Trekking
60003837,60000117,Oxford,https://www.hepsiburada.com/oxford-ayakkabi-c-60003837,3,Moda > ayakkabi > Oxford
80857394,60000117,Panduf & Ev Ayakkabısı,https://www.hepsiburada.com/panduf-ev-ayakkabisi-c-80857394,3,Moda > ayakkabi > Panduf & Ev Ayakkabısı
60003843,60000117,Sandalet,https://www.hepsiburada.com/erkek-sandalet-c-60003843,3,Moda > ayakkabi > Sandalet
204249,60000117,Sneakers,https://www.hepsiburada.com/erkek-sneakers-ayakkabi-c-204249,3,Moda > ayakkabi > Sneakers
60000803,60000117,Terlik,https://www.hepsiburada.com/erkek-terlikler-c-60000803,3,Moda > ayakkabi > Terlik
60000800,60000116,Abiye Ayakkabı,https://www.hepsiburada.com/abiye-ayakkabi-c-60000800,3,Moda > bayan ayakkabilar > Abiye Ayakkabı
60003919,60000116,Bakım & Aksesuar,https://www.hepsiburada.com/ayakkabi-bakim-koruma-c-60003919,3,Moda > bayan ayakkabilar > Bakım & Aksesuar
60003860,60000116,Ev Ayakkabısı,https://www.hepsiburada.com/bayan-ev-ayakkabilari-c-60003860,3,Moda > bayan ayakkabilar > Ev Ayakkabısı
60003863,60000116,Sandalet,https://www.hepsiburada.com/bayan-sandaletler-c-60003863,3,Moda > bayan ayakkabilar > Sandalet
60003913,60000116,Terlik,https://www.hepsiburada.com/bayan-terlikler-c-60003913,3,Moda > bayan ayakkabilar > Terlik
60003945,60000116,Trekking,https://www.hepsiburada.com/bayan-trekking-ayakkabilar-c-60003945,3,Moda > bayan ayakkabilar > Trekking
60000121,60000116,bayan gunluk ayakkabilar,https://www.hepsiburada.com/bayan-gunluk-ayakkabilar-c-60000121,3,Moda > bayan ayakkabilar > bayan gunluk ayakkabilar
60003941,60000116,bayan spor ayakkabilar,https://www.hepsiburada.com/bayan-spor-ayakkabilar-c-60003941,3,Moda > bayan ayakkabilar > bayan spor ayakkabilar
60003851,60000116,Çizme,https://www.hepsiburada.com/cizmeler-c-60003851,3,Moda > bayan ayakkabilar > Çizme
60001127,12087178,Aksesuar,https://www.hepsiburada.com/bayan-aksesuarlar-c-60001127,3,Moda > bayan giyim modelleri > Aksesuar
12087217,12087178,Büyük Beden,https://www.hepsiburada.com/buyuk-beden-c-12087217,3,Moda > bayan giyim modelleri > Büyük Beden
60004640,12087178,Giyim,https://www.hepsiburada.com/bayan-giyim-urunleri-c-60004640,3,Moda > bayan giyim modelleri > Giyim
18001,12087178,Hamile Giyim,https://www.hepsiburada.com/hamile-giyim-c-18001,3,Moda > bayan giyim modelleri > Hamile Giyim
60005259,12087178,Plaj Giyim,https://www.hepsiburada.com/plaj-giyim-urunleri-c-60005259,3,Moda > bayan giyim modelleri > Plaj Giyim
60006034,12087178,Tesettür Giyim,https://www.hepsiburada.com/tesettur-giyim-c-60006034,3,Moda > bayan giyim modelleri > Tesettür Giyim
60001585,12087178,İç Giyim,https://www.hepsiburada.com/ic-giyim-urunleri-c-60001585,3,Moda > bayan giyim modelleri > İç Giyim
60000715,12087202,bayan gomlekler,https://www.hepsiburada.com/bayan-gomlekler-c-60000715,3,Moda > elbiseler > bayan gomlekler
80857368,60004641,Alt Üst Takım,https://www.hepsiburada.com/alt-ust-takim-c-80857368,3,Moda > erkek giyim urunleri > Alt Üst Takım
60000676,60004641,Eşofman,https://www.hepsiburada.com/erkek-esofmanlar-c-60000676,3,Moda > erkek giyim urunleri > Eşofman
80519085,60004641,Hac & Umre Kıyafetleri,https://www.hepsiburada.com/hac-umre-kiyafetleri-c-80519085,3,Moda > erkek giyim urunleri > Hac & Umre Kıyafetleri
60000070,60004641,Kaban & Parka,https://www.hepsiburada.com/erkek-kabanlar-c-60000070,3,Moda > erkek giyim urunleri > Kaban & Parka
60000756,60004641,Kot Pantolon,https://www.hepsiburada.com/erkek-denim-pantolonlar-c-60000756,3,Moda > erkek giyim urunleri > Kot Pantolon
12087307,60004641,Mayo Şort,https://www.hepsiburada.com/sort-mayo-c-12087307,3,Moda > erkek giyim urunleri > Mayo Şort
60003800,60004641,Süveter,https://www.hepsiburada.com/erkek-suveter-c-60003800,3,Moda > erkek giyim urunleri > Süveter
60000761,60004641,Yağmurluk,https://www.hepsiburada.com/yagmurluklar-c-60000761,3,Moda > erkek giyim urunleri > Yağmurluk
12067637,60004641,Yelek,https://www.hepsiburada.com/erkek-yelekler-c-12067637,3,Moda > erkek giyim urunleri > Yelek
12087280,60004641,erkek gomlekleri,https://www.hepsiburada.com/erkek-gomlekleri-c-12087280,3,Moda > erkek giyim urunleri > erkek gomlekleri
60002383,60004641,erkek spor ayakkabilari,https://www.hepsiburada.com/erkek-spor-ayakkabilari-c-60002383,3,Moda > erkek giyim urunleri > erkek spor ayakkabilari
60000754,60004641,Şortlar,https://www.hepsiburada.com/erkek-sortlar-c-60000754,3,Moda > erkek giyim urunleri > Şortlar
60000061,60000728,Kadın Çoraplar,https://www.hepsiburada.com/bayan-coraplar-c-60000061,3,Moda > kulotlu coraplar > Kadın Çoraplar
12087198,60000728,bayan pantolonlar,https://www.hepsiburada.com/bayan-pantolonlar-c-12087198,3,Moda > kulotlu coraplar > bayan pantolonlar
60004850,60000146,cocuk cantalar,https://www.hepsiburada.com/cocuk-cantalar-c-60004850,3,Moda > sirt cantasi > cocuk cantalar
60000108,60000146,erkek sirt cantalari,https://www.hepsiburada.com/erkek-sirt-cantalari-c-60000108,3,Moda > sirt cantasi > erkek sirt cantalari
676,60000146,notebook cantalari,https://www.hepsiburada.com/notebook-cantalari-c-676,3,Moda > sirt cantasi > notebook cantalari
205454,60002723,Erkek Çocuk,https://www.hepsiburada.com/erkek-cocuk-c-205454,3,Moda > Çocuk > Erkek Çocuk
60002732,60002723,cocuk elbiseler,https://www.hepsiburada.com/cocuk-elbiseler-c-60002732,3,Moda > Çocuk > cocuk elbiseler
316326,60002723,cocuk parti kostumu aksesuarlari,https://www.hepsiburada.com/cocuk-parti-kostumu-aksesuarlari-c-316326,3,Moda > Çocuk > cocuk parti kostumu aksesuarlari
60002738,60002723,cocuk sortlar,https://www.hepsiburada.com/cocuk-sortlar-c-60002738,3,Moda > Çocuk > cocuk sortlar
60004845,60002723,cocuk takimlari,https://www.hepsiburada.com/cocuk-takimlari-c-60004845,3,Moda > Çocuk > cocuk takimlari
205504,60002723,erkek cocuk giyim,https://www.hepsiburada.com/erkek-cocuk-giyim-c-205504,3,Moda > Çocuk > erkek cocuk giyim
205474,60002723,kiz cocuk,https://www.hepsiburada.com/kiz-cocuk-c-205474,3,Moda > Çocuk > kiz cocuk
80433030,2147483601,Arıcılık Malzemeleri,https://www.hepsiburada.com/aricilik-malzemeleri-c-80433030,3,"Oto, Bahce, Yapi Market > Bahçe > Arıcılık Malzemeleri"
34001199,2147483601,Bahçe Kovucuları,https://www.hepsiburada.com/bahce-kovuculari-c-34001199,3,"Oto, Bahce, Yapi Market > Bahçe > Bahçe Kovucuları"
80295000,2147483601,Bungalov Ev,https://www.hepsiburada.com/bungalov-ev-c-80295000,3,"Oto, Bahce, Yapi Market > Bahçe > Bungalov Ev"
34001195,2147483601,Havuz Ürünleri,https://www.hepsiburada.com/havuz-urunleri-c-34001195,3,"Oto, Bahce, Yapi Market > Bahçe > Havuz Ürünleri"
60007095,2147483601,Hayvancılık,https://www.hepsiburada.com/hayvancilik-makineleri-c-60007095,3,"Oto, Bahce, Yapi Market > Bahçe > Hayvancılık"
80857391,2147483601,Katı Yakıt & Soba Aksesuarları,https://www.hepsiburada.com/kati-yakit-soba-aksesuarlari-c-80857391,3,"Oto, Bahce, Yapi Market > Bahçe > Katı Yakıt & Soba Aksesuarları"
80511030,2147483601,Katı Yakıt Sobası,https://www.hepsiburada.com/kati-yakit-sobasi-c-80511030,3,"Oto, Bahce, Yapi Market > Bahçe > Katı Yakıt Sobası"
453962,2147483601,Küçük El Aletleri,https://www.hepsiburada.com/kucuk-el-aletleri-c-453962,3,"Oto, Bahce, Yapi Market > Bahçe > Küçük El Aletleri"
34001196,2147483601,Mangal / Barbekü,https://www.hepsiburada.com/mangallar-barbekuler-c-34001196,3,"Oto, Bahce, Yapi Market > Bahçe > Mangal / Barbekü"
80493046,2147483601,Prefabrik Yapı,https://www.hepsiburada.com/prefabrik-yapi-c-80493046,3,"Oto, Bahce, Yapi Market > Bahçe > Prefabrik Yapı"
80857150,2147483601,Tarım Makineleri,https://www.hepsiburada.com/tarim-makineleri-c-80857150,3,"Oto, Bahce, Yapi Market > Bahçe > Tarım Makineleri"
34001270,2147483601,aydinlatmalar,https://www.hepsiburada.com/aydinlatmalar-c-34001270,3,"Oto, Bahce, Yapi Market > Bahçe > aydinlatmalar"
465415,2147483601,bahce makineleri,https://www.hepsiburada.com/bahce-makineleri-c-465415,3,"Oto, Bahce, Yapi Market > Bahçe > bahce makineleri"
34000015,2147483601,bitki besinleri gubreler,https://www.hepsiburada.com/bitki-besinleri-gubreler-c-34000015,3,"Oto, Bahce, Yapi Market > Bahçe > bitki besinleri gubreler"
460347,2147483601,Çiçek Bakımı & Bitki Yetiştirme,https://www.hepsiburada.com/cicek-bakimi-bitki-yetistirme-c-460347,3,"Oto, Bahce, Yapi Market > Bahçe > Çiçek Bakımı & Bitki Yetiştirme"
80405020,60008737,Bakım & Temizlik,https://www.hepsiburada.com/motosiklet-aksesuar-bakim-c-80405020,3,"Oto, Bahce, Yapi Market > Motosiklet > Bakım & Temizlik"
80273080,60008737,Giyim & Ekipman,https://www.hepsiburada.com/motosiklet-surucu-ekipmanlari-c-80273080,3,"Oto, Bahce, Yapi Market > Motosiklet > Giyim & Ekipman"
20029253,60008737,Kasklar,https://www.hepsiburada.com/kasklar-c-20029253,3,"Oto, Bahce, Yapi Market > Motosiklet > Kasklar"
20029247,60008737,Motosiklet Aksesuarları,https://www.hepsiburada.com/motosiklet-aksesuarlari-c-20029247,3,"Oto, Bahce, Yapi Market > Motosiklet > Motosiklet Aksesuarları"
80560308,60008737,Motosiklet Modelleri,https://www.hepsiburada.com/motosiklet-modelleri-c-80560308,3,"Oto, Bahce, Yapi Market > Motosiklet > Motosiklet Modelleri"
80168003,60008737,Motosiklet Yedek Parça,https://www.hepsiburada.com/motosiklet-yedek-parca-c-80168003,3,"Oto, Bahce, Yapi Market > Motosiklet > Motosiklet Yedek Parça"
60005666,60008737,Sürücü Koruma,https://www.hepsiburada.com/motosiklet-koruma-ekipmanlari-c-60005666,3,"Oto, Bahce, Yapi Market > Motosiklet > Sürücü Koruma"
20029249,60008737,Çanta,https://www.hepsiburada.com/motosiklet-cantalari-c-20029249,3,"Oto, Bahce, Yapi Market > Motosiklet > Çanta"
13003264,2147483620,Banyo,https://www.hepsiburada.com/banyo-urunleri-c-13003264,3,"Oto, Bahce, Yapi Market > Yapı Market / Hırdavat > Banyo"
60001216,2147483620,Boya & Boya Malzemeleri,https://www.hepsiburada.com/boyalar-boya-aksesuarlari-c-60001216,3,"Oto, Bahce, Yapi Market > Yapı Market / Hırdavat > Boya & Boya Malzemeleri"
80571082,2147483620,Elektrik & Tesisat Malzemeleri,https://www.hepsiburada.com/elektrik-tesisat-malzemeleri-c-80571082,3,"Oto, Bahce, Yapi Market > Yapı Market / Hırdavat > Elektrik & Tesisat Malzemeleri"
13003085,2147483620,Endüstriyel Temizleme,https://www.hepsiburada.com/endustriyel-temizleme-urunleri-c-13003085,3,"Oto, Bahce, Yapi Market > Yapı Market / Hırdavat > Endüstriyel Temizleme"
80857576,2147483620,Enerji Sistemleri,https://www.hepsiburada.com/enerji-sistemleri-c-80857576,3,"Oto, Bahce, Yapi Market > Yapı Market / Hırdavat > Enerji Sistemleri"
60003995,2147483620,Güvenlik,https://www.hepsiburada.com/guvenlik-malzemeleri-c-60003995,3,"Oto, Bahce, Yapi Market > Yapı Market / Hırdavat > Güvenlik"
80770002,2147483620,Ham Madde,https://www.hepsiburada.com/ham-madde-c-80770002,3,"Oto, Bahce, Yapi Market > Yapı Market / Hırdavat > Ham Madde"
80375043,2147483620,Hizmet,https://www.hepsiburada.com/hizmet-c-80375043,3,"Oto, Bahce, Yapi Market > Yapı Market / Hırdavat > Hizmet"
13003327,2147483620,Kaldırma Ekipmanları,https://www.hepsiburada.com/kaldirma-ekipmanlari-c-13003327,3,"Oto, Bahce, Yapi Market > Yapı Market / Hırdavat > Kaldırma Ekipmanları"
80664020,2147483620,Oto Servis Ekipmanları,https://www.hepsiburada.com/oto-servis-ekipmanlari-c-80664020,3,"Oto, Bahce, Yapi Market > Yapı Market / Hırdavat > Oto Servis Ekipmanları"
80805004,2147483620,Sanayi Makineleri,https://www.hepsiburada.com/sanayi-makinesi-c-80805004,3,"Oto, Bahce, Yapi Market > Yapı Market / Hırdavat > Sanayi Makineleri"
80856001,2147483620,Su Arıtma,https://www.hepsiburada.com/su-aritma-c-80856001,3,"Oto, Bahce, Yapi Market > Yapı Market / Hırdavat > Su Arıtma"
60000396,2147483620,dubeller,https://www.hepsiburada.com/dubeller-c-60000396,3,"Oto, Bahce, Yapi Market > Yapı Market / Hırdavat > dubeller"
80842005,2147483620,mentese,https://www.hepsiburada.com/mentese-c-80842005,3,"Oto, Bahce, Yapi Market > Yapı Market / Hırdavat > mentese"
13003083,2147483620,Ölçüm Cihazları,https://www.hepsiburada.com/olcum-cihazlari-c-13003083,3,"Oto, Bahce, Yapi Market > Yapı Market / Hırdavat > Ölçüm Cihazları"
80081048,2147483620,İnşaat Malzemeleri,https://www.hepsiburada.com/insaat-malzemeleri-c-80081048,3,"Oto, Bahce, Yapi Market > Yapı Market / Hırdavat > İnşaat Malzemeleri"
13003206,17288,Grup Priz Uzatma Kabloları,https://www.hepsiburada.com/grup-priz-uzatma-kablolari-c-13003206,3,"Oto, Bahce, Yapi Market > akim korumali prizler > Grup Priz Uzatma Kabloları"
20033704,60003762,Akü Takviye Kabloları,https://www.hepsiburada.com/aku-takviye-kablolari-sarj-cihazlari-c-20033704,3,"Oto, Bahce, Yapi Market > akuler > Akü Takviye Kabloları"
13003153,13003091,matkap uclari,https://www.hepsiburada.com/matkap-uclari-c-13003153,3,"Oto, Bahce, Yapi Market > akulu vidalama aletleri > matkap uclari"
253575,26027,Oto Ses Görüntü Sistemleri,https://www.hepsiburada.com/oto-ses-goruntu-sistemleri-c-253575,3,"Oto, Bahce, Yapi Market > arac ici kameralar > Oto Ses Görüntü Sistemleri"
26090,26027,hoparlorler,https://www.hepsiburada.com/hoparlorler-c-26090,3,"Oto, Bahce, Yapi Market > arac ici kameralar > hoparlorler"
20035732,20035765,Oto Bakım Temizlik Ürünleri,https://www.hepsiburada.com/oto-bakim-temizlik-urunleri-c-20035732,3,"Oto, Bahce, Yapi Market > arac supurgeleri > Oto Bakım Temizlik Ürünleri"
60000865,60000864,buyuk taslamalar,https://www.hepsiburada.com/buyuk-taslamalar-c-60000865,3,"Oto, Bahce, Yapi Market > avuc taslamalar > buyuk taslamalar"
60000866,60000864,kalipci taslamalar,https://www.hepsiburada.com/kalipci-taslamalar-c-60000866,3,"Oto, Bahce, Yapi Market > avuc taslamalar > kalipci taslamalar"
13003107,60000864,taslamalar,https://www.hepsiburada.com/taslamalar-c-13003107,3,"Oto, Bahce, Yapi Market > avuc taslamalar > taslamalar"
20024979,20024981,Bagaj Ürünleri,https://www.hepsiburada.com/bagaj-urunleri-c-20024979,3,"Oto, Bahce, Yapi Market > bagaj cantalari > Bagaj Ürünleri"
253574,20024981,Oto Aksesuar Ürünleri,https://www.hepsiburada.com/oto-aksesuar-urunleri-c-253574,3,"Oto, Bahce, Yapi Market > bagaj cantalari > Oto Aksesuar Ürünleri"
20024971,20024981,Seyahat Ürünleri,https://www.hepsiburada.com/seyahat-urunleri-c-20024971,3,"Oto, Bahce, Yapi Market > bagaj cantalari > Seyahat Ürünleri"
18021333,34001202,kanepe koltuklar,https://www.hepsiburada.com/kanepe-koltuklar-c-18021333,3,"Oto, Bahce, Yapi Market > bahce sandalyeleri > kanepe koltuklar"
34000109,34001225,Ağaç Kesme Makineleri,https://www.hepsiburada.com/agac-kesme-makineleri-c-34000109,3,"Oto, Bahce, Yapi Market > benzinli agac kesme makineleri > Ağaç Kesme Makineleri"
451867,34001225,Ağaç Kesme Makinesi Çeşitleri,https://www.hepsiburada.com/agac-kesme-makinesi-cesitleri-c-451867,3,"Oto, Bahce, Yapi Market > benzinli agac kesme makineleri > Ağaç Kesme Makinesi Çeşitleri"
34001220,34001221,elektrikli tirpanlar,https://www.hepsiburada.com/elektrikli-tirpanlar-c-34001220,3,"Oto, Bahce, Yapi Market > benzinli tirpanlar > elektrikli tirpanlar"
451580,34001221,tirpanlar,https://www.hepsiburada.com/tirpanlar-c-451580,3,"Oto, Bahce, Yapi Market > benzinli tirpanlar > tirpanlar"
20024873,20024895,Cam Aksesuarları,https://www.hepsiburada.com/cam-aksesuarlari-c-20024873,3,"Oto, Bahce, Yapi Market > cam filmleri > Cam Aksesuarları"
20024894,20024895,Cam Filmleri Aksesuarları,https://www.hepsiburada.com/cam-filmleri-aksesuarlari-c-20024894,3,"Oto, Bahce, Yapi Market > cam filmleri > Cam Filmleri Aksesuarları"
34000018,60005076,Tohumlar,https://www.hepsiburada.com/tohumlar-c-34000018,3,"Oto, Bahce, Yapi Market > cicek tohumlari > Tohumlar"
13003178,13003082,Anahtarlar,https://www.hepsiburada.com/anahtarlar-c-13003178,3,"Oto, Bahce, Yapi Market > el aletleri > Anahtarlar"
60000256,13003082,Balta,https://www.hepsiburada.com/baltalar-c-60000256,3,"Oto, Bahce, Yapi Market > el aletleri > Balta"
60003563,13003082,Cımbız,https://www.hepsiburada.com/cimbizlar-c-60003563,3,"Oto, Bahce, Yapi Market > el aletleri > Cımbız"
60001211,13003082,El Zımparaları,https://www.hepsiburada.com/el-zimparalari-c-60001211,3,"Oto, Bahce, Yapi Market > el aletleri > El Zımparaları"
13003176,13003082,Eğe Seti,https://www.hepsiburada.com/ege-setleri-c-13003176,3,"Oto, Bahce, Yapi Market > el aletleri > Eğe Seti"
60005504,13003082,Gaz Armatürü,https://www.hepsiburada.com/gaz-armaturlari-c-60005504,3,"Oto, Bahce, Yapi Market > el aletleri > Gaz Armatürü"
60000228,13003082,Gönye,https://www.hepsiburada.com/gonyeler-c-60000228,3,"Oto, Bahce, Yapi Market > el aletleri > Gönye"
13005236,13003082,Kablo Makaraları,https://www.hepsiburada.com/kablo-makaralari-c-13005236,3,"Oto, Bahce, Yapi Market > el aletleri > Kablo Makaraları"
13003162,13003082,Kargaburun,https://www.hepsiburada.com/kargaburunlar-c-13003162,3,"Oto, Bahce, Yapi Market > el aletleri > Kargaburun"
13003163,13003082,Kerpeten,https://www.hepsiburada.com/kerpetenler-c-13003163,3,"Oto, Bahce, Yapi Market > el aletleri > Kerpeten"
60000253,13003082,Kesici Makaslar,https://www.hepsiburada.com/kesici-makaslar-c-60000253,3,"Oto, Bahce, Yapi Market > el aletleri > Kesici Makaslar"
13003156,13003082,Maket Bıçak,https://www.hepsiburada.com/maket-bicaklar-c-13003156,3,"Oto, Bahce, Yapi Market > el aletleri > Maket Bıçak"
60004430,13003082,Mengeneler,https://www.hepsiburada.com/mengeneler-c-60004430,3,"Oto, Bahce, Yapi Market > el aletleri > Mengeneler"
60000232,13003082,Perçin,https://www.hepsiburada.com/percinler-c-60000232,3,"Oto, Bahce, Yapi Market > el aletleri > Perçin"
60000233,13003082,Rende,https://www.hepsiburada.com/hirdavat-rendeleri-c-60000233,3,"Oto, Bahce, Yapi Market > el aletleri > Rende"
13003187,13003082,Silikon Tabancası,https://www.hepsiburada.com/silikon-tabancalari-c-13003187,3,"Oto, Bahce, Yapi Market > el aletleri > Silikon Tabancası"
13003165,13003082,Su Terazileri,https://www.hepsiburada.com/su-terazileri-c-13003165,3,"Oto, Bahce, Yapi Market > el aletleri > Su Terazileri"
13003168,13003082,Tornavida,https://www.hepsiburada.com/tornavidalar-c-13003168,3,"Oto, Bahce, Yapi Market > el aletleri > Tornavida"
13003157,13003082,Yan Keski,https://www.hepsiburada.com/yan-keskiler-c-13003157,3,"Oto, Bahce, Yapi Market > el aletleri > Yan Keski"
60000255,13003082,Yassı Keski,https://www.hepsiburada.com/yassi-keskiler-c-60000255,3,"Oto, Bahce, Yapi Market > el aletleri > Yassı Keski"
13003160,13003082,Çekiç,https://www.hepsiburada.com/cekicler-c-13003160,3,"Oto, Bahce, Yapi Market > el aletleri > Çekiç"
60000227,13003082,Çizim İpi,https://www.hepsiburada.com/cizim-ipleri-c-60000227,3,"Oto, Bahce, Yapi Market > el aletleri > Çizim İpi"
13003174,13003082,Çok Amaçlı Setler,https://www.hepsiburada.com/cok-amacli-setler-c-13003174,3,"Oto, Bahce, Yapi Market > el aletleri > Çok Amaçlı Setler"
13003166,13003082,Çok Fonksiyonlu Ürünler,https://www.hepsiburada.com/cok-fonksiyonlu-urunler-c-13003166,3,"Oto, Bahce, Yapi Market > el aletleri > Çok Fonksiyonlu Ürünler"
13003172,13003082,İskarpelalar,https://www.hepsiburada.com/iskarpelalar-c-13003172,3,"Oto, Bahce, Yapi Market > el aletleri > İskarpelalar"
60000229,13003082,İşkence,https://www.hepsiburada.com/iskenceler-c-60000229,3,"Oto, Bahce, Yapi Market > el aletleri > İşkence"
60005665,80405009,motosiklet ayakkabilari,https://www.hepsiburada.com/motosiklet-ayakkabilari-c-60005665,3,"Oto, Bahce, Yapi Market > elektrikli motosiklet > motosiklet ayakkabilari"
20029255,80405009,motosiklet eldivenleri,https://www.hepsiburada.com/motosiklet-eldivenleri-c-20029255,3,"Oto, Bahce, Yapi Market > elektrikli motosiklet > motosiklet eldivenleri"
60000388,13003347,Bağlantı Elemanları,https://www.hepsiburada.com/baglanti-elemanlari-c-60000388,3,"Oto, Bahce, Yapi Market > hirdavat urunleri > Bağlantı Elemanları"
13003648,13003347,Derz Ürünleri,https://www.hepsiburada.com/derz-urunleri-c-13003648,3,"Oto, Bahce, Yapi Market > hirdavat urunleri > Derz Ürünleri"
80127002,13003347,Doğalgaz Hortumu,https://www.hepsiburada.com/dogalgaz-hortumu-c-80127002,3,"Oto, Bahce, Yapi Market > hirdavat urunleri > Doğalgaz Hortumu"
60005797,13003347,Dış Mekan Paspasları,https://www.hepsiburada.com/dis-mekan-paspaslari-c-60005797,3,"Oto, Bahce, Yapi Market > hirdavat urunleri > Dış Mekan Paspasları"
13003351,13003347,Genel Bakım Spreyleri,https://www.hepsiburada.com/genel-bakim-spreyleri-c-13003351,3,"Oto, Bahce, Yapi Market > hirdavat urunleri > Genel Bakım Spreyleri"
60002992,13003347,Hidrolikler,https://www.hepsiburada.com/hidrolikler-c-60002992,3,"Oto, Bahce, Yapi Market > hirdavat urunleri > Hidrolikler"
13003348,13003347,Kapı & Pencere,https://www.hepsiburada.com/kapi-hirdavatlari-c-13003348,3,"Oto, Bahce, Yapi Market > hirdavat urunleri > Kapı & Pencere"
60004972,13003347,Kutu ve Ambalaj Malzemeleri,https://www.hepsiburada.com/kutu-ve-ambalaj-malzemeleri-c-60004972,3,"Oto, Bahce, Yapi Market > hirdavat urunleri > Kutu ve Ambalaj Malzemeleri"
60001301,13003347,Menfezler,https://www.hepsiburada.com/menfezler-c-60001301,3,"Oto, Bahce, Yapi Market > hirdavat urunleri > Menfezler"
60000309,13003347,Mobilya Hırdavatı,https://www.hepsiburada.com/mobilya-hirdavatlar-c-60000309,3,"Oto, Bahce, Yapi Market > hirdavat urunleri > Mobilya Hırdavatı"
60000301,13003347,Nem Alıcı,https://www.hepsiburada.com/nem-alicilar-c-60000301,3,"Oto, Bahce, Yapi Market > hirdavat urunleri > Nem Alıcı"
60005482,13003347,Oda Termostatı,https://www.hepsiburada.com/oda-termostati-c-60005482,3,"Oto, Bahce, Yapi Market > hirdavat urunleri > Oda Termostatı"
60005350,13003347,Panel Radyatör,https://www.hepsiburada.com/panel-radyatorler-c-60005350,3,"Oto, Bahce, Yapi Market > hirdavat urunleri > Panel Radyatör"
80737005,13003347,"Pnömatik, Hidrolik Parçalar",https://www.hepsiburada.com/pnomatik-hidrolik-parcalar-c-80737005,3,"Oto, Bahce, Yapi Market > hirdavat urunleri > Pnömatik, Hidrolik Parçalar"
60000384,13003347,Posta Kutuları,https://www.hepsiburada.com/posta-kutulari-c-60000384,3,"Oto, Bahce, Yapi Market > hirdavat urunleri > Posta Kutuları"
60001669,13003347,Profesyonel Temizlik Ürünleri,https://www.hepsiburada.com/profesyonel-temizlik-urunleri-c-60001669,3,"Oto, Bahce, Yapi Market > hirdavat urunleri > Profesyonel Temizlik Ürünleri"
80560307,13003347,Reklam & Promosyon Ürünleri,https://www.hepsiburada.com/reklam-promosyon-urunleri-c-80560307,3,"Oto, Bahce, Yapi Market > hirdavat urunleri > Reklam & Promosyon Ürünleri"
80159012,13003347,Rulmanlar,https://www.hepsiburada.com/rulman-c-80159012,3,"Oto, Bahce, Yapi Market > hirdavat urunleri > Rulmanlar"
60002254,13003347,Rötuş ve İşaretleme Kalemleri,https://www.hepsiburada.com/rotus-isaretleme-kalemleri-c-60002254,3,"Oto, Bahce, Yapi Market > hirdavat urunleri > Rötuş ve İşaretleme Kalemleri"
13003360,13003347,Silikonlar,https://www.hepsiburada.com/silikonlar-c-13003360,3,"Oto, Bahce, Yapi Market > hirdavat urunleri > Silikonlar"
60001160,13003347,Takım Tezgah ve Panoları,https://www.hepsiburada.com/takim-tezgahlari-panolari-c-60001160,3,"Oto, Bahce, Yapi Market > hirdavat urunleri > Takım Tezgah ve Panoları"
60000385,13003347,Takım Çantaları ve Avadanlıklar,https://www.hepsiburada.com/takim-cantalari-avadanliklar-c-60000385,3,"Oto, Bahce, Yapi Market > hirdavat urunleri > Takım Çantaları ve Avadanlıklar"
13003359,13003347,Yapıştırıcı ve Bantlar,https://www.hepsiburada.com/yapistirici-bantlar-c-13003359,3,"Oto, Bahce, Yapi Market > hirdavat urunleri > Yapıştırıcı ve Bantlar"
13003355,13003347,Yağdanlık,https://www.hepsiburada.com/yagdanliklar-c-13003355,3,"Oto, Bahce, Yapi Market > hirdavat urunleri > Yağdanlık"
80660026,13003347,sanayi tipi fanlar,https://www.hepsiburada.com/sanayi-tipi-fanlar-c-80660026,3,"Oto, Bahce, Yapi Market > hirdavat urunleri > sanayi tipi fanlar"
60000381,34001258,Bahçe Sulama Malzemeleri,https://www.hepsiburada.com/bahce-sulama-malzemeleri-c-60000381,3,"Oto, Bahce, Yapi Market > hortumlar toplama urunleri > Bahçe Sulama Malzemeleri"
34001256,34001258,hortum baglantilari,https://www.hepsiburada.com/hortum-baglantilari-c-34001256,3,"Oto, Bahce, Yapi Market > hortumlar toplama urunleri > hortum baglantilari"
15117,60002015,fotokopi kagitlari,https://www.hepsiburada.com/fotokopi-kagitlari-c-15117,3,"Oto, Bahce, Yapi Market > is guvenlik eldivenleri > fotokopi kagitlari"
13003349,60002015,İş Güvenlik Ürünleri,https://www.hepsiburada.com/is-guvenlik-urunleri-c-13003349,3,"Oto, Bahce, Yapi Market > is guvenlik eldivenleri > İş Güvenlik Ürünleri"
60008471,26039,araba valfi,https://www.hepsiburada.com/araba-valfi-c-60008471,3,"Oto, Bahce, Yapi Market > jant kapaklari > araba valfi"
28001484,26039,tuz,https://www.hepsiburada.com/tuz-c-28001484,3,"Oto, Bahce, Yapi Market > jant kapaklari > tuz"
17076,26039,video kameralar,https://www.hepsiburada.com/video-kameralar-c-17076,3,"Oto, Bahce, Yapi Market > jant kapaklari > video kameralar"
272470,13003121,benzin bidonlari,https://www.hepsiburada.com/benzin-bidonlari-c-272470,3,"Oto, Bahce, Yapi Market > jeneratorler > benzin bidonlari"
60007050,60007070,Bisiklet Lastikleri,https://www.hepsiburada.com/bisiklet-lastik-c-60007050,3,"Oto, Bahce, Yapi Market > lastik tamir kiti > Bisiklet Lastikleri"
60003468,60007070,Bisiklet Yedek Parçaları,https://www.hepsiburada.com/bisiklet-yedek-parcalari-c-60003468,3,"Oto, Bahce, Yapi Market > lastik tamir kiti > Bisiklet Yedek Parçaları"
27026003,60007070,Bisikletler,https://www.hepsiburada.com/bisikletler-c-27026003,3,"Oto, Bahce, Yapi Market > lastik tamir kiti > Bisikletler"
2147483635,60007070,Spor Fitness Ürünleri,https://www.hepsiburada.com/spor-fitness-urunleri-c-2147483635,3,"Oto, Bahce, Yapi Market > lastik tamir kiti > Spor Fitness Ürünleri"
60006259,60007070,akilli elektrikli scooterlar,https://www.hepsiburada.com/akilli-elektrikli-scooterlar-c-60006259,3,"Oto, Bahce, Yapi Market > lastik tamir kiti > akilli elektrikli scooterlar"
80738004,60007070,askeri giyim ve malzemeler,https://www.hepsiburada.com/askeri-giyim-ve-malzemeler-c-80738004,3,"Oto, Bahce, Yapi Market > lastik tamir kiti > askeri giyim ve malzemeler"
1804088,60007070,bandanalar,https://www.hepsiburada.com/bandanalar-c-1804088,3,"Oto, Bahce, Yapi Market > lastik tamir kiti > bandanalar"
27045326,60007070,basketbol ayakkabilari,https://www.hepsiburada.com/basketbol-ayakkabilari-c-27045326,3,"Oto, Bahce, Yapi Market > lastik tamir kiti > basketbol ayakkabilari"
19020,60007070,basketbol toplari,https://www.hepsiburada.com/basketbol-toplari-c-19020,3,"Oto, Bahce, Yapi Market > lastik tamir kiti > basketbol toplari"
1300939,60007070,bavullar valizler,https://www.hepsiburada.com/bavullar-valizler-c-1300939,3,"Oto, Bahce, Yapi Market > lastik tamir kiti > bavullar valizler"
17421,60007070,besiktas formalari,https://www.hepsiburada.com/besiktas-formalari-c-17421,3,"Oto, Bahce, Yapi Market > lastik tamir kiti > besiktas formalari"
353125,60007070,dag bisikletleri,https://www.hepsiburada.com/dag-bisikletleri-c-353125,3,"Oto, Bahce, Yapi Market > lastik tamir kiti > dag bisikletleri"
387329,60007070,dambil setler,https://www.hepsiburada.com/dambil-setler-c-387329,3,"Oto, Bahce, Yapi Market > lastik tamir kiti > dambil setler"
60000380,60007070,direnc lastikleri,https://www.hepsiburada.com/direnc-lastikleri-c-60000380,3,"Oto, Bahce, Yapi Market > lastik tamir kiti > direnc lastikleri"
354989,60007070,durbunler,https://www.hepsiburada.com/durbunler-c-354989,3,"Oto, Bahce, Yapi Market > lastik tamir kiti > durbunler"
369744,60007070,el yaylari,https://www.hepsiburada.com/el-yaylari-c-369744,3,"Oto, Bahce, Yapi Market > lastik tamir kiti > el yaylari"
356600,60007070,elektronik optik pusulalar,https://www.hepsiburada.com/elektronik-optik-pusulalar-c-356600,3,"Oto, Bahce, Yapi Market > lastik tamir kiti > elektronik optik pusulalar"
60008821,60007070,fenerbahce yeni sezon formasi,https://www.hepsiburada.com/fenerbahce-yeni-sezon-formasi-c-60008821,3,"Oto, Bahce, Yapi Market > lastik tamir kiti > fenerbahce yeni sezon formasi"
356609,60007070,fenerler,https://www.hepsiburada.com/fenerler-c-356609,3,"Oto, Bahce, Yapi Market > lastik tamir kiti > fenerler"
19021,60007070,futbol toplari,https://www.hepsiburada.com/futbol-toplari-c-19021,3,"Oto, Bahce, Yapi Market > lastik tamir kiti > futbol toplari"
1308748,60007070,kamis olta takimlari,https://www.hepsiburada.com/kamis-olta-takimlari-c-1308748,3,"Oto, Bahce, Yapi Market > lastik tamir kiti > kamis olta takimlari"
1307142,60007070,kamp masalari,https://www.hepsiburada.com/kamp-masalari-c-1307142,3,"Oto, Bahce, Yapi Market > lastik tamir kiti > kamp masalari"
19190,60007070,kamp sandalyeleri,https://www.hepsiburada.com/kamp-sandalyeleri-c-19190,3,"Oto, Bahce, Yapi Market > lastik tamir kiti > kamp sandalyeleri"
367284,60007070,kamp termoslari,https://www.hepsiburada.com/kamp-termoslari-c-367284,3,"Oto, Bahce, Yapi Market > lastik tamir kiti > kamp termoslari"
19233,60007070,katlanabilir bisikletler,https://www.hepsiburada.com/katlanabilir-bisikletler-c-19233,3,"Oto, Bahce, Yapi Market > lastik tamir kiti > katlanabilir bisikletler"
368028,60007070,kaykaylar,https://www.hepsiburada.com/kaykaylar-c-368028,3,"Oto, Bahce, Yapi Market > lastik tamir kiti > kaykaylar"
60001997,60007070,kinesiology bantlari,https://www.hepsiburada.com/kinesiology-bantlari-c-60001997,3,"Oto, Bahce, Yapi Market > lastik tamir kiti > kinesiology bantlari"
407474,60007070,kondisyon bisikletleri,https://www.hepsiburada.com/kondisyon-bisikletleri-c-407474,3,"Oto, Bahce, Yapi Market > lastik tamir kiti > kondisyon bisikletleri"
384555,60007070,kramponlar,https://www.hepsiburada.com/kramponlar-c-384555,3,"Oto, Bahce, Yapi Market > lastik tamir kiti > kramponlar"
27012987,60007070,kum boks torbalari,https://www.hepsiburada.com/kum-boks-torbalari-c-27012987,3,"Oto, Bahce, Yapi Market > lastik tamir kiti > kum boks torbalari"
374386,60007070,masaj koltuklari,https://www.hepsiburada.com/masaj-koltuklari-c-374386,3,"Oto, Bahce, Yapi Market > lastik tamir kiti > masaj koltuklari"
22003663,60007070,outdoor ayakkabilar,https://www.hepsiburada.com/outdoor-ayakkabilar-c-22003663,3,"Oto, Bahce, Yapi Market > lastik tamir kiti > outdoor ayakkabilar"
1301694,60007070,outdoor pantolonlar kapriler,https://www.hepsiburada.com/outdoor-pantolonlar-kapriler-c-1301694,3,"Oto, Bahce, Yapi Market > lastik tamir kiti > outdoor pantolonlar kapriler"
368030,60007070,patenler,https://www.hepsiburada.com/patenler-c-368030,3,"Oto, Bahce, Yapi Market > lastik tamir kiti > patenler"
1300223,60007070,sisme botlar,https://www.hepsiburada.com/sisme-botlar-c-1300223,3,"Oto, Bahce, Yapi Market > lastik tamir kiti > sisme botlar"
1300149,60007070,sisme havuzlar,https://www.hepsiburada.com/sisme-havuzlar-c-1300149,3,"Oto, Bahce, Yapi Market > lastik tamir kiti > sisme havuzlar"
19158,60007070,snorkeller,https://www.hepsiburada.com/snorkeller-c-19158,3,"Oto, Bahce, Yapi Market > lastik tamir kiti > snorkeller"
369686,60007070,spor cantalari,https://www.hepsiburada.com/spor-cantalari-c-369686,3,"Oto, Bahce, Yapi Market > lastik tamir kiti > spor cantalari"
355456,60007070,trampolinler,https://www.hepsiburada.com/trampolinler-c-355456,3,"Oto, Bahce, Yapi Market > lastik tamir kiti > trampolinler"
27047262,60007070,yuruyus kosu ayakkabilari,https://www.hepsiburada.com/yuruyus-kosu-ayakkabilari-c-27047262,3,"Oto, Bahce, Yapi Market > lastik tamir kiti > yuruyus kosu ayakkabilari"
19043,60007070,yuzucu gozlukleri,https://www.hepsiburada.com/yuzucu-gozlukleri-c-19043,3,"Oto, Bahce, Yapi Market > lastik tamir kiti > yuzucu gozlukleri"
22004232,60007070,zipkinlar zipkin uclari,https://www.hepsiburada.com/zipkinlar-zipkin-uclari-c-22004232,3,"Oto, Bahce, Yapi Market > lastik tamir kiti > zipkinlar zipkin uclari"
21031169,13003177,versatil kalemler kursun kalem,https://www.hepsiburada.com/versatil-kalemler-kursun-kalem-c-21031169,3,"Oto, Bahce, Yapi Market > lehim havyalari > versatil kalemler kursun kalem"
22013,34001281,elektrikli izgara barbekuler,https://www.hepsiburada.com/elektrikli-izgara-barbekuler-c-22013,3,"Oto, Bahce, Yapi Market > mangallar > elektrikli izgara barbekuler"
13003081,13003095,Elektrikli Aletler Aksesuarlar,https://www.hepsiburada.com/elektrikli-aletler-aksesuarlar-c-13003081,3,"Oto, Bahce, Yapi Market > matkaplar > Elektrikli Aletler Aksesuarlar"
20036337,20035777,Bagaj Havuzları,https://www.hepsiburada.com/bagaj-havuzlari-c-20036337,3,"Oto, Bahce, Yapi Market > oto paspaslari > Bagaj Havuzları"
20036444,20035777,Halı Paspaslar,https://www.hepsiburada.com/hali-paspaslar-c-20036444,3,"Oto, Bahce, Yapi Market > oto paspaslari > Halı Paspaslar"
20036442,20035777,Paspas Aksesuarları,https://www.hepsiburada.com/paspas-aksesuarlari-c-20036442,3,"Oto, Bahce, Yapi Market > oto paspaslari > Paspas Aksesuarları"
20035778,20035777,Paspaslar,https://www.hepsiburada.com/oto-paspaslari-c-20035778,3,"Oto, Bahce, Yapi Market > oto paspaslari > Paspaslar"
20036441,20035777,Spor Paspaslar,https://www.hepsiburada.com/spor-paspaslar-c-20036441,3,"Oto, Bahce, Yapi Market > oto paspaslari > Spor Paspaslar"
261275,26080,sistem kablolari aksesuarlari,https://www.hepsiburada.com/sistem-kablolari-aksesuarlari-c-261275,3,"Oto, Bahce, Yapi Market > oto teyp > sistem kablolari aksesuarlari"
3011535,26080,yazilabilir cdler,https://www.hepsiburada.com/yazilabilir-cdler-c-3011535,3,"Oto, Bahce, Yapi Market > oto teyp > yazilabilir cdler"
60007680,60002661,akilli prizler,https://www.hepsiburada.com/akilli-prizler-c-60007680,3,"Oto, Bahce, Yapi Market > priz anahtarlar > akilli prizler"
80857263,80857264,Elektrikli Araç Ürünleri,https://www.hepsiburada.com/elektrikli-arac-urunleri-c-80857263,3,"Oto, Bahce, Yapi Market > sarj istasyonu > Elektrikli Araç Ürünleri"
257643,80857264,navigasyon sistemleri,https://www.hepsiburada.com/navigasyon-sistemleri-c-257643,3,"Oto, Bahce, Yapi Market > sarj istasyonu > navigasyon sistemleri"
20024697,60003680,Silecekler Aksesuarları,https://www.hepsiburada.com/silecekler-aksesuarlari-c-20024697,3,"Oto, Bahce, Yapi Market > silecekler > Silecekler Aksesuarları"
80200000,452384,bahce makinesi motoru,https://www.hepsiburada.com/bahce-makinesi-motoru-c-80200000,3,"Oto, Bahce, Yapi Market > su motorlari pompalar > bahce makinesi motoru"
60001377,60003997,guvenlik cihazlari,https://www.hepsiburada.com/guvenlik-cihazlari-c-60001377,3,"Oto, Bahce, Yapi Market > yangin sonduruculer > guvenlik cihazlari"
13003358,60003997,yapi guvenlik kilitleri,https://www.hepsiburada.com/yapi-guvenlik-kilitleri-c-13003358,3,"Oto, Bahce, Yapi Market > yangin sonduruculer > yapi guvenlik kilitleri"
80492098,301159,Bebek Bakım Seti,https://www.hepsiburada.com/bebek-bakim-seti-c-80492098,4,"Anne, Bebek, Oyuncak > Bebek Bakım ve Sağlık > Bebek Cilt Bakım > Bebek Bakım Seti"
80383021,301159,Bebek Yağı,https://www.hepsiburada.com/bebek-yagi-c-80383021,4,"Anne, Bebek, Oyuncak > Bebek Bakım ve Sağlık > Bebek Cilt Bakım > Bebek Yağı"
302626,301159,Güneş Bakım Ürünü,https://www.hepsiburada.com/bebek-gunes-bakim-urunleri-ve-kremleri-c-302626,4,"Anne, Bebek, Oyuncak > Bebek Bakım ve Sağlık > Bebek Cilt Bakım > Güneş Bakım Ürünü"
80383020,301159,Krem & Losyon,https://www.hepsiburada.com/krem-losyon-c-80383020,4,"Anne, Bebek, Oyuncak > Bebek Bakım ve Sağlık > Bebek Cilt Bakım > Krem & Losyon"
80383023,80383022,"Fırça, Tarak",https://www.hepsiburada.com/bebek-fircasi-taragi-c-80383023,4,"Anne, Bebek, Oyuncak > Bebek Bakım ve Sağlık > Bebek Saç Bakım > Fırça, Tarak"
80383027,301160,"Damla, Serum ve Spreyler",https://www.hepsiburada.com/burun-damlasi-ve-spreyi-c-80383027,4,"Anne, Bebek, Oyuncak > Bebek Bakım ve Sağlık > Bebek Sağlık > Damla, Serum ve Spreyler"
60002253,301160,Isı Pedi,https://www.hepsiburada.com/isi-pedleri-c-60002253,4,"Anne, Bebek, Oyuncak > Bebek Bakım ve Sağlık > Bebek Sağlık > Isı Pedi"
80383028,301160,Kulak Çubuğu,https://www.hepsiburada.com/kulak-cubugu-c-80383028,4,"Anne, Bebek, Oyuncak > Bebek Bakım ve Sağlık > Bebek Sağlık > Kulak Çubuğu"
303173,301160,Tartı,https://www.hepsiburada.com/bebek-tartilari-c-303173,4,"Anne, Bebek, Oyuncak > Bebek Bakım ve Sağlık > Bebek Sağlık > Tartı"
23017924,301160,Temizleme Pamuğu,https://www.hepsiburada.com/bebek-temizleme-pamugu-c-23017924,4,"Anne, Bebek, Oyuncak > Bebek Bakım ve Sağlık > Bebek Sağlık > Temizleme Pamuğu"
80383026,301160,Yara Bandı,https://www.hepsiburada.com/yara-bandi-c-80383026,4,"Anne, Bebek, Oyuncak > Bebek Bakım ve Sağlık > Bebek Sağlık > Yara Bandı"
302592,80383032,Banyo Aksesuar,https://www.hepsiburada.com/bebek-banyo-malzemeleri-c-302592,4,"Anne, Bebek, Oyuncak > Bebek Banyo ve Tuvalet > Bebek Banyo > Banyo Aksesuar"
80383036,80383032,Banyo Köpüğü,https://www.hepsiburada.com/banyo-kopugu-c-80383036,4,"Anne, Bebek, Oyuncak > Bebek Banyo ve Tuvalet > Bebek Banyo > Banyo Köpüğü"
303172,80383032,Banyo Termometresi,https://www.hepsiburada.com/bebek-dereceleri-c-303172,4,"Anne, Bebek, Oyuncak > Bebek Banyo ve Tuvalet > Bebek Banyo > Banyo Termometresi"
80383035,80383032,Bebek Sabunu,https://www.hepsiburada.com/bebek-sabunu-c-80383035,4,"Anne, Bebek, Oyuncak > Bebek Banyo ve Tuvalet > Bebek Banyo > Bebek Sabunu"
80383041,80383037,Kirli Bebek Bezi Atık Sistemi,https://www.hepsiburada.com/kirli-bebek-bezi-atik-sistemi-c-80383041,4,"Anne, Bebek, Oyuncak > Bebek Banyo ve Tuvalet > Bebek Tuvalet > Kirli Bebek Bezi Atık Sistemi"
302591,80383037,"Lazımlık, Oturak",https://www.hepsiburada.com/bebek-tuvaletleri-c-302591,4,"Anne, Bebek, Oyuncak > Bebek Banyo ve Tuvalet > Bebek Tuvalet > Lazımlık, Oturak"
80383039,80383037,Çocuk Basamağı,https://www.hepsiburada.com/cocuk-basamagi-c-80383039,4,"Anne, Bebek, Oyuncak > Bebek Banyo ve Tuvalet > Bebek Tuvalet > Çocuk Basamağı"
303497,301163,Biberon Maması,https://www.hepsiburada.com/biberon-mamalari-c-303497,4,"Anne, Bebek, Oyuncak > Bebek Beslenme > Bebek Maması > Biberon Maması"
60002073,301163,Devam Sütü,https://www.hepsiburada.com/devam-sutleri-c-60002073,4,"Anne, Bebek, Oyuncak > Bebek Beslenme > Bebek Maması > Devam Sütü"
302132,301163,Kavanoz Mama,https://www.hepsiburada.com/kavanoz-mamalari-c-302132,4,"Anne, Bebek, Oyuncak > Bebek Beslenme > Bebek Maması > Kavanoz Mama"
303496,301163,Kaşık Maması,https://www.hepsiburada.com/kasik-mamalari-c-303496,4,"Anne, Bebek, Oyuncak > Bebek Beslenme > Bebek Maması > Kaşık Maması"
80381003,80381000,Bebek Atıştırmalığı,https://www.hepsiburada.com/bebek-atistirmaligi-c-80381003,4,"Anne, Bebek, Oyuncak > Bebek Beslenme > Bebek Yiyecek ve İçecek > Bebek Atıştırmalığı"
80381002,80381000,Bebek Bisküvisi,https://www.hepsiburada.com/bebek-biskuvisi-c-80381002,4,"Anne, Bebek, Oyuncak > Bebek Beslenme > Bebek Yiyecek ve İçecek > Bebek Bisküvisi"
60002082,80381000,Bebek Meyve Suyu,https://www.hepsiburada.com/bebek-meyve-sulari-c-60002082,4,"Anne, Bebek, Oyuncak > Bebek Beslenme > Bebek Yiyecek ve İçecek > Bebek Meyve Suyu"
302134,80381000,Bebek Çayı,https://www.hepsiburada.com/bebek-caylari-c-302134,4,"Anne, Bebek, Oyuncak > Bebek Beslenme > Bebek Yiyecek ve İçecek > Bebek Çayı"
302133,80381000,Bebek Çorbası,https://www.hepsiburada.com/bebek-corbalari-c-302133,4,"Anne, Bebek, Oyuncak > Bebek Beslenme > Bebek Yiyecek ve İçecek > Bebek Çorbası"
80381001,80381000,Bebek İçme Suyu,https://www.hepsiburada.com/bebek-icme-suyu-c-80381001,4,"Anne, Bebek, Oyuncak > Bebek Beslenme > Bebek Yiyecek ve İçecek > Bebek İçme Suyu"
301171,301161,Alıştırma Bardağı,https://www.hepsiburada.com/alistirma-bardaklari-c-301171,4,"Anne, Bebek, Oyuncak > Bebek Beslenme > Beslenme Gereci > Alıştırma Bardağı"
302888,301161,Mama Hazırlayıcı,https://www.hepsiburada.com/mama-hazirlayicilar-c-302888,4,"Anne, Bebek, Oyuncak > Bebek Beslenme > Beslenme Gereci > Mama Hazırlayıcı"
80381007,301161,"Meyve, Sebze Filesi",https://www.hepsiburada.com/meyve-sebze-filesi-c-80381007,4,"Anne, Bebek, Oyuncak > Bebek Beslenme > Beslenme Gereci > Meyve, Sebze Filesi"
10413,301161,"Termos, Kap",https://www.hepsiburada.com/bebek-termosu-kap-c-10413,4,"Anne, Bebek, Oyuncak > Bebek Beslenme > Beslenme Gereci > Termos, Kap"
301170,301161,Yemek ve Mama Seti,https://www.hepsiburada.com/bebek-yemek-setleri-c-301170,4,"Anne, Bebek, Oyuncak > Bebek Beslenme > Beslenme Gereci > Yemek ve Mama Seti"
10351,301161,anne bebek urunleri,https://www.hepsiburada.com/anne-bebek-urunleri-c-10351,4,"Anne, Bebek, Oyuncak > Bebek Beslenme > Beslenme Gereci > anne bebek urunleri"
301169,301161,"Önlük, Ağız Bezi",https://www.hepsiburada.com/bebek-onlukleri-c-301169,4,"Anne, Bebek, Oyuncak > Bebek Beslenme > Beslenme Gereci > Önlük, Ağız Bezi"
301172,80383001,Biberon,https://www.hepsiburada.com/biberonlar-c-301172,4,"Anne, Bebek, Oyuncak > Bebek Beslenme > Biberon, Emzik ve Aksesuar > Biberon"
23020683,80383001,Biberon Aksesuar,https://www.hepsiburada.com/biberon-aksesuarlari-c-23020683,4,"Anne, Bebek, Oyuncak > Bebek Beslenme > Biberon, Emzik ve Aksesuar > Biberon Aksesuar"
23031803,80383001,Biberon Emziği,https://www.hepsiburada.com/biberon-emzikler-c-23031803,4,"Anne, Bebek, Oyuncak > Bebek Beslenme > Biberon, Emzik ve Aksesuar > Biberon Emziği"
80677097,80383001,Emzik Kutusu,https://www.hepsiburada.com/emzik-kutusu-c-80677097,4,"Anne, Bebek, Oyuncak > Bebek Beslenme > Biberon, Emzik ve Aksesuar > Emzik Kutusu"
301167,80383001,Emzik Zinciri ve Askısı,https://www.hepsiburada.com/emzik-zinciri-ve-askisi-c-301167,4,"Anne, Bebek, Oyuncak > Bebek Beslenme > Biberon, Emzik ve Aksesuar > Emzik Zinciri ve Askısı"
60001344,80383001,uht sutler,https://www.hepsiburada.com/uht-sutler-c-60001344,4,"Anne, Bebek, Oyuncak > Bebek Beslenme > Biberon, Emzik ve Aksesuar > uht sutler"
23021025,23012962,Kapı Süsü,https://www.hepsiburada.com/isme-ozel-bebek-kapi-susleri-c-23021025,4,"Anne, Bebek, Oyuncak > Bebek Hediyelik > İsme Özel Hediyelik > Kapı Süsü"
23021024,23012962,Kutu,https://www.hepsiburada.com/isme-ozel-hediyelik-kutular-c-23021024,4,"Anne, Bebek, Oyuncak > Bebek Hediyelik > İsme Özel Hediyelik > Kutu"
23021023,23012962,Tekstil,https://www.hepsiburada.com/isme-ozel-hediyelik-tekstil-urunleri-c-23021023,4,"Anne, Bebek, Oyuncak > Bebek Hediyelik > İsme Özel Hediyelik > Tekstil"
23021022,23012962,Çerçeve,https://www.hepsiburada.com/cerceveler-c-23021022,4,"Anne, Bebek, Oyuncak > Bebek Hediyelik > İsme Özel Hediyelik > Çerçeve"
311645,80381050,"Havlu, Bornoz",https://www.hepsiburada.com/bebek-havlu-bornozlari-c-311645,4,"Anne, Bebek, Oyuncak > Bebek Odası ve Tekstili > Bebek Banyo Tekstili > Havlu, Bornoz"
80381051,80381050,Kirli Torbası,https://www.hepsiburada.com/kirli-torbasi-c-80381051,4,"Anne, Bebek, Oyuncak > Bebek Odası ve Tekstili > Bebek Banyo Tekstili > Kirli Torbası"
80381049,80381044,Bebek Yüz Örtüsü,https://www.hepsiburada.com/bebek-yuz-ortusu-c-80381049,4,"Anne, Bebek, Oyuncak > Bebek Odası ve Tekstili > Bebek Tekstili > Bebek Yüz Örtüsü"
80381048,80381044,Cibinlik ve Aksesuarı,https://www.hepsiburada.com/cibinlik-ve-aksesuari-c-80381048,4,"Anne, Bebek, Oyuncak > Bebek Odası ve Tekstili > Bebek Tekstili > Cibinlik ve Aksesuarı"
23017934,80381044,Uyku Seti,https://www.hepsiburada.com/bebek-nevresim-uyku-setleri-c-23017934,4,"Anne, Bebek, Oyuncak > Bebek Odası ve Tekstili > Bebek Tekstili > Uyku Seti"
80381046,80381044,Yastık Kılıfı,https://www.hepsiburada.com/bebek-yastik-kilifi-c-80381046,4,"Anne, Bebek, Oyuncak > Bebek Odası ve Tekstili > Bebek Tekstili > Yastık Kılıfı"
80381047,80381044,Çarşaf,https://www.hepsiburada.com/bebek-carsaf-c-80381047,4,"Anne, Bebek, Oyuncak > Bebek Odası ve Tekstili > Bebek Tekstili > Çarşaf"
60000175,23012883,Askı,https://www.hepsiburada.com/bebek-dekorasyon-askilari-c-60000175,4,"Anne, Bebek, Oyuncak > Bebek Odası ve Tekstili > Dekorasyon > Askı"
304388,23012883,Aydınlatma,https://www.hepsiburada.com/bebek-dekorasyon-aydinlatmalari-c-304388,4,"Anne, Bebek, Oyuncak > Bebek Odası ve Tekstili > Dekorasyon > Aydınlatma"
23020685,23012883,Boy Ölçer,https://www.hepsiburada.com/boy-olcerler-c-23020685,4,"Anne, Bebek, Oyuncak > Bebek Odası ve Tekstili > Dekorasyon > Boy Ölçer"
309734,23012883,Duvar Süsü,https://www.hepsiburada.com/duvar-susleri-c-309734,4,"Anne, Bebek, Oyuncak > Bebek Odası ve Tekstili > Dekorasyon > Duvar Süsü"
10487,23012883,Halı,https://www.hepsiburada.com/bebek-halilari-c-10487,4,"Anne, Bebek, Oyuncak > Bebek Odası ve Tekstili > Dekorasyon > Halı"
60000236,23012883,Mobilya Kulpu,https://www.hepsiburada.com/mobilya-kulpu-c-60000236,4,"Anne, Bebek, Oyuncak > Bebek Odası ve Tekstili > Dekorasyon > Mobilya Kulpu"
23022170,23012883,Çocuk Çöp Kovası,https://www.hepsiburada.com/cocuk-cop-kovasi-c-23022170,4,"Anne, Bebek, Oyuncak > Bebek Odası ve Tekstili > Dekorasyon > Çocuk Çöp Kovası"
291087,80381037,Çocuk Koltuğu,https://www.hepsiburada.com/cocuk-koltugu-c-291087,4,"Anne, Bebek, Oyuncak > Bebek Odası ve Tekstili > Oyun Odası Mobilyası > Çocuk Koltuğu"
60002093,23012961,Bebek Odası Takımı,https://www.hepsiburada.com/bebek-odasi-urunleri-c-60002093,4,"Anne, Bebek, Oyuncak > Bebek Odası ve Tekstili > bebek odasi mobilyalari > Bebek Odası Takımı"
80381036,23012961,Emzirme Koltuğu,https://www.hepsiburada.com/emzirme-koltugu-c-80381036,4,"Anne, Bebek, Oyuncak > Bebek Odası ve Tekstili > bebek odasi mobilyalari > Emzirme Koltuğu"
80383013,309942,Göğüs Ucu Kremi,https://www.hepsiburada.com/gogus-ucu-kremi-c-80383013,4,"Anne, Bebek, Oyuncak > Emzirme ve Anne Sağlık > Anne Kozmetik > Göğüs Ucu Kremi"
60002061,309942,anne giyim kozmetik bakim urunleri,https://www.hepsiburada.com/anne-giyim-kozmetik-bakim-urunleri-c-60002061,4,"Anne, Bebek, Oyuncak > Emzirme ve Anne Sağlık > Anne Kozmetik > anne giyim kozmetik bakim urunleri"
23020709,301152,Uyku & İç Giyim,https://www.hepsiburada.com/bebek-ic-giyim-c-23020709,4,"Anne, Bebek, Oyuncak > Giyim > Bebek Giyim > Uyku & İç Giyim"
60007309,301152,Yenidoğan,https://www.hepsiburada.com/yeni-dogan-bebek-kiyafetleri-c-60007309,4,"Anne, Bebek, Oyuncak > Giyim > Bebek Giyim > Yenidoğan"
309404,23020381,Hamile Kıyafetleri,https://www.hepsiburada.com/hamile-kiyafetleri-c-309404,4,"Anne, Bebek, Oyuncak > Giyim > Hamile Giyim > Hamile Kıyafetleri"
308085,23020381,Hamile İç Giyim,https://www.hepsiburada.com/hamile-ic-giyim-urunleri-c-308085,4,"Anne, Bebek, Oyuncak > Giyim > Hamile Giyim > Hamile İç Giyim"
10295,23024589,Erkek,https://www.hepsiburada.com/erkek-c-10295,4,"Anne, Bebek, Oyuncak > Giyim > Çocuk Giyim > Erkek"
10294,23024589,Kız,https://www.hepsiburada.com/kiz-c-10294,4,"Anne, Bebek, Oyuncak > Giyim > Çocuk Giyim > Kız"
60000891,23024589,cocuk giysileri,https://www.hepsiburada.com/cocuk-giysileri-c-60000891,4,"Anne, Bebek, Oyuncak > Giyim > Çocuk Giyim > cocuk giysileri"
301192,80383040,bebek battaniyeleri,https://www.hepsiburada.com/bebek-battaniyeleri-c-301192,4,"Anne, Bebek, Oyuncak > Oto Koltuğu & Aksesuarı > alistirma kulodu > bebek battaniyeleri"
304012,80383040,bebek nevresim takimlari uyku setleri,https://www.hepsiburada.com/bebek-nevresim-takimlari-uyku-setleri-c-304012,4,"Anne, Bebek, Oyuncak > Oto Koltuğu & Aksesuarı > alistirma kulodu > bebek nevresim takimlari uyku setleri"
23021020,80383040,bebek yastiklari,https://www.hepsiburada.com/bebek-yastiklari-c-23021020,4,"Anne, Bebek, Oyuncak > Oto Koltuğu & Aksesuarı > alistirma kulodu > bebek yastiklari"
23021021,80383040,bebek yorganlari,https://www.hepsiburada.com/bebek-yorganlari-c-23021021,4,"Anne, Bebek, Oyuncak > Oto Koltuğu & Aksesuarı > alistirma kulodu > bebek yorganlari"
23032026,60002264,Ahşap Oyuncak,https://www.hepsiburada.com/ahsap-oyuncaklar-c-23032026,4,"Anne, Bebek, Oyuncak > Oyuncak > Bebek Oyuncağı (0-24 Ay) > Ahşap Oyuncak"
23046377,60002264,Banyo Oyuncağı,https://www.hepsiburada.com/banyo-oyuncaklari-c-23046377,4,"Anne, Bebek, Oyuncak > Oyuncak > Bebek Oyuncağı (0-24 Ay) > Banyo Oyuncağı"
301162,60002264,"Dişlik, Çıngırak",https://www.hepsiburada.com/bebek-dis-kasiyicilar-cingiraklar-c-301162,4,"Anne, Bebek, Oyuncak > Oyuncak > Bebek Oyuncağı (0-24 Ay) > Dişlik, Çıngırak"
301151,60002264,"Dönence, Projektör",https://www.hepsiburada.com/donence-projektorler-c-301151,4,"Anne, Bebek, Oyuncak > Oyuncak > Bebek Oyuncağı (0-24 Ay) > Dönence, Projektör"
80138063,60002264,Erken Öğrenme Oyuncağı,https://www.hepsiburada.com/erken-ogrenme-oyuncaklari-c-80138063,4,"Anne, Bebek, Oyuncak > Oyuncak > Bebek Oyuncağı (0-24 Ay) > Erken Öğrenme Oyuncağı"
80138064,60002264,Kukla,https://www.hepsiburada.com/kukla-c-80138064,4,"Anne, Bebek, Oyuncak > Oyuncak > Bebek Oyuncağı (0-24 Ay) > Kukla"
306857,60002264,Sallanan Oyuncak,https://www.hepsiburada.com/sallanan-oyuncaklar-c-306857,4,"Anne, Bebek, Oyuncak > Oyuncak > Bebek Oyuncağı (0-24 Ay) > Sallanan Oyuncak"
80136015,60002264,Uyku Arkadaşı,https://www.hepsiburada.com/uyku-arkadasi-c-80136015,4,"Anne, Bebek, Oyuncak > Oyuncak > Bebek Oyuncağı (0-24 Ay) > Uyku Arkadaşı"
80138061,295869,Kask ve Güvenlik Aksesuarı,https://www.hepsiburada.com/cocuk-koruyucu-aksesuarlar-c-80138061,4,"Anne, Bebek, Oyuncak > Oyuncak > Bisiklet, Scooter ve Paten > Kask ve Güvenlik Aksesuarı"
80136014,295869,Çocuk Kaykay,https://www.hepsiburada.com/cocuk-kaykay-c-80136014,4,"Anne, Bebek, Oyuncak > Oyuncak > Bisiklet, Scooter ve Paten > Çocuk Kaykay"
10350,80138057,Bahçe Oyuncakları,https://www.hepsiburada.com/bahce-oyuncaklari-c-10350,4,"Anne, Bebek, Oyuncak > Oyuncak > Dış Mekan ve Spor Oyuncağı > Bahçe Oyuncakları"
60006422,80138057,"Nerf, Oyuncak Tabanca",https://www.hepsiburada.com/oyuncak-silah-su-tabancasi-c-60006422,4,"Anne, Bebek, Oyuncak > Oyuncak > Dış Mekan ve Spor Oyuncağı > Nerf, Oyuncak Tabanca"
23032029,80138057,Spor Oyuncağı,https://www.hepsiburada.com/cocuk-spor-oyuncaklari-c-23032029,4,"Anne, Bebek, Oyuncak > Oyuncak > Dış Mekan ve Spor Oyuncağı > Spor Oyuncağı"
23024292,10452,Bilim Seti,https://www.hepsiburada.com/bilim-oyun-setleri-c-23024292,4,"Anne, Bebek, Oyuncak > Oyuncak > Eğitici ve Öğretici Oyun > Bilim Seti"
23021006,10452,Çocuk Müzik Aleti,https://www.hepsiburada.com/cocuk-muzik-c-23021006,4,"Anne, Bebek, Oyuncak > Oyuncak > Eğitici ve Öğretici Oyun > Çocuk Müzik Aleti"
60002443,10452,Üç Boyutlu Puzzle,https://www.hepsiburada.com/3d-puzzle-c-60002443,4,"Anne, Bebek, Oyuncak > Oyuncak > Eğitici ve Öğretici Oyun > Üç Boyutlu Puzzle"
80398009,313764,Hayvan Figürü,https://www.hepsiburada.com/hayvan-figuru-c-80398009,4,"Anne, Bebek, Oyuncak > Oyuncak > Figür Oyuncağı > Hayvan Figürü"
80138072,313764,Karakter Figürü,https://www.hepsiburada.com/aksiyon-figurleri-c-80138072,4,"Anne, Bebek, Oyuncak > Oyuncak > Figür Oyuncağı > Karakter Figürü"
23022181,313764,Oyun Setleri,https://www.hepsiburada.com/oyun-setleri-c-23022181,4,"Anne, Bebek, Oyuncak > Oyuncak > Figür Oyuncağı > Oyun Setleri"
60004473,60002099,Masa & Sandalye,https://www.hepsiburada.com/oyuncak-masa-sandalyeler-c-60004473,4,"Anne, Bebek, Oyuncak > Oyuncak > Oyun Odası > Masa & Sandalye"
313082,60002099,Yazı Tahtaları,https://www.hepsiburada.com/oyuncak-yazi-tahtalari-c-313082,4,"Anne, Bebek, Oyuncak > Oyuncak > Oyun Odası > Yazı Tahtaları"
60002249,60002099,Çocuk Valiz & Çantaları,https://www.hepsiburada.com/cocuk-valizleri-c-60002249,4,"Anne, Bebek, Oyuncak > Oyuncak > Oyun Odası > Çocuk Valiz & Çantaları"
80138062,60002099,Çocuk Çöp Kovaları,https://www.hepsiburada.com/cocuk-cop-kovalari-c-80138062,4,"Anne, Bebek, Oyuncak > Oyuncak > Oyun Odası > Çocuk Çöp Kovaları"
80136023,60002099,Şeker Makineleri,https://www.hepsiburada.com/seker-makineleri-c-80136023,4,"Anne, Bebek, Oyuncak > Oyuncak > Oyun Odası > Şeker Makineleri"
60006480,23022184,Model Bebekler,https://www.hepsiburada.com/model-bebekler-c-60006480,4,"Anne, Bebek, Oyuncak > Oyuncak > Oyuncak Bebek ve Aksesuar > Model Bebekler"
60006481,23022184,Oyuncak Bebek Evi,https://www.hepsiburada.com/oyuncak-bebek-evi-c-60006481,4,"Anne, Bebek, Oyuncak > Oyuncak > Oyuncak Bebek ve Aksesuar > Oyuncak Bebek Evi"
80382045,23022184,İnteraktif Oyuncak Bebek,https://www.hepsiburada.com/interaktif-oyuncak-bebek-c-80382045,4,"Anne, Bebek, Oyuncak > Oyuncak > Oyuncak Bebek ve Aksesuar > İnteraktif Oyuncak Bebek"
23010454,23020427,Parti Malzemesi,https://www.hepsiburada.com/parti-aksesuarlari-c-23010454,4,"Anne, Bebek, Oyuncak > Oyuncak > Parti Malzemesi, Kostüm > Parti Malzemesi"
10309,23020427,yapbozlar puzzlelar,https://www.hepsiburada.com/yapbozlar-puzzlelar-c-10309,4,"Anne, Bebek, Oyuncak > Oyuncak > Parti Malzemesi, Kostüm > yapbozlar puzzlelar"
80136016,80123020,Beceri Oyuncakları,https://www.hepsiburada.com/beceri-oyuncaklari-c-80136016,4,"Anne, Bebek, Oyuncak > Oyuncak > Sanat & Bilim & Beceri Oyuncakları > Beceri Oyuncakları"
23020688,80123020,Oyun Hamuru,https://www.hepsiburada.com/oyun-hamurlari-c-23020688,4,"Anne, Bebek, Oyuncak > Oyuncak > Sanat & Bilim & Beceri Oyuncakları > Oyun Hamuru"
80138069,80123020,"Takı, Moda Tasarım Seti",https://www.hepsiburada.com/bebek-tasarim-setleri-c-80138069,4,"Anne, Bebek, Oyuncak > Oyuncak > Sanat & Bilim & Beceri Oyuncakları > Takı, Moda Tasarım Seti"
60006816,80123020,Çocuk Boyası,https://www.hepsiburada.com/cocuk-boyasi-c-60006816,4,"Anne, Bebek, Oyuncak > Oyuncak > Sanat & Bilim & Beceri Oyuncakları > Çocuk Boyası"
80123019,80123018,Çocuk Bilgisayar Oyunları,https://www.hepsiburada.com/cocuk-bilgisayar-oyunlari-c-80123019,4,"Anne, Bebek, Oyuncak > Oyuncak > Çocuk Multimedya > Çocuk Bilgisayar Oyunları"
23012636,80123018,Çocuk Elektronik,https://www.hepsiburada.com/cocuk-elektronik-c-23012636,4,"Anne, Bebek, Oyuncak > Oyuncak > Çocuk Multimedya > Çocuk Elektronik"
23028728,80123018,Çocuk Filmleri,https://www.hepsiburada.com/cocuk-dvd-vcd-c-23028728,4,"Anne, Bebek, Oyuncak > Oyuncak > Çocuk Multimedya > Çocuk Filmleri"
23028727,80123018,Çocuk Kitapları,https://www.hepsiburada.com/cocuk-kitaplari-c-23028727,4,"Anne, Bebek, Oyuncak > Oyuncak > Çocuk Multimedya > Çocuk Kitapları"
80322000,60007979,3d kalem,https://www.hepsiburada.com/3d-kalem-c-80322000,4,"Anne, Bebek, Oyuncak > amigurumi > sis tiglar > 3d kalem"
60005936,60007979,El İşi Malzemeleri,https://www.hepsiburada.com/el-isi-malzemeleri-c-60005936,4,"Anne, Bebek, Oyuncak > amigurumi > sis tiglar > El İşi Malzemeleri"
1200001,60007979,Hobi Oyunlar,https://www.hepsiburada.com/hobi-oyunlar-c-1200001,4,"Anne, Bebek, Oyuncak > amigurumi > sis tiglar > Hobi Oyunlar"
60002139,60007979,ahsap maketler,https://www.hepsiburada.com/ahsap-maketler-c-60002139,4,"Anne, Bebek, Oyuncak > amigurumi > sis tiglar > ahsap maketler"
60002721,60007979,akil oyunlari,https://www.hepsiburada.com/akil-oyunlari-c-60002721,4,"Anne, Bebek, Oyuncak > amigurumi > sis tiglar > akil oyunlari"
22001915,60007979,bereler,https://www.hepsiburada.com/bereler-c-22001915,4,"Anne, Bebek, Oyuncak > amigurumi > sis tiglar > bereler"
14003280,60007979,dominolar,https://www.hepsiburada.com/dominolar-c-14003280,4,"Anne, Bebek, Oyuncak > amigurumi > sis tiglar > dominolar"
60001277,60007979,harita puzzle yapbozlar,https://www.hepsiburada.com/harita-puzzle-yapbozlar-c-60001277,4,"Anne, Bebek, Oyuncak > amigurumi > sis tiglar > harita puzzle yapbozlar"
1205175,60007979,kostumler parti malzemeleri,https://www.hepsiburada.com/kostumler-parti-malzemeleri-c-1205175,4,"Anne, Bebek, Oyuncak > amigurumi > sis tiglar > kostumler parti malzemeleri"
10283,60007979,kutu oyunlari,https://www.hepsiburada.com/kutu-oyunlari-c-10283,4,"Anne, Bebek, Oyuncak > amigurumi > sis tiglar > kutu oyunlari"
60001092,60007979,maketler,https://www.hepsiburada.com/maketler-c-60001092,4,"Anne, Bebek, Oyuncak > amigurumi > sis tiglar > maketler"
60001091,60007979,model arac cesitleri,https://www.hepsiburada.com/model-arac-cesitleri-c-60001091,4,"Anne, Bebek, Oyuncak > amigurumi > sis tiglar > model arac cesitleri"
1204341,60007979,model ucaklar,https://www.hepsiburada.com/model-ucaklar-c-1204341,4,"Anne, Bebek, Oyuncak > amigurumi > sis tiglar > model ucaklar"
1201454,60007979,nintendo aksesuarlari,https://www.hepsiburada.com/nintendo-aksesuarlari-c-1201454,4,"Anne, Bebek, Oyuncak > amigurumi > sis tiglar > nintendo aksesuarlari"
80229024,60007979,nintendo konsol,https://www.hepsiburada.com/nintendo-konsol-c-80229024,4,"Anne, Bebek, Oyuncak > amigurumi > sis tiglar > nintendo konsol"
80455058,60007979,nintendo switch oyunlari,https://www.hepsiburada.com/nintendo-switch-oyunlari-c-80455058,4,"Anne, Bebek, Oyuncak > amigurumi > sis tiglar > nintendo switch oyunlari"
14002004,60007979,oyun kagitlari,https://www.hepsiburada.com/oyun-kagitlari-c-14002004,4,"Anne, Bebek, Oyuncak > amigurumi > sis tiglar > oyun kagitlari"
1200413,60007979,playstation 3 konsollari,https://www.hepsiburada.com/playstation-3-konsollari-c-1200413,4,"Anne, Bebek, Oyuncak > amigurumi > sis tiglar > playstation 3 konsollari"
1200412,60007979,playstation 3 oyunlari,https://www.hepsiburada.com/playstation-3-oyunlari-c-1200412,4,"Anne, Bebek, Oyuncak > amigurumi > sis tiglar > playstation 3 oyunlari"
60003893,60007979,playstation 4 oyunlari,https://www.hepsiburada.com/playstation-4-oyunlari-c-60003893,4,"Anne, Bebek, Oyuncak > amigurumi > sis tiglar > playstation 4 oyunlari"
1204495,60007979,psp oyunlari,https://www.hepsiburada.com/psp-oyunlari-c-1204495,4,"Anne, Bebek, Oyuncak > amigurumi > sis tiglar > psp oyunlari"
1201902,60007979,puzzle yapbozlar,https://www.hepsiburada.com/puzzle-yapbozlar-c-1201902,4,"Anne, Bebek, Oyuncak > amigurumi > sis tiglar > puzzle yapbozlar"
1204865,60007979,rc benzinli nitrolu arabalar,https://www.hepsiburada.com/rc-benzinli-nitrolu-arabalar-c-1204865,4,"Anne, Bebek, Oyuncak > amigurumi > sis tiglar > rc benzinli nitrolu arabalar"
1201183,60007979,satranc takimlari,https://www.hepsiburada.com/satranc-takimlari-c-1201183,4,"Anne, Bebek, Oyuncak > amigurumi > sis tiglar > satranc takimlari"
80203011,60007979,stres carki,https://www.hepsiburada.com/stres-carki-c-80203011,4,"Anne, Bebek, Oyuncak > amigurumi > sis tiglar > stres carki"
80207017,60007979,stres topu,https://www.hepsiburada.com/stres-topu-c-80207017,4,"Anne, Bebek, Oyuncak > amigurumi > sis tiglar > stres topu"
1201184,60007979,tavlalar,https://www.hepsiburada.com/tavlalar-c-1201184,4,"Anne, Bebek, Oyuncak > amigurumi > sis tiglar > tavlalar"
14001244,60007979,uzaktan kumandali arabalar,https://www.hepsiburada.com/uzaktan-kumandali-arabalar-c-14001244,4,"Anne, Bebek, Oyuncak > amigurumi > sis tiglar > uzaktan kumandali arabalar"
60007976,60007979,Örgü & Dantel Malzemeleri,https://www.hepsiburada.com/orgu-dantel-malzemeleri-c-60007976,4,"Anne, Bebek, Oyuncak > amigurumi > sis tiglar > Örgü & Dantel Malzemeleri"
26012139,301175,kolonyalar,https://www.hepsiburada.com/kolonyalar-c-26012139,4,"Anne, Bebek, Oyuncak > bebek pisik kremi yaglari > islak mendiller > kolonyalar"
60003014,302243,Alıştırma Mayoları,https://www.hepsiburada.com/alistirma-mayolari-c-60003014,4,"Anne, Bebek, Oyuncak > haciyatmaz > Deniz Plaj Malzemeleri > Alıştırma Mayoları"
306878,302243,Bebek Güneş Kremi,https://www.hepsiburada.com/bebek-gunes-kremleri-c-306878,4,"Anne, Bebek, Oyuncak > haciyatmaz > Deniz Plaj Malzemeleri > Bebek Güneş Kremi"
306724,302243,Deniz Malzemeleri,https://www.hepsiburada.com/deniz-malzemeleri-c-306724,4,"Anne, Bebek, Oyuncak > haciyatmaz > Deniz Plaj Malzemeleri > Deniz Malzemeleri"
296872,302243,Deniz ve Havuz Oyuncağı,https://www.hepsiburada.com/plaj-oyuncaklari-c-296872,4,"Anne, Bebek, Oyuncak > haciyatmaz > Deniz Plaj Malzemeleri > Deniz ve Havuz Oyuncağı"
315056,302243,Güneş Gözlükleri,https://www.hepsiburada.com/cocuk-gunes-gozlukleri-c-315056,4,"Anne, Bebek, Oyuncak > haciyatmaz > Deniz Plaj Malzemeleri > Güneş Gözlükleri"
289774,302243,sanatsal hobi urunleri,https://www.hepsiburada.com/sanatsal-hobi-urunleri-c-289774,4,"Anne, Bebek, Oyuncak > haciyatmaz > Deniz Plaj Malzemeleri > sanatsal hobi urunleri"
15547,21005382,Masa Üstü Gereçleri,https://www.hepsiburada.com/masa-ustu-gerecleri-c-15547,4,"Anne, Bebek, Oyuncak > slime > yapistiricilar tutkallar > Masa Üstü Gereçleri"
162153,17693,Dikiş Makinası Aksesuarları,https://www.hepsiburada.com/dikis-makinasi-aksesuarlari-c-162153,4,Elektronik > Elektrikli Ev Aletleri > Dikiş Makinaları & Aksesuarları > Dikiş Makinası Aksesuarları
28001486,60002913,kahveler,https://www.hepsiburada.com/kahveler-c-28001486,4,Elektronik > Ev Gereçleri > Oda Kokuları > kahveler
28001541,60002914,temizlik setleri,https://www.hepsiburada.com/temizlik-setleri-c-28001541,4,Elektronik > Ev Gereçleri > Plastik Temizlik Malzemeleri > temizlik setleri
80081040,8001872,Ayak Isıtıcıları,https://www.hepsiburada.com/ayak-isitici-c-80081040,4,Elektronik > Isıtma ve Soğutma > Sobalar ve Isıtıcılar > Ayak Isıtıcıları
80081043,8001872,Doğalgaz Sobaları,https://www.hepsiburada.com/dogalgaz-sobasi-c-80081043,4,Elektronik > Isıtma ve Soğutma > Sobalar ve Isıtıcılar > Doğalgaz Sobaları
80081039,8001872,Fanlı Isıtıcılar,https://www.hepsiburada.com/fanli-isiticilar-c-80081039,4,Elektronik > Isıtma ve Soğutma > Sobalar ve Isıtıcılar > Fanlı Isıtıcılar
80081036,8001872,Infrared Isıtıcılar,https://www.hepsiburada.com/infrared-isiticilar-c-80081036,4,Elektronik > Isıtma ve Soğutma > Sobalar ve Isıtıcılar > Infrared Isıtıcılar
8001883,8001872,Isıtıcı Ayakları & Aparatlar,https://www.hepsiburada.com/infrared-isitici-ayaklari-c-8001883,4,Elektronik > Isıtma ve Soğutma > Sobalar ve Isıtıcılar > Isıtıcı Ayakları & Aparatlar
80091008,8001872,Karbon Isıtıcı,https://www.hepsiburada.com/karbon-isitici-c-80091008,4,Elektronik > Isıtma ve Soğutma > Sobalar ve Isıtıcılar > Karbon Isıtıcı
80091010,8001872,Konveksiyonel Isıtıcı,https://www.hepsiburada.com/konveksiyonel-isitici-c-80091010,4,Elektronik > Isıtma ve Soğutma > Sobalar ve Isıtıcılar > Konveksiyonel Isıtıcı
80081041,8001872,Konvektörler,https://www.hepsiburada.com/konvektor-c-80081041,4,Elektronik > Isıtma ve Soğutma > Sobalar ve Isıtıcılar > Konvektörler
80091012,8001872,Panel Isıtıcı,https://www.hepsiburada.com/panel-isitici-c-80091012,4,Elektronik > Isıtma ve Soğutma > Sobalar ve Isıtıcılar > Panel Isıtıcı
80081038,8001872,Quartz Sobalar,https://www.hepsiburada.com/quartz-soba-c-80081038,4,Elektronik > Isıtma ve Soğutma > Sobalar ve Isıtıcılar > Quartz Sobalar
80081042,8001872,Seramik Isıtıcılar,https://www.hepsiburada.com/seramik-isiticilar-c-80081042,4,Elektronik > Isıtma ve Soğutma > Sobalar ve Isıtıcılar > Seramik Isıtıcılar
80081037,8001872,Yağlı Radyatörler,https://www.hepsiburada.com/yagli-radyator-c-80081037,4,Elektronik > Isıtma ve Soğutma > Sobalar ve Isıtıcılar > Yağlı Radyatörler
2147483643,285390,Kırtasiye / Ofis,https://www.hepsiburada.com/kirtasiye-ofis-urunleri-c-2147483643,4,Elektronik > bluetooth hoparlorler > projeksiyon sistemleri > Kırtasiye / Ofis
15530,285390,Projeksiyon Cihazı,https://www.hepsiburada.com/projeksiyon-cihazlari-c-15530,4,Elektronik > bluetooth hoparlorler > projeksiyon sistemleri > Projeksiyon Cihazı
21020430,285390,Projeksiyon Lambası,https://www.hepsiburada.com/projeksiyon-lambalar-c-21020430,4,Elektronik > bluetooth hoparlorler > projeksiyon sistemleri > Projeksiyon Lambası
15008,285390,Projeksiyon Perdesi,https://www.hepsiburada.com/projeksiyon-perdeleri-c-15008,4,Elektronik > bluetooth hoparlorler > projeksiyon sistemleri > Projeksiyon Perdesi
21028149,285390,Projeksiyon Sunum Kumandaları,https://www.hepsiburada.com/projeksiyon-sunum-kumandalari-c-21028149,4,Elektronik > bluetooth hoparlorler > projeksiyon sistemleri > Projeksiyon Sunum Kumandaları
15548,285390,Projektör Kablo ve Aparatları,https://www.hepsiburada.com/projektor-kablo-aparatlari-c-15548,4,Elektronik > bluetooth hoparlorler > projeksiyon sistemleri > Projektör Kablo ve Aparatları
80327224,285390,a4 fotokopi kagidi,https://www.hepsiburada.com/a4-fotokopi-kagidi-c-80327224,4,Elektronik > bluetooth hoparlorler > projeksiyon sistemleri > a4 fotokopi kagidi
15488,285390,anaokulu cantalari,https://www.hepsiburada.com/anaokulu-cantalari-c-15488,4,Elektronik > bluetooth hoparlorler > projeksiyon sistemleri > anaokulu cantalari
21005097,285390,boyalar boya kalemleri,https://www.hepsiburada.com/boyalar-boya-kalemleri-c-21005097,4,Elektronik > bluetooth hoparlorler > projeksiyon sistemleri > boyalar boya kalemleri
21005503,285390,defter ajandalar,https://www.hepsiburada.com/defter-ajandalar-c-21005503,4,Elektronik > bluetooth hoparlorler > projeksiyon sistemleri > defter ajandalar
21031173,285390,dolmakalemler,https://www.hepsiburada.com/dolmakalemler-c-21031173,4,Elektronik > bluetooth hoparlorler > projeksiyon sistemleri > dolmakalemler
21005289,285390,etiket stickerlar,https://www.hepsiburada.com/etiket-stickerlar-c-21005289,4,Elektronik > bluetooth hoparlorler > projeksiyon sistemleri > etiket stickerlar
21031602,285390,fosforlu kalemler,https://www.hepsiburada.com/fosforlu-kalemler-c-21031602,4,Elektronik > bluetooth hoparlorler > projeksiyon sistemleri > fosforlu kalemler
60001412,285390,guzel yazi defterleri,https://www.hepsiburada.com/guzel-yazi-defterleri-c-60001412,4,Elektronik > bluetooth hoparlorler > projeksiyon sistemleri > guzel yazi defterleri
278416,285390,ilkogretim cantalari,https://www.hepsiburada.com/ilkogretim-cantalari-c-278416,4,Elektronik > bluetooth hoparlorler > projeksiyon sistemleri > ilkogretim cantalari
15220,285390,kalem cizim gerecleri,https://www.hepsiburada.com/kalem-cizim-gerecleri-c-15220,4,Elektronik > bluetooth hoparlorler > projeksiyon sistemleri > kalem cizim gerecleri
15089,285390,kalemlikler,https://www.hepsiburada.com/kalemlikler-c-15089,4,Elektronik > bluetooth hoparlorler > projeksiyon sistemleri > kalemlikler
21005094,285390,kalemtraslar,https://www.hepsiburada.com/kalemtraslar-c-21005094,4,Elektronik > bluetooth hoparlorler > projeksiyon sistemleri > kalemtraslar
21005095,285390,kaplama kagitlari,https://www.hepsiburada.com/kaplama-kagitlari-c-21005095,4,Elektronik > bluetooth hoparlorler > projeksiyon sistemleri > kaplama kagitlari
15085,285390,keceli boyama kalemleri,https://www.hepsiburada.com/keceli-boyama-kalemleri-c-15085,4,Elektronik > bluetooth hoparlorler > projeksiyon sistemleri > keceli boyama kalemleri
15344,285390,kirtasiye urunleri,https://www.hepsiburada.com/kirtasiye-urunleri-c-15344,4,Elektronik > bluetooth hoparlorler > projeksiyon sistemleri > kirtasiye urunleri
15440,285390,kuru boyama kalemleri,https://www.hepsiburada.com/kuru-boyama-kalemleri-c-15440,4,Elektronik > bluetooth hoparlorler > projeksiyon sistemleri > kuru boyama kalemleri
80455056,285390,mantar pano pano,https://www.hepsiburada.com/mantar-pano-pano-c-80455056,4,Elektronik > bluetooth hoparlorler > projeksiyon sistemleri > mantar pano pano
80147055,285390,not defteri,https://www.hepsiburada.com/not-defteri-c-80147055,4,Elektronik > bluetooth hoparlorler > projeksiyon sistemleri > not defteri
21005092,285390,okul cantalari,https://www.hepsiburada.com/okul-cantalari-c-21005092,4,Elektronik > bluetooth hoparlorler > projeksiyon sistemleri > okul cantalari
60002748,285390,okul cantasi,https://www.hepsiburada.com/okul-cantasi-c-60002748,4,Elektronik > bluetooth hoparlorler > projeksiyon sistemleri > okul cantasi
21005100,285390,suluklar mataralar,https://www.hepsiburada.com/suluklar-mataralar-c-21005100,4,Elektronik > bluetooth hoparlorler > projeksiyon sistemleri > suluklar mataralar
60002034,285390,sunum planlama urunleri,https://www.hepsiburada.com/sunum-planlama-urunleri-c-60002034,4,Elektronik > bluetooth hoparlorler > projeksiyon sistemleri > sunum planlama urunleri
80438128,285390,tahta kalemi,https://www.hepsiburada.com/tahta-kalemi-c-80438128,4,Elektronik > bluetooth hoparlorler > projeksiyon sistemleri > tahta kalemi
21037855,285390,tukenmez kalemler,https://www.hepsiburada.com/tukenmez-kalemler-c-21037855,4,Elektronik > bluetooth hoparlorler > projeksiyon sistemleri > tukenmez kalemler
157458,152492,DVD Oynatıcılar,https://www.hepsiburada.com/dvd-oynaticilar-c-157458,4,Elektronik > led tv televizyonlar > ev sinema sistemleri > DVD Oynatıcılar
17290,152492,Hoparlör Ayakları & Askıları,https://www.hepsiburada.com/hoparlor-ayaklari-askilari-c-17290,4,Elektronik > led tv televizyonlar > ev sinema sistemleri > Hoparlör Ayakları & Askıları
80271010,152492,Media Player,https://www.hepsiburada.com/media-player-c-80271010,4,Elektronik > led tv televizyonlar > ev sinema sistemleri > Media Player
157397,152492,Portatif DVD Oynatıcılar,https://www.hepsiburada.com/portatif-dvd-oynaticilar-c-157397,4,Elektronik > led tv televizyonlar > ev sinema sistemleri > Portatif DVD Oynatıcılar
60008219,152492,Receiver Amfiler,https://www.hepsiburada.com/amfi-receiver-c-60008219,4,Elektronik > led tv televizyonlar > ev sinema sistemleri > Receiver Amfiler
60007247,152492,Subwoofer (Ev Tipi),https://www.hepsiburada.com/ev-tipi-subwoofer-c-60007247,4,Elektronik > led tv televizyonlar > ev sinema sistemleri > Subwoofer (Ev Tipi)
80677057,60003054,Elektronik Devre & Robotik,https://www.hepsiburada.com/elektronik-devre-robotik-c-80677057,4,Elektronik > playstation 5 konsol > Hobi Oyun Konsolları > Elektronik Devre & Robotik
2147483605,60003054,Hobi & Eğlence,https://www.hepsiburada.com/hobi-eglence-urunleri-c-2147483605,4,Elektronik > playstation 5 konsol > Hobi Oyun Konsolları > Hobi & Eğlence
33000343,2147483602,Diğer Oyun Konsolları,https://www.hepsiburada.com/diger-oyun-konsollari-c-33000343,4,Elektronik > playstation 5 konsol > Oyunlar Oyun Konsolları > Diğer Oyun Konsolları
80226061,2147483602,Nintendo,https://www.hepsiburada.com/nintendo-c-80226061,4,Elektronik > playstation 5 konsol > Oyunlar Oyun Konsolları > Nintendo
80226062,2147483602,PSP / Vita,https://www.hepsiburada.com/psp-vita-c-80226062,4,Elektronik > playstation 5 konsol > Oyunlar Oyun Konsolları > PSP / Vita
80226063,2147483602,Playstation 2,https://www.hepsiburada.com/playstation-2-c-80226063,4,Elektronik > playstation 5 konsol > Oyunlar Oyun Konsolları > Playstation 2
80226059,2147483602,Playstation 3,https://www.hepsiburada.com/playstation-3-c-80226059,4,Elektronik > playstation 5 konsol > Oyunlar Oyun Konsolları > Playstation 3
80226057,2147483602,Playstation 4,https://www.hepsiburada.com/playstation-4-c-80226057,4,Elektronik > playstation 5 konsol > Oyunlar Oyun Konsolları > Playstation 4
80226058,2147483602,Xbox 360,https://www.hepsiburada.com/xbox-360-c-80226058,4,Elektronik > playstation 5 konsol > Oyunlar Oyun Konsolları > Xbox 360
80226056,2147483602,Xbox One,https://www.hepsiburada.com/xbox-one-c-80226056,4,Elektronik > playstation 5 konsol > Oyunlar Oyun Konsolları > Xbox One
80766004,2147483602,Xbox Series S,https://www.hepsiburada.com/xbox-series-s-c-80766004,4,Elektronik > playstation 5 konsol > Oyunlar Oyun Konsolları > Xbox Series S
80766000,2147483602,Xbox Series X,https://www.hepsiburada.com/xbox-series-x-c-80766000,4,Elektronik > playstation 5 konsol > Oyunlar Oyun Konsolları > Xbox Series X
80226060,2147483602,pc oyun aksesuar,https://www.hepsiburada.com/pc-oyun-aksesuar-c-80226060,4,Elektronik > playstation 5 konsol > Oyunlar Oyun Konsolları > pc oyun aksesuar
10278,80757007,bilgisayar oyunlari,https://www.hepsiburada.com/bilgisayar-oyunlari-c-10278,4,Elektronik > playstation 5 konsol > playstation 5 oyunlari > bilgisayar oyunlari
60005206,80757007,oyun figurleri,https://www.hepsiburada.com/oyun-figurleri-c-60005206,4,Elektronik > playstation 5 konsol > playstation 5 oyunlari > oyun figurleri
530176,60008293,Külçe Altın Fiyatları,https://www.hepsiburada.com/kulce-altin-fiyatlari-c-530176,4,Elektronik > saatler > 1 gram altin > Külçe Altın Fiyatları
530175,60008293,Külçe Ziynet Cumhuriyet Altınları,https://www.hepsiburada.com/kulce-ziynet-cumhuriyet-altinlari-c-530175,4,Elektronik > saatler > 1 gram altin > Külçe Ziynet Cumhuriyet Altınları
60006525,25008465,Aynalı Saatler,https://www.hepsiburada.com/aynali-saat-c-60006525,4,Elektronik > saatler > Duvar Saatleri > Aynalı Saatler
18032553,25008465,Dekoratif Duvar Saatleri,https://www.hepsiburada.com/dekoratif-duvar-saatleri-c-18032553,4,Elektronik > saatler > Duvar Saatleri > Dekoratif Duvar Saatleri
60006524,25008465,Guguklu Saatler,https://www.hepsiburada.com/guguklu-saatler-c-60006524,4,Elektronik > saatler > Duvar Saatleri > Guguklu Saatler
60006522,25008465,Mutfak Saatleri,https://www.hepsiburada.com/mutfak-saatleri-c-60006522,4,Elektronik > saatler > Duvar Saatleri > Mutfak Saatleri
60006523,25008465,Sarkaçlı Saatler,https://www.hepsiburada.com/sarkacli-saatler-c-60006523,4,Elektronik > saatler > Duvar Saatleri > Sarkaçlı Saatler
60006521,25008465,Sticker Saatler,https://www.hepsiburada.com/sticker-saatler-c-60006521,4,Elektronik > saatler > Duvar Saatleri > Sticker Saatler
60006520,25008465,Tablo Saatler,https://www.hepsiburada.com/tablo-saatler-c-60006520,4,Elektronik > saatler > Duvar Saatleri > Tablo Saatler
60006526,25008465,Çocuk Odası Saatleri,https://www.hepsiburada.com/cocuk-odasi-saatleri-c-60006526,4,Elektronik > saatler > Duvar Saatleri > Çocuk Odası Saatleri
60006527,25008465,İstasyon Saatler,https://www.hepsiburada.com/istasyon-saat-c-60006527,4,Elektronik > saatler > Duvar Saatleri > İstasyon Saatler
25008405,25008402,Kadın Kol Saatleri,https://www.hepsiburada.com/bayan-kol-saatleri-c-25008405,4,Elektronik > saatler > Kol Saatleri > Kadın Kol Saatleri
25008406,25008402,Unisex Kol Saatleri,https://www.hepsiburada.com/unisex-kol-saatleri-c-25008406,4,Elektronik > saatler > Kol Saatleri > Unisex Kol Saatleri
25008407,25008402,Çocuk Kol Saatleri,https://www.hepsiburada.com/cocuk-kol-saatleri-c-25008407,4,Elektronik > saatler > Kol Saatleri > Çocuk Kol Saatleri
25000094,2147483632,Aksesuarlar,https://www.hepsiburada.com/pipo-sigara-tesbih-cakmak-aksesuarlari-c-25000094,4,Elektronik > saatler > Saat/Gözlük/Aksesuar > Aksesuarlar
1120745,2147483632,gunes gozlugu,https://www.hepsiburada.com/gunes-gozlugu-c-1120745,4,Elektronik > saatler > Saat/Gözlük/Aksesuar > gunes gozlugu
22007826,80717014,Outdoor Doğa Sporları,https://www.hepsiburada.com/outdoor-doga-sporlari-c-22007826,4,Elektronik > saatler > airsoft > Outdoor Doğa Sporları
2147483604,80717014,Outdoor Ürünleri,https://www.hepsiburada.com/outdoor-urunleri-c-2147483604,4,Elektronik > saatler > airsoft > Outdoor Ürünleri
60004584,60003676,tasinabilir pilli sarj cihazlari,https://www.hepsiburada.com/tasinabilir-pilli-sarj-cihazlari-c-60004584,4,Elektronik > saatler > akilli saatler > tasinabilir pilli sarj cihazlari
16032929,2147483617,Takı & Mücevher,https://www.hepsiburada.com/taki-mucevher-modelleri-c-16032929,4,Elektronik > saatler > altin taki mucevherler > Takı & Mücevher
28001469,60002211,Gıda Ürünleri,https://www.hepsiburada.com/gida-urunleri-c-28001469,4,Elektronik > saatler > aycicek yaglari > Gıda Ürünleri
60001330,60002211,Sıvı Yağlar,https://www.hepsiburada.com/sivi-yaglar-c-60001330,4,Elektronik > saatler > aycicek yaglari > Sıvı Yağlar
80365054,60002211,aci sos,https://www.hepsiburada.com/aci-sos-c-80365054,4,Elektronik > saatler > aycicek yaglari > aci sos
80461108,60002211,aktar urunleri,https://www.hepsiburada.com/aktar-urunleri-c-80461108,4,Elektronik > saatler > aycicek yaglari > aktar urunleri
60001206,60002211,aluminyum folyolar,https://www.hepsiburada.com/aluminyum-folyolar-c-60001206,4,Elektronik > saatler > aycicek yaglari > aluminyum folyolar
28001479,60002211,baharatlar,https://www.hepsiburada.com/baharatlar-c-28001479,4,Elektronik > saatler > aycicek yaglari > baharatlar
80015000,60002211,biber salcasi,https://www.hepsiburada.com/biber-salcasi-c-80015000,4,Elektronik > saatler > aycicek yaglari > biber salcasi
28002654,60002211,bulasik makinasi tablet jeller,https://www.hepsiburada.com/bulasik-makinasi-tablet-jeller-c-28002654,4,Elektronik > saatler > aycicek yaglari > bulasik makinasi tablet jeller
80366066,60002211,bulasik makinesi tuzu,https://www.hepsiburada.com/bulasik-makinesi-tuzu-c-80366066,4,Elektronik > saatler > aycicek yaglari > bulasik makinesi tuzu
80366067,60002211,bulasik sungeri,https://www.hepsiburada.com/bulasik-sungeri-c-80366067,4,Elektronik > saatler > aycicek yaglari > bulasik sungeri
60001208,60002211,buzdolabi posetleri,https://www.hepsiburada.com/buzdolabi-posetleri-c-60001208,4,Elektronik > saatler > aycicek yaglari > buzdolabi posetleri
60001322,60002211,camasir leke cikaricilar,https://www.hepsiburada.com/camasir-leke-cikaricilar-c-60001322,4,Elektronik > saatler > aycicek yaglari > camasir leke cikaricilar
60001088,60002211,camasir makinasi sivi deterjanlari,https://www.hepsiburada.com/camasir-makinasi-sivi-deterjanlari-c-60001088,4,Elektronik > saatler > aycicek yaglari > camasir makinasi sivi deterjanlari
28002240,60002211,camasir makinasi toz deterjanlari,https://www.hepsiburada.com/camasir-makinasi-toz-deterjanlari-c-28002240,4,Elektronik > saatler > aycicek yaglari > camasir makinasi toz deterjanlari
28002222,60002211,camasir sulari,https://www.hepsiburada.com/camasir-sulari-c-28002222,4,Elektronik > saatler > aycicek yaglari > camasir sulari
60001269,60002211,hasere olduruculer,https://www.hepsiburada.com/hasere-olduruculer-c-60001269,4,Elektronik > saatler > aycicek yaglari > hasere olduruculer
28001549,60002211,kagit havlular,https://www.hepsiburada.com/kagit-havlular-c-28001549,4,Elektronik > saatler > aycicek yaglari > kagit havlular
28001582,60002211,kuru bakliyatlar,https://www.hepsiburada.com/kuru-bakliyatlar-c-28001582,4,Elektronik > saatler > aycicek yaglari > kuru bakliyatlar
80847003,60002211,maden suyu,https://www.hepsiburada.com/maden-suyu-c-80847003,4,Elektronik > saatler > aycicek yaglari > maden suyu
60001323,60002211,mop paspas yedek ekipmanlari,https://www.hepsiburada.com/mop-paspas-yedek-ekipmanlari-c-60001323,4,Elektronik > saatler > aycicek yaglari > mop paspas yedek ekipmanlari
28003028,60002211,oda kokulari koku gidericiler,https://www.hepsiburada.com/oda-kokulari-koku-gidericiler-c-28003028,4,Elektronik > saatler > aycicek yaglari > oda kokulari koku gidericiler
60002935,60002211,salgam sulari,https://www.hepsiburada.com/salgam-sulari-c-60002935,4,Elektronik > saatler > aycicek yaglari > salgam sulari
60001207,60002211,strec filmler,https://www.hepsiburada.com/strec-filmler-c-60001207,4,Elektronik > saatler > aycicek yaglari > strec filmler
28001552,60002211,tuvalet kagitlari,https://www.hepsiburada.com/tuvalet-kagitlari-c-28001552,4,Elektronik > saatler > aycicek yaglari > tuvalet kagitlari
205351,60000163,Abiye Çanta,https://www.hepsiburada.com/abiye-canta-c-205351,4,Elektronik > saatler > bayan cantalari > Abiye Çanta
60000809,60000163,Bel Çantası,https://www.hepsiburada.com/bayan-bel-cantalari-c-60000809,4,Elektronik > saatler > bayan cantalari > Bel Çantası
60003895,60000163,Clutch,https://www.hepsiburada.com/bayan-clutch-c-60003895,4,Elektronik > saatler > bayan cantalari > Clutch
60000164,60000163,Cüzdan,https://www.hepsiburada.com/bayan-cuzdanlar-c-60000164,4,Elektronik > saatler > bayan cantalari > Cüzdan
60003948,60000163,Kartlık Cüzdan,https://www.hepsiburada.com/kartlik-cuzdan-c-60003948,4,Elektronik > saatler > bayan cantalari > Kartlık Cüzdan
60003899,60000163,Makyaj Çantası,https://www.hepsiburada.com/makyaj-cantalari-c-60003899,4,Elektronik > saatler > bayan cantalari > Makyaj Çantası
60000806,60000163,Omuz Çantası,https://www.hepsiburada.com/bayan-omuz-cantasi-c-60000806,4,Elektronik > saatler > bayan cantalari > Omuz Çantası
60005715,60000163,Portföy Çanta,https://www.hepsiburada.com/portfoy-canta-c-60005715,4,Elektronik > saatler > bayan cantalari > Portföy Çanta
60000145,60000163,Seyahat Çantası,https://www.hepsiburada.com/bayan-seyahat-cantalari-c-60000145,4,Elektronik > saatler > bayan cantalari > Seyahat Çantası
60003938,60000163,Valiz Kılıfı,https://www.hepsiburada.com/bayan-valiz-kiliflari-c-60003938,4,Elektronik > saatler > bayan cantalari > Valiz Kılıfı
60000165,60000163,Çanta,https://www.hepsiburada.com/kadin-cantalari-c-60000165,4,Elektronik > saatler > bayan cantalari > Çanta
60007465,60000163,Çapraz Çanta,https://www.hepsiburada.com/capraz-canta-c-60007465,4,Elektronik > saatler > bayan cantalari > Çapraz Çanta
60000054,60000053,bayan hirkalar,https://www.hepsiburada.com/bayan-hirkalar-c-60000054,4,Elektronik > saatler > bayan kazaklar > bayan hirkalar
60003986,60001048,Bebek Temizlik ve Bakım,https://www.hepsiburada.com/bebek-temizlik-bakim-urunleri-c-60003986,4,Elektronik > saatler > bebek bezi > Bebek Temizlik ve Bakım
60001051,60001048,Islak Temizleme Mendili,https://www.hepsiburada.com/islak-temizleme-mendilleri-c-60001051,4,Elektronik > saatler > bebek bezi > Islak Temizleme Mendili
80412000,60001048,Mayo Bebek Bezi,https://www.hepsiburada.com/mayo-bebek-bezi-c-80412000,4,Elektronik > saatler > bebek bezi > Mayo Bebek Bezi
80114006,19111,Beşiktaş Eşofman,https://www.hepsiburada.com/besiktas-esofman-c-80114006,4,Elektronik > saatler > besiktas urunleri > Beşiktaş Eşofman
80857373,19111,Sweatshirt,https://www.hepsiburada.com/sweatshirt-c-80857373,4,Elektronik > saatler > besiktas urunleri > Sweatshirt
80857372,19111,T-Shirt,https://www.hepsiburada.com/t-shirt-c-80857372,4,Elektronik > saatler > besiktas urunleri > T-Shirt
27007679,19111,Taraftar Ürünleri,https://www.hepsiburada.com/taraftar-urunleri-c-27007679,4,Elektronik > saatler > besiktas urunleri > Taraftar Ürünleri
80857374,19111,Şort,https://www.hepsiburada.com/sort-c-80857374,4,Elektronik > saatler > besiktas urunleri > Şort
60008975,2147483646,3d yazici,https://www.hepsiburada.com/3d-yazici-c-60008975,4,Elektronik > saatler > bilgisayarlar > 3d yazici
42,2147483646,Aksesuarlar,https://www.hepsiburada.com/bilgisayar-aksesuarlari-c-42,4,Elektronik > saatler > bilgisayarlar > Aksesuarlar
3013122,2147483646,Ağ / Modem,https://www.hepsiburada.com/ag-modemler-c-3013122,4,Elektronik > saatler > bilgisayarlar > Ağ / Modem
8,2147483646,Bilgisayar Bileşenleri,https://www.hepsiburada.com/bilgisayar-parcalari-c-8,4,Elektronik > saatler > bilgisayarlar > Bilgisayar Bileşenleri
60008823,2147483646,Bilgisayar Yedek Parçaları,https://www.hepsiburada.com/bilgisayar-yedek-parcalari-c-60008823,4,Elektronik > saatler > bilgisayarlar > Bilgisayar Yedek Parçaları
3000500,2147483646,Bilgisayarlar,https://www.hepsiburada.com/bilgisayarlar-c-3000500,4,Elektronik > saatler > bilgisayarlar > Bilgisayarlar
3013123,2147483646,MP3 / Ses Kayıt Cihazları,https://www.hepsiburada.com/mp3-ses-kayit-cihazlari-c-3013123,4,Elektronik > saatler > bilgisayarlar > MP3 / Ses Kayıt Cihazları
86008,2147483646,Oyuncu Özel,https://www.hepsiburada.com/oyuncular-ozel-bilgisayar-bilesenleri-c-86008,4,Elektronik > saatler > bilgisayarlar > Oyuncu Özel
3013121,2147483646,Veri Depolama,https://www.hepsiburada.com/veri-depolama-urunleri-c-3013121,4,Elektronik > saatler > bilgisayarlar > Veri Depolama
3013118,2147483646,Yazıcı,https://www.hepsiburada.com/yazicilar-c-3013118,4,Elektronik > saatler > bilgisayarlar > Yazıcı
41,2147483646,Yazılım Ürünleri,https://www.hepsiburada.com/yazilim-urunleri-c-41,4,Elektronik > saatler > bilgisayarlar > Yazılım Ürünleri
121,2147483646,ag modem switchleri,https://www.hepsiburada.com/ag-modem-switchleri-c-121,4,Elektronik > saatler > bilgisayarlar > ag modem switchleri
152,2147483646,anakartlar,https://www.hepsiburada.com/anakartlar-c-152,4,Elektronik > saatler > bilgisayarlar > anakartlar
106503,2147483646,barkod okuyucular,https://www.hepsiburada.com/barkod-okuyucular-c-106503,4,Elektronik > saatler > bilgisayarlar > barkod okuyucular
47,2147483646,bellek ramler,https://www.hepsiburada.com/bellek-ramler-c-47,4,Elektronik > saatler > bilgisayarlar > bellek ramler
1013,2147483646,bilgisayar kasalari,https://www.hepsiburada.com/bilgisayar-kasalari-c-1013,4,Elektronik > saatler > bilgisayarlar > bilgisayar kasalari
204,2147483646,ekran kartlari,https://www.hepsiburada.com/ekran-kartlari-c-204,4,Elektronik > saatler > bilgisayarlar > ekran kartlari
60008834,2147483646,ekran lcd panel yedek parca,https://www.hepsiburada.com/ekran-lcd-panel-yedek-parca-c-60008834,4,Elektronik > saatler > bilgisayarlar > ekran lcd panel yedek parca
60006369,2147483646,filament,https://www.hepsiburada.com/filament-c-60006369,4,Elektronik > saatler > bilgisayarlar > filament
217,2147483646,grafik tabletler,https://www.hepsiburada.com/grafik-tabletler-c-217,4,Elektronik > saatler > bilgisayarlar > grafik tabletler
111161,2147483646,hafiza kartlari,https://www.hepsiburada.com/hafiza-kartlari-c-111161,4,Elektronik > saatler > bilgisayarlar > hafiza kartlari
100221,2147483646,hdd harddiskler,https://www.hepsiburada.com/hdd-harddiskler-c-100221,4,Elektronik > saatler > bilgisayarlar > hdd harddiskler
46,2147483646,islemciler,https://www.hepsiburada.com/islemciler-c-46,4,Elektronik > saatler > bilgisayarlar > islemciler
3007055,2147483646,klavye mouse setleri,https://www.hepsiburada.com/klavye-mouse-setleri-c-3007055,4,Elektronik > saatler > bilgisayarlar > klavye mouse setleri
60004548,2147483646,kulak ustu kulakliklar,https://www.hepsiburada.com/kulak-ustu-kulakliklar-c-60004548,4,Elektronik > saatler > bilgisayarlar > kulak ustu kulakliklar
6,2147483646,lazer yazicilar,https://www.hepsiburada.com/lazer-yazicilar-c-6,4,Elektronik > saatler > bilgisayarlar > lazer yazicilar
34,2147483646,masaustu bilgisayarlar,https://www.hepsiburada.com/masaustu-bilgisayarlar-c-34,4,Elektronik > saatler > bilgisayarlar > masaustu bilgisayarlar
60004516,2147483646,menzil arttiricilar,https://www.hepsiburada.com/menzil-arttiricilar-c-60004516,4,Elektronik > saatler > bilgisayarlar > menzil arttiricilar
111001,2147483646,mini masaustu bilgisayarlar,https://www.hepsiburada.com/mini-masaustu-bilgisayarlar-c-111001,4,Elektronik > saatler > bilgisayarlar > mini masaustu bilgisayarlar
52,2147483646,mouse,https://www.hepsiburada.com/mouse-c-52,4,Elektronik > saatler > bilgisayarlar > mouse
9181,2147483646,mp3 playerlar,https://www.hepsiburada.com/mp3-playerlar-c-9181,4,Elektronik > saatler > bilgisayarlar > mp3 playerlar
505,2147483646,network kablolari,https://www.hepsiburada.com/network-kablolari-c-505,4,Elektronik > saatler > bilgisayarlar > network kablolari
106859,2147483646,notebook sogutuculari,https://www.hepsiburada.com/notebook-sogutuculari-c-106859,4,Elektronik > saatler > bilgisayarlar > notebook sogutuculari
91410,2147483646,office yazilimlari,https://www.hepsiburada.com/office-yazilimlari-c-91410,4,Elektronik > saatler > bilgisayarlar > office yazilimlari
1012,2147483646,power supply psu,https://www.hepsiburada.com/power-supply-psu-c-1012,4,Elektronik > saatler > bilgisayarlar > power supply psu
60001272,2147483646,routerlar,https://www.hepsiburada.com/routerlar-c-60001272,4,Elektronik > saatler > bilgisayarlar > routerlar
103913,2147483646,ses kayit cihazlari,https://www.hepsiburada.com/ses-kayit-cihazlari-c-103913,4,Elektronik > saatler > bilgisayarlar > ses kayit cihazlari
114814,2147483646,ssd solid state drive,https://www.hepsiburada.com/ssd-solid-state-drive-c-114814,4,Elektronik > saatler > bilgisayarlar > ssd solid state drive
80077014,2147483646,sublimasyon baski makinesi,https://www.hepsiburada.com/sublimasyon-baski-makinesi-c-80077014,4,Elektronik > saatler > bilgisayarlar > sublimasyon baski makinesi
60001183,2147483646,tablet kalemleri,https://www.hepsiburada.com/tablet-kalemleri-c-60001183,4,Elektronik > saatler > bilgisayarlar > tablet kalemleri
60000818,2147483646,tablet kiliflari,https://www.hepsiburada.com/tablet-kiliflari-c-60000818,4,Elektronik > saatler > bilgisayarlar > tablet kiliflari
37,2147483646,tarayicilar,https://www.hepsiburada.com/tarayicilar-c-37,4,Elektronik > saatler > bilgisayarlar > tarayicilar
100225,2147483646,tasinabilir diskler,https://www.hepsiburada.com/tasinabilir-diskler-c-100225,4,Elektronik > saatler > bilgisayarlar > tasinabilir diskler
80081047,2147483646,tasinabilir ssd,https://www.hepsiburada.com/tasinabilir-ssd-c-80081047,4,Elektronik > saatler > bilgisayarlar > tasinabilir ssd
970,2147483646,usb bellekler,https://www.hepsiburada.com/usb-bellekler-c-970,4,Elektronik > saatler > bilgisayarlar > usb bellekler
3011536,2147483646,yazilabilir dvdler,https://www.hepsiburada.com/yazilabilir-dvdler-c-3011536,4,Elektronik > saatler > bilgisayarlar > yazilabilir dvdler
3013120,2147483646,Çevre Birimleri,https://www.hepsiburada.com/cevre-birimleri-c-3013120,4,Elektronik > saatler > bilgisayarlar > Çevre Birimleri
235604,155121,Beyaz Eşya & Ankastre Ürünleri,https://www.hepsiburada.com/beyaz-esya-ankastreler-c-235604,4,Elektronik > saatler > camasir makineleri > Beyaz Eşya & Ankastre Ürünleri
2147483637,155121,Beyaz Eşya Mutfak Ürünleri,https://www.hepsiburada.com/beyaz-esya-mutfak-urunleri-c-2147483637,4,Elektronik > saatler > camasir makineleri > Beyaz Eşya Mutfak Ürünleri
22002,155121,aspiratorler,https://www.hepsiburada.com/aspiratorler-c-22002,4,Elektronik > saatler > camasir makineleri > aspiratorler
231925,155121,baharat setleri,https://www.hepsiburada.com/baharat-setleri-c-231925,4,Elektronik > saatler > camasir makineleri > baharat setleri
22003,155121,blenderlar,https://www.hepsiburada.com/blenderlar-c-22003,4,Elektronik > saatler > camasir makineleri > blenderlar
60000273,155121,celik tencereler,https://www.hepsiburada.com/celik-tencereler-c-60000273,4,Elektronik > saatler > camasir makineleri > celik tencereler
22266,155121,derin dondurucular,https://www.hepsiburada.com/derin-dondurucular-c-22266,4,Elektronik > saatler > camasir makineleri > derin dondurucular
22008,155121,dograyicilar rondolar,https://www.hepsiburada.com/dograyicilar-rondolar-c-22008,4,Elektronik > saatler > camasir makineleri > dograyicilar rondolar
60000274,155121,dokum tencereler,https://www.hepsiburada.com/dokum-tencereler-c-60000274,4,Elektronik > saatler > camasir makineleri > dokum tencereler
17006471,155121,duduklu tencereler,https://www.hepsiburada.com/duduklu-tencereler-c-17006471,4,Elektronik > saatler > camasir makineleri > duduklu tencereler
22276,155121,ekmek yapma makineleri,https://www.hepsiburada.com/ekmek-yapma-makineleri-c-22276,4,Elektronik > saatler > camasir makineleri > ekmek yapma makineleri
60006400,155121,elektrikli cay makineleri,https://www.hepsiburada.com/elektrikli-cay-makineleri-c-60006400,4,Elektronik > saatler > camasir makineleri > elektrikli cay makineleri
80168015,155121,elektrikli mutfak aleti yedek parca aksesuarlari,https://www.hepsiburada.com/elektrikli-mutfak-aleti-yedek-parca-aksesuarlari-c-80168015,4,Elektronik > saatler > camasir makineleri > elektrikli mutfak aleti yedek parca aksesuarlari
60003707,155121,espresso cappuccino makineleri,https://www.hepsiburada.com/espresso-cappuccino-makineleri-c-60003707,4,Elektronik > saatler > camasir makineleri > espresso cappuccino makineleri
22350,155121,fincanlar,https://www.hepsiburada.com/fincanlar-c-22350,4,Elektronik > saatler > camasir makineleri > fincanlar
22016,155121,firinlar,https://www.hepsiburada.com/firinlar-c-22016,4,Elektronik > saatler > camasir makineleri > firinlar
231987,155121,kesme tahtalari,https://www.hepsiburada.com/kesme-tahtalari-c-231987,4,Elektronik > saatler > camasir makineleri > kesme tahtalari
22018,155121,kiyma makineleri,https://www.hepsiburada.com/kiyma-makineleri-c-22018,4,Elektronik > saatler > camasir makineleri > kiyma makineleri
153223,155121,kurutma makineleri,https://www.hepsiburada.com/kurutma-makineleri-c-153223,4,Elektronik > saatler > camasir makineleri > kurutma makineleri
22021,155121,mikrodalga firinlar,https://www.hepsiburada.com/mikrodalga-firinlar-c-22021,4,Elektronik > saatler > camasir makineleri > mikrodalga firinlar
22022,155121,mikserler,https://www.hepsiburada.com/mikserler-c-22022,4,Elektronik > saatler > camasir makineleri > mikserler
22025,155121,mutfak robotlari,https://www.hepsiburada.com/mutfak-robotlari-c-22025,4,Elektronik > saatler > camasir makineleri > mutfak robotlari
22026,155121,ocaklar,https://www.hepsiburada.com/ocaklar-c-22026,4,Elektronik > saatler > camasir makineleri > ocaklar
60001309,155121,servis tabaklari,https://www.hepsiburada.com/servis-tabaklari-c-60001309,4,Elektronik > saatler > camasir makineleri > servis tabaklari
22027,155121,su isiticilar,https://www.hepsiburada.com/su-isiticilar-c-22027,4,Elektronik > saatler > camasir makineleri > su isiticilar
236214,155121,su sebilleri,https://www.hepsiburada.com/su-sebilleri-c-236214,4,Elektronik > saatler > camasir makineleri > su sebilleri
60003714,155121,surahiler,https://www.hepsiburada.com/surahiler-c-60003714,4,Elektronik > saatler > camasir makineleri > surahiler
80696037,155121,tencere yedek parcalari aksesuarlari,https://www.hepsiburada.com/tencere-yedek-parcalari-aksesuarlari-c-80696037,4,Elektronik > saatler > camasir makineleri > tencere yedek parcalari aksesuarlari
236712,155121,termoslar,https://www.hepsiburada.com/termoslar-c-236712,4,Elektronik > saatler > camasir makineleri > termoslar
22014,155121,tost makineleri,https://www.hepsiburada.com/tost-makineleri-c-22014,4,Elektronik > saatler > camasir makineleri > tost makineleri
60006398,155121,turk kahvesi makineleri,https://www.hepsiburada.com/turk-kahvesi-makineleri-c-60006398,4,Elektronik > saatler > camasir makineleri > turk kahvesi makineleri
231689,155121,waffle makineleri,https://www.hepsiburada.com/waffle-makineleri-c-231689,4,Elektronik > saatler > camasir makineleri > waffle makineleri
17003942,155121,yumurta pisirme cihazlari,https://www.hepsiburada.com/yumurta-pisirme-cihazlari-c-17003942,4,Elektronik > saatler > camasir makineleri > yumurta pisirme cihazlari
231428,22005,Semaverler,https://www.hepsiburada.com/semaverler-c-231428,4,Elektronik > saatler > cay makineleri > Semaverler
60005204,371965,Diğer Telefonlar,https://www.hepsiburada.com/diger-telefonlar-c-60005204,4,Elektronik > saatler > cep telefonlari > Diğer Telefonlar
60006229,371965,Ek Güvence Paketleri,https://www.hepsiburada.com/ek-guvence-paketleri-c-60006229,4,Elektronik > saatler > cep telefonlari > Ek Güvence Paketleri
80857402,371965,Yapay Zeka,https://www.hepsiburada.com/yapay-zeka-c-80857402,4,Elektronik > saatler > cep telefonlari > Yapay Zeka
60004670,371965,akilli bileklikler,https://www.hepsiburada.com/akilli-bileklikler-c-60004670,4,Elektronik > saatler > cep telefonlari > akilli bileklikler
29004492,371965,arac ici telefon tutacaklari,https://www.hepsiburada.com/arac-ici-telefon-tutacaklari-c-29004492,4,Elektronik > saatler > cep telefonlari > arac ici telefon tutacaklari
12087193,12087197,bayan t shirt,https://www.hepsiburada.com/bayan-t-shirt-c-12087193,4,Elektronik > saatler > etekler > bayan t shirt
27078135,27074921,Aksesuar,https://www.hepsiburada.com/fenerbahce-aksesuarlari-c-27078135,4,Elektronik > saatler > fenerium > Aksesuar
27075532,27074921,Erkek,https://www.hepsiburada.com/fenerbahce-erkek-urunleri-c-27075532,4,Elektronik > saatler > fenerium > Erkek
27075569,27074921,Kadın,https://www.hepsiburada.com/fenerium-kadin-c-27075569,4,Elektronik > saatler > fenerium > Kadın
27075642,27074921,Çocuk,https://www.hepsiburada.com/fenerbahce-cocuk-urunleri-c-27075642,4,Elektronik > saatler > fenerium > Çocuk
10007302,2147483640,Animasyon / Çizgi Film,https://www.hepsiburada.com/animasyon-cizgi-filmler-c-10007302,4,Elektronik > saatler > filmler > Animasyon / Çizgi Film
177407,2147483640,Belgesel,https://www.hepsiburada.com/belgesel-filmleri-c-177407,4,Elektronik > saatler > filmler > Belgesel
176839,2147483640,Eğitim / Sağlık,https://www.hepsiburada.com/egitim-saglik-filmleri-c-176839,4,Elektronik > saatler > filmler > Eğitim / Sağlık
10005596,2147483640,Film Figür / Aksesuarları,https://www.hepsiburada.com/film-figur-aksesuarlari-c-10005596,4,Elektronik > saatler > filmler > Film Figür / Aksesuarları
10007318,2147483640,Müzik / Sahne,https://www.hepsiburada.com/muzik-sahne-filmleri-c-10007318,4,Elektronik > saatler > filmler > Müzik / Sahne
10007953,2147483640,Poster,https://www.hepsiburada.com/poster-c-10007953,4,Elektronik > saatler > filmler > Poster
177278,2147483640,Spor / Yoga / Hobi,https://www.hepsiburada.com/spor-yoga-hobi-dvd-setleri-c-177278,4,Elektronik > saatler > filmler > Spor / Yoga / Hobi
10007286,2147483640,Yabancı Film,https://www.hepsiburada.com/yabanci-filmler-c-10007286,4,Elektronik > saatler > filmler > Yabancı Film
178174,2147483640,Yerli Film,https://www.hepsiburada.com/yerli-filmler-c-178174,4,Elektronik > saatler > filmler > Yerli Film
155124,2147483640,dvd blu ray oynaticilar,https://www.hepsiburada.com/dvd-blu-ray-oynaticilar-c-155124,4,Elektronik > saatler > filmler > dvd blu ray oynaticilar
60007251,2147483640,ev sinema sistemleri,https://www.hepsiburada.com/ev-sinema-sistemleri-c-60007251,4,Elektronik > saatler > filmler > ev sinema sistemleri
22001,22017,Elektrikli Mutfak Aletleri,https://www.hepsiburada.com/elektrikli-mutfak-aletleri-c-22001,4,Elektronik > saatler > fritozler > Elektrikli Mutfak Aletleri
23011,23000,Aksesuarlar,https://www.hepsiburada.com/galatasaray-aksesuarlari-c-23011,4,Elektronik > saatler > galatasaray store urunleri > Aksesuarlar
23069,23000,Bebek,https://www.hepsiburada.com/galatasaray-bebek-urunleri-c-23069,4,Elektronik > saatler > galatasaray store urunleri > Bebek
23006,23000,Erkek,https://www.hepsiburada.com/galatasaray-erkek-urunleri-c-23006,4,Elektronik > saatler > galatasaray store urunleri > Erkek
357353,23000,Ev & Ofis,https://www.hepsiburada.com/galatasaray-ev-ofis-urunleri-c-357353,4,Elektronik > saatler > galatasaray store urunleri > Ev & Ofis
23003,23000,Formalar,https://www.hepsiburada.com/galatasaray-formalar-c-23003,4,Elektronik > saatler > galatasaray store urunleri > Formalar
23007,23000,Kadın,https://www.hepsiburada.com/galatasaray-kadin-urunleri-c-23007,4,Elektronik > saatler > galatasaray store urunleri > Kadın
23018,23000,Çocuk,https://www.hepsiburada.com/galatasaray-cocuk-urunleri-c-23018,4,Elektronik > saatler > galatasaray store urunleri > Çocuk
60003708,22348,Aksesuarlar,https://www.hepsiburada.com/kahve-makinesi-aksesuarlari-c-60003708,4,Elektronik > saatler > kahve makineleri > Aksesuarlar
237199,22348,kahve degirmeni ogutuculeri,https://www.hepsiburada.com/kahve-degirmeni-ogutuculeri-c-237199,4,Elektronik > saatler > kahve makineleri > kahve degirmeni ogutuculeri
60004624,22348,kapsul kahve makineleri,https://www.hepsiburada.com/kapsul-kahve-makineleri-c-60004624,4,Elektronik > saatler > kahve makineleri > kapsul kahve makineleri
60001735,2147483645,Aile & Çocuk Bakımı,https://www.hepsiburada.com/aile-kitaplari-c-60001735,4,Elektronik > saatler > kitaplar > Aile & Çocuk Bakımı
15033031,2147483645,Akademik,https://www.hepsiburada.com/akademik-kitaplar-c-15033031,4,Elektronik > saatler > kitaplar > Akademik
80224072,2147483645,Aktivite & Eğitici Kitaplar,https://www.hepsiburada.com/aktivite-egitici-kitaplar-c-80224072,4,Elektronik > saatler > kitaplar > Aktivite & Eğitici Kitaplar
1501689,2147483645,"Araştırma ,Tarih & Siyaset",https://www.hepsiburada.com/arastirma-inceleme-c-1501689,4,"Elektronik > saatler > kitaplar > Araştırma ,Tarih & Siyaset"
10004,2147483645,Dergi,https://www.hepsiburada.com/dergiler-c-10004,4,Elektronik > saatler > kitaplar > Dergi
80196008,2147483645,Dijital Yayınlar,https://www.hepsiburada.com/dijital-yayinlar-c-80196008,4,Elektronik > saatler > kitaplar > Dijital Yayınlar
80196010,2147483645,Din ve Mitoloji,https://www.hepsiburada.com/din-ve-mitoloji-c-80196010,4,Elektronik > saatler > kitaplar > Din ve Mitoloji
15043649,2147483645,E-Kitap Okuyucular,https://www.hepsiburada.com/e-kitap-okuma-araclari-c-15043649,4,Elektronik > saatler > kitaplar > E-Kitap Okuyucular
1501753,2147483645,Edebiyat,https://www.hepsiburada.com/edebiyat-kitaplari-c-1501753,4,Elektronik > saatler > kitaplar > Edebiyat
15033037,2147483645,Eğitim,https://www.hepsiburada.com/egitim-kitaplari-c-15033037,4,Elektronik > saatler > kitaplar > Eğitim
9959,2147483645,Gezi & Turizm,https://www.hepsiburada.com/turizm-gezi-kitaplari-c-9959,4,Elektronik > saatler > kitaplar > Gezi & Turizm
215402,2147483645,Hobi,https://www.hepsiburada.com/hobi-kitaplari-c-215402,4,Elektronik > saatler > kitaplar > Hobi
80857054,2147483645,Kitap Okuma Aksesuarları,https://www.hepsiburada.com/kitap-okuma-aksesuarlari-c-80857054,4,Elektronik > saatler > kitaplar > Kitap Okuma Aksesuarları
9925,2147483645,Kişisel Gelişim & Psikoloji,https://www.hepsiburada.com/kisisel-gelisim-kitaplari-kitaplari-c-9925,4,Elektronik > saatler > kitaplar > Kişisel Gelişim & Psikoloji
60002402,2147483645,Online Eğitim,https://www.hepsiburada.com/online-egitim-c-60002402,4,Elektronik > saatler > kitaplar > Online Eğitim
80220105,2147483645,Sanat,https://www.hepsiburada.com/sanat-c-80220105,4,Elektronik > saatler > kitaplar > Sanat
80196007,2147483645,"Sağlık, Spor ve Diyet",https://www.hepsiburada.com/saglik-spor-ve-diyet-c-80196007,4,"Elektronik > saatler > kitaplar > Sağlık, Spor ve Diyet"
60001648,2147483645,Sesli Kitaplar,https://www.hepsiburada.com/sesli-kitaplar-c-60001648,4,Elektronik > saatler > kitaplar > Sesli Kitaplar
15039802,2147483645,Yabancı Dil Kitaplar (Foreign Languages),https://www.hepsiburada.com/ithal-kitaplar-c-15039802,4,Elektronik > saatler > kitaplar > Yabancı Dil Kitaplar (Foreign Languages)
9992,2147483645,Yemek,https://www.hepsiburada.com/yemek-gurme-icecek-kitaplari-c-9992,4,Elektronik > saatler > kitaplar > Yemek
408010,2147483645,akordiyonlar,https://www.hepsiburada.com/akordiyonlar-c-408010,4,Elektronik > saatler > kitaplar > akordiyonlar
234464,2147483645,ales kitaplari,https://www.hepsiburada.com/ales-kitaplari-c-234464,4,Elektronik > saatler > kitaplar > ales kitaplari
1515050,2147483645,atasozleri deyimler sozlukleri,https://www.hepsiburada.com/atasozleri-deyimler-sozlukleri-c-1515050,4,Elektronik > saatler > kitaplar > atasozleri deyimler sozlukleri
411157,2147483645,baglama telleri,https://www.hepsiburada.com/baglama-telleri-c-411157,4,Elektronik > saatler > kitaplar > baglama telleri
402814,2147483645,baglamalar,https://www.hepsiburada.com/baglamalar-c-402814,4,Elektronik > saatler > kitaplar > baglamalar
80530105,2147483645,balon makinesi,https://www.hepsiburada.com/balon-makinesi-c-80530105,4,Elektronik > saatler > kitaplar > balon makinesi
1514630,2147483645,biyoloji kitaplari,https://www.hepsiburada.com/biyoloji-kitaplari-c-1514630,4,Elektronik > saatler > kitaplar > biyoloji kitaplari
60005890,2147483645,cumbusler,https://www.hepsiburada.com/cumbusler-c-60005890,4,Elektronik > saatler > kitaplar > cumbusler
402837,2147483645,darbukalar,https://www.hepsiburada.com/darbukalar-c-402837,4,Elektronik > saatler > kitaplar > darbukalar
10787,2147483645,davullar,https://www.hepsiburada.com/davullar-c-10787,4,Elektronik > saatler > kitaplar > davullar
10785,2147483645,defler,https://www.hepsiburada.com/defler-c-10785,4,Elektronik > saatler > kitaplar > defler
213862,2147483645,ders kitaplari yardimci kitaplar,https://www.hepsiburada.com/ders-kitaplari-yardimci-kitaplar-c-213862,4,Elektronik > saatler > kitaplar > ders kitaplari yardimci kitaplar
411248,2147483645,flutler,https://www.hepsiburada.com/flutler-c-411248,4,Elektronik > saatler > kitaplar > flutler
1514685,2147483645,ingilizce kitaplar,https://www.hepsiburada.com/ingilizce-kitaplar-c-1514685,4,Elektronik > saatler > kitaplar > ingilizce kitaplar
411210,2147483645,kavallar,https://www.hepsiburada.com/kavallar-c-411210,4,Elektronik > saatler > kitaplar > kavallar
9915,2147483645,kaynak kitaplari,https://www.hepsiburada.com/kaynak-kitaplari-c-9915,4,Elektronik > saatler > kitaplar > kaynak kitaplari
411243,2147483645,kemaneler,https://www.hepsiburada.com/kemaneler-c-411243,4,Elektronik > saatler > kitaplar > kemaneler
411241,2147483645,kemenceler,https://www.hepsiburada.com/kemenceler-c-411241,4,Elektronik > saatler > kitaplar > kemenceler
411214,2147483645,klarnet,https://www.hepsiburada.com/klarnet-c-411214,4,Elektronik > saatler > kitaplar > klarnet
80530132,2147483645,konnektor jak,https://www.hepsiburada.com/konnektor-jak-c-80530132,4,Elektronik > saatler > kitaplar > konnektor jak
60003643,2147483645,kpss genel kultur yetenek konu anlatimli kitaplar,https://www.hepsiburada.com/kpss-genel-kultur-yetenek-konu-anlatimli-kitaplar-c-60003643,4,Elektronik > saatler > kitaplar > kpss genel kultur yetenek konu anlatimli kitaplar
410756,2147483645,mandolinler,https://www.hepsiburada.com/mandolinler-c-410756,4,Elektronik > saatler > kitaplar > mandolinler
1514631,2147483645,matematik kitaplari,https://www.hepsiburada.com/matematik-kitaplari-c-1514631,4,Elektronik > saatler > kitaplar > matematik kitaplari
402930,2147483645,melodikalar,https://www.hepsiburada.com/melodikalar-c-402930,4,Elektronik > saatler > kitaplar > melodikalar
411213,2147483645,meyler,https://www.hepsiburada.com/meyler-c-411213,4,Elektronik > saatler > kitaplar > meyler
405134,2147483645,mikrofonlar,https://www.hepsiburada.com/mikrofonlar-c-405134,4,Elektronik > saatler > kitaplar > mikrofonlar
411247,2147483645,mixer,https://www.hepsiburada.com/mixer-c-411247,4,Elektronik > saatler > kitaplar > mixer
405379,2147483645,muzik keyboard,https://www.hepsiburada.com/muzik-keyboard-c-405379,4,Elektronik > saatler > kitaplar > muzik keyboard
411501,2147483645,neyler,https://www.hepsiburada.com/neyler-c-411501,4,Elektronik > saatler > kitaplar > neyler
19018195,2147483645,orglar,https://www.hepsiburada.com/orglar-c-19018195,4,Elektronik > saatler > kitaplar > orglar
406932,2147483645,pikaplar,https://www.hepsiburada.com/pikaplar-c-406932,4,Elektronik > saatler > kitaplar > pikaplar
80371044,2147483645,plak,https://www.hepsiburada.com/plak-c-80371044,4,Elektronik > saatler > kitaplar > plak
10796,2147483645,poster,https://www.hepsiburada.com/poster-c-10796,4,Elektronik > saatler > kitaplar > poster
411217,2147483645,saksafonlar,https://www.hepsiburada.com/saksafonlar-c-411217,4,Elektronik > saatler > kitaplar > saksafonlar
80525103,2147483645,santur,https://www.hepsiburada.com/santur-c-80525103,4,Elektronik > saatler > kitaplar > santur
60002234,2147483645,trampetler,https://www.hepsiburada.com/trampetler-c-60002234,4,Elektronik > saatler > kitaplar > trampetler
411216,2147483645,trompetler,https://www.hepsiburada.com/trompetler-c-411216,4,Elektronik > saatler > kitaplar > trompetler
1514681,2147483645,tum dersler kitaplari,https://www.hepsiburada.com/tum-dersler-kitaplari-c-1514681,4,Elektronik > saatler > kitaplar > tum dersler kitaplari
1514634,2147483645,turkce kitaplari,https://www.hepsiburada.com/turkce-kitaplari-c-1514634,4,Elektronik > saatler > kitaplar > turkce kitaplari
1515048,2147483645,turkce sozluk kitaplari,https://www.hepsiburada.com/turkce-sozluk-kitaplari-c-1515048,4,Elektronik > saatler > kitaplar > turkce sozluk kitaplari
10784,2147483645,ud,https://www.hepsiburada.com/ud-c-10784,4,Elektronik > saatler > kitaplar > ud
1515095,2147483645,yazim imla kilavuzlari kitaplari,https://www.hepsiburada.com/yazim-imla-kilavuzlari-kitaplari-c-1515095,4,Elektronik > saatler > kitaplar > yazim imla kilavuzlari kitaplari
411211,2147483645,zurnalar,https://www.hepsiburada.com/zurnalar-c-411211,4,Elektronik > saatler > kitaplar > zurnalar
80196009,2147483645,Çizgi Roman & Mizah,https://www.hepsiburada.com/cizgi-roman-mizah-c-80196009,4,Elektronik > saatler > kitaplar > Çizgi Roman & Mizah
9914,2147483645,Çocuk & Gençlik,https://www.hepsiburada.com/cocuk-kitaplari-c-9914,4,Elektronik > saatler > kitaplar > Çocuk & Gençlik
80196011,2147483645,"İş, Ekonomi & Pazarlama",https://www.hepsiburada.com/is-ekonomi-pazarlama-c-80196011,4,"Elektronik > saatler > kitaplar > İş, Ekonomi & Pazarlama"
32000005,2147483603,Cilt Bakımı,https://www.hepsiburada.com/cilt-bakim-urunleri-c-32000005,4,Elektronik > saatler > kozmetik > Cilt Bakımı
32010889,2147483603,Güneş Ürünleri,https://www.hepsiburada.com/gunes-koruyucu-urunler-c-32010889,4,Elektronik > saatler > kozmetik > Güneş Ürünleri
80216054,2147483603,agda makinesi,https://www.hepsiburada.com/agda-makinesi-c-80216054,4,Elektronik > saatler > kozmetik > agda makinesi
26012119,2147483603,dis ipleri,https://www.hepsiburada.com/dis-ipleri-c-26012119,4,Elektronik > saatler > kozmetik > dis ipleri
26012145,2147483603,epilatorler,https://www.hepsiburada.com/epilatorler-c-26012145,4,Elektronik > saatler > kozmetik > epilatorler
26012244,2147483603,hasta bezleri,https://www.hepsiburada.com/hasta-bezleri-c-26012244,4,Elektronik > saatler > kozmetik > hasta bezleri
60003905,2147483603,ipl lazerler,https://www.hepsiburada.com/ipl-lazerler-c-60003905,4,Elektronik > saatler > kozmetik > ipl lazerler
26012198,2147483603,kayganlastirici jeller,https://www.hepsiburada.com/kayganlastirici-jeller-c-26012198,4,Elektronik > saatler > kozmetik > kayganlastirici jeller
80759000,2147483603,kolajen,https://www.hepsiburada.com/kolajen-c-80759000,4,Elektronik > saatler > kozmetik > kolajen
341425,2147483603,makyaj urunleri,https://www.hepsiburada.com/makyaj-urunleri-c-341425,4,Elektronik > saatler > kozmetik > makyaj urunleri
32010986,2147483603,mascaralar,https://www.hepsiburada.com/mascaralar-c-32010986,4,Elektronik > saatler > kozmetik > mascaralar
32010894,2147483603,nemlendiriciler,https://www.hepsiburada.com/nemlendiriciler-c-32010894,4,Elektronik > saatler > kozmetik > nemlendiriciler
80058002,2147483603,omega 3 balik yaglari,https://www.hepsiburada.com/omega-3-balik-yaglari-c-80058002,4,Elektronik > saatler > kozmetik > omega 3 balik yaglari
26012230,2147483603,ortopedik dizlikler,https://www.hepsiburada.com/ortopedik-dizlikler-c-26012230,4,Elektronik > saatler > kozmetik > ortopedik dizlikler
60004286,2147483603,ortopedik terlikler,https://www.hepsiburada.com/ortopedik-terlikler-c-60004286,4,Elektronik > saatler > kozmetik > ortopedik terlikler
341406,2147483603,parfumler,https://www.hepsiburada.com/parfumler-c-341406,4,Elektronik > saatler > kozmetik > parfumler
26012177,2147483603,pedometreler adimsayarlar,https://www.hepsiburada.com/pedometreler-adimsayarlar-c-26012177,4,Elektronik > saatler > kozmetik > pedometreler adimsayarlar
26012196,2147483603,prezervatifler,https://www.hepsiburada.com/prezervatifler-c-26012196,4,Elektronik > saatler > kozmetik > prezervatifler
32010977,2147483603,rujlar,https://www.hepsiburada.com/rujlar-c-32010977,4,Elektronik > saatler > kozmetik > rujlar
26012128,2147483603,sac kurutma makineleri,https://www.hepsiburada.com/sac-kurutma-makineleri-c-26012128,4,Elektronik > saatler > kozmetik > sac kurutma makineleri
26012161,2147483603,sac sakal kesme tuy temizleme makineleri,https://www.hepsiburada.com/sac-sakal-kesme-tuy-temizleme-makineleri-c-26012161,4,Elektronik > saatler > kozmetik > sac sakal kesme tuy temizleme makineleri
26012282,2147483603,sampuanlar,https://www.hepsiburada.com/sampuanlar-c-26012282,4,Elektronik > saatler > kozmetik > sampuanlar
26012290,2147483603,sekillendirici kremler waxlar,https://www.hepsiburada.com/sekillendirici-kremler-waxlar-c-26012290,4,Elektronik > saatler > kozmetik > sekillendirici kremler waxlar
27073740,2147483603,shaker,https://www.hepsiburada.com/shaker-c-27073740,4,Elektronik > saatler > kozmetik > shaker
26012174,2147483603,tansiyon aletleri,https://www.hepsiburada.com/tansiyon-aletleri-c-26012174,4,Elektronik > saatler > kozmetik > tansiyon aletleri
80647033,2147483603,tekerlekli sandalye,https://www.hepsiburada.com/tekerlekli-sandalye-c-80647033,4,Elektronik > saatler > kozmetik > tekerlekli sandalye
26000873,2147483603,tirnak makasi,https://www.hepsiburada.com/tirnak-makasi-c-26000873,4,Elektronik > saatler > kozmetik > tirnak makasi
80216061,2147483603,topuk torpusu,https://www.hepsiburada.com/topuk-torpusu-c-80216061,4,Elektronik > saatler > kozmetik > topuk torpusu
80216050,2147483603,tuy dokucu krem,https://www.hepsiburada.com/tuy-dokucu-krem-c-80216050,4,Elektronik > saatler > kozmetik > tuy dokucu krem
26012237,2147483603,varis coraplari,https://www.hepsiburada.com/varis-coraplari-c-26012237,4,Elektronik > saatler > kozmetik > varis coraplari
60003470,2147483603,yara bantlari,https://www.hepsiburada.com/yara-bantlari-c-60003470,4,Elektronik > saatler > kozmetik > yara bantlari
139,98,bilgisayar isletim sistemleri,https://www.hepsiburada.com/bilgisayar-isletim-sistemleri-c-139,4,Elektronik > saatler > laptop notebook dizustu bilgisayarlar > bilgisayar isletim sistemleri
57,98,monitorler,https://www.hepsiburada.com/monitorler-c-57,4,Elektronik > saatler > laptop notebook dizustu bilgisayarlar > monitorler
95583,98,oyuncu laptoplari,https://www.hepsiburada.com/oyuncu-laptoplari-c-95583,4,Elektronik > saatler > laptop notebook dizustu bilgisayarlar > oyuncu laptoplari
60000010,98,ssd solid state drive,https://www.hepsiburada.com/ssd-solid-state-drive-c-60000010,4,Elektronik > saatler > laptop notebook dizustu bilgisayarlar > ssd solid state drive
18021613,60002948,yemek masalari,https://www.hepsiburada.com/yemek-masalari-c-18021613,4,Elektronik > saatler > mutfak masa takimlari > yemek masalari
60000822,2147483641,Albümler,https://www.hepsiburada.com/muzik-albumleri-c-60000822,4,Elektronik > saatler > muzik > Albümler
19018196,2147483641,Gitarlar,https://www.hepsiburada.com/gitarlar-c-19018196,4,Elektronik > saatler > muzik > Gitarlar
60002524,2147483641,Konsept Hediyelikler,https://www.hepsiburada.com/muzikal-hediyelikler-c-60002524,4,Elektronik > saatler > muzik > Konsept Hediyelikler
405158,2147483641,Kulaklıklar,https://www.hepsiburada.com/kulakliklar-c-405158,4,Elektronik > saatler > muzik > Kulaklıklar
411138,2147483641,Müzik Ekipmanları / Aksesuarları,https://www.hepsiburada.com/muzik-ekipman-aksesuarlari-c-411138,4,Elektronik > saatler > muzik > Müzik Ekipmanları / Aksesuarları
411209,2147483641,Nefesli Çalgılar,https://www.hepsiburada.com/nefesli-calgilar-c-411209,4,Elektronik > saatler > muzik > Nefesli Çalgılar
80530104,2147483641,"Sahne Işıklandırma, Şov",https://www.hepsiburada.com/sahne-isiklandirma-sov-c-80530104,4,"Elektronik > saatler > muzik > Sahne Işıklandırma, Şov"
60001362,2147483641,Stüdyo & DJ Ekipmanları,https://www.hepsiburada.com/profesyonel-muzik-ses-sistemler-c-60001362,4,Elektronik > saatler > muzik > Stüdyo & DJ Ekipmanları
60001365,2147483641,Telli Çalgılar,https://www.hepsiburada.com/telli-calgilar-c-60001365,4,Elektronik > saatler > muzik > Telli Çalgılar
80530127,2147483641,Tuşlu Çalgılar,https://www.hepsiburada.com/tuslu-calgilar-c-80530127,4,Elektronik > saatler > muzik > Tuşlu Çalgılar
400250,2147483641,Vurmalı Çalgılar,https://www.hepsiburada.com/vurmali-calgilar-c-400250,4,Elektronik > saatler > muzik > Vurmalı Çalgılar
411237,2147483641,Yaylı Çalgılar,https://www.hepsiburada.com/yayli-calgilar-c-411237,4,Elektronik > saatler > muzik > Yaylı Çalgılar
80857436,259720,Kış Lastiği,https://www.hepsiburada.com/kis-lastigi-c-80857436,4,Elektronik > saatler > oto lastikler > Kış Lastiği
80857435,259720,Yaz Lastiği,https://www.hepsiburada.com/yaz-lastigi-c-80857435,4,Elektronik > saatler > oto lastikler > Yaz Lastiği
26005,259720,yag motor katkilari,https://www.hepsiburada.com/yag-motor-katkilari-c-26005,4,Elektronik > saatler > oto lastikler > yag motor katkilari
80493040,28001320,Gıda Paketleri,https://www.hepsiburada.com/gida-paketleri-c-80493040,4,Elektronik > saatler > ramazan paketi > Gıda Paketleri
26012178,2147483633,Aile Planlaması Ürünleri,https://www.hepsiburada.com/cinsel-saglik-aile-planlamasi-urunleri-c-26012178,4,Elektronik > saatler > saglik kisisel bakim urunleri > Aile Planlaması Ürünleri
60004068,2147483633,Ayak & Tırnak Bakımı,https://www.hepsiburada.com/ayak-bakim-urunleri-c-60004068,4,Elektronik > saatler > saglik kisisel bakim urunleri > Ayak & Tırnak Bakımı
26012110,2147483633,Ağız Bakım Ürünleri,https://www.hepsiburada.com/agiz-bakim-urunleri-c-26012110,4,Elektronik > saatler > saglik kisisel bakim urunleri > Ağız Bakım Ürünleri
26000865,2147483633,Besin (Gıda) Takviyeleri & Vitaminler,https://www.hepsiburada.com/besin-takviyeleri-c-26000865,4,Elektronik > saatler > saglik kisisel bakim urunleri > Besin (Gıda) Takviyeleri & Vitaminler
26012112,2147483633,Deodorant,https://www.hepsiburada.com/deodorantlar-c-26012112,4,Elektronik > saatler > saglik kisisel bakim urunleri > Deodorant
26012354,2147483633,Duş ve Banyo Ürünleri,https://www.hepsiburada.com/dus-banyo-urunleri-c-26012354,4,Elektronik > saatler > saglik kisisel bakim urunleri > Duş ve Banyo Ürünleri
80216049,2147483633,Epilasyon & Ağda,https://www.hepsiburada.com/epilasyon-agda-c-80216049,4,Elektronik > saatler > saglik kisisel bakim urunleri > Epilasyon & Ağda
26012116,2147483633,Erkek Tıraş Ürünleri,https://www.hepsiburada.com/erkek-tiras-urunleri-c-26012116,4,Elektronik > saatler > saglik kisisel bakim urunleri > Erkek Tıraş Ürünleri
80111004,2147483633,Güzellik Salonu & Kuaför Ürünleri,https://www.hepsiburada.com/guzellik-salonu-kuafor-malzemeleri-c-80111004,4,Elektronik > saatler > saglik kisisel bakim urunleri > Güzellik Salonu & Kuaför Ürünleri
80746000,2147483633,Hijyen Ürünleri,https://www.hepsiburada.com/hijyen-urunleri-c-80746000,4,Elektronik > saatler > saglik kisisel bakim urunleri > Hijyen Ürünleri
80134000,2147483633,"Hotel, Restoran & Cafe İhtiyaçları",https://www.hepsiburada.com/hotel-restoran-cafe-ihtiyaclari-c-80134000,4,"Elektronik > saatler > saglik kisisel bakim urunleri > Hotel, Restoran & Cafe İhtiyaçları"
26012115,2147483633,Kadın Pedleri & Hijyen Ürünleri,https://www.hepsiburada.com/kadin-bakim-urunleri-c-26012115,4,Elektronik > saatler > saglik kisisel bakim urunleri > Kadın Pedleri & Hijyen Ürünleri
80433054,2147483633,Kişisel Bakım & Tıraş Makinesi Yedek Parçaları,https://www.hepsiburada.com/tiras-makinesi-yedek-parcalari-c-80433054,4,Elektronik > saatler > saglik kisisel bakim urunleri > Kişisel Bakım & Tıraş Makinesi Yedek Parçaları
60005107,2147483633,Kişisel Bakım Aletleri,https://www.hepsiburada.com/kisisel-bakim-aletleri-c-60005107,4,Elektronik > saatler > saglik kisisel bakim urunleri > Kişisel Bakım Aletleri
80114004,2147483633,"Masaj, Spa & Wellness",https://www.hepsiburada.com/masaj-spa-wellness-c-80114004,4,"Elektronik > saatler > saglik kisisel bakim urunleri > Masaj, Spa & Wellness"
339715,2147483633,Medikal Ürünler,https://www.hepsiburada.com/medikal-urunler-c-339715,4,Elektronik > saatler > saglik kisisel bakim urunleri > Medikal Ürünler
26012111,2147483633,Saç Bakım Ürünleri,https://www.hepsiburada.com/sac-bakim-urunleri-c-26012111,4,Elektronik > saatler > saglik kisisel bakim urunleri > Saç Bakım Ürünleri
26012170,2147483633,Sağlık Ürünleri,https://www.hepsiburada.com/saglik-urunleri-c-26012170,4,Elektronik > saatler > saglik kisisel bakim urunleri > Sağlık Ürünleri
354020,2147483633,Sporcu Besinleri & Suplementer,https://www.hepsiburada.com/sporcu-besinleri-c-354020,4,Elektronik > saatler > saglik kisisel bakim urunleri > Sporcu Besinleri & Suplementer
80381011,2147483633,Yetişkin Ürünler +18,https://www.hepsiburada.com/yetiskin-urunler-18-c-80381011,4,Elektronik > saatler > saglik kisisel bakim urunleri > Yetişkin Ürünler +18
26012117,2147483633,dis fircalari,https://www.hepsiburada.com/dis-fircalari-c-26012117,4,Elektronik > saatler > saglik kisisel bakim urunleri > dis fircalari
32010888,2147483633,el tirnak bakim urunleri,https://www.hepsiburada.com/el-tirnak-bakim-urunleri-c-32010888,4,Elektronik > saatler > saglik kisisel bakim urunleri > el tirnak bakim urunleri
27045582,384551,Günlük Spor Ayakkabı,https://www.hepsiburada.com/gunluk-spor-ayakkabilari-c-27045582,4,Elektronik > saatler > spor ayakkabilar > Günlük Spor Ayakkabı
384554,384551,Halı Saha Ayakkabısı,https://www.hepsiburada.com/hali-saha-ayakkabilari-c-384554,4,Elektronik > saatler > spor ayakkabilar > Halı Saha Ayakkabısı
80524081,384551,Hizmet,https://www.hepsiburada.com/hizmet-c-80524081,4,Elektronik > saatler > spor ayakkabilar > Hizmet
60001555,384551,Outdoor-Trekking,https://www.hepsiburada.com/outdoor-trekking-urunleri-c-60001555,4,Elektronik > saatler > spor ayakkabilar > Outdoor-Trekking
369685,384551,Spor Giyim - Aksesuar,https://www.hepsiburada.com/spor-malzemeleri-kiyafetleri-c-369685,4,Elektronik > saatler > spor ayakkabilar > Spor Giyim - Aksesuar
27063133,384551,Spor Terlik,https://www.hepsiburada.com/spor-terlikler-c-27063133,4,Elektronik > saatler > spor ayakkabilar > Spor Terlik
27047261,384551,Tenis Ayakkabısı,https://www.hepsiburada.com/tenis-ayakkabilari-c-27047261,4,Elektronik > saatler > spor ayakkabilar > Tenis Ayakkabısı
60005517,384551,Voleybol Ayakkabısı,https://www.hepsiburada.com/outdoor-voleybol-ayakkabilari-c-60005517,4,Elektronik > saatler > spor ayakkabilar > Voleybol Ayakkabısı
371967,2147483642,Cep Telefonu Aksesuarları,https://www.hepsiburada.com/cep-telefonu-aksesuarlari-c-371967,4,Elektronik > saatler > telefonlar > Cep Telefonu Aksesuarları
371966,2147483642,Telsiz / Masaüstü Telefonlar,https://www.hepsiburada.com/telsiz-masaustu-telefonlar-c-371966,4,Elektronik > saatler > telefonlar > Telsiz / Masaüstü Telefonlar
16102,2147483642,cep telefonu kiliflari,https://www.hepsiburada.com/cep-telefonu-kiliflari-c-16102,4,Elektronik > saatler > telefonlar > cep telefonu kiliflari
80315023,2147483642,ekran koruyucu,https://www.hepsiburada.com/ekran-koruyucu-c-80315023,4,Elektronik > saatler > telefonlar > ekran koruyucu
60006597,2147483642,tasinabilir sarj cihazlari,https://www.hepsiburada.com/tasinabilir-sarj-cihazlari-c-60006597,4,Elektronik > saatler > telefonlar > tasinabilir sarj cihazlari
60000352,352444,Bebek Giyim,https://www.hepsiburada.com/trabzonspor-bebek-giyim-c-60000352,4,Elektronik > saatler > trabzonspor urunleri > Bebek Giyim
60000349,352444,Erkek Giyim,https://www.hepsiburada.com/trabzonspor-erkek-giyim-urunleri-c-60000349,4,Elektronik > saatler > trabzonspor urunleri > Erkek Giyim
60000351,352444,Çocuk Giyim,https://www.hepsiburada.com/trabzonspor-cocuk-giyim-urunleri-c-60000351,4,Elektronik > saatler > trabzonspor urunleri > Çocuk Giyim
16032976,60008247,Ziynet Altınlar,https://www.hepsiburada.com/ziynet-altinlar-c-16032976,4,Elektronik > saatler > yarim altin > Ziynet Altınlar
60008246,60008247,ceyrek altin,https://www.hepsiburada.com/ceyrek-altin-c-60008246,4,Elektronik > saatler > yarim altin > ceyrek altin
60008248,60008247,tam altin,https://www.hepsiburada.com/tam-altin-c-60008248,4,Elektronik > saatler > yarim altin > tam altin
60004528,8003673,3D Gözlük,https://www.hepsiburada.com/3d-gozlukler-c-60004528,4,Elektronik > ses goruntu sistemleri > TV Aksesuarları > 3D Gözlük
60004529,8003673,Akıllı TV Aksesuarları,https://www.hepsiburada.com/akilli-tv-aksesuarlari-c-60004529,4,Elektronik > ses goruntu sistemleri > TV Aksesuarları > Akıllı TV Aksesuarları
60002696,8003673,Dijital Yayın Paketleri,https://www.hepsiburada.com/dijital-yayin-paketleri-c-60002696,4,Elektronik > ses goruntu sistemleri > TV Aksesuarları > Dijital Yayın Paketleri
157463,8003673,Ekran Temizleme Ürünleri,https://www.hepsiburada.com/ekran-temizleme-urunleri-c-157463,4,Elektronik > ses goruntu sistemleri > TV Aksesuarları > Ekran Temizleme Ürünleri
80788007,8003673,TV Montaj,https://www.hepsiburada.com/tv-montaj-c-80788007,4,Elektronik > ses goruntu sistemleri > TV Aksesuarları > TV Montaj
80827002,8003673,TV Yedek Parçaları,https://www.hepsiburada.com/tv-yedek-parcalari-c-80827002,4,Elektronik > ses goruntu sistemleri > TV Aksesuarları > TV Yedek Parçaları
80407000,8003673,tv ekran koruyucular,https://www.hepsiburada.com/tv-ekran-koruyucular-c-80407000,4,Elektronik > ses goruntu sistemleri > TV Aksesuarları > tv ekran koruyucular
18021389,8003673,tv uniteleri,https://www.hepsiburada.com/tv-uniteleri-c-18021389,4,Elektronik > ses goruntu sistemleri > TV Aksesuarları > tv uniteleri
157201,155056,Dıseq Motorlar,https://www.hepsiburada.com/diseq-motorlar-c-157201,4,Elektronik > ses goruntu sistemleri > Uydu Alıcısı Aksesuarları > Dıseq Motorlar
157196,155056,Switchler,https://www.hepsiburada.com/uydu-alicisi-switchleri-c-157196,4,Elektronik > ses goruntu sistemleri > Uydu Alıcısı Aksesuarları > Switchler
157876,155056,Tv Antenleri,https://www.hepsiburada.com/tv-antenleri-c-157876,4,Elektronik > ses goruntu sistemleri > Uydu Alıcısı Aksesuarları > Tv Antenleri
160957,155056,Uydu Bölücüler,https://www.hepsiburada.com/uydu-boluculer-c-160957,4,Elektronik > ses goruntu sistemleri > Uydu Alıcısı Aksesuarları > Uydu Bölücüler
155523,155056,Uydu Konnektörleri,https://www.hepsiburada.com/uydu-konnektorleri-c-155523,4,Elektronik > ses goruntu sistemleri > Uydu Alıcısı Aksesuarları > Uydu Konnektörleri
163488,155056,Uydu Prizleri,https://www.hepsiburada.com/uydu-prizleri-c-163488,4,Elektronik > ses goruntu sistemleri > Uydu Alıcısı Aksesuarları > Uydu Prizleri
60000539,155056,Uydu Santrali,https://www.hepsiburada.com/uydu-santralleri-c-60000539,4,Elektronik > ses goruntu sistemleri > Uydu Alıcısı Aksesuarları > Uydu Santrali
17498,17499,Alarm Saatli Radyolar,https://www.hepsiburada.com/alarm-saatli-radyolar-c-17498,4,Elektronik > ses goruntu sistemleri > muzik sistemleri > Alarm Saatli Radyolar
60007403,17499,Pikap,https://www.hepsiburada.com/pikap-c-60007403,4,Elektronik > ses goruntu sistemleri > muzik sistemleri > Pikap
17012,17499,Portatif Sistemler,https://www.hepsiburada.com/portatif-sistemler-c-17012,4,Elektronik > ses goruntu sistemleri > muzik sistemleri > Portatif Sistemler
60008221,17499,Stereo Amfiler,https://www.hepsiburada.com/stereo-amfi-c-60008221,4,Elektronik > ses goruntu sistemleri > muzik sistemleri > Stereo Amfiler
60007250,17499,Taşınabilir Amfili Hoparlörler,https://www.hepsiburada.com/tasinabilir-anfi-c-60007250,4,Elektronik > ses goruntu sistemleri > muzik sistemleri > Taşınabilir Amfili Hoparlörler
28001525,80160031,deterjan temizlik urunleri,https://www.hepsiburada.com/deterjan-temizlik-urunleri-c-28001525,4,Elektronik > supurgeler > Sulu Süpürge > deterjan temizlik urunleri
60000853,80160031,koltuk takimlari,https://www.hepsiburada.com/koltuk-takimlari-c-60000853,4,Elektronik > supurgeler > Sulu Süpürge > koltuk takimlari
60001332,80160030,bitkisel yaglar,https://www.hepsiburada.com/bitkisel-yaglar-c-60001332,4,Elektronik > supurgeler > Toz Torbasız Süpürge > bitkisel yaglar
28002868,80160030,temizlik bezleri,https://www.hepsiburada.com/temizlik-bezleri-c-28002868,4,Elektronik > supurgeler > Toz Torbasız Süpürge > temizlik bezleri
60002656,60002655,Gömme Spotlar,https://www.hepsiburada.com/gomme-spotlar-c-60002656,4,"Ev, Yasam, Kirtasiye, Ofis > Aydınlatma > Spotlar > Gömme Spotlar"
60002789,60002655,piller,https://www.hepsiburada.com/piller-c-60002789,4,"Ev, Yasam, Kirtasiye, Ofis > Aydınlatma > Spotlar > piller"
80274085,13003202,Akıllı Ampuller,https://www.hepsiburada.com/akilli-ampuller-c-80274085,4,"Ev, Yasam, Kirtasiye, Ofis > Aydınlatma > ampuller > Akıllı Ampuller"
60002997,13003202,Floresan Ampuller,https://www.hepsiburada.com/floresan-ampuller-c-60002997,4,"Ev, Yasam, Kirtasiye, Ofis > Aydınlatma > ampuller > Floresan Ampuller"
13006523,13003202,Halojen Ampuller,https://www.hepsiburada.com/halojen-ampuller-c-13006523,4,"Ev, Yasam, Kirtasiye, Ofis > Aydınlatma > ampuller > Halojen Ampuller"
80274084,13003202,Rustik Ampuller,https://www.hepsiburada.com/rustik-ampuller-c-80274084,4,"Ev, Yasam, Kirtasiye, Ofis > Aydınlatma > ampuller > Rustik Ampuller"
60004292,60004290,Abajur,https://www.hepsiburada.com/cocuk-odasi-abajurleri-c-60004292,4,"Ev, Yasam, Kirtasiye, Ofis > Aydınlatma > Çocuk Odası Aydınlatma > Abajur"
60004294,60004290,Dekoratif Aydınlatma,https://www.hepsiburada.com/cocuk-odasi-dekoratif-aydinlatmalar-c-60004294,4,"Ev, Yasam, Kirtasiye, Ofis > Aydınlatma > Çocuk Odası Aydınlatma > Dekoratif Aydınlatma"
60004295,60004290,Gece Lambası,https://www.hepsiburada.com/cocuk-odasi-gece-lambalari-c-60004295,4,"Ev, Yasam, Kirtasiye, Ofis > Aydınlatma > Çocuk Odası Aydınlatma > Gece Lambası"
60004296,60004290,Masa Lambası,https://www.hepsiburada.com/cocuk-odasi-masa-lambalari-c-60004296,4,"Ev, Yasam, Kirtasiye, Ofis > Aydınlatma > Çocuk Odası Aydınlatma > Masa Lambası"
60004297,60004290,Sarkıt,https://www.hepsiburada.com/cocuk-odasi-sarkit-avizeler-c-60004297,4,"Ev, Yasam, Kirtasiye, Ofis > Aydınlatma > Çocuk Odası Aydınlatma > Sarkıt"
18021995,18021925,Ayna Etajeri,https://www.hepsiburada.com/ayna-etajerleri-c-18021995,4,"Ev, Yasam, Kirtasiye, Ofis > Banyo & Mutfak > Banyo Aksesuarları > Ayna Etajeri"
18021935,18021925,Banyo Aksesuar Seti,https://www.hepsiburada.com/banyo-aksesuar-setleri-c-18021935,4,"Ev, Yasam, Kirtasiye, Ofis > Banyo & Mutfak > Banyo Aksesuarları > Banyo Aksesuar Seti"
18021943,18021925,Banyo Askısı,https://www.hepsiburada.com/banyo-askilari-c-18021943,4,"Ev, Yasam, Kirtasiye, Ofis > Banyo & Mutfak > Banyo Aksesuarları > Banyo Askısı"
60000278,18021925,Banyo Kaydırmazı,https://www.hepsiburada.com/banyo-kaydirmazlari-c-60000278,4,"Ev, Yasam, Kirtasiye, Ofis > Banyo & Mutfak > Banyo Aksesuarları > Banyo Kaydırmazı"
60006438,18021925,Banyo Stickerları,https://www.hepsiburada.com/banyo-stickerlari-c-60006438,4,"Ev, Yasam, Kirtasiye, Ofis > Banyo & Mutfak > Banyo Aksesuarları > Banyo Stickerları"
18021941,18021925,Banyo Çöp Kovası,https://www.hepsiburada.com/banyo-cop-kovalari-c-18021941,4,"Ev, Yasam, Kirtasiye, Ofis > Banyo & Mutfak > Banyo Aksesuarları > Banyo Çöp Kovası"
80743000,18021925,Dezenfektan Dispenseri,https://www.hepsiburada.com/dezenfektan-dispenseri-c-80743000,4,"Ev, Yasam, Kirtasiye, Ofis > Banyo & Mutfak > Banyo Aksesuarları > Dezenfektan Dispenseri"
18021937,18021925,Diş Fırçalık,https://www.hepsiburada.com/dis-fircaliklar-c-18021937,4,"Ev, Yasam, Kirtasiye, Ofis > Banyo & Mutfak > Banyo Aksesuarları > Diş Fırçalık"
80571111,18021925,El Kurutma Makinesi,https://www.hepsiburada.com/el-kurutma-makinesi-c-80571111,4,"Ev, Yasam, Kirtasiye, Ofis > Banyo & Mutfak > Banyo Aksesuarları > El Kurutma Makinesi"
18022798,18021925,Havlu Dispenseri,https://www.hepsiburada.com/havlu-dispenserleri-c-18022798,4,"Ev, Yasam, Kirtasiye, Ofis > Banyo & Mutfak > Banyo Aksesuarları > Havlu Dispenseri"
18021942,18021925,Havluluk,https://www.hepsiburada.com/havluluklar-c-18021942,4,"Ev, Yasam, Kirtasiye, Ofis > Banyo & Mutfak > Banyo Aksesuarları > Havluluk"
18021940,18021925,Klozet Fırçası,https://www.hepsiburada.com/klozet-fircalari-c-18021940,4,"Ev, Yasam, Kirtasiye, Ofis > Banyo & Mutfak > Banyo Aksesuarları > Klozet Fırçası"
80571110,18021925,Klozet Örtüsü Dispenseri,https://www.hepsiburada.com/klozet-ortusu-dispenseri-c-80571110,4,"Ev, Yasam, Kirtasiye, Ofis > Banyo & Mutfak > Banyo Aksesuarları > Klozet Örtüsü Dispenseri"
18044397,18021925,Pamuk Kutusu,https://www.hepsiburada.com/pamuk-kutulari-c-18044397,4,"Ev, Yasam, Kirtasiye, Ofis > Banyo & Mutfak > Banyo Aksesuarları > Pamuk Kutusu"
18021936,18021925,Sabunluk,https://www.hepsiburada.com/sabunluklar-c-18021936,4,"Ev, Yasam, Kirtasiye, Ofis > Banyo & Mutfak > Banyo Aksesuarları > Sabunluk"
18021939,18021925,Tuvalet Kağıtlığı,https://www.hepsiburada.com/tuvalet-kagitliklari-c-18021939,4,"Ev, Yasam, Kirtasiye, Ofis > Banyo & Mutfak > Banyo Aksesuarları > Tuvalet Kağıtlığı"
18021954,18021927,Ara Musluk,https://www.hepsiburada.com/ara-musluklar-c-18021954,4,"Ev, Yasam, Kirtasiye, Ofis > Banyo & Mutfak > Batarya & Musluk > Ara Musluk"
60004883,18021927,Bide Bataryası,https://www.hepsiburada.com/bide-bataryalari-c-60004883,4,"Ev, Yasam, Kirtasiye, Ofis > Banyo & Mutfak > Batarya & Musluk > Bide Bataryası"
18021948,18021927,Duş Bataryası,https://www.hepsiburada.com/dus-bataryasi-c-18021948,4,"Ev, Yasam, Kirtasiye, Ofis > Banyo & Mutfak > Batarya & Musluk > Duş Bataryası"
18021950,18021927,Fotoselli Batarya,https://www.hepsiburada.com/fotoselli-bataryalar-c-18021950,4,"Ev, Yasam, Kirtasiye, Ofis > Banyo & Mutfak > Batarya & Musluk > Fotoselli Batarya"
18021956,18021927,Pisuvar Musluğu,https://www.hepsiburada.com/pisuvar-musluklari-c-18021956,4,"Ev, Yasam, Kirtasiye, Ofis > Banyo & Mutfak > Batarya & Musluk > Pisuvar Musluğu"
18021952,18021927,Su Tasarruf Aparatı,https://www.hepsiburada.com/su-tasarruf-aparatlari-c-18021952,4,"Ev, Yasam, Kirtasiye, Ofis > Banyo & Mutfak > Batarya & Musluk > Su Tasarruf Aparatı"
18021932,18021934,Duş Aksesuarları,https://www.hepsiburada.com/dus-aksesuarlari-c-18021932,4,"Ev, Yasam, Kirtasiye, Ofis > Banyo & Mutfak > Duş Sistemleri > Duş Aksesuarları"
18021982,18021934,Duş Teknesi,https://www.hepsiburada.com/dus-teknesi-c-18021982,4,"Ev, Yasam, Kirtasiye, Ofis > Banyo & Mutfak > Duş Sistemleri > Duş Teknesi"
80492124,18021934,Duşakabin Yedek Parçaları,https://www.hepsiburada.com/dusakabin-yedek-parcalari-c-80492124,4,"Ev, Yasam, Kirtasiye, Ofis > Banyo & Mutfak > Duş Sistemleri > Duşakabin Yedek Parçaları"
18021944,454873,Banyo Aspiratörü,https://www.hepsiburada.com/banyo-aspiratorleri-c-18021944,4,"Ev, Yasam, Kirtasiye, Ofis > Banyo & Mutfak > Tesisat > Banyo Aspiratörü"
460269,454873,Tesisat Malzemeleri,https://www.hepsiburada.com/tesisat-malzemeleri-c-460269,4,"Ev, Yasam, Kirtasiye, Ofis > Banyo & Mutfak > Tesisat > Tesisat Malzemeleri"
80298256,60000509,Kumanda Paneli,https://www.hepsiburada.com/klozet-kumanda-paneli-c-80298256,4,"Ev, Yasam, Kirtasiye, Ofis > Banyo & Mutfak > Vitrifiye > Kumanda Paneli"
60004466,60000509,Pisuar,https://www.hepsiburada.com/pisuarlar-c-60004466,4,"Ev, Yasam, Kirtasiye, Ofis > Banyo & Mutfak > Vitrifiye > Pisuar"
60003772,18021308,Ayna Stickerlar,https://www.hepsiburada.com/ayna-stickerlar-c-60003772,4,"Ev, Yasam, Kirtasiye, Ofis > Dekorasyon > Aynalar > Ayna Stickerlar"
60006512,18021308,Dekoratif Aynalar,https://www.hepsiburada.com/dekoratif-aynalar-c-60006512,4,"Ev, Yasam, Kirtasiye, Ofis > Dekorasyon > Aynalar > Dekoratif Aynalar"
60006509,18021308,El Aynaları,https://www.hepsiburada.com/el-aynasi-c-60006509,4,"Ev, Yasam, Kirtasiye, Ofis > Dekorasyon > Aynalar > El Aynaları"
60006508,18021308,Kırılmaz Aynalar,https://www.hepsiburada.com/kirilmaz-ayna-c-60006508,4,"Ev, Yasam, Kirtasiye, Ofis > Dekorasyon > Aynalar > Kırılmaz Aynalar"
60006507,18021308,Parçalı Aynalar,https://www.hepsiburada.com/parcali-aynalar-c-60006507,4,"Ev, Yasam, Kirtasiye, Ofis > Dekorasyon > Aynalar > Parçalı Aynalar"
60006511,18021308,Varaklı Aynalar,https://www.hepsiburada.com/varakli-aynalar-c-60006511,4,"Ev, Yasam, Kirtasiye, Ofis > Dekorasyon > Aynalar > Varaklı Aynalar"
18021309,18021308,duvar stickerlari,https://www.hepsiburada.com/duvar-stickerlari-c-18021309,4,"Ev, Yasam, Kirtasiye, Ofis > Dekorasyon > Aynalar > duvar stickerlari"
60003817,18021308,Çerçeveli Aynalar,https://www.hepsiburada.com/cerceveli-aynalar-c-60003817,4,"Ev, Yasam, Kirtasiye, Ofis > Dekorasyon > Aynalar > Çerçeveli Aynalar"
60003929,60003776,yilbasi dekorlari,https://www.hepsiburada.com/yilbasi-dekorlari-c-60003929,4,"Ev, Yasam, Kirtasiye, Ofis > Dekorasyon > Biblo > yilbasi dekorlari"
60001605,60003775,Bardak Altlığı,https://www.hepsiburada.com/bardak-altliklari-c-60001605,4,"Ev, Yasam, Kirtasiye, Ofis > Dekorasyon > Dekoratif Objeler > Bardak Altlığı"
60003777,60003775,Dekoratif Tabak & Kaseler,https://www.hepsiburada.com/dekoratif-tabak-kaseler-c-60003777,4,"Ev, Yasam, Kirtasiye, Ofis > Dekorasyon > Dekoratif Objeler > Dekoratif Tabak & Kaseler"
18042865,60003775,Dekoratif Taşlar,https://www.hepsiburada.com/dekoratif-taslar-c-18042865,4,"Ev, Yasam, Kirtasiye, Ofis > Dekorasyon > Dekoratif Objeler > Dekoratif Taşlar"
60005737,60003775,Fener Mumluk,https://www.hepsiburada.com/fener-mumluk-c-60005737,4,"Ev, Yasam, Kirtasiye, Ofis > Dekorasyon > Dekoratif Objeler > Fener Mumluk"
1110939,60003775,Gondol,https://www.hepsiburada.com/gondol-c-1110939,4,"Ev, Yasam, Kirtasiye, Ofis > Dekorasyon > Dekoratif Objeler > Gondol"
60003778,60003775,Keyif Tepsileri,https://www.hepsiburada.com/keyif-tepsileri-c-60003778,4,"Ev, Yasam, Kirtasiye, Ofis > Dekorasyon > Dekoratif Objeler > Keyif Tepsileri"
18021624,60003775,Kitap Tutucular,https://www.hepsiburada.com/kitap-tutucular-c-18021624,4,"Ev, Yasam, Kirtasiye, Ofis > Dekorasyon > Dekoratif Objeler > Kitap Tutucular"
60003779,60003775,Kumbaralar,https://www.hepsiburada.com/kumbaralar-c-60003779,4,"Ev, Yasam, Kirtasiye, Ofis > Dekorasyon > Dekoratif Objeler > Kumbaralar"
18021352,60003775,Kül Tablaları,https://www.hepsiburada.com/kul-tablalari-c-18021352,4,"Ev, Yasam, Kirtasiye, Ofis > Dekorasyon > Dekoratif Objeler > Kül Tablaları"
60003569,60003775,Magnet,https://www.hepsiburada.com/magnetler-c-60003569,4,"Ev, Yasam, Kirtasiye, Ofis > Dekorasyon > Dekoratif Objeler > Magnet"
18031523,60003775,Nargileler,https://www.hepsiburada.com/nargileler-c-18031523,4,"Ev, Yasam, Kirtasiye, Ofis > Dekorasyon > Dekoratif Objeler > Nargileler"
18021355,60003775,Nazar Boncuğu,https://www.hepsiburada.com/nazar-boncuklari-c-18021355,4,"Ev, Yasam, Kirtasiye, Ofis > Dekorasyon > Dekoratif Objeler > Nazar Boncuğu"
60005087,60003775,Salon Aksesuar Seti,https://www.hepsiburada.com/salon-aksesuar-seti-c-60005087,4,"Ev, Yasam, Kirtasiye, Ofis > Dekorasyon > Dekoratif Objeler > Salon Aksesuar Seti"
60005004,60003775,Yapay Meyve,https://www.hepsiburada.com/yapay-meyveler-c-60005004,4,"Ev, Yasam, Kirtasiye, Ofis > Dekorasyon > Dekoratif Objeler > Yapay Meyve"
60003782,60003775,Şaraplıklar,https://www.hepsiburada.com/sarapliklar-c-60003782,4,"Ev, Yasam, Kirtasiye, Ofis > Dekorasyon > Dekoratif Objeler > Şaraplıklar"
18021319,60003775,Şömine ve Aksesuarları,https://www.hepsiburada.com/somine-ve-aksesuarlari-c-18021319,4,"Ev, Yasam, Kirtasiye, Ofis > Dekorasyon > Dekoratif Objeler > Şömine ve Aksesuarları"
18021431,60000511,Duvar Süslemeleri,https://www.hepsiburada.com/duvar-suslemeleri-c-18021431,4,"Ev, Yasam, Kirtasiye, Ofis > Dekorasyon > Duvar Dekorları > Duvar Süslemeleri"
60005403,60000511,Poster Duvar Kağıdı,https://www.hepsiburada.com/poster-duvar-kagidi-c-60005403,4,"Ev, Yasam, Kirtasiye, Ofis > Dekorasyon > Duvar Dekorları > Poster Duvar Kağıdı"
18021374,60000511,Posterler,https://www.hepsiburada.com/duvar-dekoru-posterleri-c-18021374,4,"Ev, Yasam, Kirtasiye, Ofis > Dekorasyon > Duvar Dekorları > Posterler"
60004980,18021314,Ayakkabı Kutusu,https://www.hepsiburada.com/ayakkabi-kutusu-c-60004980,4,"Ev, Yasam, Kirtasiye, Ofis > Dekorasyon > Ev Düzenleme & Saklama > Ayakkabı Kutusu"
60004983,18021314,Dekoratif Kutu,https://www.hepsiburada.com/dekoratif-kutular-c-60004983,4,"Ev, Yasam, Kirtasiye, Ofis > Dekorasyon > Ev Düzenleme & Saklama > Dekoratif Kutu"
60004987,18021314,Elbise Askısı,https://www.hepsiburada.com/dekoratif-elbise-askilari-c-60004987,4,"Ev, Yasam, Kirtasiye, Ofis > Dekorasyon > Ev Düzenleme & Saklama > Elbise Askısı"
60004981,18021314,Saklama Kutusu,https://www.hepsiburada.com/saklama-kutulari-c-60004981,4,"Ev, Yasam, Kirtasiye, Ofis > Dekorasyon > Ev Düzenleme & Saklama > Saklama Kutusu"
60004984,18021314,Takı Askısı,https://www.hepsiburada.com/taki-askilari-c-60004984,4,"Ev, Yasam, Kirtasiye, Ofis > Dekorasyon > Ev Düzenleme & Saklama > Takı Askısı"
60004982,18021314,Takı Kutusu,https://www.hepsiburada.com/taki-kutulari-c-60004982,4,"Ev, Yasam, Kirtasiye, Ofis > Dekorasyon > Ev Düzenleme & Saklama > Takı Kutusu"
60004985,18021314,Yüzük Kutusu,https://www.hepsiburada.com/yuzuk-kutulari-c-60004985,4,"Ev, Yasam, Kirtasiye, Ofis > Dekorasyon > Ev Düzenleme & Saklama > Yüzük Kutusu"
60007529,60001787,Afiş & Banner,https://www.hepsiburada.com/afis-banner-c-60007529,4,"Ev, Yasam, Kirtasiye, Ofis > Dekorasyon > Parti Malzemeleri > Afiş & Banner"
60007530,60001787,Bayrak,https://www.hepsiburada.com/parti-bayragi-c-60007530,4,"Ev, Yasam, Kirtasiye, Ofis > Dekorasyon > Parti Malzemeleri > Bayrak"
60007533,60001787,Davetiye,https://www.hepsiburada.com/davetiye-c-60007533,4,"Ev, Yasam, Kirtasiye, Ofis > Dekorasyon > Parti Malzemeleri > Davetiye"
60007535,60001787,Dilek Balonu,https://www.hepsiburada.com/dilek-balonu-c-60007535,4,"Ev, Yasam, Kirtasiye, Ofis > Dekorasyon > Parti Malzemeleri > Dilek Balonu"
60005016,60001787,Doğum Günü Süsleri,https://www.hepsiburada.com/dogum-gunu-susleri-c-60005016,4,"Ev, Yasam, Kirtasiye, Ofis > Dekorasyon > Parti Malzemeleri > Doğum Günü Süsleri"
60008282,60001787,"Düğün, Kına & Nikah",https://www.hepsiburada.com/dugun-kina-nikah-c-60008282,4,"Ev, Yasam, Kirtasiye, Ofis > Dekorasyon > Parti Malzemeleri > Düğün, Kına & Nikah"
60007532,60001787,Hatıra Çerçevesi,https://www.hepsiburada.com/hatira-cercevesi-c-60007532,4,"Ev, Yasam, Kirtasiye, Ofis > Dekorasyon > Parti Malzemeleri > Hatıra Çerçevesi"
60007538,60001787,Hediye Paketleme Malzemeleri,https://www.hepsiburada.com/hediye-paketleme-malzemeleri-c-60007538,4,"Ev, Yasam, Kirtasiye, Ofis > Dekorasyon > Parti Malzemeleri > Hediye Paketleme Malzemeleri"
60007534,60001787,Kaynana Dili Düdük,https://www.hepsiburada.com/kaynana-dili-duduk-c-60007534,4,"Ev, Yasam, Kirtasiye, Ofis > Dekorasyon > Parti Malzemeleri > Kaynana Dili Düdük"
60007536,60001787,Kağıt Fener,https://www.hepsiburada.com/kagit-fener-c-60007536,4,"Ev, Yasam, Kirtasiye, Ofis > Dekorasyon > Parti Malzemeleri > Kağıt Fener"
60007531,60001787,Kek Standı,https://www.hepsiburada.com/kek-standi-c-60007531,4,"Ev, Yasam, Kirtasiye, Ofis > Dekorasyon > Parti Malzemeleri > Kek Standı"
60007537,60001787,Parti Gözlüğü,https://www.hepsiburada.com/parti-gozlugu-c-60007537,4,"Ev, Yasam, Kirtasiye, Ofis > Dekorasyon > Parti Malzemeleri > Parti Gözlüğü"
60007549,60001787,Sofra Gereçleri,https://www.hepsiburada.com/sofra-gerecleri-c-60007549,4,"Ev, Yasam, Kirtasiye, Ofis > Dekorasyon > Parti Malzemeleri > Sofra Gereçleri"
18033489,18021321,Eğlenceli Tasarım Ürünleri,https://www.hepsiburada.com/eglenceli-tasarim-urunleri-c-18033489,4,"Ev, Yasam, Kirtasiye, Ofis > Dekorasyon > Tasarım Ürünleri > Eğlenceli Tasarım Ürünleri"
60005097,18021321,Pratik Ürünler,https://www.hepsiburada.com/pratik-dekorasyon-urunler-c-60005097,4,"Ev, Yasam, Kirtasiye, Ofis > Dekorasyon > Tasarım Ürünleri > Pratik Ürünler"
18033490,18021321,İlginç Tasarımlı Dekoratif Ürünler,https://www.hepsiburada.com/ilginc-tasarimli-dekoratif-urunler-c-18033490,4,"Ev, Yasam, Kirtasiye, Ofis > Dekorasyon > Tasarım Ürünleri > İlginç Tasarımlı Dekoratif Ürünler"
60005020,60004335,Yılbaşı Ağaç Süsleri,https://www.hepsiburada.com/yilbasi-agac-susleri-c-60005020,4,"Ev, Yasam, Kirtasiye, Ofis > Dekorasyon > Yılbaşı Süsleri > Yılbaşı Ağaç Süsleri"
60003804,60004335,Yılbaşı Oyuncakları,https://www.hepsiburada.com/yilbasi-oyuncaklari-c-60003804,4,"Ev, Yasam, Kirtasiye, Ofis > Dekorasyon > Yılbaşı Süsleri > Yılbaşı Oyuncakları"
60003805,60004335,Yılbaşı Parti Malzemeleri,https://www.hepsiburada.com/yilbasi-parti-malzemeleri-c-60003805,4,"Ev, Yasam, Kirtasiye, Ofis > Dekorasyon > Yılbaşı Süsleri > Yılbaşı Parti Malzemeleri"
60003928,60004335,Yılbaşı Tabloları,https://www.hepsiburada.com/yilbasi-tablolari-c-60003928,4,"Ev, Yasam, Kirtasiye, Ofis > Dekorasyon > Yılbaşı Süsleri > Yılbaşı Tabloları"
60003806,60004335,Yılbaşı Topları,https://www.hepsiburada.com/yilbasi-toplari-c-60003806,4,"Ev, Yasam, Kirtasiye, Ofis > Dekorasyon > Yılbaşı Süsleri > Yılbaşı Topları"
60003891,60004335,yilbasi aydinlatmalari,https://www.hepsiburada.com/yilbasi-aydinlatmalari-c-60003891,4,"Ev, Yasam, Kirtasiye, Ofis > Dekorasyon > Yılbaşı Süsleri > yilbasi aydinlatmalari"
60003803,60004335,yilbasi cam agaclari,https://www.hepsiburada.com/yilbasi-cam-agaclari-c-60003803,4,"Ev, Yasam, Kirtasiye, Ofis > Dekorasyon > Yılbaşı Süsleri > yilbasi cam agaclari"
60005044,60004335,yilbasi sepetleri,https://www.hepsiburada.com/yilbasi-sepetleri-c-60005044,4,"Ev, Yasam, Kirtasiye, Ofis > Dekorasyon > Yılbaşı Süsleri > yilbasi sepetleri"
9011810,9010073,Banyo Perdesi,https://www.hepsiburada.com/banyo-perdeleri-c-9011810,4,"Ev, Yasam, Kirtasiye, Ofis > Ev Tekstili > Banyo Tekstili > Banyo Perdesi"
9010083,9010073,Bornoz Takımı,https://www.hepsiburada.com/bornoz-takimlari-c-9010083,4,"Ev, Yasam, Kirtasiye, Ofis > Ev Tekstili > Banyo Tekstili > Bornoz Takımı"
60003633,9010073,Peştemal,https://www.hepsiburada.com/pestemaller-c-60003633,4,"Ev, Yasam, Kirtasiye, Ofis > Ev Tekstili > Banyo Tekstili > Peştemal"
9010080,9010073,Plaj Havlusu,https://www.hepsiburada.com/plaj-havlulari-c-9010080,4,"Ev, Yasam, Kirtasiye, Ofis > Ev Tekstili > Banyo Tekstili > Plaj Havlusu"
60000522,512329,Akrilik Battaniye,https://www.hepsiburada.com/akrilik-battaniyeler-c-60000522,4,"Ev, Yasam, Kirtasiye, Ofis > Ev Tekstili > Battaniye > Akrilik Battaniye"
60000524,512329,Elektrikli Battaniye,https://www.hepsiburada.com/elektrikli-battaniyeleri-c-60000524,4,"Ev, Yasam, Kirtasiye, Ofis > Ev Tekstili > Battaniye > Elektrikli Battaniye"
60001889,512329,Pamuk Battaniye,https://www.hepsiburada.com/pamuk-battaniyeler-c-60001889,4,"Ev, Yasam, Kirtasiye, Ofis > Ev Tekstili > Battaniye > Pamuk Battaniye"
60000523,512329,Polyester Battaniye,https://www.hepsiburada.com/polyester-battaniyeler-c-60000523,4,"Ev, Yasam, Kirtasiye, Ofis > Ev Tekstili > Battaniye > Polyester Battaniye"
60001835,512329,Yün Battaniye,https://www.hepsiburada.com/yun-battaniyeler-c-60001835,4,"Ev, Yasam, Kirtasiye, Ofis > Ev Tekstili > Battaniye > Yün Battaniye"
9010088,9010084,Duvar Kağıdı ve Çıkartmalar (Sticker),https://www.hepsiburada.com/duvar-kagidi-cikartmalar-sticker-c-9010088,4,"Ev, Yasam, Kirtasiye, Ofis > Ev Tekstili > Ev Dekorasyon Ürünleri > Duvar Kağıdı ve Çıkartmalar (Sticker)"
9010100,9010084,Koltuk Örtü ve Şalları,https://www.hepsiburada.com/koltuk-ortu-sallari-c-9010100,4,"Ev, Yasam, Kirtasiye, Ofis > Ev Tekstili > Ev Dekorasyon Ürünleri > Koltuk Örtü ve Şalları"
9010085,9010084,Kırlent & Kırlent Kılıfı,https://www.hepsiburada.com/dekoratif-yastiklar-c-9010085,4,"Ev, Yasam, Kirtasiye, Ofis > Ev Tekstili > Ev Dekorasyon Ürünleri > Kırlent & Kırlent Kılıfı"
9013711,9010084,Minderler,https://www.hepsiburada.com/minderler-c-9013711,4,"Ev, Yasam, Kirtasiye, Ofis > Ev Tekstili > Ev Dekorasyon Ürünleri > Minderler"
516506,9010084,Saklama Ürünleri,https://www.hepsiburada.com/saklama-urunleri-c-516506,4,"Ev, Yasam, Kirtasiye, Ofis > Ev Tekstili > Ev Dekorasyon Ürünleri > Saklama Ürünleri"
9024981,9022246,Deri Halı,https://www.hepsiburada.com/deri-halilar-c-9024981,4,"Ev, Yasam, Kirtasiye, Ofis > Ev Tekstili > Halı > Deri Halı"
60000664,9022246,El Halısı,https://www.hepsiburada.com/el-halilari-c-60000664,4,"Ev, Yasam, Kirtasiye, Ofis > Ev Tekstili > Halı > El Halısı"
80340043,9022246,Halı Kaydırmaz,https://www.hepsiburada.com/hali-kaydirmaz-c-80340043,4,"Ev, Yasam, Kirtasiye, Ofis > Ev Tekstili > Halı > Halı Kaydırmaz"
60000307,9022246,Makina Halısı,https://www.hepsiburada.com/makina-halilari-c-60000307,4,"Ev, Yasam, Kirtasiye, Ofis > Ev Tekstili > Halı > Makina Halısı"
60005565,9022246,Seccade,https://www.hepsiburada.com/seccade-c-60005565,4,"Ev, Yasam, Kirtasiye, Ofis > Ev Tekstili > Halı > Seccade"
60000305,9022246,Shaggy Halı,https://www.hepsiburada.com/shaggy-halilar-c-60000305,4,"Ev, Yasam, Kirtasiye, Ofis > Ev Tekstili > Halı > Shaggy Halı"
60000304,9022246,bambu halilar,https://www.hepsiburada.com/bambu-halilar-c-60000304,4,"Ev, Yasam, Kirtasiye, Ofis > Ev Tekstili > Halı > bambu halilar"
80195002,9022246,hali ortusu,https://www.hepsiburada.com/hali-ortusu-c-80195002,4,"Ev, Yasam, Kirtasiye, Ofis > Ev Tekstili > Halı > hali ortusu"
9010078,9010074,Ayak Havlusu,https://www.hepsiburada.com/ayak-havlulari-c-9010078,4,"Ev, Yasam, Kirtasiye, Ofis > Ev Tekstili > Havlu > Ayak Havlusu"
9010079,9010074,Banyo Havlusu,https://www.hepsiburada.com/banyo-havlulari-c-9010079,4,"Ev, Yasam, Kirtasiye, Ofis > Ev Tekstili > Havlu > Banyo Havlusu"
9010077,9010074,El / Yüz Havluları,https://www.hepsiburada.com/el-yuz-havlulari-c-9010077,4,"Ev, Yasam, Kirtasiye, Ofis > Ev Tekstili > Havlu > El / Yüz Havluları"
9024753,9010107,Amerikan Servisler,https://www.hepsiburada.com/amerikan-servisler-c-9024753,4,"Ev, Yasam, Kirtasiye, Ofis > Ev Tekstili > Masa Örtüleri > Amerikan Servisler"
9010262,9010107,Klasik Masa Örtüleri,https://www.hepsiburada.com/klasik-masa-ortuleri-c-9010262,4,"Ev, Yasam, Kirtasiye, Ofis > Ev Tekstili > Masa Örtüleri > Klasik Masa Örtüleri"
9024751,9010107,Peçeteler,https://www.hepsiburada.com/masa-ortusu-peceteleri-c-9024751,4,"Ev, Yasam, Kirtasiye, Ofis > Ev Tekstili > Masa Örtüleri > Peçeteler"
9010264,9010107,Runner,https://www.hepsiburada.com/runner-c-9010264,4,"Ev, Yasam, Kirtasiye, Ofis > Ev Tekstili > Masa Örtüleri > Runner"
60008819,9010068,Ekmek Sepeti,https://www.hepsiburada.com/ekmek-sepeti-c-60008819,4,"Ev, Yasam, Kirtasiye, Ofis > Ev Tekstili > Mutfak Tekstili > Ekmek Sepeti"
60008818,9010068,Fırın Eldivenleri,https://www.hepsiburada.com/firin-eldivenleri-c-60008818,4,"Ev, Yasam, Kirtasiye, Ofis > Ev Tekstili > Mutfak Tekstili > Fırın Eldivenleri"
9010072,9010068,Kurulama Bezleri,https://www.hepsiburada.com/kurulama-bezleri-c-9010072,4,"Ev, Yasam, Kirtasiye, Ofis > Ev Tekstili > Mutfak Tekstili > Kurulama Bezleri"
9010070,9010068,Mutfak Setleri,https://www.hepsiburada.com/mutfak-setleri-c-9010070,4,"Ev, Yasam, Kirtasiye, Ofis > Ev Tekstili > Mutfak Tekstili > Mutfak Setleri"
60008817,9010068,Mutfak Önlükleri,https://www.hepsiburada.com/mutfak-onlukleri-c-60008817,4,"Ev, Yasam, Kirtasiye, Ofis > Ev Tekstili > Mutfak Tekstili > Mutfak Önlükleri"
60001358,9022247,Fon Perde,https://www.hepsiburada.com/fon-perdeler-c-60001358,4,"Ev, Yasam, Kirtasiye, Ofis > Ev Tekstili > Perde > Fon Perde"
9022249,9022247,Güneşlik,https://www.hepsiburada.com/guneslikler-c-9022249,4,"Ev, Yasam, Kirtasiye, Ofis > Ev Tekstili > Perde > Güneşlik"
60001164,9022247,Jaluzi,https://www.hepsiburada.com/jaluziler-c-60001164,4,"Ev, Yasam, Kirtasiye, Ofis > Ev Tekstili > Perde > Jaluzi"
60008820,9022247,Mutfak Perdesi,https://www.hepsiburada.com/mutfak-perdesi-c-60008820,4,"Ev, Yasam, Kirtasiye, Ofis > Ev Tekstili > Perde > Mutfak Perdesi"
60005043,9022247,Perde Aksesuarları,https://www.hepsiburada.com/perde-aksesuarlari-c-60005043,4,"Ev, Yasam, Kirtasiye, Ofis > Ev Tekstili > Perde > Perde Aksesuarları"
9022251,9022247,Stor Perde,https://www.hepsiburada.com/stor-perdeler-c-9022251,4,"Ev, Yasam, Kirtasiye, Ofis > Ev Tekstili > Perde > Stor Perde"
60001357,9022247,Tül Perde,https://www.hepsiburada.com/tul-perdeler-c-60001357,4,"Ev, Yasam, Kirtasiye, Ofis > Ev Tekstili > Perde > Tül Perde"
9024239,9022247,İp Perde,https://www.hepsiburada.com/ip-perdeler-c-9024239,4,"Ev, Yasam, Kirtasiye, Ofis > Ev Tekstili > Perde > İp Perde"
9010353,512226,Pike,https://www.hepsiburada.com/pikeler-c-9010353,4,"Ev, Yasam, Kirtasiye, Ofis > Ev Tekstili > Pike / Pike Takımı > Pike"
9010352,512226,Pike Takımı,https://www.hepsiburada.com/pike-takimlari-c-9010352,4,"Ev, Yasam, Kirtasiye, Ofis > Ev Tekstili > Pike / Pike Takımı > Pike Takımı"
9009859,512544,carsaflar,https://www.hepsiburada.com/carsaflar-c-9009859,4,"Ev, Yasam, Kirtasiye, Ofis > Ev Tekstili > Yatak Örtüsü > carsaflar"
9010351,512544,yastik kiliflari,https://www.hepsiburada.com/yastik-kiliflari-c-9010351,4,"Ev, Yasam, Kirtasiye, Ofis > Ev Tekstili > Yatak Örtüsü > yastik kiliflari"
60005196,510009,Bambu Yorgan,https://www.hepsiburada.com/bambu-yorgan-c-60005196,4,"Ev, Yasam, Kirtasiye, Ofis > Ev Tekstili > Yorgan > Bambu Yorgan"
510033,510009,Kaz Tüyü Yorgan,https://www.hepsiburada.com/kaz-tuyu-yorganlar-c-510033,4,"Ev, Yasam, Kirtasiye, Ofis > Ev Tekstili > Yorgan > Kaz Tüyü Yorgan"
9000548,510009,Mikrofiber Yorgan,https://www.hepsiburada.com/mikrofiber-yorganlar-c-9000548,4,"Ev, Yasam, Kirtasiye, Ofis > Ev Tekstili > Yorgan > Mikrofiber Yorgan"
510034,510009,Pamuk Yorgan,https://www.hepsiburada.com/pamuk-yorganlar-c-510034,4,"Ev, Yasam, Kirtasiye, Ofis > Ev Tekstili > Yorgan > Pamuk Yorgan"
524504,510009,Silikon Yorgan,https://www.hepsiburada.com/silikon-yorganlar-c-524504,4,"Ev, Yasam, Kirtasiye, Ofis > Ev Tekstili > Yorgan > Silikon Yorgan"
510035,510009,Yün Yorgan,https://www.hepsiburada.com/yun-yorganlar-c-510035,4,"Ev, Yasam, Kirtasiye, Ofis > Ev Tekstili > Yorgan > Yün Yorgan"
80523061,510009,İpek Yorgan,https://www.hepsiburada.com/ipek-yorgan-c-80523061,4,"Ev, Yasam, Kirtasiye, Ofis > Ev Tekstili > Yorgan > İpek Yorgan"
18021621,18021305,Ayaklı Askılıklar,https://www.hepsiburada.com/ayakli-askiliklar-c-18021621,4,"Ev, Yasam, Kirtasiye, Ofis > Mobilya > Antre / Hol > Ayaklı Askılıklar"
60000299,18021305,Kapı ve Duvar Askılıkları,https://www.hepsiburada.com/kapi-duvar-askiliklari-c-60000299,4,"Ev, Yasam, Kirtasiye, Ofis > Mobilya > Antre / Hol > Kapı ve Duvar Askılıkları"
60001355,18021305,ayna dresuarlar,https://www.hepsiburada.com/ayna-dresuarlar-c-60001355,4,"Ev, Yasam, Kirtasiye, Ofis > Mobilya > Antre / Hol > ayna dresuarlar"
18021623,18021305,portmantolar,https://www.hepsiburada.com/portmantolar-c-18021623,4,"Ev, Yasam, Kirtasiye, Ofis > Mobilya > Antre / Hol > portmantolar"
60004020,18021305,Şemsiyelikler,https://www.hepsiburada.com/semsiyelikler-c-60004020,4,"Ev, Yasam, Kirtasiye, Ofis > Mobilya > Antre / Hol > Şemsiyelikler"
60001286,60001284,Dolap,https://www.hepsiburada.com/dolaplar-c-60001286,4,"Ev, Yasam, Kirtasiye, Ofis > Mobilya > Bebek Odası > Dolap"
60003820,60001284,Masa & Sandalye,https://www.hepsiburada.com/puf-sandalyeler-c-60003820,4,"Ev, Yasam, Kirtasiye, Ofis > Mobilya > Bebek Odası > Masa & Sandalye"
60001289,60001284,Takım,https://www.hepsiburada.com/bebek-odasi-takimlari-c-60001289,4,"Ev, Yasam, Kirtasiye, Ofis > Mobilya > Bebek Odası > Takım"
60003704,18021386,Bazalar,https://www.hepsiburada.com/genc-odasi-bazalari-c-60003704,4,"Ev, Yasam, Kirtasiye, Ofis > Mobilya > Genç Odası > Bazalar"
60003703,18021386,Gardıroplar,https://www.hepsiburada.com/gardiroplar-c-60003703,4,"Ev, Yasam, Kirtasiye, Ofis > Mobilya > Genç Odası > Gardıroplar"
60002442,18021386,Karyolalar,https://www.hepsiburada.com/karyolalar-c-60002442,4,"Ev, Yasam, Kirtasiye, Ofis > Mobilya > Genç Odası > Karyolalar"
60003705,18021386,Komidin & Şifonyer,https://www.hepsiburada.com/komidinler-sifonyerler-c-60003705,4,"Ev, Yasam, Kirtasiye, Ofis > Mobilya > Genç Odası > Komidin & Şifonyer"
18021399,18021386,Oda Takımları,https://www.hepsiburada.com/oda-takimlari-c-18021399,4,"Ev, Yasam, Kirtasiye, Ofis > Mobilya > Genç Odası > Oda Takımları"
18021398,18021386,Ranzalar,https://www.hepsiburada.com/ranzalar-c-18021398,4,"Ev, Yasam, Kirtasiye, Ofis > Mobilya > Genç Odası > Ranzalar"
60006551,18021386,Çocuk Koltukları,https://www.hepsiburada.com/cocuk-koltuklari-c-60006551,4,"Ev, Yasam, Kirtasiye, Ofis > Mobilya > Genç Odası > Çocuk Koltukları"
60006381,18021304,Bank,https://www.hepsiburada.com/mutfak-banklari-c-60006381,4,"Ev, Yasam, Kirtasiye, Ofis > Mobilya > Mutfak > Bank"
18032721,18021304,Mutfak Dolapları,https://www.hepsiburada.com/mutfak-dolaplari-c-18032721,4,"Ev, Yasam, Kirtasiye, Ofis > Mobilya > Mutfak > Mutfak Dolapları"
18021337,18021304,Mutfak Masaları,https://www.hepsiburada.com/mutfak-masalari-c-18021337,4,"Ev, Yasam, Kirtasiye, Ofis > Mobilya > Mutfak > Mutfak Masaları"
80162024,18021304,Mutfak Rafları & Terekler,https://www.hepsiburada.com/mutfak-raflari-terek-c-80162024,4,"Ev, Yasam, Kirtasiye, Ofis > Mobilya > Mutfak > Mutfak Rafları & Terekler"
18021427,18021304,Tabure,https://www.hepsiburada.com/tabureler-c-18021427,4,"Ev, Yasam, Kirtasiye, Ofis > Mobilya > Mutfak > Tabure"
22006,18021304,davlumbazlar,https://www.hepsiburada.com/davlumbazlar-c-22006,4,"Ev, Yasam, Kirtasiye, Ofis > Mobilya > Mutfak > davlumbazlar"
60001163,18021304,mobilya kulplari,https://www.hepsiburada.com/mobilya-kulplari-c-60001163,4,"Ev, Yasam, Kirtasiye, Ofis > Mobilya > Mutfak > mobilya kulplari"
60000534,60004893,Ergonomi Ürünleri,https://www.hepsiburada.com/ergonomi-urunleri-c-60000534,4,"Ev, Yasam, Kirtasiye, Ofis > Mobilya > Ofis Mobilyaları > Ergonomi Ürünleri"
60001817,60004893,Kitaplık,https://www.hepsiburada.com/ofis-kitapliklari-c-60001817,4,"Ev, Yasam, Kirtasiye, Ofis > Mobilya > Ofis Mobilyaları > Kitaplık"
80154009,60004893,Ofis Aksesuarları,https://www.hepsiburada.com/ofis-aksesuarlari-c-80154009,4,"Ev, Yasam, Kirtasiye, Ofis > Mobilya > Ofis Mobilyaları > Ofis Aksesuarları"
60001663,60004893,Ofis Koltukları,https://www.hepsiburada.com/ofis-koltuklari-c-60001663,4,"Ev, Yasam, Kirtasiye, Ofis > Mobilya > Ofis Mobilyaları > Ofis Koltukları"
15312,60004893,Ofis Mobilyaları,https://www.hepsiburada.com/ofis-mobilyalari-c-15312,4,"Ev, Yasam, Kirtasiye, Ofis > Mobilya > Ofis Mobilyaları > Ofis Mobilyaları"
60001814,60004893,Ofis Sehpası,https://www.hepsiburada.com/ofis-sehpalari-c-60001814,4,"Ev, Yasam, Kirtasiye, Ofis > Mobilya > Ofis Mobilyaları > Ofis Sehpası"
80374073,60004893,Oyuncu Koltuğu,https://www.hepsiburada.com/oyuncu-koltugu-c-80374073,4,"Ev, Yasam, Kirtasiye, Ofis > Mobilya > Ofis Mobilyaları > Oyuncu Koltuğu"
80763074,60004893,Oyuncu Masaları,https://www.hepsiburada.com/oyuncu-masalari-c-80763074,4,"Ev, Yasam, Kirtasiye, Ofis > Mobilya > Ofis Mobilyaları > Oyuncu Masaları"
18021316,18021303,Gazetelikler,https://www.hepsiburada.com/gazetelikler-c-18021316,4,"Ev, Yasam, Kirtasiye, Ofis > Mobilya > Oturma Odası > Gazetelikler"
18021334,18021303,Puf / Minderler,https://www.hepsiburada.com/puf-minderler-c-18021334,4,"Ev, Yasam, Kirtasiye, Ofis > Mobilya > Oturma Odası > Puf / Minderler"
18021336,18021303,TV Sehpaları / Üniteleri,https://www.hepsiburada.com/tv-sehpalari-uniteleri-c-18021336,4,"Ev, Yasam, Kirtasiye, Ofis > Mobilya > Oturma Odası > TV Sehpaları / Üniteleri"
18021616,18021303,yan sehpalar,https://www.hepsiburada.com/yan-sehpalar-c-18021616,4,"Ev, Yasam, Kirtasiye, Ofis > Mobilya > Oturma Odası > yan sehpalar"
18021326,18021301,Bazalar,https://www.hepsiburada.com/yatak-odasi-bazalari-c-18021326,4,"Ev, Yasam, Kirtasiye, Ofis > Mobilya > Yatak Odası > Bazalar"
18021329,18021301,Gardıroplar,https://www.hepsiburada.com/gardiroplar-c-18021329,4,"Ev, Yasam, Kirtasiye, Ofis > Mobilya > Yatak Odası > Gardıroplar"
60004287,18021301,Josephine Koltuk,https://www.hepsiburada.com/josephine-koltuklar-c-60004287,4,"Ev, Yasam, Kirtasiye, Ofis > Mobilya > Yatak Odası > Josephine Koltuk"
18021325,18021301,Karyolalar,https://www.hepsiburada.com/karyolalar-c-18021325,4,"Ev, Yasam, Kirtasiye, Ofis > Mobilya > Yatak Odası > Karyolalar"
60002386,18021301,Paravanlar,https://www.hepsiburada.com/paravanlar-c-60002386,4,"Ev, Yasam, Kirtasiye, Ofis > Mobilya > Yatak Odası > Paravanlar"
60003067,18021301,Sandıklar,https://www.hepsiburada.com/sandiklar-c-60003067,4,"Ev, Yasam, Kirtasiye, Ofis > Mobilya > Yatak Odası > Sandıklar"
60002102,18021301,Takı/Makyaj Dolapları,https://www.hepsiburada.com/taki-makyaj-dolaplari-c-60002102,4,"Ev, Yasam, Kirtasiye, Ofis > Mobilya > Yatak Odası > Takı/Makyaj Dolapları"
18021327,18021301,Yatak Başlığı,https://www.hepsiburada.com/yatak-basliklari-c-18021327,4,"Ev, Yasam, Kirtasiye, Ofis > Mobilya > Yatak Odası > Yatak Başlığı"
60000368,18021301,Yatak Odası Takımı,https://www.hepsiburada.com/yatak-odasi-takimlari-c-60000368,4,"Ev, Yasam, Kirtasiye, Ofis > Mobilya > Yatak Odası > Yatak Odası Takımı"
60001360,18021302,Gümüşlük & Konsol,https://www.hepsiburada.com/gumusluk-konsollar-c-60001360,4,"Ev, Yasam, Kirtasiye, Ofis > Mobilya > Yemek Odası > Gümüşlük & Konsol"
60002983,18021302,Masa Takımları,https://www.hepsiburada.com/yemek-odasi-masa-takimlari-c-60002983,4,"Ev, Yasam, Kirtasiye, Ofis > Mobilya > Yemek Odası > Masa Takımları"
18029552,18021302,Sandalye,https://www.hepsiburada.com/yemek-odasi-sandalyeleri-c-18029552,4,"Ev, Yasam, Kirtasiye, Ofis > Mobilya > Yemek Odası > Sandalye"
60001361,18021307,Takımlar,https://www.hepsiburada.com/takimlar-c-60001361,4,"Ev, Yasam, Kirtasiye, Ofis > Mobilya > Çalışma Odası > Takımlar"
18026723,18021307,Çalışma Koltukları,https://www.hepsiburada.com/calisma-koltuklari-c-18026723,4,"Ev, Yasam, Kirtasiye, Ofis > Mobilya > Çalışma Odası > Çalışma Koltukları"
80702004,80702000,Baza,https://www.hepsiburada.com/cocuk-odasi-baza-c-80702004,4,"Ev, Yasam, Kirtasiye, Ofis > Mobilya > Çocuk Odası > Baza"
80702002,80702000,Karyola,https://www.hepsiburada.com/cocuk-odasi-karyola-c-80702002,4,"Ev, Yasam, Kirtasiye, Ofis > Mobilya > Çocuk Odası > Karyola"
80702009,80702000,Koltuk,https://www.hepsiburada.com/cocuk-odasi-koltugu-c-80702009,4,"Ev, Yasam, Kirtasiye, Ofis > Mobilya > Çocuk Odası > Koltuk"
80702005,80702000,Komodin,https://www.hepsiburada.com/cocuk-odasi-komidin-c-80702005,4,"Ev, Yasam, Kirtasiye, Ofis > Mobilya > Çocuk Odası > Komodin"
80702007,80702000,Masa,https://www.hepsiburada.com/masa-c-80702007,4,"Ev, Yasam, Kirtasiye, Ofis > Mobilya > Çocuk Odası > Masa"
80699004,80702000,Oda Takımı,https://www.hepsiburada.com/cocuk-odasi-takimi-c-80699004,4,"Ev, Yasam, Kirtasiye, Ofis > Mobilya > Çocuk Odası > Oda Takımı"
80702003,80702000,Ranza,https://www.hepsiburada.com/cocuk-odasi-ranza-c-80702003,4,"Ev, Yasam, Kirtasiye, Ofis > Mobilya > Çocuk Odası > Ranza"
80767003,80702000,Sallanan Koltuk,https://www.hepsiburada.com/sallanan-koltuk-c-80767003,4,"Ev, Yasam, Kirtasiye, Ofis > Mobilya > Çocuk Odası > Sallanan Koltuk"
80702008,80702000,Sandalye,https://www.hepsiburada.com/sandalye-c-80702008,4,"Ev, Yasam, Kirtasiye, Ofis > Mobilya > Çocuk Odası > Sandalye"
16032977,80750005,Külçe Gümüş,https://www.hepsiburada.com/kulce-gumus-c-16032977,4,"Ev, Yasam, Kirtasiye, Ofis > Montaj Hizmeti > 100 gram gumus > Külçe Gümüş"
60004761,27081598,Vücut Geliştirme Aletleri,https://www.hepsiburada.com/vucut-gelistirme-aletleri-c-60004761,4,"Ev, Yasam, Kirtasiye, Ofis > Montaj Hizmeti > barfiks sinav barlari > Vücut Geliştirme Aletleri"
80450004,278279,okul aktivite ve boya,https://www.hepsiburada.com/okul-aktivite-ve-boya-c-80450004,4,"Ev, Yasam, Kirtasiye, Ofis > Montaj Hizmeti > beslenme cantalari > okul aktivite ve boya"
757,105307,Kablo Switch Çoklayıcılar,https://www.hepsiburada.com/kablo-switch-coklayicilar-c-757,4,"Ev, Yasam, Kirtasiye, Ofis > Montaj Hizmeti > cevirici adaptorler > Kablo Switch Çoklayıcılar"
60002300,105307,diger telefon aksesuarlari,https://www.hepsiburada.com/diger-telefon-aksesuarlari-c-60002300,4,"Ev, Yasam, Kirtasiye, Ofis > Montaj Hizmeti > cevirici adaptorler > diger telefon aksesuarlari"
352914,22005313,outdoor cantalar,https://www.hepsiburada.com/outdoor-cantalar-c-352914,4,"Ev, Yasam, Kirtasiye, Ofis > Montaj Hizmeti > cocuk bisikletleri > outdoor cantalar"
1302043,22005313,outdoor giyim yagmurluklar,https://www.hepsiburada.com/outdoor-giyim-yagmurluklar-c-1302043,4,"Ev, Yasam, Kirtasiye, Ofis > Montaj Hizmeti > cocuk bisikletleri > outdoor giyim yagmurluklar"
36,60001544,Güç Kaynağı UPS ve Aküler,https://www.hepsiburada.com/bilgisayar-guc-kaynaklari-ups-aku-c-36,4,"Ev, Yasam, Kirtasiye, Ofis > Montaj Hizmeti > guc kaynaklari ups > Güç Kaynağı UPS ve Aküler"
353045,19249,Fitness Kondisyon Ürünleri,https://www.hepsiburada.com/fitness-kondisyon-urunleri-c-353045,4,"Ev, Yasam, Kirtasiye, Ofis > Montaj Hizmeti > kosu bantlari > Fitness Kondisyon Ürünleri"
387327,19249,dambillar agirlik plakalari,https://www.hepsiburada.com/dambillar-agirlik-plakalari-c-387327,4,"Ev, Yasam, Kirtasiye, Ofis > Montaj Hizmeti > kosu bantlari > dambillar agirlik plakalari"
28001473,28001502,Kuruyemişler,https://www.hepsiburada.com/kuruyemisler-c-28001473,4,"Ev, Yasam, Kirtasiye, Ofis > Montaj Hizmeti > kuru meyveler > Kuruyemişler"
15239,15456,Laminasyon Makinesi Malzemeler,https://www.hepsiburada.com/laminasyon-makinesi-malzemeler-c-15239,4,"Ev, Yasam, Kirtasiye, Ofis > Montaj Hizmeti > laminasyon posetleri > Laminasyon Makinesi Malzemeler"
15241,15456,laminasyon makineleri,https://www.hepsiburada.com/laminasyon-makineleri-c-15241,4,"Ev, Yasam, Kirtasiye, Ofis > Montaj Hizmeti > laminasyon posetleri > laminasyon makineleri"
15238,15456,ofis teknolojileri,https://www.hepsiburada.com/ofis-teknolojileri-c-15238,4,"Ev, Yasam, Kirtasiye, Ofis > Montaj Hizmeti > laminasyon posetleri > ofis teknolojileri"
28001470,60003452,Kuru Gıda Ürünleri,https://www.hepsiburada.com/kuru-gida-urunleri-c-28001470,4,"Ev, Yasam, Kirtasiye, Ofis > Montaj Hizmeti > makarnalar > Kuru Gıda Ürünleri"
60005576,60006235,Manav,https://www.hepsiburada.com/manav-c-60005576,4,"Ev, Yasam, Kirtasiye, Ofis > Montaj Hizmeti > meyveler > Manav"
22020,60006235,meyve sikacaklari,https://www.hepsiburada.com/meyve-sikacaklari-c-22020,4,"Ev, Yasam, Kirtasiye, Ofis > Montaj Hizmeti > meyveler > meyve sikacaklari"
28001474,28002376,Kahvaltılık Ürünler,https://www.hepsiburada.com/kahvaltilik-urunler-c-28001474,4,"Ev, Yasam, Kirtasiye, Ofis > Montaj Hizmeti > peynirler > Kahvaltılık Ürünler"
33000240,60003892,pc joystick gamepad,https://www.hepsiburada.com/pc-joystick-gamepad-c-33000240,4,"Ev, Yasam, Kirtasiye, Ofis > Montaj Hizmeti > playstation 4 konsollari > pc joystick gamepad"
18042585,18021341,laptop sehpalari,https://www.hepsiburada.com/laptop-sehpalari-c-18042585,4,"Ev, Yasam, Kirtasiye, Ofis > calisma masalari > Bilgisayar Masaları > laptop sehpalari"
291238,18021341,ofis bilgisayar masalari,https://www.hepsiburada.com/ofis-bilgisayar-masalari-c-291238,4,"Ev, Yasam, Kirtasiye, Ofis > calisma masalari > Bilgisayar Masaları > ofis bilgisayar masalari"
34001269,60000382,Bahçe & Balkon Isıtma,https://www.hepsiburada.com/bahce-balkon-isiticilari-c-34001269,4,"Ev, Yasam, Kirtasiye, Ofis > dekoratif saksilar > bahce dekorasyonu > Bahçe & Balkon Isıtma"
34001249,60000382,Bahçe Gizleme Ağları,https://www.hepsiburada.com/bahce-gizleme-aglari-c-34001249,4,"Ev, Yasam, Kirtasiye, Ofis > dekoratif saksilar > bahce dekorasyonu > Bahçe Gizleme Ağları"
60004590,60000382,Bahçe Kovaları,https://www.hepsiburada.com/bahce-kovalari-c-60004590,4,"Ev, Yasam, Kirtasiye, Ofis > dekoratif saksilar > bahce dekorasyonu > Bahçe Kovaları"
60005581,60000382,Bahçe Yer Döşemeleri,https://www.hepsiburada.com/bahce-yer-dosemeleri-c-60005581,4,"Ev, Yasam, Kirtasiye, Ofis > dekoratif saksilar > bahce dekorasyonu > Bahçe Yer Döşemeleri"
34001262,60000382,Bambu - Meşale,https://www.hepsiburada.com/bambu-mesaleler-c-34001262,4,"Ev, Yasam, Kirtasiye, Ofis > dekoratif saksilar > bahce dekorasyonu > Bambu - Meşale"
34001259,60000382,Dekoratif Ürünler,https://www.hepsiburada.com/dekoratif-urunler-c-34001259,4,"Ev, Yasam, Kirtasiye, Ofis > dekoratif saksilar > bahce dekorasyonu > Dekoratif Ürünler"
80857371,60000382,Depolama & Düzenleme,https://www.hepsiburada.com/depolama-duzenleme-c-80857371,4,"Ev, Yasam, Kirtasiye, Ofis > dekoratif saksilar > bahce dekorasyonu > Depolama & Düzenleme"
60000383,60000382,Dış Mekan Korunma,https://www.hepsiburada.com/dis-mekan-korunmalari-c-60000383,4,"Ev, Yasam, Kirtasiye, Ofis > dekoratif saksilar > bahce dekorasyonu > Dış Mekan Korunma"
34001264,60000382,citler,https://www.hepsiburada.com/citler-c-34001264,4,"Ev, Yasam, Kirtasiye, Ofis > dekoratif saksilar > bahce dekorasyonu > citler"
60000521,34001194,Banklar,https://www.hepsiburada.com/banklar-c-60000521,4,"Ev, Yasam, Kirtasiye, Ofis > dekoratif saksilar > bahce mobilyalari > Banklar"
34001207,34001194,Hamak,https://www.hepsiburada.com/hamaklar-c-34001207,4,"Ev, Yasam, Kirtasiye, Ofis > dekoratif saksilar > bahce mobilyalari > Hamak"
34001286,34001194,Koltuk,https://www.hepsiburada.com/koltuklar-c-34001286,4,"Ev, Yasam, Kirtasiye, Ofis > dekoratif saksilar > bahce mobilyalari > Koltuk"
34001203,34001194,Masa,https://www.hepsiburada.com/bahce-masalari-c-34001203,4,"Ev, Yasam, Kirtasiye, Ofis > dekoratif saksilar > bahce mobilyalari > Masa"
60001215,34001194,Puf / Minder,https://www.hepsiburada.com/puflar-minderler-c-60001215,4,"Ev, Yasam, Kirtasiye, Ofis > dekoratif saksilar > bahce mobilyalari > Puf / Minder"
34001282,34001194,Sehpa,https://www.hepsiburada.com/bahce-sehpalari-c-34001282,4,"Ev, Yasam, Kirtasiye, Ofis > dekoratif saksilar > bahce mobilyalari > Sehpa"
34001204,34001194,Tabure,https://www.hepsiburada.com/bahce-tabureleri-c-34001204,4,"Ev, Yasam, Kirtasiye, Ofis > dekoratif saksilar > bahce mobilyalari > Tabure"
34001200,34001194,Takım Mobilyalar,https://www.hepsiburada.com/bahce-takim-mobilyalari-c-34001200,4,"Ev, Yasam, Kirtasiye, Ofis > dekoratif saksilar > bahce mobilyalari > Takım Mobilyalar"
34001201,34001194,Tente,https://www.hepsiburada.com/bahce-tenteleri-c-34001201,4,"Ev, Yasam, Kirtasiye, Ofis > dekoratif saksilar > bahce mobilyalari > Tente"
34001285,34001194,Yataklar,https://www.hepsiburada.com/bahce-yataklari-c-34001285,4,"Ev, Yasam, Kirtasiye, Ofis > dekoratif saksilar > bahce mobilyalari > Yataklar"
34001209,34001194,Şemsiye,https://www.hepsiburada.com/bahce-semsiyeleri-c-34001209,4,"Ev, Yasam, Kirtasiye, Ofis > dekoratif saksilar > bahce mobilyalari > Şemsiye"
34001205,34001194,Şezlong,https://www.hepsiburada.com/sezlonglar-c-34001205,4,"Ev, Yasam, Kirtasiye, Ofis > dekoratif saksilar > bahce mobilyalari > Şezlong"
285545,60001664,Anahtar Dolapları,https://www.hepsiburada.com/anahtar-dolaplari-c-285545,4,"Ev, Yasam, Kirtasiye, Ofis > kitaplik > ofis dolaplari > Anahtar Dolapları"
21003097,60001664,Dosya Dolapları,https://www.hepsiburada.com/dosya-dolaplari-c-21003097,4,"Ev, Yasam, Kirtasiye, Ofis > kitaplik > ofis dolaplari > Dosya Dolapları"
60001816,60001664,Keson,https://www.hepsiburada.com/kesonlar-c-60001816,4,"Ev, Yasam, Kirtasiye, Ofis > kitaplik > ofis dolaplari > Keson"
21035883,60001664,Soyunma Dolapları,https://www.hepsiburada.com/soyunma-dolaplari-c-21035883,4,"Ev, Yasam, Kirtasiye, Ofis > kitaplik > ofis dolaplari > Soyunma Dolapları"
21035884,60001664,Temizlik Dolapları,https://www.hepsiburada.com/temizlik-dolaplari-c-21035884,4,"Ev, Yasam, Kirtasiye, Ofis > kitaplik > ofis dolaplari > Temizlik Dolapları"
21033182,21032929,Masa Takımları,https://www.hepsiburada.com/ofis-masa-takimlari-c-21033182,4,"Ev, Yasam, Kirtasiye, Ofis > kitaplik > ofis masalari > Masa Takımları"
21032930,21032929,Ofis Masaları,https://www.hepsiburada.com/ofis-masalari-c-21032930,4,"Ev, Yasam, Kirtasiye, Ofis > kitaplik > ofis masalari > Ofis Masaları"
21033218,21032929,Toplantı Masaları,https://www.hepsiburada.com/toplanti-masalari-c-21033218,4,"Ev, Yasam, Kirtasiye, Ofis > kitaplik > ofis masalari > Toplantı Masaları"
60006008,21032929,Çalışma Grupları,https://www.hepsiburada.com/calisma-gruplari-c-60006008,4,"Ev, Yasam, Kirtasiye, Ofis > kitaplik > ofis masalari > Çalışma Grupları"
60001302,60001304,Elektrik Aksamlar,https://www.hepsiburada.com/elektrik-aksamlar-c-60001302,4,"Ev, Yasam, Kirtasiye, Ofis > led ampuller > oto farlari > Elektrik Aksamlar"
20003812,60001304,Oto Yedek Parçalar,https://www.hepsiburada.com/oto-yedek-parcalar-c-20003812,4,"Ev, Yasam, Kirtasiye, Ofis > led ampuller > oto farlari > Oto Yedek Parçalar"
32001791,32001851,Makyaj Fırça Aksesuarlar,https://www.hepsiburada.com/makyaj-firca-aksesuarlar-c-32001791,4,"Ev, Yasam, Kirtasiye, Ofis > makyaj masasi > makyaj aynalari > Makyaj Fırça Aksesuarlar"
32001850,32001851,bayan makyaj cantalari,https://www.hepsiburada.com/bayan-makyaj-cantalari-c-32001850,4,"Ev, Yasam, Kirtasiye, Ofis > makyaj masasi > makyaj aynalari > bayan makyaj cantalari"
32001846,32001851,makyaj firca aplikatorleri,https://www.hepsiburada.com/makyaj-firca-aplikatorleri-c-32001846,4,"Ev, Yasam, Kirtasiye, Ofis > makyaj masasi > makyaj aynalari > makyaj firca aplikatorleri"
9010412,9010411,Halı Zemin,https://www.hepsiburada.com/hali-zeminler-c-9010412,4,"Ev, Yasam, Kirtasiye, Ofis > paspaslar > Zemin Koruyucular > Halı Zemin"
9010413,9010411,Parke Zemin,https://www.hepsiburada.com/parke-zeminler-c-9010413,4,"Ev, Yasam, Kirtasiye, Ofis > paspaslar > Zemin Koruyucular > Parke Zemin"
292972,18021452,cam seramik porselen boyalari,https://www.hepsiburada.com/cam-seramik-porselen-boyalari-c-292972,4,"Ev, Yasam, Kirtasiye, Ofis > vazolar > Cam Vazolar > cam seramik porselen boyalari"
60001280,18021332,Fiskos Sehpa,https://www.hepsiburada.com/fiskos-sehpalar-c-60001280,4,"Ev, Yasam, Kirtasiye, Ofis > zigon sehpalar > Sehpalar > Fiskos Sehpa"
18021615,18021332,Orta Sehpa,https://www.hepsiburada.com/orta-sehpalar-c-18021615,4,"Ev, Yasam, Kirtasiye, Ofis > zigon sehpalar > Sehpalar > Orta Sehpa"
80257040,18021332,Rahle,https://www.hepsiburada.com/rahle-c-80257040,4,"Ev, Yasam, Kirtasiye, Ofis > zigon sehpalar > Sehpalar > Rahle"
80857556,12087354,Aksesuar Seti,https://www.hepsiburada.com/aksesuar-seti-c-80857556,4,Moda > Bebek > Aksesuar > Aksesuar Seti
80857553,12087354,Atkı,https://www.hepsiburada.com/atki-c-80857553,4,Moda > Bebek > Aksesuar > Atkı
80529033,12087354,Bebek Bandana,https://www.hepsiburada.com/bebek-bandana-c-80529033,4,Moda > Bebek > Aksesuar > Bebek Bandana
80857554,12087354,Bere,https://www.hepsiburada.com/bere-c-80857554,4,Moda > Bebek > Aksesuar > Bere
80857555,12087354,Eldiven,https://www.hepsiburada.com/eldiven-c-80857555,4,Moda > Bebek > Aksesuar > Eldiven
80529032,12087354,Çorap,https://www.hepsiburada.com/coraplar-ve-eldivenler-c-80529032,4,Moda > Bebek > Aksesuar > Çorap
32010921,80438041,gunes krem losyonlari,https://www.hepsiburada.com/gunes-krem-losyonlari-c-32010921,4,Moda > Bebek > Mayo & Bikini > gunes krem losyonlari
80529031,80438041,sapka atki ve bereler,https://www.hepsiburada.com/sapka-atki-ve-bereler-c-80529031,4,Moda > Bebek > Mayo & Bikini > sapka atki ve bereler
12103458,12087352,Atlet,https://www.hepsiburada.com/bebek-atletleri-c-12103458,4,Moda > Bebek > İç Giyim > Atlet
12103459,12087352,Külot,https://www.hepsiburada.com/bebek-kulotlari-c-12103459,4,Moda > Bebek > İç Giyim > Külot
80529029,12087352,Pijama,https://www.hepsiburada.com/pijama-c-80529029,4,Moda > Bebek > İç Giyim > Pijama
12103929,12087352,Çorap,https://www.hepsiburada.com/bebek-coraplari-c-12103929,4,Moda > Bebek > İç Giyim > Çorap
60003454,60001104,Aksesuar Seti,https://www.hepsiburada.com/erkek-aksesuar-setleri-c-60003454,4,Moda > Erkek > Aksesuar > Aksesuar Seti
60001105,60001104,Atkı,https://www.hepsiburada.com/erkek-atkilar-c-60001105,4,Moda > Erkek > Aksesuar > Atkı
60004018,60001104,Bere,https://www.hepsiburada.com/erkek-bereler-c-60004018,4,Moda > Erkek > Aksesuar > Bere
60005049,60001104,Bileklik,https://www.hepsiburada.com/erkek-bez-bileklikler-c-60005049,4,Moda > Erkek > Aksesuar > Bileklik
60004019,60001104,Eldiven,https://www.hepsiburada.com/erkek-eldivenler-c-60004019,4,Moda > Erkek > Aksesuar > Eldiven
60001107,60001104,Kemer,https://www.hepsiburada.com/erkek-kemerler-c-60001107,4,Moda > Erkek > Aksesuar > Kemer
60001114,60001104,Kol Düğmesi,https://www.hepsiburada.com/kol-dugmesi-c-60001114,4,Moda > Erkek > Aksesuar > Kol Düğmesi
60005439,60001104,Mendil,https://www.hepsiburada.com/erkek-mendil-aksesuarlari-c-60005439,4,Moda > Erkek > Aksesuar > Mendil
12025276,60001104,Pantolon Askısı,https://www.hepsiburada.com/erkek-pantolon-askilari-c-12025276,4,Moda > Erkek > Aksesuar > Pantolon Askısı
60000793,60001104,Papyon,https://www.hepsiburada.com/erkek-papyonlar-c-60000793,4,Moda > Erkek > Aksesuar > Papyon
60001112,60001104,kravat,https://www.hepsiburada.com/kravat-c-60001112,4,Moda > Erkek > Aksesuar > kravat
60003896,60001104,Çanta,https://www.hepsiburada.com/erkek-cantalar-c-60003896,4,Moda > Erkek > Aksesuar > Çanta
60001108,60001104,Şapka,https://www.hepsiburada.com/erkek-sapkalar-c-60001108,4,Moda > Erkek > Aksesuar > Şapka
60001111,60001104,Şemsiye,https://www.hepsiburada.com/erkek-semsiyeler-c-60001111,4,Moda > Erkek > Aksesuar > Şemsiye
60000692,60001586,Fanila / Atlet,https://www.hepsiburada.com/erkek-fanila-atletler-c-60000692,4,Moda > Erkek > İç Giyim > Fanila / Atlet
60003297,60001586,Fantezi,https://www.hepsiburada.com/erkek-fantezi-ic-giyim-urunleri-c-60003297,4,Moda > Erkek > İç Giyim > Fantezi
80857369,60001586,Korse,https://www.hepsiburada.com/korse-c-80857369,4,Moda > Erkek > İç Giyim > Korse
60000694,60001586,Pijama,https://www.hepsiburada.com/erkek-pijamalar-c-60000694,4,Moda > Erkek > İç Giyim > Pijama
80857516,60001586,Slip,https://www.hepsiburada.com/slip-c-80857516,4,Moda > Erkek > İç Giyim > Slip
60000086,60001586,Çorap,https://www.hepsiburada.com/erkek-coraplar-c-60000086,4,Moda > Erkek > İç Giyim > Çorap
60002071,60001586,İçlik,https://www.hepsiburada.com/erkek-iclikler-c-60002071,4,Moda > Erkek > İç Giyim > İçlik
60000132,60000118,Ayakkabı Kalıbı,https://www.hepsiburada.com/ayakkabi-kalibi-c-60000132,4,Moda > ayakkabi > Ayakkabı Bakım & Aksesuar > Ayakkabı Kalıbı
60000134,60000118,Ayakkabı Kutusu,https://www.hepsiburada.com/ayakkabi-kutusu-c-60000134,4,Moda > ayakkabi > Ayakkabı Bakım & Aksesuar > Ayakkabı Kutusu
60000136,60000118,Spesiyal,https://www.hepsiburada.com/ayakkabi-boyasi-sungeri-c-60000136,4,Moda > ayakkabi > Ayakkabı Bakım & Aksesuar > Spesiyal
60003861,60003860,Ev Ayakkabısı,https://www.hepsiburada.com/ev-terligi-c-60003861,4,Moda > bayan ayakkabilar > Ev Ayakkabısı > Ev Ayakkabısı
60003862,60003860,Panduf,https://www.hepsiburada.com/panduf-c-60003862,4,Moda > bayan ayakkabilar > Ev Ayakkabısı > Panduf
60003857,60000121,Espadril,https://www.hepsiburada.com/espadril-c-60003857,4,Moda > bayan ayakkabilar > bayan gunluk ayakkabilar > Espadril
60003858,60000121,Günlük Ayakkabı,https://www.hepsiburada.com/gunluk-ayakkabi-c-60003858,4,Moda > bayan ayakkabilar > bayan gunluk ayakkabilar > Günlük Ayakkabı
60003859,60000121,Loafer,https://www.hepsiburada.com/loafer-kadin-ayakkabi-c-60003859,4,Moda > bayan ayakkabilar > bayan gunluk ayakkabilar > Loafer
80076001,60000121,Oxford Kadın Ayakkabı,https://www.hepsiburada.com/oxford-kadin-ayakkabi-c-80076001,4,Moda > bayan ayakkabilar > bayan gunluk ayakkabilar > Oxford Kadın Ayakkabı
60003942,60003941,Günlük,https://www.hepsiburada.com/bayan-gunluk-spor-ayakkabilar-c-60003942,4,Moda > bayan ayakkabilar > bayan spor ayakkabilar > Günlük
60004552,60003941,Yürüyüş - Koşu,https://www.hepsiburada.com/bayan-yuruyus-kosu-urunleri-c-60004552,4,Moda > bayan ayakkabilar > bayan spor ayakkabilar > Yürüyüş - Koşu
80208007,60001127,Aksesuar Seti,https://www.hepsiburada.com/aksesuar-seti-c-80208007,4,Moda > bayan giyim modelleri > Aksesuar > Aksesuar Seti
60001141,60001127,Atkı,https://www.hepsiburada.com/atki-c-60001141,4,Moda > bayan giyim modelleri > Aksesuar > Atkı
60001142,60001127,Bere,https://www.hepsiburada.com/bere-c-60001142,4,Moda > bayan giyim modelleri > Aksesuar > Bere
60003760,60001127,Eldiven,https://www.hepsiburada.com/kadin-eldivenleri-c-60003760,4,Moda > bayan giyim modelleri > Aksesuar > Eldiven
60001143,60001127,Eşarp,https://www.hepsiburada.com/esarplar-c-60001143,4,Moda > bayan giyim modelleri > Aksesuar > Eşarp
80109017,60001127,Eşarp & Şal Aksesuarları,https://www.hepsiburada.com/esarp-sal-aksesuarlari-c-80109017,4,Moda > bayan giyim modelleri > Aksesuar > Eşarp & Şal Aksesuarları
60005048,60001127,Kadın Bez Bileklik,https://www.hepsiburada.com/bayan-bez-bileklikler-c-60005048,4,Moda > bayan giyim modelleri > Aksesuar > Kadın Bez Bileklik
60004315,60001127,Kemer,https://www.hepsiburada.com/kemerler-c-60004315,4,Moda > bayan giyim modelleri > Aksesuar > Kemer
12087214,60001127,Peluş Kulaklık,https://www.hepsiburada.com/pelus-kulaklik-c-12087214,4,Moda > bayan giyim modelleri > Aksesuar > Peluş Kulaklık
60001133,60001127,Saç Aksesuarları,https://www.hepsiburada.com/bayan-sac-aksesuarlari-c-60001133,4,Moda > bayan giyim modelleri > Aksesuar > Saç Aksesuarları
60006579,60001127,Çanta Aksesuarları,https://www.hepsiburada.com/bayan-canta-aksesuarlari-c-60006579,4,Moda > bayan giyim modelleri > Aksesuar > Çanta Aksesuarları
60001130,60001127,Şal,https://www.hepsiburada.com/sallar-c-60001130,4,Moda > bayan giyim modelleri > Aksesuar > Şal
60002651,60001127,Şapka,https://www.hepsiburada.com/bayan-sapka-c-60002651,4,Moda > bayan giyim modelleri > Aksesuar > Şapka
60001132,60001127,Şemsiye,https://www.hepsiburada.com/bayan-semsiyeler-c-60001132,4,Moda > bayan giyim modelleri > Aksesuar > Şemsiye
12087227,12087217,Büyük Beden Abiye,https://www.hepsiburada.com/buyuk-beden-abiye-c-12087227,4,Moda > bayan giyim modelleri > Büyük Beden > Büyük Beden Abiye
12095598,12087217,Büyük Beden Bluz,https://www.hepsiburada.com/buyuk-beden-bluz-c-12095598,4,Moda > bayan giyim modelleri > Büyük Beden > Büyük Beden Bluz
60007439,12087217,Büyük Beden Body,https://www.hepsiburada.com/buyuk-beden-body-c-60007439,4,Moda > bayan giyim modelleri > Büyük Beden > Büyük Beden Body
60007441,12087217,Büyük Beden Ceket,https://www.hepsiburada.com/buyuk-beden-ceket-c-60007441,4,Moda > bayan giyim modelleri > Büyük Beden > Büyük Beden Ceket
12095599,12087217,Büyük Beden Elbise,https://www.hepsiburada.com/buyuk-beden-elbise-c-12095599,4,Moda > bayan giyim modelleri > Büyük Beden > Büyük Beden Elbise
12087222,12087217,Büyük Beden Etek,https://www.hepsiburada.com/buyuk-beden-etek-c-12087222,4,Moda > bayan giyim modelleri > Büyük Beden > Büyük Beden Etek
60007444,12087217,Büyük Beden Eşofman,https://www.hepsiburada.com/buyuk-beden-esofman-c-60007444,4,Moda > bayan giyim modelleri > Büyük Beden > Büyük Beden Eşofman
60007443,12087217,Büyük Beden Gömlek,https://www.hepsiburada.com/buyuk-beden-gomlek-c-60007443,4,Moda > bayan giyim modelleri > Büyük Beden > Büyük Beden Gömlek
12115250,12087217,Büyük Beden Hırka,https://www.hepsiburada.com/buyuk-beden-hirka-c-12115250,4,Moda > bayan giyim modelleri > Büyük Beden > Büyük Beden Hırka
12101943,12087217,Büyük Beden Kaban,https://www.hepsiburada.com/buyuk-beden-kaban-c-12101943,4,Moda > bayan giyim modelleri > Büyük Beden > Büyük Beden Kaban
12087221,12087217,Büyük Beden Kazak,https://www.hepsiburada.com/buyuk-beden-triko-c-12087221,4,Moda > bayan giyim modelleri > Büyük Beden > Büyük Beden Kazak
12087229,12087217,Büyük Beden Mont,https://www.hepsiburada.com/buyuk-beden-mont-c-12087229,4,Moda > bayan giyim modelleri > Büyük Beden > Büyük Beden Mont
12087223,12087217,Büyük Beden Pantolon,https://www.hepsiburada.com/buyuk-beden-pantolon-c-12087223,4,Moda > bayan giyim modelleri > Büyük Beden > Büyük Beden Pantolon
12096483,12087217,Büyük Beden Pardesü,https://www.hepsiburada.com/buyuk-beden-pardesu-c-12096483,4,Moda > bayan giyim modelleri > Büyük Beden > Büyük Beden Pardesü
80146015,12087217,Büyük Beden Sweatshirt,https://www.hepsiburada.com/buyuk-beden-sweatshirt-c-80146015,4,Moda > bayan giyim modelleri > Büyük Beden > Büyük Beden Sweatshirt
60007438,12087217,Büyük Beden T-Shirt,https://www.hepsiburada.com/buyuk-beden-t-shirt-c-60007438,4,Moda > bayan giyim modelleri > Büyük Beden > Büyük Beden T-Shirt
12096519,12087217,Büyük Beden Tayt,https://www.hepsiburada.com/buyuk-beden-tayt-c-12096519,4,Moda > bayan giyim modelleri > Büyük Beden > Büyük Beden Tayt
60007445,12087217,Büyük Beden Trençkot,https://www.hepsiburada.com/buyuk-beden-trenckot-c-60007445,4,Moda > bayan giyim modelleri > Büyük Beden > Büyük Beden Trençkot
60000714,12087217,Büyük Beden Tulum,https://www.hepsiburada.com/buyuk-beden-tulum-c-60000714,4,Moda > bayan giyim modelleri > Büyük Beden > Büyük Beden Tulum
12096463,12087217,Büyük Beden Tunik,https://www.hepsiburada.com/buyuk-beden-tunik-c-12096463,4,Moda > bayan giyim modelleri > Büyük Beden > Büyük Beden Tunik
60007446,12087217,Büyük Beden Yelek,https://www.hepsiburada.com/buyuk-beden-yelek-c-60007446,4,Moda > bayan giyim modelleri > Büyük Beden > Büyük Beden Yelek
12114970,12087217,Büyük Beden Şort,https://www.hepsiburada.com/buyuk-beden-sort-c-12114970,4,Moda > bayan giyim modelleri > Büyük Beden > Büyük Beden Şort
12115167,12087217,Pardesü,https://www.hepsiburada.com/pardesu-c-12115167,4,Moda > bayan giyim modelleri > Büyük Beden > Pardesü
80857367,60004640,Alt Üst Takım,https://www.hepsiburada.com/alt-ust-takim-c-80857367,4,Moda > bayan giyim modelleri > Giyim > Alt Üst Takım
80779002,60004640,Anne - Kız Kıyafetleri,https://www.hepsiburada.com/anne-kiz-kiyafetleri-c-80779002,4,Moda > bayan giyim modelleri > Giyim > Anne - Kız Kıyafetleri
60000819,60004640,Atlet,https://www.hepsiburada.com/bayan-atletler-c-60000819,4,Moda > bayan giyim modelleri > Giyim > Atlet
12087195,60004640,Bluz,https://www.hepsiburada.com/bluz-c-12087195,4,Moda > bayan giyim modelleri > Giyim > Bluz
12053359,60004640,Bolero,https://www.hepsiburada.com/bolero-c-12053359,4,Moda > bayan giyim modelleri > Giyim > Bolero
12095600,60004640,Eşofman,https://www.hepsiburada.com/bayan-esofmanlar-c-12095600,4,Moda > bayan giyim modelleri > Giyim > Eşofman
12087251,60004640,Gelinlik,https://www.hepsiburada.com/gelinlik-modelleri-c-12087251,4,Moda > bayan giyim modelleri > Giyim > Gelinlik
60000058,60004640,Kaban,https://www.hepsiburada.com/bayan-kabanlar-c-60000058,4,Moda > bayan giyim modelleri > Giyim > Kaban
60003807,60004640,Kapri,https://www.hepsiburada.com/kapri-c-60003807,4,Moda > bayan giyim modelleri > Giyim > Kapri
18010,60004640,Kimono,https://www.hepsiburada.com/kimono-c-18010,4,Moda > bayan giyim modelleri > Giyim > Kimono
191191,60004640,Kot Pantolon,https://www.hepsiburada.com/kot-pantolon-c-191191,4,Moda > bayan giyim modelleri > Giyim > Kot Pantolon
60004508,60004640,Panço,https://www.hepsiburada.com/panco-c-60004508,4,Moda > bayan giyim modelleri > Giyim > Panço
192146,60004640,Süveter,https://www.hepsiburada.com/suveter-c-192146,4,Moda > bayan giyim modelleri > Giyim > Süveter
60002665,60004640,Tayt,https://www.hepsiburada.com/bayan-taytlar-c-60002665,4,Moda > bayan giyim modelleri > Giyim > Tayt
12071254,60004640,Tulum,https://www.hepsiburada.com/bayan-tulumlari-c-12071254,4,Moda > bayan giyim modelleri > Giyim > Tulum
60000059,60004640,Yağmurluklar,https://www.hepsiburada.com/bayan-yagmurluk-c-60000059,4,Moda > bayan giyim modelleri > Giyim > Yağmurluklar
60000055,60004640,Yelek,https://www.hepsiburada.com/bayan-yelekler-c-60000055,4,Moda > bayan giyim modelleri > Giyim > Yelek
12099899,60004640,Şort,https://www.hepsiburada.com/bayan-sortlar-c-12099899,4,Moda > bayan giyim modelleri > Giyim > Şort
80809022,18001,Alt - Üst Takım,https://www.hepsiburada.com/alt-ust-takim-c-80809022,4,Moda > bayan giyim modelleri > Hamile Giyim > Alt - Üst Takım
80809021,18001,Bluz,https://www.hepsiburada.com/bluz-c-80809021,4,Moda > bayan giyim modelleri > Hamile Giyim > Bluz
80809023,18001,Ceket,https://www.hepsiburada.com/ceket-c-80809023,4,Moda > bayan giyim modelleri > Hamile Giyim > Ceket
80809004,18001,Etek,https://www.hepsiburada.com/hamile-etegi-c-80809004,4,Moda > bayan giyim modelleri > Hamile Giyim > Etek
80809005,18001,Gömlek,https://www.hepsiburada.com/hamile-gomlekler-c-80809005,4,Moda > bayan giyim modelleri > Hamile Giyim > Gömlek
80809006,18001,Hırka,https://www.hepsiburada.com/hamile-hirkalar-c-80809006,4,Moda > bayan giyim modelleri > Hamile Giyim > Hırka
80809007,18001,Kapri,https://www.hepsiburada.com/hamile-kapri-c-80809007,4,Moda > bayan giyim modelleri > Hamile Giyim > Kapri
80809008,18001,Kazak,https://www.hepsiburada.com/kazak-c-80809008,4,Moda > bayan giyim modelleri > Hamile Giyim > Kazak
80809009,18001,Lohusa Seti,https://www.hepsiburada.com/lohusa-seti-c-80809009,4,Moda > bayan giyim modelleri > Hamile Giyim > Lohusa Seti
80809010,18001,"Mayo, Bikini",https://www.hepsiburada.com/mayo-bikini-c-80809010,4,"Moda > bayan giyim modelleri > Hamile Giyim > Mayo, Bikini"
80809011,18001,"Mont, Kaban",https://www.hepsiburada.com/hamile-mont-kaban-c-80809011,4,"Moda > bayan giyim modelleri > Hamile Giyim > Mont, Kaban"
80809014,18001,Pijama,https://www.hepsiburada.com/pijama-c-80809014,4,Moda > bayan giyim modelleri > Hamile Giyim > Pijama
80809015,18001,Sweatshirt,https://www.hepsiburada.com/sweatshirt-c-80809015,4,Moda > bayan giyim modelleri > Hamile Giyim > Sweatshirt
80809018,18001,T-Shirt,https://www.hepsiburada.com/hamile-t-shirt-c-80809018,4,Moda > bayan giyim modelleri > Hamile Giyim > T-Shirt
80809017,18001,Tayt,https://www.hepsiburada.com/hamile-taytlari-c-80809017,4,Moda > bayan giyim modelleri > Hamile Giyim > Tayt
80809019,18001,Tulum (Salopet),https://www.hepsiburada.com/hamile-tulum-salopet-c-80809019,4,Moda > bayan giyim modelleri > Hamile Giyim > Tulum (Salopet)
80809002,18001,hamile elbiseleri,https://www.hepsiburada.com/hamile-elbiseleri-c-80809002,4,Moda > bayan giyim modelleri > Hamile Giyim > hamile elbiseleri
808090033,18001,hamile esofmanlar,https://www.hepsiburada.com/hamile-esofmanlar-c-808090033,4,Moda > bayan giyim modelleri > Hamile Giyim > hamile esofmanlar
80809003,18001,hamile esofmanlar,https://www.hepsiburada.com/hamile-esofmanlar-c-80809003,4,Moda > bayan giyim modelleri > Hamile Giyim > hamile esofmanlar
80809013,18001,hamile pantolonlari,https://www.hepsiburada.com/hamile-pantolonlari-c-80809013,4,Moda > bayan giyim modelleri > Hamile Giyim > hamile pantolonlari
80809020,18001,hamile tunik,https://www.hepsiburada.com/hamile-tunik-c-80809020,4,Moda > bayan giyim modelleri > Hamile Giyim > hamile tunik
80809024,18001,İç Giyim,https://www.hepsiburada.com/hamile-ic-giyim-urunleri-c-80809024,4,Moda > bayan giyim modelleri > Hamile Giyim > İç Giyim
80809016,18001,Şort,https://www.hepsiburada.com/sort-c-80809016,4,Moda > bayan giyim modelleri > Hamile Giyim > Şort
1121818,60005259,Bikini,https://www.hepsiburada.com/bikiniler-c-1121818,4,Moda > bayan giyim modelleri > Plaj Giyim > Bikini
60005258,60005259,Deniz Şortu,https://www.hepsiburada.com/deniz-sortu-c-60005258,4,Moda > bayan giyim modelleri > Plaj Giyim > Deniz Şortu
60005255,60005259,Mayo,https://www.hepsiburada.com/mayolar-c-60005255,4,Moda > bayan giyim modelleri > Plaj Giyim > Mayo
192070,60005259,Mayokini,https://www.hepsiburada.com/mayokini-c-192070,4,Moda > bayan giyim modelleri > Plaj Giyim > Mayokini
60005256,60005259,Pareo,https://www.hepsiburada.com/pareo-c-60005256,4,Moda > bayan giyim modelleri > Plaj Giyim > Pareo
80717011,60005259,Plaj Elbisesi,https://www.hepsiburada.com/plaj-elbisesi-c-80717011,4,Moda > bayan giyim modelleri > Plaj Giyim > Plaj Elbisesi
12087248,60005259,Plaj Terliği,https://www.hepsiburada.com/plaj-terligi-c-12087248,4,Moda > bayan giyim modelleri > Plaj Giyim > Plaj Terliği
12087246,60005259,Plaj Çantası,https://www.hepsiburada.com/plaj-cantasi-c-12087246,4,Moda > bayan giyim modelleri > Plaj Giyim > Plaj Çantası
60005257,60005259,Tankini,https://www.hepsiburada.com/tankini-c-60005257,4,Moda > bayan giyim modelleri > Plaj Giyim > Tankini
192264,60006034,Abiye,https://www.hepsiburada.com/tesettur-abiye-c-192264,4,Moda > bayan giyim modelleri > Tesettür Giyim > Abiye
60006740,60006034,Bluz,https://www.hepsiburada.com/tesettur-bluzlar-c-60006740,4,Moda > bayan giyim modelleri > Tesettür Giyim > Bluz
60006741,60006034,Body,https://www.hepsiburada.com/tesettur-body-c-60006741,4,Moda > bayan giyim modelleri > Tesettür Giyim > Body
60006756,60006034,Bone,https://www.hepsiburada.com/tesettur-bone-c-60006756,4,Moda > bayan giyim modelleri > Tesettür Giyim > Bone
60006742,60006034,Ceket,https://www.hepsiburada.com/tesettur-ceket-c-60006742,4,Moda > bayan giyim modelleri > Tesettür Giyim > Ceket
60006724,60006034,Elbise,https://www.hepsiburada.com/tesettur-elbise-c-60006724,4,Moda > bayan giyim modelleri > Tesettür Giyim > Elbise
192148,60006034,Etek,https://www.hepsiburada.com/tesettur-etek-c-192148,4,Moda > bayan giyim modelleri > Tesettür Giyim > Etek
60006743,60006034,Eşofman,https://www.hepsiburada.com/tesettur-esofmanlar-c-60006743,4,Moda > bayan giyim modelleri > Tesettür Giyim > Eşofman
60006035,60006034,Ferace,https://www.hepsiburada.com/feraceler-c-60006035,4,Moda > bayan giyim modelleri > Tesettür Giyim > Ferace
60006757,60006034,Gömlek,https://www.hepsiburada.com/tesettur-gomlek-c-60006757,4,Moda > bayan giyim modelleri > Tesettür Giyim > Gömlek
60006725,60006034,Hazır Türban,https://www.hepsiburada.com/hazir-turban-c-60006725,4,Moda > bayan giyim modelleri > Tesettür Giyim > Hazır Türban
60006745,60006034,Hırka,https://www.hepsiburada.com/tesettur-hirkalar-c-60006745,4,Moda > bayan giyim modelleri > Tesettür Giyim > Hırka
60006746,60006034,Kaban,https://www.hepsiburada.com/tesettur-kabanlar-c-60006746,4,Moda > bayan giyim modelleri > Tesettür Giyim > Kaban
60006036,60006034,Kap Pardesü,https://www.hepsiburada.com/kap-pardesu-c-60006036,4,Moda > bayan giyim modelleri > Tesettür Giyim > Kap Pardesü
80088004,60006034,Kazak,https://www.hepsiburada.com/tesettur-kazak-c-80088004,4,Moda > bayan giyim modelleri > Tesettür Giyim > Kazak
60006747,60006034,Mont,https://www.hepsiburada.com/tesettur-montlar-c-60006747,4,Moda > bayan giyim modelleri > Tesettür Giyim > Mont
60006749,60006034,Pantolon,https://www.hepsiburada.com/tesettur-pantolon-c-60006749,4,Moda > bayan giyim modelleri > Tesettür Giyim > Pantolon
60006748,60006034,Panço,https://www.hepsiburada.com/tesettur-pancolar-c-60006748,4,Moda > bayan giyim modelleri > Tesettür Giyim > Panço
60006750,60006034,Takım,https://www.hepsiburada.com/tesettur-takimlar-c-60006750,4,Moda > bayan giyim modelleri > Tesettür Giyim > Takım
60005888,60006034,Tessüttür Mayo,https://www.hepsiburada.com/tesettur-mayo-c-60005888,4,Moda > bayan giyim modelleri > Tesettür Giyim > Tessüttür Mayo
60006751,60006034,Trençkot,https://www.hepsiburada.com/tesettur-trenckot-c-60006751,4,Moda > bayan giyim modelleri > Tesettür Giyim > Trençkot
60006752,60006034,Tulum,https://www.hepsiburada.com/tesettur-tulum-c-60006752,4,Moda > bayan giyim modelleri > Tesettür Giyim > Tulum
60006754,60006034,Tunik,https://www.hepsiburada.com/tesettur-tunik-c-60006754,4,Moda > bayan giyim modelleri > Tesettür Giyim > Tunik
60006755,60006034,Yelek,https://www.hepsiburada.com/tesettur-yelek-c-60006755,4,Moda > bayan giyim modelleri > Tesettür Giyim > Yelek
60000821,60001585,Body,https://www.hepsiburada.com/bayan-body-c-60000821,4,Moda > bayan giyim modelleri > İç Giyim > Body
80857515,60001585,Boxer,https://www.hepsiburada.com/boxer-c-80857515,4,Moda > bayan giyim modelleri > İç Giyim > Boxer
60005418,60001585,Ev Rahatlığı,https://www.hepsiburada.com/ev-rahatligi-c-60005418,4,Moda > bayan giyim modelleri > İç Giyim > Ev Rahatlığı
60000682,60001585,Fantezi Giyim,https://www.hepsiburada.com/fantezi-giyim-urunleri-c-60000682,4,Moda > bayan giyim modelleri > İç Giyim > Fantezi Giyim
60000735,60001585,Gecelik,https://www.hepsiburada.com/bayan-gecelikler-c-60000735,4,Moda > bayan giyim modelleri > İç Giyim > Gecelik
60005057,60001585,Jüpon,https://www.hepsiburada.com/juponlar-c-60005057,4,Moda > bayan giyim modelleri > İç Giyim > Jüpon
60000688,60001585,Kombinezon,https://www.hepsiburada.com/kombinezon-c-60000688,4,Moda > bayan giyim modelleri > İç Giyim > Kombinezon
60000689,60001585,Korse,https://www.hepsiburada.com/bayan-korseler-c-60000689,4,Moda > bayan giyim modelleri > İç Giyim > Korse
60000679,60001585,Külot,https://www.hepsiburada.com/bayan-kulotlar-c-60000679,4,Moda > bayan giyim modelleri > İç Giyim > Külot
60000737,60001585,Sabahlık,https://www.hepsiburada.com/bayan-sabahliklar-c-60000737,4,Moda > bayan giyim modelleri > İç Giyim > Sabahlık
60000820,60001585,bayan atlet fanilalar,https://www.hepsiburada.com/bayan-atlet-fanilalar-c-60000820,4,Moda > bayan giyim modelleri > İç Giyim > bayan atlet fanilalar
60000734,60001585,bayan pijamalar,https://www.hepsiburada.com/bayan-pijamalar-c-60000734,4,Moda > bayan giyim modelleri > İç Giyim > bayan pijamalar
60000678,60001585,sutyenler,https://www.hepsiburada.com/sutyenler-c-60000678,4,Moda > bayan giyim modelleri > İç Giyim > sutyenler
60000680,60001585,İç Çamaşır Takım,https://www.hepsiburada.com/bayan-ic-camasir-takimlari-c-60000680,4,Moda > bayan giyim modelleri > İç Giyim > İç Çamaşır Takım
80843002,60001585,İçlik,https://www.hepsiburada.com/iclik-c-80843002,4,Moda > bayan giyim modelleri > İç Giyim > İçlik
60006833,60000070,Mont Kaban,https://www.hepsiburada.com/mont-kaban-c-60006833,4,Moda > erkek giyim urunleri > Kaban & Parka > Mont Kaban
60004553,60002383,Günlük,https://www.hepsiburada.com/erkek-gunluk-spor-ayakkabilar-c-60004553,4,Moda > erkek giyim urunleri > erkek spor ayakkabilari > Günlük
60004554,60002383,Yürüyüş - Koşu,https://www.hepsiburada.com/erkek-yuruyus-kosu-urunleri-c-60004554,4,Moda > erkek giyim urunleri > erkek spor ayakkabilari > Yürüyüş - Koşu
60000727,60000061,Dizaltı,https://www.hepsiburada.com/dizalti-coraplar-c-60000727,4,Moda > kulotlu coraplar > Kadın Çoraplar > Dizaltı
60000729,60000061,Soket Çorap,https://www.hepsiburada.com/bayan-soket-coraplar-c-60000729,4,Moda > kulotlu coraplar > Kadın Çoraplar > Soket Çorap
60000730,60000061,Çorap Tayt,https://www.hepsiburada.com/corap-taytlar-c-60000730,4,Moda > kulotlu coraplar > Kadın Çoraplar > Çorap Tayt
60006798,60004850,Beslenme Çantası,https://www.hepsiburada.com/beslenme-cantasi-c-60006798,4,Moda > sirt cantasi > cocuk cantalar > Beslenme Çantası
60006799,60004850,Cüzdan,https://www.hepsiburada.com/cocuk-cuzdan-c-60006799,4,Moda > sirt cantasi > cocuk cantalar > Cüzdan
80085000,60004850,Günlük Çanta,https://www.hepsiburada.com/gunluk-canta-c-80085000,4,Moda > sirt cantasi > cocuk cantalar > Günlük Çanta
115714,676,Notebook Aksesuarları,https://www.hepsiburada.com/notebook-aksesuarlari-c-115714,4,Moda > sirt cantasi > notebook cantalari > Notebook Aksesuarları
206099,205454,Aksesuar,https://www.hepsiburada.com/erkek-cocuk-aksesuar-c-206099,4,Moda > Çocuk > Erkek Çocuk > Aksesuar
12087323,205454,İç Giyim,https://www.hepsiburada.com/erkek-cocuk-ic-giyim-c-12087323,4,Moda > Çocuk > Erkek Çocuk > İç Giyim
60002724,60002732,Kız Çocuk Giyim Ürünleri,https://www.hepsiburada.com/kiz-cocuk-giyim-urunleri-c-60002724,4,Moda > Çocuk > cocuk elbiseler > Kız Çocuk Giyim Ürünleri
60002362,60002732,cocuk ayakkabilar,https://www.hepsiburada.com/cocuk-ayakkabilar-c-60002362,4,Moda > Çocuk > cocuk elbiseler > cocuk ayakkabilar
60000886,60002732,cocuk giyim aksesuarlari,https://www.hepsiburada.com/cocuk-giyim-aksesuarlari-c-60000886,4,Moda > Çocuk > cocuk elbiseler > cocuk giyim aksesuarlari
60003883,60004845,cocuk patikler,https://www.hepsiburada.com/cocuk-patikler-c-60003883,4,Moda > Çocuk > cocuk takimlari > cocuk patikler
12087336,60004845,erkek cocuk corap,https://www.hepsiburada.com/erkek-cocuk-corap-c-12087336,4,Moda > Çocuk > cocuk takimlari > erkek cocuk corap
12087335,205504,Alt Üst Takım,https://www.hepsiburada.com/cocuk-takimi-c-12087335,4,Moda > Çocuk > erkek cocuk giyim > Alt Üst Takım
12087333,205504,Eşofman,https://www.hepsiburada.com/erkek-cocuk-esofmanlari-c-12087333,4,Moda > Çocuk > erkek cocuk giyim > Eşofman
12087324,205504,Gömlek,https://www.hepsiburada.com/erkek-cocuk-gomlek-c-12087324,4,Moda > Çocuk > erkek cocuk giyim > Gömlek
12087330,205504,Kazak,https://www.hepsiburada.com/erkek-cocuk-kazak-c-12087330,4,Moda > Çocuk > erkek cocuk giyim > Kazak
12103461,205504,Mayo,https://www.hepsiburada.com/erkek-cocuk-mayo-c-12103461,4,Moda > Çocuk > erkek cocuk giyim > Mayo
12087332,205504,Mont,https://www.hepsiburada.com/erkek-cocuk-mont-c-12087332,4,Moda > Çocuk > erkek cocuk giyim > Mont
12087329,205504,Pantolon,https://www.hepsiburada.com/erkek-cocuk-pantolon-c-12087329,4,Moda > Çocuk > erkek cocuk giyim > Pantolon
12103460,205504,Pijama Takımı,https://www.hepsiburada.com/erkek-cocuk-pijama-takimlari-c-12103460,4,Moda > Çocuk > erkek cocuk giyim > Pijama Takımı
60006843,205504,Sweatshirt,https://www.hepsiburada.com/erkek-cocuk-sweatshirt-c-60006843,4,Moda > Çocuk > erkek cocuk giyim > Sweatshirt
80158011,205504,Sünnet Kıyafetleri,https://www.hepsiburada.com/sunnet-kiyafetleri-c-80158011,4,Moda > Çocuk > erkek cocuk giyim > Sünnet Kıyafetleri
12087325,205504,Süveter & Hırka,https://www.hepsiburada.com/erkek-cocuk-suveter-hirka-c-12087325,4,Moda > Çocuk > erkek cocuk giyim > Süveter & Hırka
12087334,205504,T-Shirt,https://www.hepsiburada.com/erkek-cocuk-t-shirt-c-12087334,4,Moda > Çocuk > erkek cocuk giyim > T-Shirt
12087327,205504,Uyku Tulumu,https://www.hepsiburada.com/erkek-cocuk-uyku-tulumu-c-12087327,4,Moda > Çocuk > erkek cocuk giyim > Uyku Tulumu
80073001,205504,Yağmurluk,https://www.hepsiburada.com/erkek-cocuk-yagmurluk-c-80073001,4,Moda > Çocuk > erkek cocuk giyim > Yağmurluk
12106387,205504,Yelek,https://www.hepsiburada.com/erkek-cocuk-yelek-c-12106387,4,Moda > Çocuk > erkek cocuk giyim > Yelek
205719,205504,erkek cocuk ayakkabi,https://www.hepsiburada.com/erkek-cocuk-ayakkabi-c-205719,4,Moda > Çocuk > erkek cocuk giyim > erkek cocuk ayakkabi
12087337,205504,Şort & Kapri,https://www.hepsiburada.com/erkek-cocuk-sort-kapri-c-12087337,4,Moda > Çocuk > erkek cocuk giyim > Şort & Kapri
60002725,205474,Aksesuar,https://www.hepsiburada.com/cocuk-aksesuarlari-c-60002725,4,Moda > Çocuk > kiz cocuk > Aksesuar
60002739,205474,cocuk esofmanlar,https://www.hepsiburada.com/cocuk-esofmanlar-c-60002739,4,Moda > Çocuk > kiz cocuk > cocuk esofmanlar
60002733,205474,cocuk kazaklari,https://www.hepsiburada.com/cocuk-kazaklari-c-60002733,4,Moda > Çocuk > kiz cocuk > cocuk kazaklari
60002730,205474,cocuk t shirt,https://www.hepsiburada.com/cocuk-t-shirt-c-60002730,4,Moda > Çocuk > kiz cocuk > cocuk t shirt
60002729,205474,İç Giyim,https://www.hepsiburada.com/cocuk-ic-giyim-urunleri-c-60002729,4,Moda > Çocuk > kiz cocuk > İç Giyim
28001512,80433030,ballar,https://www.hepsiburada.com/ballar-c-28001512,4,"Oto, Bahce, Yapi Market > Bahçe > Arıcılık Malzemeleri > ballar"
34001198,34001199,Büyük Hayvan Kovucu,https://www.hepsiburada.com/buyuk-hayvan-kovucular-c-34001198,4,"Oto, Bahce, Yapi Market > Bahçe > Bahçe Kovucuları > Büyük Hayvan Kovucu"
60001734,34001199,"Haşere, Fare Kovucu",https://www.hepsiburada.com/hasere-fare-kovucular-c-60001734,4,"Oto, Bahce, Yapi Market > Bahçe > Bahçe Kovucuları > Haşere, Fare Kovucu"
60003826,34001195,Dezenfeksiyon Ürünleri,https://www.hepsiburada.com/dezenfeksiyon-urunleri-c-60003826,4,"Oto, Bahce, Yapi Market > Bahçe > Havuz Ürünleri > Dezenfeksiyon Ürünleri"
60003006,34001195,Havuz Aydınlatma,https://www.hepsiburada.com/havuz-aydinlatmalari-c-60003006,4,"Oto, Bahce, Yapi Market > Bahçe > Havuz Ürünleri > Havuz Aydınlatma"
60007160,34001195,Havuz Dekorasyonu,https://www.hepsiburada.com/havuz-dekorasyonu-c-60007160,4,"Oto, Bahce, Yapi Market > Bahçe > Havuz Ürünleri > Havuz Dekorasyonu"
60003827,34001195,Havuz Isıtma Ekipmanları,https://www.hepsiburada.com/havuz-isitma-ekipmanlari-c-60003827,4,"Oto, Bahce, Yapi Market > Bahçe > Havuz Ürünleri > Havuz Isıtma Ekipmanları"
60003222,34001195,Havuz Kenar Ekipmanları,https://www.hepsiburada.com/havuz-kenar-ekipmanlari-c-60003222,4,"Oto, Bahce, Yapi Market > Bahçe > Havuz Ürünleri > Havuz Kenar Ekipmanları"
34001227,34001195,Havuz Kimyasalları,https://www.hepsiburada.com/havuz-kimyasallari-c-34001227,4,"Oto, Bahce, Yapi Market > Bahçe > Havuz Ürünleri > Havuz Kimyasalları"
60004625,34001195,Havuz Pompaları,https://www.hepsiburada.com/havuz-pompalari-c-60004625,4,"Oto, Bahce, Yapi Market > Bahçe > Havuz Ürünleri > Havuz Pompaları"
34001226,34001195,Havuz Temizlik Malzemeleri,https://www.hepsiburada.com/havuz-temizlik-malzemeleri-c-34001226,4,"Oto, Bahce, Yapi Market > Bahçe > Havuz Ürünleri > Havuz Temizlik Malzemeleri"
80857390,34001195,Prefabrik Havuz,https://www.hepsiburada.com/prefabrik-havuz-c-80857390,4,"Oto, Bahce, Yapi Market > Bahçe > Havuz Ürünleri > Prefabrik Havuz"
34001228,34001195,Temizlik Makineleri,https://www.hepsiburada.com/temizlik-makineleri-c-34001228,4,"Oto, Bahce, Yapi Market > Bahçe > Havuz Ürünleri > Temizlik Makineleri"
60003587,453962,Alet Sapları,https://www.hepsiburada.com/alet-saplari-c-60003587,4,"Oto, Bahce, Yapi Market > Bahçe > Küçük El Aletleri > Alet Sapları"
34000343,453962,Aşı Makası,https://www.hepsiburada.com/asi-makaslari-c-34000343,4,"Oto, Bahce, Yapi Market > Bahçe > Küçük El Aletleri > Aşı Makası"
60003741,453962,Bahçe Orakları,https://www.hepsiburada.com/bahce-oraklari-c-60003741,4,"Oto, Bahce, Yapi Market > Bahçe > Küçük El Aletleri > Bahçe Orakları"
34001052,453962,Bahçe Seti,https://www.hepsiburada.com/bahce-setleri-c-34001052,4,"Oto, Bahce, Yapi Market > Bahçe > Küçük El Aletleri > Bahçe Seti"
34000006,453962,Bahçe Çatalı,https://www.hepsiburada.com/bahce-catallari-c-34000006,4,"Oto, Bahce, Yapi Market > Bahçe > Küçük El Aletleri > Bahçe Çatalı"
34000000,453962,Budama Makasları,https://www.hepsiburada.com/budama-makaslari-c-34000000,4,"Oto, Bahce, Yapi Market > Bahçe > Küçük El Aletleri > Budama Makasları"
34000001,453962,Budama Testeresi,https://www.hepsiburada.com/budama-testereleri-c-34000001,4,"Oto, Bahce, Yapi Market > Bahçe > Küçük El Aletleri > Budama Testeresi"
34002515,453962,Eldiven,https://www.hepsiburada.com/bahce-eldivenleri-c-34002515,4,"Oto, Bahce, Yapi Market > Bahçe > Küçük El Aletleri > Eldiven"
34000077,453962,Fide Dikici ve Sökücü,https://www.hepsiburada.com/fide-dikiciler-sokucular-c-34000077,4,"Oto, Bahce, Yapi Market > Bahçe > Küçük El Aletleri > Fide Dikici ve Sökücü"
34000002,453962,Hortum Bağlantıları,https://www.hepsiburada.com/hortum-baglantilari-c-34000002,4,"Oto, Bahce, Yapi Market > Bahçe > Küçük El Aletleri > Hortum Bağlantıları"
34000004,453962,Kazma ve Kürekler,https://www.hepsiburada.com/kazmalar-kurekler-c-34000004,4,"Oto, Bahce, Yapi Market > Bahçe > Küçük El Aletleri > Kazma ve Kürekler"
60001887,453962,Kırpma Makası,https://www.hepsiburada.com/kirpma-makaslari-c-60001887,4,"Oto, Bahce, Yapi Market > Bahçe > Küçük El Aletleri > Kırpma Makası"
34000009,453962,Mala,https://www.hepsiburada.com/malalar-c-34000009,4,"Oto, Bahce, Yapi Market > Bahçe > Küçük El Aletleri > Mala"
34001172,453962,Misinalar,https://www.hepsiburada.com/misinalar-c-34001172,4,"Oto, Bahce, Yapi Market > Bahçe > Küçük El Aletleri > Misinalar"
34000005,453962,Su Tabancaları,https://www.hepsiburada.com/bahce-su-tabancasi-c-34000005,4,"Oto, Bahce, Yapi Market > Bahçe > Küçük El Aletleri > Su Tabancaları"
34000008,453962,Tırmık,https://www.hepsiburada.com/bahce-tirmiklari-c-34000008,4,"Oto, Bahce, Yapi Market > Bahçe > Küçük El Aletleri > Tırmık"
34001278,453962,Yedek Bıçaklar,https://www.hepsiburada.com/yedek-bicaklar-c-34001278,4,"Oto, Bahce, Yapi Market > Bahçe > Küçük El Aletleri > Yedek Bıçaklar"
34000010,453962,Çapa,https://www.hepsiburada.com/capalar-c-34000010,4,"Oto, Bahce, Yapi Market > Bahçe > Küçük El Aletleri > Çapa"
34000003,453962,Çim ve Çit Makası,https://www.hepsiburada.com/cim-cit-makaslari-c-34000003,4,"Oto, Bahce, Yapi Market > Bahçe > Küçük El Aletleri > Çim ve Çit Makası"
34001252,34001196,Mangal Aksesuarları,https://www.hepsiburada.com/mangal-aksesuarlari-c-34001252,4,"Oto, Bahce, Yapi Market > Bahçe > Mangal / Barbekü > Mangal Aksesuarları"
60005914,34001196,Odunlu Semaver,https://www.hepsiburada.com/odunlu-semaverler-c-60005914,4,"Oto, Bahce, Yapi Market > Bahçe > Mangal / Barbekü > Odunlu Semaver"
60005580,34001196,Piknik Seti,https://www.hepsiburada.com/piknik-seti-c-60005580,4,"Oto, Bahce, Yapi Market > Bahçe > Mangal / Barbekü > Piknik Seti"
80857154,80857150,Ekim Dikim Makineleri,https://www.hepsiburada.com/ekim-dikim-makineleri-c-80857154,4,"Oto, Bahce, Yapi Market > Bahçe > Tarım Makineleri > Ekim Dikim Makineleri"
80857151,80857150,Hasat Makineleri,https://www.hepsiburada.com/hasat-makineleri-c-80857151,4,"Oto, Bahce, Yapi Market > Bahçe > Tarım Makineleri > Hasat Makineleri"
80857152,80857150,Toprak İşleme Makineleri,https://www.hepsiburada.com/toprak-isleme-makineleri-c-80857152,4,"Oto, Bahce, Yapi Market > Bahçe > Tarım Makineleri > Toprak İşleme Makineleri"
34001273,34001270,Aplikler,https://www.hepsiburada.com/bahce-aplikleri-c-34001273,4,"Oto, Bahce, Yapi Market > Bahçe > aydinlatmalar > Aplikler"
60002703,34001270,Direkler,https://www.hepsiburada.com/direkler-c-60002703,4,"Oto, Bahce, Yapi Market > Bahçe > aydinlatmalar > Direkler"
34001879,34001270,Fener,https://www.hepsiburada.com/bahce-fenerleri-c-34001879,4,"Oto, Bahce, Yapi Market > Bahçe > aydinlatmalar > Fener"
34001274,34001270,Masa Üstü Aydınlatma,https://www.hepsiburada.com/masa-ustu-aydinlatmalar-c-34001274,4,"Oto, Bahce, Yapi Market > Bahçe > aydinlatmalar > Masa Üstü Aydınlatma"
60002702,34001270,Setüstü Aydınlatmalar,https://www.hepsiburada.com/setustu-aydinlatmalar-c-60002702,4,"Oto, Bahce, Yapi Market > Bahçe > aydinlatmalar > Setüstü Aydınlatmalar"
34001275,34001270,Yol Aydınlatma,https://www.hepsiburada.com/yol-aydinlatmalari-c-34001275,4,"Oto, Bahce, Yapi Market > Bahçe > aydinlatmalar > Yol Aydınlatma"
34001245,465415,Bahçe Makine Yağları,https://www.hepsiburada.com/bahce-makine-yaglari-c-34001245,4,"Oto, Bahce, Yapi Market > Bahçe > bahce makineleri > Bahçe Makine Yağları"
34000279,465415,Bahçe Süpürücüleri,https://www.hepsiburada.com/bahce-supuruculeri-c-34000279,4,"Oto, Bahce, Yapi Market > Bahçe > bahce makineleri > Bahçe Süpürücüleri"
60003744,465415,Bahçe Traktörleri,https://www.hepsiburada.com/bahce-traktorleri-c-60003744,4,"Oto, Bahce, Yapi Market > Bahçe > bahce makineleri > Bahçe Traktörleri"
452530,465415,Dal Budama Makineleri,https://www.hepsiburada.com/dal-budama-makineleri-c-452530,4,"Oto, Bahce, Yapi Market > Bahçe > bahce makineleri > Dal Budama Makineleri"
60000841,465415,Makine Aksesuarları,https://www.hepsiburada.com/makine-aksesuarlari-c-60000841,4,"Oto, Bahce, Yapi Market > Bahçe > bahce makineleri > Makine Aksesuarları"
60003568,465415,"Meyve, Sebze Toplama Makineleri",https://www.hepsiburada.com/meyve-sebze-toplama-makineleri-c-60003568,4,"Oto, Bahce, Yapi Market > Bahçe > bahce makineleri > Meyve, Sebze Toplama Makineleri"
60003751,465415,Topiari ve Çim Biçme Makasları,https://www.hepsiburada.com/topiari-cim-bicme-makaslari-c-60003751,4,"Oto, Bahce, Yapi Market > Bahçe > bahce makineleri > Topiari ve Çim Biçme Makasları"
454038,465415,Toprak Burgu Makineleri / Aksesuarları,https://www.hepsiburada.com/toprak-burgu-makineleri-aksesuarlari-c-454038,4,"Oto, Bahce, Yapi Market > Bahçe > bahce makineleri > Toprak Burgu Makineleri / Aksesuarları"
450891,465415,Yaprak Toplama Üfleme Makineleri,https://www.hepsiburada.com/yaprak-toplama-ufleme-makineleri-c-450891,4,"Oto, Bahce, Yapi Market > Bahçe > bahce makineleri > Yaprak Toplama Üfleme Makineleri"
454041,465415,Yaprak ve Dal Öğütme Makineleri,https://www.hepsiburada.com/yaprak-dal-ogutme-makineleri-c-454041,4,"Oto, Bahce, Yapi Market > Bahçe > bahce makineleri > Yaprak ve Dal Öğütme Makineleri"
60003746,465415,Zincir Bileme Makineleri,https://www.hepsiburada.com/zincir-bileme-makineleri-c-60003746,4,"Oto, Bahce, Yapi Market > Bahçe > bahce makineleri > Zincir Bileme Makineleri"
454000,465415,Çapa Makineleri,https://www.hepsiburada.com/capa-makineleri-c-454000,4,"Oto, Bahce, Yapi Market > Bahçe > bahce makineleri > Çapa Makineleri"
450875,465415,Çim Havalandırma Makineleri,https://www.hepsiburada.com/cim-havalandirma-makineleri-c-450875,4,"Oto, Bahce, Yapi Market > Bahçe > bahce makineleri > Çim Havalandırma Makineleri"
451013,465415,Çit Kesme Makineleri,https://www.hepsiburada.com/cit-kesme-makineleri-c-451013,4,"Oto, Bahce, Yapi Market > Bahçe > bahce makineleri > Çit Kesme Makineleri"
465426,465415,İlaçlama - Sisleme Makineleri,https://www.hepsiburada.com/ilaclama-sisleme-makineleri-c-465426,4,"Oto, Bahce, Yapi Market > Bahçe > bahce makineleri > İlaçlama - Sisleme Makineleri"
60000016,460347,Aşılı Güller,https://www.hepsiburada.com/asili-guller-c-60000016,4,"Oto, Bahce, Yapi Market > Bahçe > Çiçek Bakımı & Bitki Yetiştirme > Aşılı Güller"
34001394,460347,Aşılı Meyve Fidanları,https://www.hepsiburada.com/asili-meyve-fidanlari-c-34001394,4,"Oto, Bahce, Yapi Market > Bahçe > Çiçek Bakımı & Bitki Yetiştirme > Aşılı Meyve Fidanları"
80748011,460347,Canlı Çiçek,https://www.hepsiburada.com/canli-cicek-c-80748011,4,"Oto, Bahce, Yapi Market > Bahçe > Çiçek Bakımı & Bitki Yetiştirme > Canlı Çiçek"
34001429,460347,Dış Mekan Ağaçları,https://www.hepsiburada.com/dis-mekan-agaclari-c-34001429,4,"Oto, Bahce, Yapi Market > Bahçe > Çiçek Bakımı & Bitki Yetiştirme > Dış Mekan Ağaçları"
34001407,460347,Dış Mekan Sarmaşık Bitkileri,https://www.hepsiburada.com/dis-mekan-sarmasik-bitkileri-c-34001407,4,"Oto, Bahce, Yapi Market > Bahçe > Çiçek Bakımı & Bitki Yetiştirme > Dış Mekan Sarmaşık Bitkileri"
34001279,460347,Gübre,https://www.hepsiburada.com/gubreler-c-34001279,4,"Oto, Bahce, Yapi Market > Bahçe > Çiçek Bakımı & Bitki Yetiştirme > Gübre"
34000013,460347,Hediyelik Fidanlar,https://www.hepsiburada.com/hediyelik-fidanlar-c-34000013,4,"Oto, Bahce, Yapi Market > Bahçe > Çiçek Bakımı & Bitki Yetiştirme > Hediyelik Fidanlar"
34003197,460347,Hobi Bahçesi,https://www.hepsiburada.com/hobi-bahceleri-c-34003197,4,"Oto, Bahce, Yapi Market > Bahçe > Çiçek Bakımı & Bitki Yetiştirme > Hobi Bahçesi"
60001953,460347,Sera ve Sera Ekipmanları,https://www.hepsiburada.com/seralar-sera-ekipmanlari-c-60001953,4,"Oto, Bahce, Yapi Market > Bahçe > Çiçek Bakımı & Bitki Yetiştirme > Sera ve Sera Ekipmanları"
80194036,460347,Teraryum & Sukulentler,https://www.hepsiburada.com/teraryum-sukulentler-c-80194036,4,"Oto, Bahce, Yapi Market > Bahçe > Çiçek Bakımı & Bitki Yetiştirme > Teraryum & Sukulentler"
34001671,460347,Torf ve Topraklar,https://www.hepsiburada.com/torf-topraklar-c-34001671,4,"Oto, Bahce, Yapi Market > Bahçe > Çiçek Bakımı & Bitki Yetiştirme > Torf ve Topraklar"
34000210,460347,Tıbbi Aromatik Bitkiler,https://www.hepsiburada.com/tibbi-aromatik-bitkiler-c-34000210,4,"Oto, Bahce, Yapi Market > Bahçe > Çiçek Bakımı & Bitki Yetiştirme > Tıbbi Aromatik Bitkiler"
34000017,460347,Çiçek Soğanları,https://www.hepsiburada.com/cicek-soganlari-c-34000017,4,"Oto, Bahce, Yapi Market > Bahçe > Çiçek Bakımı & Bitki Yetiştirme > Çiçek Soğanları"
60000015,460347,Çiçekli Bodur Bitkiler,https://www.hepsiburada.com/cicekli-bodur-bitkiler-c-60000015,4,"Oto, Bahce, Yapi Market > Bahçe > Çiçek Bakımı & Bitki Yetiştirme > Çiçekli Bodur Bitkiler"
60002758,460347,İç Mekan Bitkileri,https://www.hepsiburada.com/ic-mekan-bitkileri-c-60002758,4,"Oto, Bahce, Yapi Market > Bahçe > Çiçek Bakımı & Bitki Yetiştirme > İç Mekan Bitkileri"
60005692,80405020,Motosiklet Lastik Tamir Ürünleri,https://www.hepsiburada.com/motosiklet-lastik-tamir-urunleri-c-60005692,4,"Oto, Bahce, Yapi Market > Motosiklet > Bakım & Temizlik > Motosiklet Lastik Tamir Ürünleri"
80273087,80405020,Motosiklet Yağları,https://www.hepsiburada.com/motosiklet-yagi-c-80273087,4,"Oto, Bahce, Yapi Market > Motosiklet > Bakım & Temizlik > Motosiklet Yağları"
20029250,80405020,Temizlik Ürünleri,https://www.hepsiburada.com/motosiklet-bakim-temizlik-urunleri-c-20029250,4,"Oto, Bahce, Yapi Market > Motosiklet > Bakım & Temizlik > Temizlik Ürünleri"
60005704,80273080,Bacak & Bel Çantaları,https://www.hepsiburada.com/motosiklet-bacak-bel-cantalari-c-60005704,4,"Oto, Bahce, Yapi Market > Motosiklet > Giyim & Ekipman > Bacak & Bel Çantaları"
20040814,80273080,Bandanalar,https://www.hepsiburada.com/motosiklet-bandanalari-c-20040814,4,"Oto, Bahce, Yapi Market > Motosiklet > Giyim & Ekipman > Bandanalar"
20029251,80273080,Giyim Ürünleri,https://www.hepsiburada.com/motosiklet-giyim-urunleri-c-20029251,4,"Oto, Bahce, Yapi Market > Motosiklet > Giyim & Ekipman > Giyim Ürünleri"
80405002,80273080,Maske&Balaklava,https://www.hepsiburada.com/maske-balaklava-c-80405002,4,"Oto, Bahce, Yapi Market > Motosiklet > Giyim & Ekipman > Maske&Balaklava"
60005651,80273080,Mont&Ceket,https://www.hepsiburada.com/motosiklet-montlari-c-60005651,4,"Oto, Bahce, Yapi Market > Motosiklet > Giyim & Ekipman > Mont&Ceket"
60005706,80273080,Sırt Çantaları,https://www.hepsiburada.com/motosiklet-sirt-cantalari-c-60005706,4,"Oto, Bahce, Yapi Market > Motosiklet > Giyim & Ekipman > Sırt Çantaları"
80408114,80273080,T-Shirt,https://www.hepsiburada.com/motosiklet-t-shirt-c-80408114,4,"Oto, Bahce, Yapi Market > Motosiklet > Giyim & Ekipman > T-Shirt"
60005673,80273080,Termal Giyim,https://www.hepsiburada.com/motosiklet-termal-giyim-urunleri-c-60005673,4,"Oto, Bahce, Yapi Market > Motosiklet > Giyim & Ekipman > Termal Giyim"
80273081,80273080,Tulum,https://www.hepsiburada.com/motosiklet-tulumu-c-80273081,4,"Oto, Bahce, Yapi Market > Motosiklet > Giyim & Ekipman > Tulum"
60005678,80273080,Yelekler,https://www.hepsiburada.com/motosiklet-yelekleri-c-60005678,4,"Oto, Bahce, Yapi Market > Motosiklet > Giyim & Ekipman > Yelekler"
60005670,80273080,motosiklet dizlikler,https://www.hepsiburada.com/motosiklet-dizlikler-c-60005670,4,"Oto, Bahce, Yapi Market > Motosiklet > Giyim & Ekipman > motosiklet dizlikler"
60005664,80273080,motosiklet kislik eldiven,https://www.hepsiburada.com/motosiklet-kislik-eldiven-c-60005664,4,"Oto, Bahce, Yapi Market > Motosiklet > Giyim & Ekipman > motosiklet kislik eldiven"
60005680,80273080,motosiklet yagmurluklar,https://www.hepsiburada.com/motosiklet-yagmurluklar-c-60005680,4,"Oto, Bahce, Yapi Market > Motosiklet > Giyim & Ekipman > motosiklet yagmurluklar"
60005643,20029253,Açık Kasklar,https://www.hepsiburada.com/motosiklet-acik-kasklar-c-60005643,4,"Oto, Bahce, Yapi Market > Motosiklet > Kasklar > Açık Kasklar"
60005644,20029253,Kapalı Kasklar,https://www.hepsiburada.com/motosiklet-kapali-kasklar-c-60005644,4,"Oto, Bahce, Yapi Market > Motosiklet > Kasklar > Kapalı Kasklar"
60005646,20029253,Kross Kasklar,https://www.hepsiburada.com/motosiklet-kross-kasklar-c-60005646,4,"Oto, Bahce, Yapi Market > Motosiklet > Kasklar > Kross Kasklar"
60005648,20029253,Motosiklet Chopper Kaskları,https://www.hepsiburada.com/motosiklet-chopper-kasklari-c-60005648,4,"Oto, Bahce, Yapi Market > Motosiklet > Kasklar > Motosiklet Chopper Kaskları"
60005650,20029253,Motosiklet Kask Yedek Parça,https://www.hepsiburada.com/motosiklet-kask-yedek-parca-c-60005650,4,"Oto, Bahce, Yapi Market > Motosiklet > Kasklar > Motosiklet Kask Yedek Parça"
60005645,20029253,Çeneden Açılır Kasklar,https://www.hepsiburada.com/motosiklet-ceneden-acilir-kasklar-c-60005645,4,"Oto, Bahce, Yapi Market > Motosiklet > Kasklar > Çeneden Açılır Kasklar"
60005649,20029253,Çocuk Kaskları,https://www.hepsiburada.com/motosiklet-cocuk-kasklari-c-60005649,4,"Oto, Bahce, Yapi Market > Motosiklet > Kasklar > Çocuk Kaskları"
20029256,20029247,Aksesuarlar,https://www.hepsiburada.com/aksesuarlar-c-20029256,4,"Oto, Bahce, Yapi Market > Motosiklet > Motosiklet Aksesuarları > Aksesuarlar"
20029254,20029247,Alarm,https://www.hepsiburada.com/motorsiklet-alarmlari-c-20029254,4,"Oto, Bahce, Yapi Market > Motosiklet > Motosiklet Aksesuarları > Alarm"
60002531,20029247,Anahtarlıklar,https://www.hepsiburada.com/motosiklet-anahtarliklari-c-60002531,4,"Oto, Bahce, Yapi Market > Motosiklet > Motosiklet Aksesuarları > Anahtarlıklar"
20029252,20029247,Aydınlatma Ürünleri,https://www.hepsiburada.com/motosiklet-aydinlatma-urunleri-c-20029252,4,"Oto, Bahce, Yapi Market > Motosiklet > Motosiklet Aksesuarları > Aydınlatma Ürünleri"
20029257,20029247,Branda & Sele Örtüsü,https://www.hepsiburada.com/motosiklet-brandalari-c-20029257,4,"Oto, Bahce, Yapi Market > Motosiklet > Motosiklet Aksesuarları > Branda & Sele Örtüsü"
60004743,20029247,GPS & Navigasyon,https://www.hepsiburada.com/motosiklet-navigasyonlari-c-60004743,4,"Oto, Bahce, Yapi Market > Motosiklet > Motosiklet Aksesuarları > GPS & Navigasyon"
20029248,20029247,Kilit,https://www.hepsiburada.com/motosiklet-kilitleri-c-20029248,4,"Oto, Bahce, Yapi Market > Motosiklet > Motosiklet Aksesuarları > Kilit"
60006490,20029247,Motosiklet Ayak Destek Kitleri,https://www.hepsiburada.com/motosiklet-ayak-destek-kitleri-c-60006490,4,"Oto, Bahce, Yapi Market > Motosiklet > Motosiklet Aksesuarları > Motosiklet Ayak Destek Kitleri"
60005686,20029247,Motosiklet Bağlama & Taşıma Ürünleri,https://www.hepsiburada.com/motosiklet-baglama-tasima-urunleri-c-60005686,4,"Oto, Bahce, Yapi Market > Motosiklet > Motosiklet Aksesuarları > Motosiklet Bağlama & Taşıma Ürünleri"
60005688,20029247,Motosiklet Jant Şeritleri,https://www.hepsiburada.com/motosiklet-jant-seritleri-c-60005688,4,"Oto, Bahce, Yapi Market > Motosiklet > Motosiklet Aksesuarları > Motosiklet Jant Şeritleri"
60005693,20029247,Motosiklet Lastik Kalemleri,https://www.hepsiburada.com/motosiklet-lastik-kalemleri-c-60005693,4,"Oto, Bahce, Yapi Market > Motosiklet > Motosiklet Aksesuarları > Motosiklet Lastik Kalemleri"
60005694,20029247,Motosiklet Lüzumlu Ürünler,https://www.hepsiburada.com/motosiklet-luzumlu-urunler-c-60005694,4,"Oto, Bahce, Yapi Market > Motosiklet > Motosiklet Aksesuarları > Motosiklet Lüzumlu Ürünler"
60005695,20029247,Motosiklet Reflektif Ürünler,https://www.hepsiburada.com/motosiklet-reflektif-urunler-c-60005695,4,"Oto, Bahce, Yapi Market > Motosiklet > Motosiklet Aksesuarları > Motosiklet Reflektif Ürünler"
60005696,20029247,Motosiklet Saatleri,https://www.hepsiburada.com/motosiklet-saatleri-c-60005696,4,"Oto, Bahce, Yapi Market > Motosiklet > Motosiklet Aksesuarları > Motosiklet Saatleri"
60005697,20029247,Motosiklet Sehpaları,https://www.hepsiburada.com/motosiklet-sehpalari-c-60005697,4,"Oto, Bahce, Yapi Market > Motosiklet > Motosiklet Aksesuarları > Motosiklet Sehpaları"
60005642,20029247,Motosiklet Sele Pedi (Airhawk),https://www.hepsiburada.com/motosiklet-sele-pedi-airhawk-c-60005642,4,"Oto, Bahce, Yapi Market > Motosiklet > Motosiklet Aksesuarları > Motosiklet Sele Pedi (Airhawk)"
60006489,20029247,Motosiklet Smart Barlar,https://www.hepsiburada.com/motosiklet-smart-barlar-c-60006489,4,"Oto, Bahce, Yapi Market > Motosiklet > Motosiklet Aksesuarları > Motosiklet Smart Barlar"
60005698,20029247,Motosiklet Telefon & Navigasyon Tutucular,https://www.hepsiburada.com/motosiklet-telefon-navigasyon-tutucular-c-60005698,4,"Oto, Bahce, Yapi Market > Motosiklet > Motosiklet Aksesuarları > Motosiklet Telefon & Navigasyon Tutucular"
60005710,20029247,Tankpad,https://www.hepsiburada.com/motosiklet-sticker-c-60005710,4,"Oto, Bahce, Yapi Market > Motosiklet > Motosiklet Aksesuarları > Tankpad"
60005689,20029247,İlk Yardım Çantaları,https://www.hepsiburada.com/motosiklet-ilk-yardim-seti-c-60005689,4,"Oto, Bahce, Yapi Market > Motosiklet > Motosiklet Aksesuarları > İlk Yardım Çantaları"
80405016,80560308,Commuter,https://www.hepsiburada.com/commuter-motor-c-80405016,4,"Oto, Bahce, Yapi Market > Motosiklet > Motosiklet Modelleri > Commuter"
80405018,80560308,Cross,https://www.hepsiburada.com/cross-motor-c-80405018,4,"Oto, Bahce, Yapi Market > Motosiklet > Motosiklet Modelleri > Cross"
80405012,80560308,Naked,https://www.hepsiburada.com/naked-motosiklet-c-80405012,4,"Oto, Bahce, Yapi Market > Motosiklet > Motosiklet Modelleri > Naked"
80405017,80560308,Super Sport,https://www.hepsiburada.com/super-sport-c-80405017,4,"Oto, Bahce, Yapi Market > Motosiklet > Motosiklet Modelleri > Super Sport"
80405013,80560308,Touring,https://www.hepsiburada.com/touring-motor-c-80405013,4,"Oto, Bahce, Yapi Market > Motosiklet > Motosiklet Modelleri > Touring"
60005660,80560308,motosiklet pantolonlari,https://www.hepsiburada.com/motosiklet-pantolonlari-c-60005660,4,"Oto, Bahce, Yapi Market > Motosiklet > Motosiklet Modelleri > motosiklet pantolonlari"
80273086,80168003,Akü,https://www.hepsiburada.com/motosiklet-akusu-c-80273086,4,"Oto, Bahce, Yapi Market > Motosiklet > Motosiklet Yedek Parça > Akü"
80273091,80168003,Ayna,https://www.hepsiburada.com/motosiklet-aynasi-c-80273091,4,"Oto, Bahce, Yapi Market > Motosiklet > Motosiklet Yedek Parça > Ayna"
20041850,80168003,Buji,https://www.hepsiburada.com/motosiklet-buji-c-20041850,4,"Oto, Bahce, Yapi Market > Motosiklet > Motosiklet Yedek Parça > Buji"
80273105,80168003,Debriyaj,https://www.hepsiburada.com/motosiklet-debriyaj-c-80273105,4,"Oto, Bahce, Yapi Market > Motosiklet > Motosiklet Yedek Parça > Debriyaj"
60006485,80168003,Egzozlar,https://www.hepsiburada.com/motosiklet-egzozlari-c-60006485,4,"Oto, Bahce, Yapi Market > Motosiklet > Motosiklet Yedek Parça > Egzozlar"
60005687,80168003,Elcik,https://www.hepsiburada.com/motosiklet-elcik-isitmalar-c-60005687,4,"Oto, Bahce, Yapi Market > Motosiklet > Motosiklet Yedek Parça > Elcik"
80405005,80168003,Far & Ampül,https://www.hepsiburada.com/motosiklet-far-ampul-c-80405005,4,"Oto, Bahce, Yapi Market > Motosiklet > Motosiklet Yedek Parça > Far & Ampül"
80273090,80168003,Filtre,https://www.hepsiburada.com/motosiklet-filtresi-c-80273090,4,"Oto, Bahce, Yapi Market > Motosiklet > Motosiklet Yedek Parça > Filtre"
80405006,80168003,Fren & Fren Ekipmanları,https://www.hepsiburada.com/motosiklet-fren-ekipmanlari-c-80405006,4,"Oto, Bahce, Yapi Market > Motosiklet > Motosiklet Yedek Parça > Fren & Fren Ekipmanları"
80405008,80168003,Grenaj,https://www.hepsiburada.com/grenaj-c-80405008,4,"Oto, Bahce, Yapi Market > Motosiklet > Motosiklet Yedek Parça > Grenaj"
80405007,80168003,Gösterge,https://www.hepsiburada.com/motosiklet-gostergesi-c-80405007,4,"Oto, Bahce, Yapi Market > Motosiklet > Motosiklet Yedek Parça > Gösterge"
60005690,80168003,Kornalar,https://www.hepsiburada.com/motosiklet-kornalari-c-60005690,4,"Oto, Bahce, Yapi Market > Motosiklet > Motosiklet Yedek Parça > Kornalar"
60006483,80168003,Koruma Demiri & Takoz,https://www.hepsiburada.com/motosiklet-koruma-demirleri-c-60006483,4,"Oto, Bahce, Yapi Market > Motosiklet > Motosiklet Yedek Parça > Koruma Demiri & Takoz"
80273094,80168003,"Krank, Piston ve Contalar",https://www.hepsiburada.com/krank-piston-ve-contalar-c-80273094,4,"Oto, Bahce, Yapi Market > Motosiklet > Motosiklet Yedek Parça > Krank, Piston ve Contalar"
20029259,80168003,Lastikler,https://www.hepsiburada.com/motosiklet-lastikleri-c-20029259,4,"Oto, Bahce, Yapi Market > Motosiklet > Motosiklet Yedek Parça > Lastikler"
60006487,80168003,Motosiklet Karter Korumaları,https://www.hepsiburada.com/motosiklet-karter-korumalari-c-60006487,4,"Oto, Bahce, Yapi Market > Motosiklet > Motosiklet Yedek Parça > Motosiklet Karter Korumaları"
80273089,80168003,Zincir & Kayışlar,https://www.hepsiburada.com/motosiklet-zincir-kayis-c-80273089,4,"Oto, Bahce, Yapi Market > Motosiklet > Motosiklet Yedek Parça > Zincir & Kayışlar"
60006488,80168003,Ön Cam Siperlik,https://www.hepsiburada.com/motosiklet-ruzgar-siperlikleri-c-60006488,4,"Oto, Bahce, Yapi Market > Motosiklet > Motosiklet Yedek Parça > Ön Cam Siperlik"
60005667,60005666,Bellik,https://www.hepsiburada.com/motosiklet-bellikler-c-60005667,4,"Oto, Bahce, Yapi Market > Motosiklet > Sürücü Koruma > Bellik"
60005668,60005666,Boyunluk,https://www.hepsiburada.com/motosiklet-boyunluklar-c-60005668,4,"Oto, Bahce, Yapi Market > Motosiklet > Sürücü Koruma > Boyunluk"
60005669,60005666,Dirseklik,https://www.hepsiburada.com/motosiklet-dirseklikler-c-60005669,4,"Oto, Bahce, Yapi Market > Motosiklet > Sürücü Koruma > Dirseklik"
60005672,60005666,Motosiklet Sırtlıklar,https://www.hepsiburada.com/motosiklet-sirtliklar-c-60005672,4,"Oto, Bahce, Yapi Market > Motosiklet > Sürücü Koruma > Motosiklet Sırtlıklar"
60005671,60005666,Vücut Koruma,https://www.hepsiburada.com/motosiklet-kross-giysiler-c-60005671,4,"Oto, Bahce, Yapi Market > Motosiklet > Sürücü Koruma > Vücut Koruma"
60005699,20029249,Arka Çanta,https://www.hepsiburada.com/motosiklet-arka-cantalar-c-60005699,4,"Oto, Bahce, Yapi Market > Motosiklet > Çanta > Arka Çanta"
80405003,20029249,Bel Çantası,https://www.hepsiburada.com/motosiklet-bel-cantasi-c-80405003,4,"Oto, Bahce, Yapi Market > Motosiklet > Çanta > Bel Çantası"
60005703,20029249,Depo Üstü Çanta,https://www.hepsiburada.com/motosiklet-depo-ustu-cantalar-c-60005703,4,"Oto, Bahce, Yapi Market > Motosiklet > Çanta > Depo Üstü Çanta"
60005708,20029249,Motosiklet ATV Çantaları,https://www.hepsiburada.com/motosiklet-atv-cantalari-c-60005708,4,"Oto, Bahce, Yapi Market > Motosiklet > Çanta > Motosiklet ATV Çantaları"
60005705,20029249,Motosiklet Rulo Çantalar,https://www.hepsiburada.com/motosiklet-rulo-cantalar-c-60005705,4,"Oto, Bahce, Yapi Market > Motosiklet > Çanta > Motosiklet Rulo Çantalar"
60006484,20029249,Motosiklet Çanta Taşıyıcılar,https://www.hepsiburada.com/motosiklet-canta-tasiyicilar-c-60006484,4,"Oto, Bahce, Yapi Market > Motosiklet > Çanta > Motosiklet Çanta Taşıyıcılar"
60005701,20029249,Yan Çanta,https://www.hepsiburada.com/motosiklet-sert-yan-cantalar-c-60005701,4,"Oto, Bahce, Yapi Market > Motosiklet > Çanta > Yan Çanta"
60006486,20029249,motosiklet canta aksesuarlari,https://www.hepsiburada.com/motosiklet-canta-aksesuarlari-c-60006486,4,"Oto, Bahce, Yapi Market > Motosiklet > Çanta > motosiklet canta aksesuarlari"
60005700,20029249,motosiklet canta sirtliklari,https://www.hepsiburada.com/motosiklet-canta-sirtliklari-c-60005700,4,"Oto, Bahce, Yapi Market > Motosiklet > Çanta > motosiklet canta sirtliklari"
60005702,20029249,motosiklet kumas yan cantalar,https://www.hepsiburada.com/motosiklet-kumas-yan-cantalar-c-60005702,4,"Oto, Bahce, Yapi Market > Motosiklet > Çanta > motosiklet kumas yan cantalar"
60005707,20029249,motosiklet scooter cantalari,https://www.hepsiburada.com/motosiklet-scooter-cantalari-c-60005707,4,"Oto, Bahce, Yapi Market > Motosiklet > Çanta > motosiklet scooter cantalari"
80405004,20029249,motosiklet sirt cantasi,https://www.hepsiburada.com/motosiklet-sirt-cantasi-c-80405004,4,"Oto, Bahce, Yapi Market > Motosiklet > Çanta > motosiklet sirt cantasi"
13003265,13003264,Banyo Aksesuar,https://www.hepsiburada.com/banyo-aksesuarlari-c-13003265,4,"Oto, Bahce, Yapi Market > Yapı Market / Hırdavat > Banyo > Banyo Aksesuar"
13003275,13003264,Duş & Aksesuarları,https://www.hepsiburada.com/dus-aksesuarlari-c-13003275,4,"Oto, Bahce, Yapi Market > Yapı Market / Hırdavat > Banyo > Duş & Aksesuarları"
60000414,13003264,Tesisat,https://www.hepsiburada.com/banyo-tesisat-urunleri-c-60000414,4,"Oto, Bahce, Yapi Market > Yapı Market / Hırdavat > Banyo > Tesisat"
13003274,13003264,Vitrifiye,https://www.hepsiburada.com/vitrifiyeler-c-13003274,4,"Oto, Bahce, Yapi Market > Yapı Market / Hırdavat > Banyo > Vitrifiye"
60007333,60001216,Duvar Boyaları,https://www.hepsiburada.com/duvar-boyalari-c-60007333,4,"Oto, Bahce, Yapi Market > Yapı Market / Hırdavat > Boya & Boya Malzemeleri > Duvar Boyaları"
60003025,60001216,Endüstriyel Grup,https://www.hepsiburada.com/endustriyel-grup-urunleri-c-60003025,4,"Oto, Bahce, Yapi Market > Yapı Market / Hırdavat > Boya & Boya Malzemeleri > Endüstriyel Grup"
60001252,60001216,"Fırça, Rulo & Aksesuar",https://www.hepsiburada.com/firca-rulo-aksesuarlari-c-60001252,4,"Oto, Bahce, Yapi Market > Yapı Market / Hırdavat > Boya & Boya Malzemeleri > Fırça, Rulo & Aksesuar"
60005205,60001216,Sprey Boya,https://www.hepsiburada.com/sprey-boyalar-c-60005205,4,"Oto, Bahce, Yapi Market > Yapı Market / Hırdavat > Boya & Boya Malzemeleri > Sprey Boya"
80571037,80571082,Adaptör,https://www.hepsiburada.com/adaptor-c-80571037,4,"Oto, Bahce, Yapi Market > Yapı Market / Hırdavat > Elektrik & Tesisat Malzemeleri > Adaptör"
60007679,80571082,Akıllı Anahtarlar,https://www.hepsiburada.com/akilli-anahtar-c-60007679,4,"Oto, Bahce, Yapi Market > Yapı Market / Hırdavat > Elektrik & Tesisat Malzemeleri > Akıllı Anahtarlar"
60007682,80571082,Akıllı Kumandalar,https://www.hepsiburada.com/akilli-kumanda-c-60007682,4,"Oto, Bahce, Yapi Market > Yapı Market / Hırdavat > Elektrik & Tesisat Malzemeleri > Akıllı Kumandalar"
60007683,80571082,Akıllı Sensörler & Alarmlar,https://www.hepsiburada.com/akilli-alarm-sensorler-c-60007683,4,"Oto, Bahce, Yapi Market > Yapı Market / Hırdavat > Elektrik & Tesisat Malzemeleri > Akıllı Sensörler & Alarmlar"
80571085,80571082,Anahtar,https://www.hepsiburada.com/anahtar-c-80571085,4,"Oto, Bahce, Yapi Market > Yapı Market / Hırdavat > Elektrik & Tesisat Malzemeleri > Anahtar"
80571086,80571082,Duy,https://www.hepsiburada.com/duy-c-80571086,4,"Oto, Bahce, Yapi Market > Yapı Market / Hırdavat > Elektrik & Tesisat Malzemeleri > Duy"
13003207,80571082,Elektrik Aksesuarları,https://www.hepsiburada.com/elektrik-aksesuarlari-c-13003207,4,"Oto, Bahce, Yapi Market > Yapı Market / Hırdavat > Elektrik & Tesisat Malzemeleri > Elektrik Aksesuarları"
80571036,80571082,Fiş,https://www.hepsiburada.com/fis-c-80571036,4,"Oto, Bahce, Yapi Market > Yapı Market / Hırdavat > Elektrik & Tesisat Malzemeleri > Fiş"
60005111,80571082,Güneş Enerjisi,https://www.hepsiburada.com/gunes-enerjili-aydinlatmalar-c-60005111,4,"Oto, Bahce, Yapi Market > Yapı Market / Hırdavat > Elektrik & Tesisat Malzemeleri > Güneş Enerjisi"
60000663,80571082,Kablo Bağı,https://www.hepsiburada.com/kablo-klipsleri-c-60000663,4,"Oto, Bahce, Yapi Market > Yapı Market / Hırdavat > Elektrik & Tesisat Malzemeleri > Kablo Bağı"
80571091,80571082,Kablo Kanalı,https://www.hepsiburada.com/kablo-kanali-c-80571091,4,"Oto, Bahce, Yapi Market > Yapı Market / Hırdavat > Elektrik & Tesisat Malzemeleri > Kablo Kanalı"
80571089,80571082,Klemens,https://www.hepsiburada.com/klemens-c-80571089,4,"Oto, Bahce, Yapi Market > Yapı Market / Hırdavat > Elektrik & Tesisat Malzemeleri > Klemens"
60001548,80571082,Nem / Isı Ölçerler,https://www.hepsiburada.com/nem-isi-olcerler-c-60001548,4,"Oto, Bahce, Yapi Market > Yapı Market / Hırdavat > Elektrik & Tesisat Malzemeleri > Nem / Isı Ölçerler"
13006559,80571082,Sensörler / Dedektörler,https://www.hepsiburada.com/sensorler-dedektorler-c-13006559,4,"Oto, Bahce, Yapi Market > Yapı Market / Hırdavat > Elektrik & Tesisat Malzemeleri > Sensörler / Dedektörler"
60002662,80571082,Sigorta Kutusu,https://www.hepsiburada.com/sigorta-kutulari-sayaclar-c-60002662,4,"Oto, Bahce, Yapi Market > Yapı Market / Hırdavat > Elektrik & Tesisat Malzemeleri > Sigorta Kutusu"
13006560,80571082,Zaman Saatleri,https://www.hepsiburada.com/zaman-saatleri-c-13006560,4,"Oto, Bahce, Yapi Market > Yapı Market / Hırdavat > Elektrik & Tesisat Malzemeleri > Zaman Saatleri"
80857510,13003085,Cam Temizleme Makinesi,https://www.hepsiburada.com/cam-temizleme-makinesi-c-80857510,4,"Oto, Bahce, Yapi Market > Yapı Market / Hırdavat > Endüstriyel Temizleme > Cam Temizleme Makinesi"
80857505,13003085,Endüstriyel Elektrik Süpürgesi,https://www.hepsiburada.com/endustriyel-elektrik-supurgesi-c-80857505,4,"Oto, Bahce, Yapi Market > Yapı Market / Hırdavat > Endüstriyel Temizleme > Endüstriyel Elektrik Süpürgesi"
80857506,13003085,Petek Temizleme Makinesi,https://www.hepsiburada.com/petek-temizleme-makinesi-c-80857506,4,"Oto, Bahce, Yapi Market > Yapı Market / Hırdavat > Endüstriyel Temizleme > Petek Temizleme Makinesi"
80857513,13003085,Sanayi Tipi Halı Yıkama Makinesi,https://www.hepsiburada.com/sanayi-tipi-hali-yikama-makinesi-c-80857513,4,"Oto, Bahce, Yapi Market > Yapı Market / Hırdavat > Endüstriyel Temizleme > Sanayi Tipi Halı Yıkama Makinesi"
80857509,13003085,Temizlik & Servis Arabaları,https://www.hepsiburada.com/temizlik-servis-arabalari-c-80857509,4,"Oto, Bahce, Yapi Market > Yapı Market / Hırdavat > Endüstriyel Temizleme > Temizlik & Servis Arabaları"
80857512,13003085,Temizlik Kimyasalları,https://www.hepsiburada.com/temizlik-kimyasallari-c-80857512,4,"Oto, Bahce, Yapi Market > Yapı Market / Hırdavat > Endüstriyel Temizleme > Temizlik Kimyasalları"
80857508,13003085,Ultrasonik Yıkama Makinesi,https://www.hepsiburada.com/ultrasonik-yikama-makinesi-c-80857508,4,"Oto, Bahce, Yapi Market > Yapı Market / Hırdavat > Endüstriyel Temizleme > Ultrasonik Yıkama Makinesi"
80857511,13003085,Zemin Cila Makinesi,https://www.hepsiburada.com/zemin-cila-makinesi-c-80857511,4,"Oto, Bahce, Yapi Market > Yapı Market / Hırdavat > Endüstriyel Temizleme > Zemin Cila Makinesi"
80857507,13003085,Zemin Temizleme Makinesi,https://www.hepsiburada.com/zemin-temizleme-makinesi-c-80857507,4,"Oto, Bahce, Yapi Market > Yapı Market / Hırdavat > Endüstriyel Temizleme > Zemin Temizleme Makinesi"
80857580,80857576,Güneş Paneli Kontrol Cihazı,https://www.hepsiburada.com/gunes-paneli-kontrol-cihazi-c-80857580,4,"Oto, Bahce, Yapi Market > Yapı Market / Hırdavat > Enerji Sistemleri > Güneş Paneli Kontrol Cihazı"
80857577,80857576,Güneş Panelleri,https://www.hepsiburada.com/gunes-panelleri-c-80857577,4,"Oto, Bahce, Yapi Market > Yapı Market / Hırdavat > Enerji Sistemleri > Güneş Panelleri"
80857581,80857576,Güneş Su Isıtma,https://www.hepsiburada.com/gunes-su-isitma-c-80857581,4,"Oto, Bahce, Yapi Market > Yapı Market / Hırdavat > Enerji Sistemleri > Güneş Su Isıtma"
80857583,80857576,Hazır Güneş Sistemi,https://www.hepsiburada.com/hazir-gunes-sistemi-c-80857583,4,"Oto, Bahce, Yapi Market > Yapı Market / Hırdavat > Enerji Sistemleri > Hazır Güneş Sistemi"
80857578,80857576,Inverter,https://www.hepsiburada.com/inverter-c-80857578,4,"Oto, Bahce, Yapi Market > Yapı Market / Hırdavat > Enerji Sistemleri > Inverter"
80857582,80857576,Kablo & Montaj Parçaları,https://www.hepsiburada.com/kablo-montaj-parcalari-c-80857582,4,"Oto, Bahce, Yapi Market > Yapı Market / Hırdavat > Enerji Sistemleri > Kablo & Montaj Parçaları"
80857579,80857576,Rüzgar Türbini,https://www.hepsiburada.com/ruzgar-turbini-c-80857579,4,"Oto, Bahce, Yapi Market > Yapı Market / Hırdavat > Enerji Sistemleri > Rüzgar Türbini"
80857155,80857576,Taşınabilir Güç İstasyonu,https://www.hepsiburada.com/tasinabilir-guc-istasyonu-c-80857155,4,"Oto, Bahce, Yapi Market > Yapı Market / Hırdavat > Enerji Sistemleri > Taşınabilir Güç İstasyonu"
80571183,13003327,Aparat & Aksesuarlar,https://www.hepsiburada.com/aparat-aksesuarlar-c-80571183,4,"Oto, Bahce, Yapi Market > Yapı Market / Hırdavat > Kaldırma Ekipmanları > Aparat & Aksesuarlar"
13007325,13003327,Ceraskal,https://www.hepsiburada.com/ceraskal-c-13007325,4,"Oto, Bahce, Yapi Market > Yapı Market / Hırdavat > Kaldırma Ekipmanları > Ceraskal"
13003334,13003327,Makine Krikosu,https://www.hepsiburada.com/makine-krikosu-c-13003334,4,"Oto, Bahce, Yapi Market > Yapı Market / Hırdavat > Kaldırma Ekipmanları > Makine Krikosu"
13007230,13003327,Manyetik Kaldıraç,https://www.hepsiburada.com/manyetik-kaldirac-c-13007230,4,"Oto, Bahce, Yapi Market > Yapı Market / Hırdavat > Kaldırma Ekipmanları > Manyetik Kaldıraç"
13003337,13003327,Paket Taşıma Arabaları,https://www.hepsiburada.com/paket-tasima-arabalari-c-13003337,4,"Oto, Bahce, Yapi Market > Yapı Market / Hırdavat > Kaldırma Ekipmanları > Paket Taşıma Arabaları"
13003336,13003327,Transpaletler,https://www.hepsiburada.com/transpaletler-c-13003336,4,"Oto, Bahce, Yapi Market > Yapı Market / Hırdavat > Kaldırma Ekipmanları > Transpaletler"
80571184,13003327,Vantuz,https://www.hepsiburada.com/vantuz-c-80571184,4,"Oto, Bahce, Yapi Market > Yapı Market / Hırdavat > Kaldırma Ekipmanları > Vantuz"
13003338,13003327,Vinçler,https://www.hepsiburada.com/vincler-c-13003338,4,"Oto, Bahce, Yapi Market > Yapı Market / Hırdavat > Kaldırma Ekipmanları > Vinçler"
80856004,80856001,Arıtma Cihazı Pompası,https://www.hepsiburada.com/aritma-cihazi-pompasi-c-80856004,4,"Oto, Bahce, Yapi Market > Yapı Market / Hırdavat > Su Arıtma > Arıtma Cihazı Pompası"
80856005,80856001,Arıtma Cihazı Tankı,https://www.hepsiburada.com/aritma-cihazi-tanki-c-80856005,4,"Oto, Bahce, Yapi Market > Yapı Market / Hırdavat > Su Arıtma > Arıtma Cihazı Tankı"
80856003,80856001,Arıtma Musluğu,https://www.hepsiburada.com/aritma-muslugu-c-80856003,4,"Oto, Bahce, Yapi Market > Yapı Market / Hırdavat > Su Arıtma > Arıtma Musluğu"
80856007,80856001,Su Arıtma Bağlantı Parçaları,https://www.hepsiburada.com/su-aritma-baglanti-parcalari-c-80856007,4,"Oto, Bahce, Yapi Market > Yapı Market / Hırdavat > Su Arıtma > Su Arıtma Bağlantı Parçaları"
80856002,80856001,Su Arıtma Filtresi,https://www.hepsiburada.com/su-aritma-filtresi-c-80856002,4,"Oto, Bahce, Yapi Market > Yapı Market / Hırdavat > Su Arıtma > Su Arıtma Filtresi"
80856006,80856001,Su Arıtma Hortumu,https://www.hepsiburada.com/su-aritma-hortumu-c-80856006,4,"Oto, Bahce, Yapi Market > Yapı Market / Hırdavat > Su Arıtma > Su Arıtma Hortumu"
13003194,13003083,Aksesuarlar,https://www.hepsiburada.com/dijital-olcum-cihazi-aksesuarlari-c-13003194,4,"Oto, Bahce, Yapi Market > Yapı Market / Hırdavat > Ölçüm Cihazları > Aksesuarlar"
60006726,13003083,Açı Ölçer,https://www.hepsiburada.com/aci-olcer-c-60006726,4,"Oto, Bahce, Yapi Market > Yapı Market / Hırdavat > Ölçüm Cihazları > Açı Ölçer"
13003188,13003083,Dijital Ölçüm Cihazları,https://www.hepsiburada.com/dijital-olcum-cihazlari-c-13003188,4,"Oto, Bahce, Yapi Market > Yapı Market / Hırdavat > Ölçüm Cihazları > Dijital Ölçüm Cihazları"
60006728,13003083,Diğer Ölçüm Cihazları,https://www.hepsiburada.com/diger-olcum-cihazlari-c-60006728,4,"Oto, Bahce, Yapi Market > Yapı Market / Hırdavat > Ölçüm Cihazları > Diğer Ölçüm Cihazları"
80547050,13003083,Endoskop Kamera (Boroskop),https://www.hepsiburada.com/endoskop-kamera-boroskop-c-80547050,4,"Oto, Bahce, Yapi Market > Yapı Market / Hırdavat > Ölçüm Cihazları > Endoskop Kamera (Boroskop)"
60006729,13003083,Gaz Ölçüm Cihazı,https://www.hepsiburada.com/gaz-olcum-cihazi-c-60006729,4,"Oto, Bahce, Yapi Market > Yapı Market / Hırdavat > Ölçüm Cihazları > Gaz Ölçüm Cihazı"
60006730,13003083,Hassas Terazi,https://www.hepsiburada.com/hassas-terazi-c-60006730,4,"Oto, Bahce, Yapi Market > Yapı Market / Hırdavat > Ölçüm Cihazları > Hassas Terazi"
60006731,13003083,Higrometre,https://www.hepsiburada.com/higrometre-c-60006731,4,"Oto, Bahce, Yapi Market > Yapı Market / Hırdavat > Ölçüm Cihazları > Higrometre"
13005606,13003083,Komparatör,https://www.hepsiburada.com/komparator-c-13005606,4,"Oto, Bahce, Yapi Market > Yapı Market / Hırdavat > Ölçüm Cihazları > Komparatör"
60006732,13003083,Kontrol Kalemi,https://www.hepsiburada.com/kontrol-kalemi-c-60006732,4,"Oto, Bahce, Yapi Market > Yapı Market / Hırdavat > Ölçüm Cihazları > Kontrol Kalemi"
13003195,13003083,Kumpas,https://www.hepsiburada.com/kumpaslar-c-13003195,4,"Oto, Bahce, Yapi Market > Yapı Market / Hırdavat > Ölçüm Cihazları > Kumpas"
13003190,13003083,Lazermetre,https://www.hepsiburada.com/lazermetreler-c-13003190,4,"Oto, Bahce, Yapi Market > Yapı Market / Hırdavat > Ölçüm Cihazları > Lazermetre"
60006733,13003083,Metal Dedektörü,https://www.hepsiburada.com/metal-dedektoru-c-60006733,4,"Oto, Bahce, Yapi Market > Yapı Market / Hırdavat > Ölçüm Cihazları > Metal Dedektörü"
60000231,13003083,Metre,https://www.hepsiburada.com/metreler-c-60000231,4,"Oto, Bahce, Yapi Market > Yapı Market / Hırdavat > Ölçüm Cihazları > Metre"
13005604,13003083,Mikrometre,https://www.hepsiburada.com/mikrometreler-c-13005604,4,"Oto, Bahce, Yapi Market > Yapı Market / Hırdavat > Ölçüm Cihazları > Mikrometre"
60006734,13003083,Multi Dedektör,https://www.hepsiburada.com/multi-dedektor-c-60006734,4,"Oto, Bahce, Yapi Market > Yapı Market / Hırdavat > Ölçüm Cihazları > Multi Dedektör"
60006758,13003083,Multimetre,https://www.hepsiburada.com/multimetre-c-60006758,4,"Oto, Bahce, Yapi Market > Yapı Market / Hırdavat > Ölçüm Cihazları > Multimetre"
13003192,13003083,Nivo,https://www.hepsiburada.com/nivolar-c-13003192,4,"Oto, Bahce, Yapi Market > Yapı Market / Hırdavat > Ölçüm Cihazları > Nivo"
60006735,13003083,Pensampermetre,https://www.hepsiburada.com/pensampermetre-c-60006735,4,"Oto, Bahce, Yapi Market > Yapı Market / Hırdavat > Ölçüm Cihazları > Pensampermetre"
60006736,13003083,Rotasyon Lazeri,https://www.hepsiburada.com/rotasyon-lazeri-c-60006736,4,"Oto, Bahce, Yapi Market > Yapı Market / Hırdavat > Ölçüm Cihazları > Rotasyon Lazeri"
80857518,13003083,Termal Kamera,https://www.hepsiburada.com/termal-kamera-c-80857518,4,"Oto, Bahce, Yapi Market > Yapı Market / Hırdavat > Ölçüm Cihazları > Termal Kamera"
60006274,13003083,Termometreler,https://www.hepsiburada.com/termometreler-c-60006274,4,"Oto, Bahce, Yapi Market > Yapı Market / Hırdavat > Ölçüm Cihazları > Termometreler"
60006737,13003083,Test Cihazları,https://www.hepsiburada.com/test-cihazlari-c-60006737,4,"Oto, Bahce, Yapi Market > Yapı Market / Hırdavat > Ölçüm Cihazları > Test Cihazları"
60006738,13003083,Voltaj Dedektörü,https://www.hepsiburada.com/voltaj-dedektoru-c-60006738,4,"Oto, Bahce, Yapi Market > Yapı Market / Hırdavat > Ölçüm Cihazları > Voltaj Dedektörü"
60006739,13003083,Voltmetre,https://www.hepsiburada.com/voltmetre-c-60006739,4,"Oto, Bahce, Yapi Market > Yapı Market / Hırdavat > Ölçüm Cihazları > Voltmetre"
60006727,13003083,Çizgi Hizalama,https://www.hepsiburada.com/cizgi-hizalama-c-60006727,4,"Oto, Bahce, Yapi Market > Yapı Market / Hırdavat > Ölçüm Cihazları > Çizgi Hizalama"
80081049,80081048,Duvar & Cephe Kaplama,https://www.hepsiburada.com/duvar-cephe-kaplama-c-80081049,4,"Oto, Bahce, Yapi Market > Yapı Market / Hırdavat > İnşaat Malzemeleri > Duvar & Cephe Kaplama"
13003325,80081048,Seramik ve Yer Döşemeleri,https://www.hepsiburada.com/seramikler-yer-dosemeleri-c-13003325,4,"Oto, Bahce, Yapi Market > Yapı Market / Hırdavat > İnşaat Malzemeleri > Seramik ve Yer Döşemeleri"
60005248,80081048,Yalıtım Malzemeleri,https://www.hepsiburada.com/yalitim-malzemeleri-c-60005248,4,"Oto, Bahce, Yapi Market > Yapı Market / Hırdavat > İnşaat Malzemeleri > Yalıtım Malzemeleri"
80508055,80081048,İnşaat Makineleri,https://www.hepsiburada.com/insaat-makineleri-c-80508055,4,"Oto, Bahce, Yapi Market > Yapı Market / Hırdavat > İnşaat Malzemeleri > İnşaat Makineleri"
13006539,13003206,Akım Korumalı Grup Prizler,https://www.hepsiburada.com/akim-korumali-grup-prizler-c-13006539,4,"Oto, Bahce, Yapi Market > akim korumali prizler > Grup Priz Uzatma Kabloları > Akım Korumalı Grup Prizler"
100565,13003206,Akım Koruyucular,https://www.hepsiburada.com/akim-koruyucu-prizler-c-100565,4,"Oto, Bahce, Yapi Market > akim korumali prizler > Grup Priz Uzatma Kabloları > Akım Koruyucular"
13006541,13003206,Golyat Priz,https://www.hepsiburada.com/golyat-prizler-c-13006541,4,"Oto, Bahce, Yapi Market > akim korumali prizler > Grup Priz Uzatma Kabloları > Golyat Priz"
13006538,13003206,Kablosuz Grup Prizler,https://www.hepsiburada.com/kablosuz-grup-prizler-c-13006538,4,"Oto, Bahce, Yapi Market > akim korumali prizler > Grup Priz Uzatma Kabloları > Kablosuz Grup Prizler"
13006537,13003206,Uzatma Kablosu & Grup Priz,https://www.hepsiburada.com/uzatma-kablolari-grup-prizler-c-13006537,4,"Oto, Bahce, Yapi Market > akim korumali prizler > Grup Priz Uzatma Kabloları > Uzatma Kablosu & Grup Priz"
20033706,20033704,Akü Aksesuarları,https://www.hepsiburada.com/aku-aksesuarlari-c-20033706,4,"Oto, Bahce, Yapi Market > akuler > Akü Takviye Kabloları > Akü Aksesuarları"
20033707,20033704,Akü Takviye Kabloları,https://www.hepsiburada.com/aku-takviye-kablolari-c-20033707,4,"Oto, Bahce, Yapi Market > akuler > Akü Takviye Kabloları > Akü Takviye Kabloları"
60001210,13003153,matkap aparatlari mandrenler,https://www.hepsiburada.com/matkap-aparatlari-mandrenler-c-60001210,4,"Oto, Bahce, Yapi Market > akulu vidalama aletleri > matkap uclari > matkap aparatlari mandrenler"
20024966,253575,Araç Takip Sistemleri,https://www.hepsiburada.com/arac-takip-sistemleri-c-20024966,4,"Oto, Bahce, Yapi Market > arac ici kameralar > Oto Ses Görüntü Sistemleri > Araç Takip Sistemleri"
60001710,253575,Araç İçi Monitörler,https://www.hepsiburada.com/arac-ici-monitorler-c-60001710,4,"Oto, Bahce, Yapi Market > arac ici kameralar > Oto Ses Görüntü Sistemleri > Araç İçi Monitörler"
60001687,253575,Araç İçi Multimedya ve Görüntü Sistemleri,https://www.hepsiburada.com/arac-ici-multimedya-goruntu-sistemleri-c-60001687,4,"Oto, Bahce, Yapi Market > arac ici kameralar > Oto Ses Görüntü Sistemleri > Araç İçi Multimedya ve Görüntü Sistemleri"
20024965,253575,Arka Görüş Kameraları,https://www.hepsiburada.com/arka-gorus-kameralari-c-20024965,4,"Oto, Bahce, Yapi Market > arac ici kameralar > Oto Ses Görüntü Sistemleri > Arka Görüş Kameraları"
268880,253575,Bluetooth Araç Kitleri,https://www.hepsiburada.com/bluetooth-arac-kitleri-c-268880,4,"Oto, Bahce, Yapi Market > arac ici kameralar > Oto Ses Görüntü Sistemleri > Bluetooth Araç Kitleri"
258076,253575,Fm Transmitter (Aktarım) Cihazları,https://www.hepsiburada.com/fm-transmitter-aktarim-cihazlari-c-258076,4,"Oto, Bahce, Yapi Market > arac ici kameralar > Oto Ses Görüntü Sistemleri > Fm Transmitter (Aktarım) Cihazları"
20027180,253575,Hazır Sistemler,https://www.hepsiburada.com/hazir-sistemler-c-20027180,4,"Oto, Bahce, Yapi Market > arac ici kameralar > Oto Ses Görüntü Sistemleri > Hazır Sistemler"
60004654,253575,Marine Ürünleri,https://www.hepsiburada.com/marine-urunleri-c-60004654,4,"Oto, Bahce, Yapi Market > arac ici kameralar > Oto Ses Görüntü Sistemleri > Marine Ürünleri"
266849,253575,Navigasyon Harita,https://www.hepsiburada.com/navigasyon-harita-c-266849,4,"Oto, Bahce, Yapi Market > arac ici kameralar > Oto Ses Görüntü Sistemleri > Navigasyon Harita"
20020281,253575,Teyp Çerçevesi,https://www.hepsiburada.com/teyp-cerceveleri-c-20020281,4,"Oto, Bahce, Yapi Market > arac ici kameralar > Oto Ses Görüntü Sistemleri > Teyp Çerçevesi"
20054741,253575,Usb-Sd Çevirici Modül,https://www.hepsiburada.com/usb-sd-cevirici-moduller-c-20054741,4,"Oto, Bahce, Yapi Market > arac ici kameralar > Oto Ses Görüntü Sistemleri > Usb-Sd Çevirici Modül"
60006589,26090,pandizot,https://www.hepsiburada.com/pandizot-c-60006589,4,"Oto, Bahce, Yapi Market > arac ici kameralar > hoparlorler > pandizot"
60001060,20035732,Araca Özel Boyalar,https://www.hepsiburada.com/araca-ozel-boyalar-c-60001060,4,"Oto, Bahce, Yapi Market > arac supurgeleri > Oto Bakım Temizlik Ürünleri > Araca Özel Boyalar"
20035769,20035732,Boya,https://www.hepsiburada.com/oto-boyama-urunleri-c-20035769,4,"Oto, Bahce, Yapi Market > arac supurgeleri > Oto Bakım Temizlik Ürünleri > Boya"
20035734,20035732,Cabrio,https://www.hepsiburada.com/cabrio-bakim-temizlik-urunleri-c-20035734,4,"Oto, Bahce, Yapi Market > arac supurgeleri > Oto Bakım Temizlik Ürünleri > Cabrio"
20035763,20035732,Cam,https://www.hepsiburada.com/cam-bakim-temizlik-urunleri-c-20035763,4,"Oto, Bahce, Yapi Market > arac supurgeleri > Oto Bakım Temizlik Ürünleri > Cam"
20035735,20035732,Cila,https://www.hepsiburada.com/oto-cilalari-c-20035735,4,"Oto, Bahce, Yapi Market > arac supurgeleri > Oto Bakım Temizlik Ürünleri > Cila"
20035741,20035732,Fren Bakım Spreyi,https://www.hepsiburada.com/fren-bakim-spreyleri-c-20035741,4,"Oto, Bahce, Yapi Market > arac supurgeleri > Oto Bakım Temizlik Ürünleri > Fren Bakım Spreyi"
20035742,20035732,Genel Çok Amaçlı Temizlik,https://www.hepsiburada.com/genel-cok-amacli-temizlik-urunleri-c-20035742,4,"Oto, Bahce, Yapi Market > arac supurgeleri > Oto Bakım Temizlik Ürünleri > Genel Çok Amaçlı Temizlik"
20035743,20035732,Jant,https://www.hepsiburada.com/jant-bakim-temizlik-urunleri-c-20035743,4,"Oto, Bahce, Yapi Market > arac supurgeleri > Oto Bakım Temizlik Ürünleri > Jant"
20035744,20035732,Klima,https://www.hepsiburada.com/klima-bakim-temizlik-urunleri-c-20035744,4,"Oto, Bahce, Yapi Market > arac supurgeleri > Oto Bakım Temizlik Ürünleri > Klima"
20035745,20035732,Krom Metal,https://www.hepsiburada.com/krom-metal-bakim-temizlik-urunleri-c-20035745,4,"Oto, Bahce, Yapi Market > arac supurgeleri > Oto Bakım Temizlik Ürünleri > Krom Metal"
20035746,20035732,"Kumaş,Deri",https://www.hepsiburada.com/kumas-deri-bakim-temizlik-urunleri-c-20035746,4,"Oto, Bahce, Yapi Market > arac supurgeleri > Oto Bakım Temizlik Ürünleri > Kumaş,Deri"
20035747,20035732,Lastik Temizlik Ürünleri,https://www.hepsiburada.com/lastikler-c-20035747,4,"Oto, Bahce, Yapi Market > arac supurgeleri > Oto Bakım Temizlik Ürünleri > Lastik Temizlik Ürünleri"
20035767,20035732,Motor,https://www.hepsiburada.com/motor-bakim-temizlik-urunleri-c-20035767,4,"Oto, Bahce, Yapi Market > arac supurgeleri > Oto Bakım Temizlik Ürünleri > Motor"
20035748,20035732,NANO Koruma,https://www.hepsiburada.com/nano-korumalar-c-20035748,4,"Oto, Bahce, Yapi Market > arac supurgeleri > Oto Bakım Temizlik Ürünleri > NANO Koruma"
20035749,20035732,Oto Boyaları,https://www.hepsiburada.com/oto-boyalari-c-20035749,4,"Oto, Bahce, Yapi Market > arac supurgeleri > Oto Bakım Temizlik Ürünleri > Oto Boyaları"
20035750,20035732,Polyester Macun,https://www.hepsiburada.com/polyester-macunlar-c-20035750,4,"Oto, Bahce, Yapi Market > arac supurgeleri > Oto Bakım Temizlik Ürünleri > Polyester Macun"
20035751,20035732,Radyatör,https://www.hepsiburada.com/radyatorler-c-20035751,4,"Oto, Bahce, Yapi Market > arac supurgeleri > Oto Bakım Temizlik Ürünleri > Radyatör"
20035764,20035732,Süngerler,https://www.hepsiburada.com/sungerler-c-20035764,4,"Oto, Bahce, Yapi Market > arac supurgeleri > Oto Bakım Temizlik Ürünleri > Süngerler"
20035753,20035732,Tampon,https://www.hepsiburada.com/tampon-parlaticilar-c-20035753,4,"Oto, Bahce, Yapi Market > arac supurgeleri > Oto Bakım Temizlik Ürünleri > Tampon"
20035754,20035732,Temizlik,https://www.hepsiburada.com/oto-temizlik-malzemeleri-c-20035754,4,"Oto, Bahce, Yapi Market > arac supurgeleri > Oto Bakım Temizlik Ürünleri > Temizlik"
20035755,20035732,Temizlik Püskülü Duster,https://www.hepsiburada.com/temizlik-puskulu-dusterler-c-20035755,4,"Oto, Bahce, Yapi Market > arac supurgeleri > Oto Bakım Temizlik Ürünleri > Temizlik Püskülü Duster"
20035756,20035732,Torpido Bakımı,https://www.hepsiburada.com/torpido-bakim-urunleri-c-20035756,4,"Oto, Bahce, Yapi Market > arac supurgeleri > Oto Bakım Temizlik Ürünleri > Torpido Bakımı"
20039315,20035732,Uygulama Paketleri,https://www.hepsiburada.com/uygulama-paketleri-c-20039315,4,"Oto, Bahce, Yapi Market > arac supurgeleri > Oto Bakım Temizlik Ürünleri > Uygulama Paketleri"
20035757,20035732,Yağlayıcılar,https://www.hepsiburada.com/yaglayicilar-c-20035757,4,"Oto, Bahce, Yapi Market > arac supurgeleri > Oto Bakım Temizlik Ürünleri > Yağlayıcılar"
20035758,20035732,Yıkama Aksesuarları,https://www.hepsiburada.com/yikama-aksesuarlari-c-20035758,4,"Oto, Bahce, Yapi Market > arac supurgeleri > Oto Bakım Temizlik Ürünleri > Yıkama Aksesuarları"
20035759,20035732,Yıkama Fırçasız,https://www.hepsiburada.com/fircasiz-yikama-urunleri-c-20035759,4,"Oto, Bahce, Yapi Market > arac supurgeleri > Oto Bakım Temizlik Ürünleri > Yıkama Fırçasız"
20035760,20035732,Yıkama Susuz,https://www.hepsiburada.com/susuz-yikama-urunleri-c-20035760,4,"Oto, Bahce, Yapi Market > arac supurgeleri > Oto Bakım Temizlik Ürünleri > Yıkama Susuz"
20035761,20035732,Yıkama Şampuan,https://www.hepsiburada.com/yikama-sampuanlari-c-20035761,4,"Oto, Bahce, Yapi Market > arac supurgeleri > Oto Bakım Temizlik Ürünleri > Yıkama Şampuan"
20035762,20035732,"Zift,Böcek,Reçine",https://www.hepsiburada.com/zift-bocek-recine-temizlik-urunleri-c-20035762,4,"Oto, Bahce, Yapi Market > arac supurgeleri > Oto Bakım Temizlik Ürünleri > Zift,Böcek,Reçine"
20035752,20035732,oto bakim temizlik setleri,https://www.hepsiburada.com/oto-bakim-temizlik-setleri-c-20035752,4,"Oto, Bahce, Yapi Market > arac supurgeleri > Oto Bakım Temizlik Ürünleri > oto bakim temizlik setleri"
13003154,13003107,taslama kesici diskler,https://www.hepsiburada.com/taslama-kesici-diskler-c-13003154,4,"Oto, Bahce, Yapi Market > avuc taslamalar > taslamalar > taslama kesici diskler"
20024980,20024979,Bagaj Aksesuarları,https://www.hepsiburada.com/bagaj-aksesuar-urunleri-c-20024980,4,"Oto, Bahce, Yapi Market > bagaj cantalari > Bagaj Ürünleri > Bagaj Aksesuarları"
20024986,20024979,Bagaj Lastikleri,https://www.hepsiburada.com/bagaj-lastikleri-c-20024986,4,"Oto, Bahce, Yapi Market > bagaj cantalari > Bagaj Ürünleri > Bagaj Lastikleri"
20024983,20024979,Bagaj Sistemleri,https://www.hepsiburada.com/bagaj-sistemleri-c-20024983,4,"Oto, Bahce, Yapi Market > bagaj cantalari > Bagaj Ürünleri > Bagaj Sistemleri"
20024984,20024979,Bagaj Spoileri,https://www.hepsiburada.com/bagaj-spoileri-c-20024984,4,"Oto, Bahce, Yapi Market > bagaj cantalari > Bagaj Ürünleri > Bagaj Spoileri"
20024982,20024979,Bagaj Çitaları,https://www.hepsiburada.com/bagaj-citalari-c-20024982,4,"Oto, Bahce, Yapi Market > bagaj cantalari > Bagaj Ürünleri > Bagaj Çitaları"
20024985,20024979,Bisiklet Bagajı,https://www.hepsiburada.com/bisiklet-bagajlari-c-20024985,4,"Oto, Bahce, Yapi Market > bagaj cantalari > Bagaj Ürünleri > Bisiklet Bagajı"
80168004,253574,Akaryakıt İstasyon Ürünleri,https://www.hepsiburada.com/akaryakit-istasyon-urunleri-c-80168004,4,"Oto, Bahce, Yapi Market > bagaj cantalari > Oto Aksesuar Ürünleri > Akaryakıt İstasyon Ürünleri"
20024950,253574,Alarm / Park Sensörü / Merkezi Kilitler,https://www.hepsiburada.com/alarm-park-sensoru-merkezi-kilitler-c-20024950,4,"Oto, Bahce, Yapi Market > bagaj cantalari > Oto Aksesuar Ürünleri > Alarm / Park Sensörü / Merkezi Kilitler"
260267,253574,Anahtarlık,https://www.hepsiburada.com/anahtarliklar-c-260267,4,"Oto, Bahce, Yapi Market > bagaj cantalari > Oto Aksesuar Ürünleri > Anahtarlık"
266032,253574,Anatomik Spoiler,https://www.hepsiburada.com/anatomik-spoiler-c-266032,4,"Oto, Bahce, Yapi Market > bagaj cantalari > Oto Aksesuar Ürünleri > Anatomik Spoiler"
20024933,253574,Araç Dış Aksesuar,https://www.hepsiburada.com/arac-dis-aksesuarlari-c-20024933,4,"Oto, Bahce, Yapi Market > bagaj cantalari > Oto Aksesuar Ürünleri > Araç Dış Aksesuar"
20024879,253574,Araç İçi Aksesuarları,https://www.hepsiburada.com/arac-ici-aksesuarlari-c-20024879,4,"Oto, Bahce, Yapi Market > bagaj cantalari > Oto Aksesuar Ürünleri > Araç İçi Aksesuarları"
260625,253574,Arma Sticker,https://www.hepsiburada.com/arma-stickerlar-c-260625,4,"Oto, Bahce, Yapi Market > bagaj cantalari > Oto Aksesuar Ürünleri > Arma Sticker"
20024610,253574,Aydınlatma Ürünleri,https://www.hepsiburada.com/oto-aydinlatma-urunleri-c-20024610,4,"Oto, Bahce, Yapi Market > bagaj cantalari > Oto Aksesuar Ürünleri > Aydınlatma Ürünleri"
20024837,253574,Aynalar,https://www.hepsiburada.com/oto-aynalari-c-20024837,4,"Oto, Bahce, Yapi Market > bagaj cantalari > Oto Aksesuar Ürünleri > Aynalar"
20004372,253574,Basınçlı Yıkama Makineleri,https://www.hepsiburada.com/basincli-yikama-makineleri-c-20004372,4,"Oto, Bahce, Yapi Market > bagaj cantalari > Oto Aksesuar Ürünleri > Basınçlı Yıkama Makineleri"
20024927,253574,Brandalar,https://www.hepsiburada.com/oto-brandalari-c-20024927,4,"Oto, Bahce, Yapi Market > bagaj cantalari > Oto Aksesuar Ürünleri > Brandalar"
252831,253574,Buzdolapları,https://www.hepsiburada.com/oto-buzdolaplari-c-252831,4,"Oto, Bahce, Yapi Market > bagaj cantalari > Oto Aksesuar Ürünleri > Buzdolapları"
20024866,253574,Direksiyon Ürünlerı,https://www.hepsiburada.com/direksiyon-urunleri-c-20024866,4,"Oto, Bahce, Yapi Market > bagaj cantalari > Oto Aksesuar Ürünleri > Direksiyon Ürünlerı"
26051,253574,Egzoz Nikelajları,https://www.hepsiburada.com/egzos-nikelajlari-c-26051,4,"Oto, Bahce, Yapi Market > bagaj cantalari > Oto Aksesuar Ürünleri > Egzoz Nikelajları"
20024827,253574,Fosfor Şeritler,https://www.hepsiburada.com/fosfor-seritler-c-20024827,4,"Oto, Bahce, Yapi Market > bagaj cantalari > Oto Aksesuar Ürünleri > Fosfor Şeritler"
20036990,253574,Güneşlikler,https://www.hepsiburada.com/oto-guneslikleri-c-20036990,4,"Oto, Bahce, Yapi Market > bagaj cantalari > Oto Aksesuar Ürünleri > Güneşlikler"
80320451,253574,Karavan,https://www.hepsiburada.com/karavan-c-80320451,4,"Oto, Bahce, Yapi Market > bagaj cantalari > Oto Aksesuar Ürünleri > Karavan"
20036892,253574,Koltuk Kılıfları,https://www.hepsiburada.com/koltuk-kiliflari-c-20036892,4,"Oto, Bahce, Yapi Market > bagaj cantalari > Oto Aksesuar Ürünleri > Koltuk Kılıfları"
266112,253574,Koltuk Minderleri,https://www.hepsiburada.com/koltuk-minderleri-c-266112,4,"Oto, Bahce, Yapi Market > bagaj cantalari > Oto Aksesuar Ürünleri > Koltuk Minderleri"
20036491,253574,Kolçaklar,https://www.hepsiburada.com/kolcaklar-c-20036491,4,"Oto, Bahce, Yapi Market > bagaj cantalari > Oto Aksesuar Ürünleri > Kolçaklar"
20024824,253574,Korna - Sirenler,https://www.hepsiburada.com/korna-sirenler-c-20024824,4,"Oto, Bahce, Yapi Market > bagaj cantalari > Oto Aksesuar Ürünleri > Korna - Sirenler"
253447,253574,Krom Aksesuarlar,https://www.hepsiburada.com/krom-aksesuarlar-c-253447,4,"Oto, Bahce, Yapi Market > bagaj cantalari > Oto Aksesuar Ürünleri > Krom Aksesuarlar"
20024783,253574,Kış Ürünleri,https://www.hepsiburada.com/kis-urunleri-c-20024783,4,"Oto, Bahce, Yapi Market > bagaj cantalari > Oto Aksesuar Ürünleri > Kış Ürünleri"
80807001,253574,Lastik Montaj Hizmeti,https://www.hepsiburada.com/lastik-montaj-hizmeti-c-80807001,4,"Oto, Bahce, Yapi Market > bagaj cantalari > Oto Aksesuar Ürünleri > Lastik Montaj Hizmeti"
252871,253574,Mobil Elektrik,https://www.hepsiburada.com/mobil-elektrik-oto-aksesuarlari-c-252871,4,"Oto, Bahce, Yapi Market > bagaj cantalari > Oto Aksesuar Ürünleri > Mobil Elektrik"
262065,253574,Oto El Aletleri,https://www.hepsiburada.com/oto-el-aletleri-c-262065,4,"Oto, Bahce, Yapi Market > bagaj cantalari > Oto Aksesuar Ürünleri > Oto El Aletleri"
26029,253574,Oto Kokuları,https://www.hepsiburada.com/oto-kokulari-c-26029,4,"Oto, Bahce, Yapi Market > bagaj cantalari > Oto Aksesuar Ürünleri > Oto Kokuları"
262977,253574,Oto Lastik-Bakım,https://www.hepsiburada.com/oto-lastik-bakim-malzemeleri-c-262977,4,"Oto, Bahce, Yapi Market > bagaj cantalari > Oto Aksesuar Ürünleri > Oto Lastik-Bakım"
20036590,253574,Rüzgarlıklar,https://www.hepsiburada.com/ruzgarliklar-c-20036590,4,"Oto, Bahce, Yapi Market > bagaj cantalari > Oto Aksesuar Ürünleri > Rüzgarlıklar"
20024840,253574,Torpido Aksesuarları,https://www.hepsiburada.com/torpido-aksesuarlari-c-20024840,4,"Oto, Bahce, Yapi Market > bagaj cantalari > Oto Aksesuar Ürünleri > Torpido Aksesuarları"
26007,253574,Trafik Setleri,https://www.hepsiburada.com/trafik-setleri-c-26007,4,"Oto, Bahce, Yapi Market > bagaj cantalari > Oto Aksesuar Ürünleri > Trafik Setleri"
264022,253574,Trafik Ürünleri,https://www.hepsiburada.com/trafik-urunleri-c-264022,4,"Oto, Bahce, Yapi Market > bagaj cantalari > Oto Aksesuar Ürünleri > Trafik Ürünleri"
80555123,253574,Traktör Lastikleri,https://www.hepsiburada.com/traktor-lastikleri-c-80555123,4,"Oto, Bahce, Yapi Market > bagaj cantalari > Oto Aksesuar Ürünleri > Traktör Lastikleri"
271585,253574,Xenon Far Kit,https://www.hepsiburada.com/xenon-far-kitleri-c-271585,4,"Oto, Bahce, Yapi Market > bagaj cantalari > Oto Aksesuar Ürünleri > Xenon Far Kit"
20035733,253574,bezler,https://www.hepsiburada.com/bezler-c-20035733,4,"Oto, Bahce, Yapi Market > bagaj cantalari > Oto Aksesuar Ürünleri > bezler"
20024848,253574,Çift Taraflı Bantlar,https://www.hepsiburada.com/cift-tarafli-bantlar-c-20024848,4,"Oto, Bahce, Yapi Market > bagaj cantalari > Oto Aksesuar Ürünleri > Çift Taraflı Bantlar"
80805000,253574,İş Makinesi Lastiği,https://www.hepsiburada.com/is-makinesi-lastigi-c-80805000,4,"Oto, Bahce, Yapi Market > bagaj cantalari > Oto Aksesuar Ürünleri > İş Makinesi Lastiği"
80752003,20024971,Araç İçi Yatak,https://www.hepsiburada.com/arac-ici-yatak-c-80752003,4,"Oto, Bahce, Yapi Market > bagaj cantalari > Seyahat Ürünleri > Araç İçi Yatak"
20024987,20024971,Boyun Yastıkları,https://www.hepsiburada.com/boyun-yastiklari-c-20024987,4,"Oto, Bahce, Yapi Market > bagaj cantalari > Seyahat Ürünleri > Boyun Yastıkları"
20024993,20024971,Diğer Seyahat Ürünleri,https://www.hepsiburada.com/diger-seyahat-urunleri-c-20024993,4,"Oto, Bahce, Yapi Market > bagaj cantalari > Seyahat Ürünleri > Diğer Seyahat Ürünleri"
20024989,20024971,Elbise Askıları,https://www.hepsiburada.com/oto-elbise-askilari-c-20024989,4,"Oto, Bahce, Yapi Market > bagaj cantalari > Seyahat Ürünleri > Elbise Askıları"
20024972,20024971,Koltuk Aksesuarları,https://www.hepsiburada.com/koltuk-aksesuarlari-c-20024972,4,"Oto, Bahce, Yapi Market > bagaj cantalari > Seyahat Ürünleri > Koltuk Aksesuarları"
20024990,20024971,Piknik/Kamp Ürünleri,https://www.hepsiburada.com/piknik-kamp-urunleri-c-20024990,4,"Oto, Bahce, Yapi Market > bagaj cantalari > Seyahat Ürünleri > Piknik/Kamp Ürünleri"
20024991,20024971,Su Isıtıcıları,https://www.hepsiburada.com/su-isiticilari-c-20024991,4,"Oto, Bahce, Yapi Market > bagaj cantalari > Seyahat Ürünleri > Su Isıtıcıları"
20024988,20024971,Çakmak Soketleri,https://www.hepsiburada.com/cakmak-soketleri-c-20024988,4,"Oto, Bahce, Yapi Market > bagaj cantalari > Seyahat Ürünleri > Çakmak Soketleri"
18021495,18021333,"Kanepe, Çekyat",https://www.hepsiburada.com/kanepeler-cekyatlar-c-18021495,4,"Oto, Bahce, Yapi Market > bahce sandalyeleri > kanepe koltuklar > Kanepe, Çekyat"
60000854,18021333,Köşe Koltuk Takımı,https://www.hepsiburada.com/kose-koltuk-takimlari-c-60000854,4,"Oto, Bahce, Yapi Market > bahce sandalyeleri > kanepe koltuklar > Köşe Koltuk Takımı"
80577112,18021333,Sofa,https://www.hepsiburada.com/sofa-c-80577112,4,"Oto, Bahce, Yapi Market > bahce sandalyeleri > kanepe koltuklar > Sofa"
18021494,18021333,"Tekli Koltuk, Berjer",https://www.hepsiburada.com/tekli-koltuk-berjerler-c-18021494,4,"Oto, Bahce, Yapi Market > bahce sandalyeleri > kanepe koltuklar > Tekli Koltuk, Berjer"
34000110,34000109,Zincirli Ağaç Kesme Aksesuarları,https://www.hepsiburada.com/agac-kesme-aksesuarlari-c-34000110,4,"Oto, Bahce, Yapi Market > benzinli agac kesme makineleri > Ağaç Kesme Makineleri > Zincirli Ağaç Kesme Aksesuarları"
34001350,451867,Akülü,https://www.hepsiburada.com/akulu-agac-kesme-makineleri-c-34001350,4,"Oto, Bahce, Yapi Market > benzinli agac kesme makineleri > Ağaç Kesme Makinesi Çeşitleri > Akülü"
34001224,451867,Elektrikli,https://www.hepsiburada.com/elektrikli-agac-kesme-makineleri-c-34001224,4,"Oto, Bahce, Yapi Market > benzinli agac kesme makineleri > Ağaç Kesme Makinesi Çeşitleri > Elektrikli"
20024919,20024873,Bayraklar,https://www.hepsiburada.com/cam-aksesuari-bayraklar-c-20024919,4,"Oto, Bahce, Yapi Market > cam filmleri > Cam Aksesuarları > Bayraklar"
20024874,20024873,Cam Amblemleri,https://www.hepsiburada.com/cam-amblemleri-c-20024874,4,"Oto, Bahce, Yapi Market > cam filmleri > Cam Aksesuarları > Cam Amblemleri"
20024920,20024873,Cam Açma Kolu,https://www.hepsiburada.com/cam-acma-kollari-c-20024920,4,"Oto, Bahce, Yapi Market > cam filmleri > Cam Aksesuarları > Cam Açma Kolu"
20024922,20024873,Cam Merceği,https://www.hepsiburada.com/cam-mercekleri-c-20024922,4,"Oto, Bahce, Yapi Market > cam filmleri > Cam Aksesuarları > Cam Merceği"
20024923,20024873,Cam Modülleri,https://www.hepsiburada.com/cam-modulleri-c-20024923,4,"Oto, Bahce, Yapi Market > cam filmleri > Cam Aksesuarları > Cam Modülleri"
20024924,20024873,Cam Motorları,https://www.hepsiburada.com/cam-motorlari-c-20024924,4,"Oto, Bahce, Yapi Market > cam filmleri > Cam Aksesuarları > Cam Motorları"
20024925,20024873,Cam Vantuzu,https://www.hepsiburada.com/cam-vantuzlari-c-20024925,4,"Oto, Bahce, Yapi Market > cam filmleri > Cam Aksesuarları > Cam Vantuzu"
20024926,20024873,Pusula,https://www.hepsiburada.com/cam-aksesuar-pusulalar-c-20024926,4,"Oto, Bahce, Yapi Market > cam filmleri > Cam Aksesuarları > Pusula"
20024896,20024894,Cam Filmi Ekipmanları,https://www.hepsiburada.com/cam-filmi-ekipmanlari-c-20024896,4,"Oto, Bahce, Yapi Market > cam filmleri > Cam Filmleri Aksesuarları > Cam Filmi Ekipmanları"
20024897,20024894,Ön Cam Filmleri,https://www.hepsiburada.com/on-cam-filmleri-c-20024897,4,"Oto, Bahce, Yapi Market > cam filmleri > Cam Filmleri Aksesuarları > Ön Cam Filmleri"
34001994,34000018,Bitki Tohumları,https://www.hepsiburada.com/bitki-tohumlari-c-34001994,4,"Oto, Bahce, Yapi Market > cicek tohumlari > Tohumlar > Bitki Tohumları"
34000492,34000018,Meyve Tohumu,https://www.hepsiburada.com/meyve-tohumlari-c-34000492,4,"Oto, Bahce, Yapi Market > cicek tohumlari > Tohumlar > Meyve Tohumu"
34000449,34000018,Sebze Tohumları,https://www.hepsiburada.com/sebze-tohumlari-c-34000449,4,"Oto, Bahce, Yapi Market > cicek tohumlari > Tohumlar > Sebze Tohumları"
80853000,34000018,Sertifikalı Tohumlar,https://www.hepsiburada.com/sertifikali-tohumlar-c-80853000,4,"Oto, Bahce, Yapi Market > cicek tohumlari > Tohumlar > Sertifikalı Tohumlar"
60000311,34000018,cekirdek,https://www.hepsiburada.com/cekirdek-c-60000311,4,"Oto, Bahce, Yapi Market > cicek tohumlari > Tohumlar > cekirdek"
28001551,34000018,kagit peceteler,https://www.hepsiburada.com/kagit-peceteler-c-28001551,4,"Oto, Bahce, Yapi Market > cicek tohumlari > Tohumlar > kagit peceteler"
34000697,34000018,Çim Tohumu,https://www.hepsiburada.com/cim-tohumlari-c-34000697,4,"Oto, Bahce, Yapi Market > cicek tohumlari > Tohumlar > Çim Tohumu"
13003183,13003178,Allen Anahtarları,https://www.hepsiburada.com/allen-anahtarlari-c-13003183,4,"Oto, Bahce, Yapi Market > el aletleri > Anahtarlar > Allen Anahtarları"
60002092,13003178,Boru Anahtarı,https://www.hepsiburada.com/boru-anahtarlari-c-60002092,4,"Oto, Bahce, Yapi Market > el aletleri > Anahtarlar > Boru Anahtarı"
13003184,13003178,Kombine Anahtar,https://www.hepsiburada.com/kombine-anahtarlar-c-13003184,4,"Oto, Bahce, Yapi Market > el aletleri > Anahtarlar > Kombine Anahtar"
60002444,13003178,Tork Anahtarı,https://www.hepsiburada.com/tork-anahtarlari-c-60002444,4,"Oto, Bahce, Yapi Market > el aletleri > Anahtarlar > Tork Anahtarı"
13003181,13003178,Yıldız Anahtar,https://www.hepsiburada.com/yildiz-anahtarlar-c-13003181,4,"Oto, Bahce, Yapi Market > el aletleri > Anahtarlar > Yıldız Anahtar"
60002979,13003178,İki Ağızlı Anahtar,https://www.hepsiburada.com/iki-agizli-anahtar-c-60002979,4,"Oto, Bahce, Yapi Market > el aletleri > Anahtarlar > İki Ağızlı Anahtar"
13003180,13003178,İngiliz Anahtarı,https://www.hepsiburada.com/ingiliz-anahtarlari-c-13003180,4,"Oto, Bahce, Yapi Market > el aletleri > Anahtarlar > İngiliz Anahtarı"
22530,13003176,caydanlik cezveler,https://www.hepsiburada.com/caydanlik-cezveler-c-22530,4,"Oto, Bahce, Yapi Market > el aletleri > Eğe Seti > caydanlik cezveler"
60002251,13003176,seramikler karolar,https://www.hepsiburada.com/seramikler-karolar-c-60002251,4,"Oto, Bahce, Yapi Market > el aletleri > Eğe Seti > seramikler karolar"
340062,13003176,tirnak torpusu,https://www.hepsiburada.com/tirnak-torpusu-c-340062,4,"Oto, Bahce, Yapi Market > el aletleri > Eğe Seti > tirnak torpusu"
15176,60000228,cetveller,https://www.hepsiburada.com/cetveller-c-15176,4,"Oto, Bahce, Yapi Market > el aletleri > Gönye > cetveller"
363436,60000233,outdoor eldivenler,https://www.hepsiburada.com/outdoor-eldivenler-c-363436,4,"Oto, Bahce, Yapi Market > el aletleri > Rende > outdoor eldivenler"
13004530,13003187,Aksesuarlar,https://www.hepsiburada.com/silikon-tabancasi-aksesuarlari-c-13004530,4,"Oto, Bahce, Yapi Market > el aletleri > Silikon Tabancası > Aksesuarlar"
13004531,13003187,Makineler,https://www.hepsiburada.com/silikon-makineleri-c-13004531,4,"Oto, Bahce, Yapi Market > el aletleri > Silikon Tabancası > Makineler"
60002186,13003160,civiler,https://www.hepsiburada.com/civiler-c-60002186,4,"Oto, Bahce, Yapi Market > el aletleri > Çekiç > civiler"
19226,13003172,cakilar bicaklar,https://www.hepsiburada.com/cakilar-bicaklar-c-19226,4,"Oto, Bahce, Yapi Market > el aletleri > İskarpelalar > cakilar bicaklar"
60005663,20029255,Motosiklet Yazlık Eldiven,https://www.hepsiburada.com/motosiklet-yazlik-eldiven-c-60005663,4,"Oto, Bahce, Yapi Market > elektrikli motosiklet > motosiklet eldivenleri > Motosiklet Yazlık Eldiven"
60002248,60000388,Setler,https://www.hepsiburada.com/setler-c-60002248,4,"Oto, Bahce, Yapi Market > hirdavat urunleri > Bağlantı Elemanları > Setler"
60001263,80127002,contalar,https://www.hepsiburada.com/contalar-c-60001263,4,"Oto, Bahce, Yapi Market > hirdavat urunleri > Doğalgaz Hortumu > contalar"
60005213,13003348,Diafon Sistemleri,https://www.hepsiburada.com/diafon-sistemleri-c-60005213,4,"Oto, Bahce, Yapi Market > hirdavat urunleri > Kapı & Pencere > Diafon Sistemleri"
13003368,13003348,Kapı,https://www.hepsiburada.com/kapi-c-13003368,4,"Oto, Bahce, Yapi Market > hirdavat urunleri > Kapı & Pencere > Kapı"
13003369,13003348,Kapı Kolları,https://www.hepsiburada.com/kapi-kollari-c-13003369,4,"Oto, Bahce, Yapi Market > hirdavat urunleri > Kapı & Pencere > Kapı Kolları"
80842001,13003348,Pencere,https://www.hepsiburada.com/pencere-c-80842001,4,"Oto, Bahce, Yapi Market > hirdavat urunleri > Kapı & Pencere > Pencere"
60000662,13003348,Stoper,https://www.hepsiburada.com/kapi-stoperleri-c-60000662,4,"Oto, Bahce, Yapi Market > hirdavat urunleri > Kapı & Pencere > Stoper"
13003469,13003348,Yalıtım Bandı & Fitiller,https://www.hepsiburada.com/kapi-pencere-bantlari-c-13003469,4,"Oto, Bahce, Yapi Market > hirdavat urunleri > Kapı & Pencere > Yalıtım Bandı & Fitiller"
13006551,13003348,Zil,https://www.hepsiburada.com/ziller-c-13006551,4,"Oto, Bahce, Yapi Market > hirdavat urunleri > Kapı & Pencere > Zil"
80146018,60000309,Dolap İçi Düzenleyiciler,https://www.hepsiburada.com/dolap-ici-duzenleyici-c-80146018,4,"Oto, Bahce, Yapi Market > hirdavat urunleri > Mobilya Hırdavatı > Dolap İçi Düzenleyiciler"
80146014,60000309,Kenar Bantları,https://www.hepsiburada.com/kenar-bantlari-c-80146014,4,"Oto, Bahce, Yapi Market > hirdavat urunleri > Mobilya Hırdavatı > Kenar Bantları"
60000367,60000309,Keçeler,https://www.hepsiburada.com/keceler-c-60000367,4,"Oto, Bahce, Yapi Market > hirdavat urunleri > Mobilya Hırdavatı > Keçeler"
60001176,60000309,Masa Ayakları,https://www.hepsiburada.com/masa-ayaklari-c-60001176,4,"Oto, Bahce, Yapi Market > hirdavat urunleri > Mobilya Hırdavatı > Masa Ayakları"
60001174,60000309,Mobilya Bağlantı Elemanları,https://www.hepsiburada.com/mobilya-baglanti-elemanlari-c-60001174,4,"Oto, Bahce, Yapi Market > hirdavat urunleri > Mobilya Hırdavatı > Mobilya Bağlantı Elemanları"
60001173,60000309,Mobilya Kilitleri,https://www.hepsiburada.com/mobilya-kilitleri-c-60001173,4,"Oto, Bahce, Yapi Market > hirdavat urunleri > Mobilya Hırdavatı > Mobilya Kilitleri"
60001178,60000309,Mobilya Makasları,https://www.hepsiburada.com/mobilya-makaslari-c-60001178,4,"Oto, Bahce, Yapi Market > hirdavat urunleri > Mobilya Hırdavatı > Mobilya Makasları"
60001179,60000309,Mobilya Menteşeleri,https://www.hepsiburada.com/mobilya-menteseleri-c-60001179,4,"Oto, Bahce, Yapi Market > hirdavat urunleri > Mobilya Hırdavatı > Mobilya Menteşeleri"
80149006,60000309,Mobilya Profilleri,https://www.hepsiburada.com/mobilya-profilleri-c-80149006,4,"Oto, Bahce, Yapi Market > hirdavat urunleri > Mobilya Hırdavatı > Mobilya Profilleri"
60001175,60000309,Mıknatıs / Çıtçıt,https://www.hepsiburada.com/miknatis-citcitler-c-60001175,4,"Oto, Bahce, Yapi Market > hirdavat urunleri > Mobilya Hırdavatı > Mıknatıs / Çıtçıt"
60002235,60000309,Raf Altı,https://www.hepsiburada.com/raf-altlari-c-60002235,4,"Oto, Bahce, Yapi Market > hirdavat urunleri > Mobilya Hırdavatı > Raf Altı"
60001177,60000309,Raf Pimleri,https://www.hepsiburada.com/raf-pimleri-c-60001177,4,"Oto, Bahce, Yapi Market > hirdavat urunleri > Mobilya Hırdavatı > Raf Pimleri"
60000366,60000309,Tekerlekler,https://www.hepsiburada.com/tekerlekler-c-60000366,4,"Oto, Bahce, Yapi Market > hirdavat urunleri > Mobilya Hırdavatı > Tekerlekler"
60001172,60000309,Çekmece Rayları,https://www.hepsiburada.com/cekmece-raylari-c-60001172,4,"Oto, Bahce, Yapi Market > hirdavat urunleri > Mobilya Hırdavatı > Çekmece Rayları"
13003363,60000385,Avadanlık,https://www.hepsiburada.com/avadanlik-c-13003363,4,"Oto, Bahce, Yapi Market > hirdavat urunleri > Takım Çantaları ve Avadanlıklar > Avadanlık"
60003960,60000385,Takım Çantaları,https://www.hepsiburada.com/alet-takim-cantalari-c-60003960,4,"Oto, Bahce, Yapi Market > hirdavat urunleri > Takım Çantaları ve Avadanlıklar > Takım Çantaları"
80808000,60000381,Bidon,https://www.hepsiburada.com/bidon-c-80808000,4,"Oto, Bahce, Yapi Market > hortumlar toplama urunleri > Bahçe Sulama Malzemeleri > Bidon"
34001255,60000381,Fıskiyeler,https://www.hepsiburada.com/fiskiyeler-c-34001255,4,"Oto, Bahce, Yapi Market > hortumlar toplama urunleri > Bahçe Sulama Malzemeleri > Fıskiyeler"
34001253,60000381,Musluk,https://www.hepsiburada.com/bahce-sulama-musluklari-c-34001253,4,"Oto, Bahce, Yapi Market > hortumlar toplama urunleri > Bahçe Sulama Malzemeleri > Musluk"
34001791,60000381,Su Zamanlayıcı,https://www.hepsiburada.com/su-zamanlayicilari-c-34001791,4,"Oto, Bahce, Yapi Market > hortumlar toplama urunleri > Bahçe Sulama Malzemeleri > Su Zamanlayıcı"
34001257,60000381,Sulama Başlıkları,https://www.hepsiburada.com/sulama-basliklari-c-34001257,4,"Oto, Bahce, Yapi Market > hortumlar toplama urunleri > Bahçe Sulama Malzemeleri > Sulama Başlıkları"
34000016,34001256,fideler,https://www.hepsiburada.com/fideler-c-34000016,4,"Oto, Bahce, Yapi Market > hortumlar toplama urunleri > hortum baglantilari > fideler"
80327225,15117,A3 Fotokopi Kağıdı,https://www.hepsiburada.com/a3-fotokopi-kagidi-c-80327225,4,"Oto, Bahce, Yapi Market > is guvenlik eldivenleri > fotokopi kagitlari > A3 Fotokopi Kağıdı"
80327226,15117,A5 Fotokopi Kağıdı,https://www.hepsiburada.com/a5-fotokopi-kagidi-c-80327226,4,"Oto, Bahce, Yapi Market > is guvenlik eldivenleri > fotokopi kagitlari > A5 Fotokopi Kağıdı"
15618,15117,fotokopi makineleri,https://www.hepsiburada.com/fotokopi-makineleri-c-15618,4,"Oto, Bahce, Yapi Market > is guvenlik eldivenleri > fotokopi kagitlari > fotokopi makineleri"
20016152,60008471,Mekanik Aksamlar,https://www.hepsiburada.com/mekanik-aksamlar-c-20016152,4,"Oto, Bahce, Yapi Market > jant kapaklari > araba valfi > Mekanik Aksamlar"
2147483606,17076,Foto Kameraları,https://www.hepsiburada.com/foto-kameralari-c-2147483606,4,"Oto, Bahce, Yapi Market > jant kapaklari > video kameralar > Foto Kameraları"
60002083,17076,Fotoğraf Makinesi & Kamera,https://www.hepsiburada.com/fotograf-makinesi-kameralari-c-60002083,4,"Oto, Bahce, Yapi Market > jant kapaklari > video kameralar > Fotoğraf Makinesi & Kamera"
60007069,60007050,Dış Lastik,https://www.hepsiburada.com/bisiklet-dis-lastik-c-60007069,4,"Oto, Bahce, Yapi Market > lastik tamir kiti > Bisiklet Lastikleri > Dış Lastik"
368029,60007050,scooterlar,https://www.hepsiburada.com/scooterlar-c-368029,4,"Oto, Bahce, Yapi Market > lastik tamir kiti > Bisiklet Lastikleri > scooterlar"
60007068,60007050,İç Lastik,https://www.hepsiburada.com/ic-lastik-c-60007068,4,"Oto, Bahce, Yapi Market > lastik tamir kiti > Bisiklet Lastikleri > İç Lastik"
60007054,60003468,Amortisör & Maşa Grubu,https://www.hepsiburada.com/bisiklet-amortisor-masa-c-60007054,4,"Oto, Bahce, Yapi Market > lastik tamir kiti > Bisiklet Yedek Parçaları > Amortisör & Maşa Grubu"
60008547,60003468,Bakım Aletleri,https://www.hepsiburada.com/bisiklet-bakim-aletleri-c-60008547,4,"Oto, Bahce, Yapi Market > lastik tamir kiti > Bisiklet Yedek Parçaları > Bakım Aletleri"
60007049,60003468,Fren Grubu,https://www.hepsiburada.com/bisiklet-freni-c-60007049,4,"Oto, Bahce, Yapi Market > lastik tamir kiti > Bisiklet Yedek Parçaları > Fren Grubu"
60007057,60003468,Gidon Grubu,https://www.hepsiburada.com/gidon-c-60007057,4,"Oto, Bahce, Yapi Market > lastik tamir kiti > Bisiklet Yedek Parçaları > Gidon Grubu"
60007056,60003468,Göbek Grubu,https://www.hepsiburada.com/bisiklet-gobegi-c-60007056,4,"Oto, Bahce, Yapi Market > lastik tamir kiti > Bisiklet Yedek Parçaları > Göbek Grubu"
60007058,60003468,Jant Grubu,https://www.hepsiburada.com/bisiklet-janti-c-60007058,4,"Oto, Bahce, Yapi Market > lastik tamir kiti > Bisiklet Yedek Parçaları > Jant Grubu"
60007146,60003468,Kadro Grubu,https://www.hepsiburada.com/bisiklet-kadro-c-60007146,4,"Oto, Bahce, Yapi Market > lastik tamir kiti > Bisiklet Yedek Parçaları > Kadro Grubu"
60007052,60003468,Sele Grubu,https://www.hepsiburada.com/bisiklet-selesi-c-60007052,4,"Oto, Bahce, Yapi Market > lastik tamir kiti > Bisiklet Yedek Parçaları > Sele Grubu"
60007051,60003468,Vites Grubu,https://www.hepsiburada.com/bisiklet-vitesi-c-60007051,4,"Oto, Bahce, Yapi Market > lastik tamir kiti > Bisiklet Yedek Parçaları > Vites Grubu"
60005721,27026003,ATV Motor,https://www.hepsiburada.com/atv-motor-c-60005721,4,"Oto, Bahce, Yapi Market > lastik tamir kiti > Bisikletler > ATV Motor"
19234,27026003,BMX Bisiklet,https://www.hepsiburada.com/bmx-bisikletler-c-19234,4,"Oto, Bahce, Yapi Market > lastik tamir kiti > Bisikletler > BMX Bisiklet"
27064236,27026003,Bisiklet Aksesuar ve Parçaları,https://www.hepsiburada.com/bisiklet-aksesuarlari-parcalari-c-27064236,4,"Oto, Bahce, Yapi Market > lastik tamir kiti > Bisikletler > Bisiklet Aksesuar ve Parçaları"
80834000,27026003,Elektrikli Bisiklet Yedek Parça & Aksesuar,https://www.hepsiburada.com/elektirikli-bisiklet-yedek-parca-aksesuar-c-80834000,4,"Oto, Bahce, Yapi Market > lastik tamir kiti > Bisikletler > Elektrikli Bisiklet Yedek Parça & Aksesuar"
370963,27026003,Giyim,https://www.hepsiburada.com/bisiklet-giyim-urunleri-c-370963,4,"Oto, Bahce, Yapi Market > lastik tamir kiti > Bisikletler > Giyim"
1801018,27026003,Yol Yarış Bisikleti,https://www.hepsiburada.com/yol-yaris-bisikletleri-c-1801018,4,"Oto, Bahce, Yapi Market > lastik tamir kiti > Bisikletler > Yol Yarış Bisikleti"
60007053,27026003,bisiklet pedallari,https://www.hepsiburada.com/bisiklet-pedallari-c-60007053,4,"Oto, Bahce, Yapi Market > lastik tamir kiti > Bisikletler > bisiklet pedallari"
60007055,27026003,bisiklet zinciri,https://www.hepsiburada.com/bisiklet-zinciri-c-60007055,4,"Oto, Bahce, Yapi Market > lastik tamir kiti > Bisikletler > bisiklet zinciri"
367159,27026003,Şehir Bisikleti,https://www.hepsiburada.com/sehir-bisikletleri-c-367159,4,"Oto, Bahce, Yapi Market > lastik tamir kiti > Bisikletler > Şehir Bisikleti"
60001186,2147483635,Doğa Sporları,https://www.hepsiburada.com/fitness-doga-sporlari-c-60001186,4,"Oto, Bahce, Yapi Market > lastik tamir kiti > Spor Fitness Ürünleri > Doğa Sporları"
353044,2147483635,Spor Branşları,https://www.hepsiburada.com/spor-branslari-c-353044,4,"Oto, Bahce, Yapi Market > lastik tamir kiti > Spor Fitness Ürünleri > Spor Branşları"
387330,2147483635,agirlik eldivenleri kemerler,https://www.hepsiburada.com/agirlik-eldivenleri-kemerler-c-387330,4,"Oto, Bahce, Yapi Market > lastik tamir kiti > Spor Fitness Ürünleri > agirlik eldivenleri kemerler"
27042554,2147483635,koruyucu bandajlar,https://www.hepsiburada.com/koruyucu-bandajlar-c-27042554,4,"Oto, Bahce, Yapi Market > lastik tamir kiti > Spor Fitness Ürünleri > koruyucu bandajlar"
60002470,2147483635,profesyonel fitness urunleri,https://www.hepsiburada.com/profesyonel-fitness-urunleri-c-60002470,4,"Oto, Bahce, Yapi Market > lastik tamir kiti > Spor Fitness Ürünleri > profesyonel fitness urunleri"
27061482,2147483635,yoga egzersiz pilates minderleri,https://www.hepsiburada.com/yoga-egzersiz-pilates-minderleri-c-27061482,4,"Oto, Bahce, Yapi Market > lastik tamir kiti > Spor Fitness Ürünleri > yoga egzersiz pilates minderleri"
19002,19020,Basketbol Ürünleri,https://www.hepsiburada.com/basketbol-urunleri-c-19002,4,"Oto, Bahce, Yapi Market > lastik tamir kiti > basketbol toplari > Basketbol Ürünleri"
9010094,19020,kaucuk kapi onu paspaslari,https://www.hepsiburada.com/kaucuk-kapi-onu-paspaslari-c-9010094,4,"Oto, Bahce, Yapi Market > lastik tamir kiti > basketbol toplari > kaucuk kapi onu paspaslari"
27031194,353125,bisiklet aydinlatma ikazlari,https://www.hepsiburada.com/bisiklet-aydinlatma-ikazlari-c-27031194,4,"Oto, Bahce, Yapi Market > lastik tamir kiti > dag bisikletleri > bisiklet aydinlatma ikazlari"
19044,60000380,Kondisyon Aletleri,https://www.hepsiburada.com/kondisyon-aletleri-c-19044,4,"Oto, Bahce, Yapi Market > lastik tamir kiti > direnc lastikleri > Kondisyon Aletleri"
19031,60000380,Küçük Kondisyon Aletleri,https://www.hepsiburada.com/kucuk-kondisyon-aletleri-c-19031,4,"Oto, Bahce, Yapi Market > lastik tamir kiti > direnc lastikleri > Küçük Kondisyon Aletleri"
369743,60000380,atlama ipleri,https://www.hepsiburada.com/atlama-ipleri-c-369743,4,"Oto, Bahce, Yapi Market > lastik tamir kiti > direnc lastikleri > atlama ipleri"
369745,60000380,buk buk,https://www.hepsiburada.com/buk-buk-c-369745,4,"Oto, Bahce, Yapi Market > lastik tamir kiti > direnc lastikleri > buk buk"
80678116,354989,Optik & Elektronik Ürünler,https://www.hepsiburada.com/outdoor-optik-c-80678116,4,"Oto, Bahce, Yapi Market > lastik tamir kiti > durbunler > Optik & Elektronik Ürünler"
354988,354989,teleskop aksesuarlari,https://www.hepsiburada.com/teleskop-aksesuarlari-c-354988,4,"Oto, Bahce, Yapi Market > lastik tamir kiti > durbunler > teleskop aksesuarlari"
22007482,356600,Elektronik Optik Gps Durbunler,https://www.hepsiburada.com/elektronik-optik-gps-durbunler-c-22007482,4,"Oto, Bahce, Yapi Market > lastik tamir kiti > elektronik optik pusulalar > Elektronik Optik Gps Durbunler"
19001,19021,Futbol Malzemeleri,https://www.hepsiburada.com/futbol-malzemeleri-c-19001,4,"Oto, Bahce, Yapi Market > lastik tamir kiti > futbol toplari > Futbol Malzemeleri"
403067,19021,futbol ayakkabilari,https://www.hepsiburada.com/futbol-ayakkabilari-c-403067,4,"Oto, Bahce, Yapi Market > lastik tamir kiti > futbol toplari > futbol ayakkabilari"
19024,19021,kaleci malzemeleri,https://www.hepsiburada.com/kaleci-malzemeleri-c-19024,4,"Oto, Bahce, Yapi Market > lastik tamir kiti > futbol toplari > kaleci malzemeleri"
1307055,1308748,Balık Av Malzemeleri,https://www.hepsiburada.com/balik-av-malzemeleri-c-1307055,4,"Oto, Bahce, Yapi Market > lastik tamir kiti > kamis olta takimlari > Balık Av Malzemeleri"
22003834,1308748,Kara Balık Av Malzemeleri,https://www.hepsiburada.com/kara-balik-av-malzemeleri-c-22003834,4,"Oto, Bahce, Yapi Market > lastik tamir kiti > kamis olta takimlari > Kara Balık Av Malzemeleri"
22006803,19190,Oturma Dinlenme,https://www.hepsiburada.com/oturma-dinlenme-c-22006803,4,"Oto, Bahce, Yapi Market > lastik tamir kiti > kamp sandalyeleri > Oturma Dinlenme"
1302431,367284,Kamp Kampçılık Malzemeleri,https://www.hepsiburada.com/kamp-kampcilik-malzemeleri-c-1302431,4,"Oto, Bahce, Yapi Market > lastik tamir kiti > kamp termoslari > Kamp Kampçılık Malzemeleri"
19100,367284,Kamp Mutfak Ürünleri,https://www.hepsiburada.com/kamp-mutfak-urunleri-c-19100,4,"Oto, Bahce, Yapi Market > lastik tamir kiti > kamp termoslari > Kamp Mutfak Ürünleri"
1301315,367284,kamp matlari,https://www.hepsiburada.com/kamp-matlari-c-1301315,4,"Oto, Bahce, Yapi Market > lastik tamir kiti > kamp termoslari > kamp matlari"
60001995,60001997,Sporcu Sağlığı Ürünleri,https://www.hepsiburada.com/sporcu-sagligi-urunleri-c-60001995,4,"Oto, Bahce, Yapi Market > lastik tamir kiti > kinesiology bantlari > Sporcu Sağlığı Ürünleri"
26012203,60001997,sargi bezleri steril kompresler,https://www.hepsiburada.com/sargi-bezleri-steril-kompresler-c-26012203,4,"Oto, Bahce, Yapi Market > lastik tamir kiti > kinesiology bantlari > sargi bezleri steril kompresler"
370052,27012987,Boks Ürünleri,https://www.hepsiburada.com/boks-urunleri-c-370052,4,"Oto, Bahce, Yapi Market > lastik tamir kiti > kum boks torbalari > Boks Ürünleri"
22006250,22003663,Outdoor Giyim Ayakkabılar,https://www.hepsiburada.com/outdoor-giyim-ayakkabilar-c-22006250,4,"Oto, Bahce, Yapi Market > lastik tamir kiti > outdoor ayakkabilar > Outdoor Giyim Ayakkabılar"
19102,22003663,cadirlar,https://www.hepsiburada.com/cadirlar-c-19102,4,"Oto, Bahce, Yapi Market > lastik tamir kiti > outdoor ayakkabilar > cadirlar"
1303339,22003663,outdoor coraplar tozluklar,https://www.hepsiburada.com/outdoor-coraplar-tozluklar-c-1303339,4,"Oto, Bahce, Yapi Market > lastik tamir kiti > outdoor ayakkabilar > outdoor coraplar tozluklar"
1302737,22003663,outdoor sweatshirtler t shirtler,https://www.hepsiburada.com/outdoor-sweatshirtler-t-shirtler-c-1302737,4,"Oto, Bahce, Yapi Market > lastik tamir kiti > outdoor ayakkabilar > outdoor sweatshirtler t shirtler"
352790,22003663,uyku tulumlari,https://www.hepsiburada.com/uyku-tulumlari-c-352790,4,"Oto, Bahce, Yapi Market > lastik tamir kiti > outdoor ayakkabilar > uyku tulumlari"
80812007,1301694,kapri sort,https://www.hepsiburada.com/kapri-sort-c-80812007,4,"Oto, Bahce, Yapi Market > lastik tamir kiti > outdoor pantolonlar kapriler > kapri sort"
22008966,1301694,outdoor yelekler,https://www.hepsiburada.com/outdoor-yelekler-c-22008966,4,"Oto, Bahce, Yapi Market > lastik tamir kiti > outdoor pantolonlar kapriler > outdoor yelekler"
19050,368030,Scooter Patenler Kaykaylar,https://www.hepsiburada.com/scooter-patenler-kaykaylar-c-19050,4,"Oto, Bahce, Yapi Market > lastik tamir kiti > patenler > Scooter Patenler Kaykaylar"
1300147,1300223,deniz yataklari,https://www.hepsiburada.com/deniz-yataklari-c-1300147,4,"Oto, Bahce, Yapi Market > lastik tamir kiti > sisme botlar > deniz yataklari"
22004231,1300223,sisme can yelekleri,https://www.hepsiburada.com/sisme-can-yelekleri-c-22004231,4,"Oto, Bahce, Yapi Market > lastik tamir kiti > sisme botlar > sisme can yelekleri"
1800549,1300149,Şişme Su Ürünleri,https://www.hepsiburada.com/sisme-su-urunleri-c-1800549,4,"Oto, Bahce, Yapi Market > lastik tamir kiti > sisme havuzlar > Şişme Su Ürünleri"
60000546,369686,Spor Giyim Aksesuarları,https://www.hepsiburada.com/spor-giyim-aksesuarlari-c-60000546,4,"Oto, Bahce, Yapi Market > lastik tamir kiti > spor cantalari > Spor Giyim Aksesuarları"
19007,19043,Yüzme Ürünleri,https://www.hepsiburada.com/yuzme-urunleri-c-19007,4,"Oto, Bahce, Yapi Market > lastik tamir kiti > yuzucu gozlukleri > Yüzme Ürünleri"
22003835,22004232,Dalış Malzemeleri,https://www.hepsiburada.com/dalis-malzemeleri-c-22003835,4,"Oto, Bahce, Yapi Market > lastik tamir kiti > zipkinlar zipkin uclari > Dalış Malzemeleri"
80667013,22013,pisirme,https://www.hepsiburada.com/pisirme-c-80667013,4,"Oto, Bahce, Yapi Market > mangallar > elektrikli izgara barbekuler > pisirme"
13003110,13003081,Ahşap / Metal Kesme,https://www.hepsiburada.com/ahsap-metal-kesme-makineleri-c-13003110,4,"Oto, Bahce, Yapi Market > matkaplar > Elektrikli Aletler Aksesuarlar > Ahşap / Metal Kesme"
60001742,13003081,Boru Kaynak Makinesi,https://www.hepsiburada.com/pvc-kaynaklar-c-60001742,4,"Oto, Bahce, Yapi Market > matkaplar > Elektrikli Aletler Aksesuarlar > Boru Kaynak Makinesi"
13003102,13003081,Boya Tabancası,https://www.hepsiburada.com/boya-tabancalari-c-13003102,4,"Oto, Bahce, Yapi Market > matkaplar > Elektrikli Aletler Aksesuarlar > Boya Tabancası"
13003088,13003081,Daire Testere,https://www.hepsiburada.com/daire-testereleri-c-13003088,4,"Oto, Bahce, Yapi Market > matkaplar > Elektrikli Aletler Aksesuarlar > Daire Testere"
13003089,13003081,Dekupaj Testere,https://www.hepsiburada.com/dekupaj-testereler-c-13003089,4,"Oto, Bahce, Yapi Market > matkaplar > Elektrikli Aletler Aksesuarlar > Dekupaj Testere"
13003084,13003081,Döşeme / Çivi / Zımba Çakma,https://www.hepsiburada.com/doseme-civi-zimba-cakma-makineleri-c-13003084,4,"Oto, Bahce, Yapi Market > matkaplar > Elektrikli Aletler Aksesuarlar > Döşeme / Çivi / Zımba Çakma"
80857587,13003081,Elektrikli El Aletleri Yedek Parçaları,https://www.hepsiburada.com/elektrikli-el-aletleri-yedek-parcalari-c-80857587,4,"Oto, Bahce, Yapi Market > matkaplar > Elektrikli Aletler Aksesuarlar > Elektrikli El Aletleri Yedek Parçaları"
13003142,13003081,Elektrikli Tornavida,https://www.hepsiburada.com/elektrikli-tornavidalar-c-13003142,4,"Oto, Bahce, Yapi Market > matkaplar > Elektrikli Aletler Aksesuarlar > Elektrikli Tornavida"
13003106,13003081,Freze,https://www.hepsiburada.com/frezeler-c-13003106,4,"Oto, Bahce, Yapi Market > matkaplar > Elektrikli Aletler Aksesuarlar > Freze"
13003092,13003081,Hava Kompresörü,https://www.hepsiburada.com/hava-kompresorleri-c-13003092,4,"Oto, Bahce, Yapi Market > matkaplar > Elektrikli Aletler Aksesuarlar > Hava Kompresörü"
60001283,13003081,Havalı El Aletleri,https://www.hepsiburada.com/havali-aletler-c-60001283,4,"Oto, Bahce, Yapi Market > matkaplar > Elektrikli Aletler Aksesuarlar > Havalı El Aletleri"
13003111,13003081,Hobi Ürünleri,https://www.hepsiburada.com/hobi-urunleri-c-13003111,4,"Oto, Bahce, Yapi Market > matkaplar > Elektrikli Aletler Aksesuarlar > Hobi Ürünleri"
13003143,13003081,Kanal Açma Makinesi,https://www.hepsiburada.com/kanal-acma-makineleri-c-13003143,4,"Oto, Bahce, Yapi Market > matkaplar > Elektrikli Aletler Aksesuarlar > Kanal Açma Makinesi"
60002701,13003081,Karot Makinesi,https://www.hepsiburada.com/karot-makinalari-c-60002701,4,"Oto, Bahce, Yapi Market > matkaplar > Elektrikli Aletler Aksesuarlar > Karot Makinesi"
13003120,13003081,Karıştırıcılar,https://www.hepsiburada.com/karistiricilar-c-13003120,4,"Oto, Bahce, Yapi Market > matkaplar > Elektrikli Aletler Aksesuarlar > Karıştırıcılar"
13003101,13003081,Kırıcı Deliciler / Kırıcılar,https://www.hepsiburada.com/kirici-deliciler-kiricilar-c-13003101,4,"Oto, Bahce, Yapi Market > matkaplar > Elektrikli Aletler Aksesuarlar > Kırıcı Deliciler / Kırıcılar"
60005224,13003081,Pafta Makinesi,https://www.hepsiburada.com/pafta-makinalari-c-60005224,4,"Oto, Bahce, Yapi Market > matkaplar > Elektrikli Aletler Aksesuarlar > Pafta Makinesi"
13003389,13003081,Planya,https://www.hepsiburada.com/planyalar-c-13003389,4,"Oto, Bahce, Yapi Market > matkaplar > Elektrikli Aletler Aksesuarlar > Planya"
13003392,13003081,Polisaj Makinesi,https://www.hepsiburada.com/polisaj-makineleri-c-13003392,4,"Oto, Bahce, Yapi Market > matkaplar > Elektrikli Aletler Aksesuarlar > Polisaj Makinesi"
13003145,13003081,Raspalama,https://www.hepsiburada.com/raspalar-c-13003145,4,"Oto, Bahce, Yapi Market > matkaplar > Elektrikli Aletler Aksesuarlar > Raspalama"
13003148,13003081,Sac ve Sünger Kesme,https://www.hepsiburada.com/sac-sunger-kesme-makineleri-c-13003148,4,"Oto, Bahce, Yapi Market > matkaplar > Elektrikli Aletler Aksesuarlar > Sac ve Sünger Kesme"
13003133,13003081,Seramik Kesme Makinesi,https://www.hepsiburada.com/seramik-kesme-makineleri-c-13003133,4,"Oto, Bahce, Yapi Market > matkaplar > Elektrikli Aletler Aksesuarlar > Seramik Kesme Makinesi"
13003147,13003081,Somun Sıkma Makinesi,https://www.hepsiburada.com/somun-sikma-makineleri-c-13003147,4,"Oto, Bahce, Yapi Market > matkaplar > Elektrikli Aletler Aksesuarlar > Somun Sıkma Makinesi"
13003117,13003081,Sıcak Hava Tabancaları,https://www.hepsiburada.com/sicak-hava-tabancalari-c-13003117,4,"Oto, Bahce, Yapi Market > matkaplar > Elektrikli Aletler Aksesuarlar > Sıcak Hava Tabancaları"
13003132,13003081,Taş Motoru,https://www.hepsiburada.com/tas-motorlari-c-13003132,4,"Oto, Bahce, Yapi Market > matkaplar > Elektrikli Aletler Aksesuarlar > Taş Motoru"
13003400,13003081,Tilki Kuyruğu Testere,https://www.hepsiburada.com/tilki-kuyruklari-c-13003400,4,"Oto, Bahce, Yapi Market > matkaplar > Elektrikli Aletler Aksesuarlar > Tilki Kuyruğu Testere"
13003144,13003081,Torna Makinesi,https://www.hepsiburada.com/torna-makineleri-c-13003144,4,"Oto, Bahce, Yapi Market > matkaplar > Elektrikli Aletler Aksesuarlar > Torna Makinesi"
13003149,13003081,Uçlar & Aparatlar,https://www.hepsiburada.com/elektrikli-alet-aksesuarlari-c-13003149,4,"Oto, Bahce, Yapi Market > matkaplar > Elektrikli Aletler Aksesuarlar > Uçlar & Aparatlar"
13003129,13003081,Yüksek Basınçlı Yıkama,https://www.hepsiburada.com/yuksek-basincli-yikama-makineleri-c-13003129,4,"Oto, Bahce, Yapi Market > matkaplar > Elektrikli Aletler Aksesuarlar > Yüksek Basınçlı Yıkama"
13003136,13003081,Zımpara,https://www.hepsiburada.com/elektrikli-zimparalar-c-13003136,4,"Oto, Bahce, Yapi Market > matkaplar > Elektrikli Aletler Aksesuarlar > Zımpara"
13003105,13003081,Şarjlı Tornavida,https://www.hepsiburada.com/sarjli-tornavidalar-c-13003105,4,"Oto, Bahce, Yapi Market > matkaplar > Elektrikli Aletler Aksesuarlar > Şarjlı Tornavida"
60004413,3011535,CD DVD Aksesuarları,https://www.hepsiburada.com/cd-dvd-aksesuarlari-c-60004413,4,"Oto, Bahce, Yapi Market > oto teyp > yazilabilir cdler > CD DVD Aksesuarları"
80857266,80857263,Dönüştürücü,https://www.hepsiburada.com/donusturucu-c-80857266,4,"Oto, Bahce, Yapi Market > sarj istasyonu > Elektrikli Araç Ürünleri > Dönüştürücü"
80857265,80857263,Şarj Kablosu,https://www.hepsiburada.com/sarj-kablosu-c-80857265,4,"Oto, Bahce, Yapi Market > sarj istasyonu > Elektrikli Araç Ürünleri > Şarj Kablosu"
80857267,80857263,Şarj Kablosu Toplayıcı,https://www.hepsiburada.com/sarj-kablosu-toplayici-c-80857267,4,"Oto, Bahce, Yapi Market > sarj istasyonu > Elektrikli Araç Ürünleri > Şarj Kablosu Toplayıcı"
20024932,20024697,Silecek Aksesuarları,https://www.hepsiburada.com/silecek-aksesuarlari-c-20024932,4,"Oto, Bahce, Yapi Market > silecekler > Silecekler Aksesuarları > Silecek Aksesuarları"
20024733,20024697,Üniversal Silecekler,https://www.hepsiburada.com/universal-silecekler-c-20024733,4,"Oto, Bahce, Yapi Market > silecekler > Silecekler Aksesuarları > Üniversal Silecekler"
60003706,13003358,Asma Kilitler,https://www.hepsiburada.com/asma-kilitler-c-60003706,4,"Oto, Bahce, Yapi Market > yangin sonduruculer > yapi guvenlik kilitleri > Asma Kilitler"
60002991,13003358,Barel (Kilit Göbeği),https://www.hepsiburada.com/silindirler-kilitler-c-60002991,4,"Oto, Bahce, Yapi Market > yangin sonduruculer > yapi guvenlik kilitleri > Barel (Kilit Göbeği)"
60002993,13003358,Gömme Kilitler,https://www.hepsiburada.com/gomme-kilitler-c-60002993,4,"Oto, Bahce, Yapi Market > yangin sonduruculer > yapi guvenlik kilitleri > Gömme Kilitler"
60002995,13003358,Tirajlı Kilitler,https://www.hepsiburada.com/tirajli-kilitler-c-60002995,4,"Oto, Bahce, Yapi Market > yangin sonduruculer > yapi guvenlik kilitleri > Tirajlı Kilitler"
60002994,13003358,Topuzlu Kilitler,https://www.hepsiburada.com/topuzlu-kilitler-c-60002994,4,"Oto, Bahce, Yapi Market > yangin sonduruculer > yapi guvenlik kilitleri > Topuzlu Kilitler"
28001809,28001486,"Espresso, Cappucino Kahve",https://www.hepsiburada.com/espresso-cappucino-kahveler-c-28001809,5,"Elektronik > Ev Gereçleri > Oda Kokuları > kahveler > Espresso, Cappucino Kahve"
60005099,28001486,Filtre & Çekirdek Kahveler,https://www.hepsiburada.com/filtre-kahveler-c-60005099,5,Elektronik > Ev Gereçleri > Oda Kokuları > kahveler > Filtre & Çekirdek Kahveler
28001491,28001486,Hazır Kahve,https://www.hepsiburada.com/hazir-kahveler-c-28001491,5,Elektronik > Ev Gereçleri > Oda Kokuları > kahveler > Hazır Kahve
80080013,28001486,Kahve Aksesuarları,https://www.hepsiburada.com/kahve-aksesuarlari-c-80080013,5,Elektronik > Ev Gereçleri > Oda Kokuları > kahveler > Kahve Aksesuarları
60005218,28001486,Kahve Kapsülleri,https://www.hepsiburada.com/kapsul-kahveler-c-60005218,5,Elektronik > Ev Gereçleri > Oda Kokuları > kahveler > Kahve Kapsülleri
80080011,28001486,Kahve Şurubu,https://www.hepsiburada.com/kahve-suruplari-c-80080011,5,Elektronik > Ev Gereçleri > Oda Kokuları > kahveler > Kahve Şurubu
80080012,28001486,Süt Tozu,https://www.hepsiburada.com/sut-tozu-seker-tatlandiricilar-c-80080012,5,Elektronik > Ev Gereçleri > Oda Kokuları > kahveler > Süt Tozu
60000150,28001486,"Sıcak Çikolata, Salep",https://www.hepsiburada.com/sicak-cikolata-c-60000150,5,"Elektronik > Ev Gereçleri > Oda Kokuları > kahveler > Sıcak Çikolata, Salep"
28001646,28001486,Türk Kahvesi,https://www.hepsiburada.com/turk-kahveleri-c-28001646,5,Elektronik > Ev Gereçleri > Oda Kokuları > kahveler > Türk Kahvesi
60005124,2147483643,Ofis Sarf Tüketim Malzemeleri,https://www.hepsiburada.com/ofis-sarf-tuketim-malzemeleri-c-60005124,5,Elektronik > bluetooth hoparlorler > projeksiyon sistemleri > Kırtasiye / Ofis > Ofis Sarf Tüketim Malzemeleri
21027386,2147483643,Sanatsal Boya ve Malzeme,https://www.hepsiburada.com/sanatsal-malzemeler-c-21027386,5,Elektronik > bluetooth hoparlorler > projeksiyon sistemleri > Kırtasiye / Ofis > Sanatsal Boya ve Malzeme
271967,15008,Ayaklı (Tripod) Projeksiyon Perdeleri,https://www.hepsiburada.com/ayakli-tripod-projeksiyon-perdeleri-c-271967,5,Elektronik > bluetooth hoparlorler > projeksiyon sistemleri > Projeksiyon Perdesi > Ayaklı (Tripod) Projeksiyon Perdeleri
271969,15008,Motorlu Projeksiyon Perdeleri,https://www.hepsiburada.com/motorlu-projeksiyon-perdeleri-c-271969,5,Elektronik > bluetooth hoparlorler > projeksiyon sistemleri > Projeksiyon Perdesi > Motorlu Projeksiyon Perdeleri
278817,15008,Portable Perdeler,https://www.hepsiburada.com/portatif-perdeler-c-278817,5,Elektronik > bluetooth hoparlorler > projeksiyon sistemleri > Projeksiyon Perdesi > Portable Perdeler
271968,15008,Storlu (Duvara Asılabilen) Projeksiyon Perdeleri,https://www.hepsiburada.com/storlu-duvara-asilabilen-projeksiyon-perdeleri-c-271968,5,Elektronik > bluetooth hoparlorler > projeksiyon sistemleri > Projeksiyon Perdesi > Storlu (Duvara Asılabilen) Projeksiyon Perdeleri
21031168,80327224,kursun kalemler,https://www.hepsiburada.com/kursun-kalemler-c-21031168,5,Elektronik > bluetooth hoparlorler > projeksiyon sistemleri > a4 fotokopi kagidi > kursun kalemler
15124,21005097,Boyama Seti,https://www.hepsiburada.com/boyama-setleri-c-15124,5,Elektronik > bluetooth hoparlorler > projeksiyon sistemleri > boyalar boya kalemleri > Boyama Seti
60001295,21005097,Boyama Önlüğü,https://www.hepsiburada.com/boyama-onlukleri-c-60001295,5,Elektronik > bluetooth hoparlorler > projeksiyon sistemleri > boyalar boya kalemleri > Boyama Önlüğü
21005107,21005097,Fırça,https://www.hepsiburada.com/okul-fircalari-c-21005107,5,Elektronik > bluetooth hoparlorler > projeksiyon sistemleri > boyalar boya kalemleri > Fırça
15169,21005097,Guaj Boya,https://www.hepsiburada.com/guaj-boyalar-c-15169,5,Elektronik > bluetooth hoparlorler > projeksiyon sistemleri > boyalar boya kalemleri > Guaj Boya
15084,21005097,Mum Boya,https://www.hepsiburada.com/mum-boyalar-c-15084,5,Elektronik > bluetooth hoparlorler > projeksiyon sistemleri > boyalar boya kalemleri > Mum Boya
15287,21005097,Parmak Boya,https://www.hepsiburada.com/parmak-boyalari-c-15287,5,Elektronik > bluetooth hoparlorler > projeksiyon sistemleri > boyalar boya kalemleri > Parmak Boya
15468,21005097,Pastel Boya,https://www.hepsiburada.com/pastel-boyalar-c-15468,5,Elektronik > bluetooth hoparlorler > projeksiyon sistemleri > boyalar boya kalemleri > Pastel Boya
15171,21005097,Sulu Boya,https://www.hepsiburada.com/sulu-boyalar-c-15171,5,Elektronik > bluetooth hoparlorler > projeksiyon sistemleri > boyalar boya kalemleri > Sulu Boya
15596,21005097,Yüz Boyası,https://www.hepsiburada.com/yuz-boyalari-c-15596,5,Elektronik > bluetooth hoparlorler > projeksiyon sistemleri > boyalar boya kalemleri > Yüz Boyası
15381,21005503,Ajanda,https://www.hepsiburada.com/ajandalar-c-15381,5,Elektronik > bluetooth hoparlorler > projeksiyon sistemleri > defter ajandalar > Ajanda
289152,21005503,Asetatlar,https://www.hepsiburada.com/asetatlar-c-289152,5,Elektronik > bluetooth hoparlorler > projeksiyon sistemleri > defter ajandalar > Asetatlar
60002937,21005503,Bloknot,https://www.hepsiburada.com/bloknotlar-c-60002937,5,Elektronik > bluetooth hoparlorler > projeksiyon sistemleri > defter ajandalar > Bloknot
15064,21005503,Ciltli Defterler,https://www.hepsiburada.com/ciltli-sunum-dosyalari-c-15064,5,Elektronik > bluetooth hoparlorler > projeksiyon sistemleri > defter ajandalar > Ciltli Defterler
15185,21005503,Fihrist,https://www.hepsiburada.com/fihristler-c-15185,5,Elektronik > bluetooth hoparlorler > projeksiyon sistemleri > defter ajandalar > Fihrist
80147043,21005503,Kartpostal,https://www.hepsiburada.com/kartpostal-c-80147043,5,Elektronik > bluetooth hoparlorler > projeksiyon sistemleri > defter ajandalar > Kartpostal
80146013,21005503,Kitap Ayracı,https://www.hepsiburada.com/kitap-ayraci-c-80146013,5,Elektronik > bluetooth hoparlorler > projeksiyon sistemleri > defter ajandalar > Kitap Ayracı
15098,21005503,Küp Not Kağıdı,https://www.hepsiburada.com/kup-not-kagitlari-c-15098,5,Elektronik > bluetooth hoparlorler > projeksiyon sistemleri > defter ajandalar > Küp Not Kağıdı
60001413,21005503,Müzik Defteri,https://www.hepsiburada.com/muzik-defterleri-c-60001413,5,Elektronik > bluetooth hoparlorler > projeksiyon sistemleri > defter ajandalar > Müzik Defteri
80147054,21005503,Not Kağıtları,https://www.hepsiburada.com/not-kagidi-c-80147054,5,Elektronik > bluetooth hoparlorler > projeksiyon sistemleri > defter ajandalar > Not Kağıtları
21005090,21005503,Okul Defteri,https://www.hepsiburada.com/okul-defterleri-c-21005090,5,Elektronik > bluetooth hoparlorler > projeksiyon sistemleri > defter ajandalar > Okul Defteri
15191,21005503,Organizer Defter,https://www.hepsiburada.com/defter-organizerler-c-15191,5,Elektronik > bluetooth hoparlorler > projeksiyon sistemleri > defter ajandalar > Organizer Defter
15071,21005503,Seperatörlü Defter,https://www.hepsiburada.com/seperatorlu-defterler-c-15071,5,Elektronik > bluetooth hoparlorler > projeksiyon sistemleri > defter ajandalar > Seperatörlü Defter
80146009,21005503,"Takvim, Takvimblok",https://www.hepsiburada.com/takvim-c-80146009,5,"Elektronik > bluetooth hoparlorler > projeksiyon sistemleri > defter ajandalar > Takvim, Takvimblok"
80147042,21005503,Tebrik Kartı,https://www.hepsiburada.com/tebrik-kartlari-c-80147042,5,Elektronik > bluetooth hoparlorler > projeksiyon sistemleri > defter ajandalar > Tebrik Kartı
15181,21005503,"Teknik Çizim, Eskiz Defteri",https://www.hepsiburada.com/teknik-cizim-eskiz-defteri-c-15181,5,"Elektronik > bluetooth hoparlorler > projeksiyon sistemleri > defter ajandalar > Teknik Çizim, Eskiz Defteri"
15190,21005503,Ticari Defter ve Evrak,https://www.hepsiburada.com/ticari-defterler-c-15190,5,Elektronik > bluetooth hoparlorler > projeksiyon sistemleri > defter ajandalar > Ticari Defter ve Evrak
15087,21005503,yapiskanli not kagitlari,https://www.hepsiburada.com/yapiskanli-not-kagitlari-c-15087,5,Elektronik > bluetooth hoparlorler > projeksiyon sistemleri > defter ajandalar > yapiskanli not kagitlari
15080,21031173,bant makineleri,https://www.hepsiburada.com/bant-makineleri-c-15080,5,Elektronik > bluetooth hoparlorler > projeksiyon sistemleri > dolmakalemler > bant makineleri
15077,21031173,delgecler,https://www.hepsiburada.com/delgecler-c-15077,5,Elektronik > bluetooth hoparlorler > projeksiyon sistemleri > dolmakalemler > delgecler
15015,21031173,evrak mandallari,https://www.hepsiburada.com/evrak-mandallari-c-15015,5,Elektronik > bluetooth hoparlorler > projeksiyon sistemleri > dolmakalemler > evrak mandallari
15431,21031173,kartvizitlikler,https://www.hepsiburada.com/kartvizitlikler-c-15431,5,Elektronik > bluetooth hoparlorler > projeksiyon sistemleri > dolmakalemler > kartvizitlikler
15231,15220,Asetat Kalemi,https://www.hepsiburada.com/asetat-kalemi-c-15231,5,Elektronik > bluetooth hoparlorler > projeksiyon sistemleri > kalem cizim gerecleri > Asetat Kalemi
21031766,15220,Jel Mürekkepli Kalem,https://www.hepsiburada.com/jel-murekkepli-kalemler-c-21031766,5,Elektronik > bluetooth hoparlorler > projeksiyon sistemleri > kalem cizim gerecleri > Jel Mürekkepli Kalem
21005499,15220,Kalem Ucu,https://www.hepsiburada.com/kalem-uclari-c-21005499,5,Elektronik > bluetooth hoparlorler > projeksiyon sistemleri > kalem cizim gerecleri > Kalem Ucu
21031171,15220,Keçe Uçlu Kalem,https://www.hepsiburada.com/kece-uclu-kalemler-c-21031171,5,Elektronik > bluetooth hoparlorler > projeksiyon sistemleri > kalem cizim gerecleri > Keçe Uçlu Kalem
15223,15220,Koli Kalemi,https://www.hepsiburada.com/koli-kalemleri-c-15223,5,Elektronik > bluetooth hoparlorler > projeksiyon sistemleri > kalem cizim gerecleri > Koli Kalemi
15315,15220,Mürekkep,https://www.hepsiburada.com/murekkepler-c-15315,5,Elektronik > bluetooth hoparlorler > projeksiyon sistemleri > kalem cizim gerecleri > Mürekkep
21031172,15220,Roller Kalem,https://www.hepsiburada.com/roller-kalemler-c-21031172,5,Elektronik > bluetooth hoparlorler > projeksiyon sistemleri > kalem cizim gerecleri > Roller Kalem
15354,15220,Silgi,https://www.hepsiburada.com/silgiler-c-15354,5,Elektronik > bluetooth hoparlorler > projeksiyon sistemleri > kalem cizim gerecleri > Silgi
21031603,15220,Sınav Kalemi,https://www.hepsiburada.com/sinav-kalemleri-c-21031603,5,Elektronik > bluetooth hoparlorler > projeksiyon sistemleri > kalem cizim gerecleri > Sınav Kalemi
21031170,15220,İğne Uçlu Kalem,https://www.hepsiburada.com/igne-uclu-kalemler-c-21031170,5,Elektronik > bluetooth hoparlorler > projeksiyon sistemleri > kalem cizim gerecleri > İğne Uçlu Kalem
292990,15085,tuvaller,https://www.hepsiburada.com/tuvaller-c-292990,5,Elektronik > bluetooth hoparlorler > projeksiyon sistemleri > keceli boyama kalemleri > tuvaller
60001299,15344,Albümler,https://www.hepsiburada.com/albumler-c-60001299,5,Elektronik > bluetooth hoparlorler > projeksiyon sistemleri > kirtasiye urunleri > Albümler
15010,15344,"Dosyalama, Arşivleme",https://www.hepsiburada.com/dosyalama-arsivleme-c-15010,5,"Elektronik > bluetooth hoparlorler > projeksiyon sistemleri > kirtasiye urunleri > Dosyalama, Arşivleme"
80147044,15344,Gönderi ve Paketleme,https://www.hepsiburada.com/gonderi-paketleme-c-80147044,5,Elektronik > bluetooth hoparlorler > projeksiyon sistemleri > kirtasiye urunleri > Gönderi ve Paketleme
15116,15344,Kağıt Ürünleri,https://www.hepsiburada.com/kagit-etiketler-c-15116,5,Elektronik > bluetooth hoparlorler > projeksiyon sistemleri > kirtasiye urunleri > Kağıt Ürünleri
15470,15344,Sınıf ve Laboratuvar Malzemesi,https://www.hepsiburada.com/egitim-urunleri-c-15470,5,Elektronik > bluetooth hoparlorler > projeksiyon sistemleri > kirtasiye urunleri > Sınıf ve Laboratuvar Malzemesi
60002958,15344,Yaka Kartı & Aksesuarları,https://www.hepsiburada.com/yaka-karti-aksesuarlari-c-60002958,5,Elektronik > bluetooth hoparlorler > projeksiyon sistemleri > kirtasiye urunleri > Yaka Kartı & Aksesuarları
21032246,15344,okul setleri,https://www.hepsiburada.com/okul-setleri-c-21032246,5,Elektronik > bluetooth hoparlorler > projeksiyon sistemleri > kirtasiye urunleri > okul setleri
21005096,15344,Ölçüm ve Çizim,https://www.hepsiburada.com/cetvel-gonyeler-c-21005096,5,Elektronik > bluetooth hoparlorler > projeksiyon sistemleri > kirtasiye urunleri > Ölçüm ve Çizim
80455057,80455056,harita,https://www.hepsiburada.com/harita-c-80455057,5,Elektronik > bluetooth hoparlorler > projeksiyon sistemleri > mantar pano pano > harita
80455055,80455056,yazi tahtasi,https://www.hepsiburada.com/yazi-tahtasi-c-80455055,5,Elektronik > bluetooth hoparlorler > projeksiyon sistemleri > mantar pano pano > yazi tahtasi
279137,80147055,masa takvimleri,https://www.hepsiburada.com/masa-takvimleri-c-279137,5,Elektronik > bluetooth hoparlorler > projeksiyon sistemleri > not defteri > masa takvimleri
60000369,21005092,Proje ve Resim Çantası,https://www.hepsiburada.com/proje-resim-cantalari-c-60000369,5,Elektronik > bluetooth hoparlorler > projeksiyon sistemleri > okul cantalari > Proje ve Resim Çantası
273333,21005092,Öğrenci Klasörü,https://www.hepsiburada.com/ogrenci-klasorleri-c-273333,5,Elektronik > bluetooth hoparlorler > projeksiyon sistemleri > okul cantalari > Öğrenci Klasörü
80461002,60002034,Broşür Standı,https://www.hepsiburada.com/brosur-standi-c-80461002,5,Elektronik > bluetooth hoparlorler > projeksiyon sistemleri > sunum planlama urunleri > Broşür Standı
15114,60002034,Flipchart (Pano) Kağıdı,https://www.hepsiburada.com/flipchart-pano-kagidi-c-15114,5,Elektronik > bluetooth hoparlorler > projeksiyon sistemleri > sunum planlama urunleri > Flipchart (Pano) Kağıdı
80461001,60002034,Reklam Panosu,https://www.hepsiburada.com/reklam-panosu-c-80461001,5,Elektronik > bluetooth hoparlorler > projeksiyon sistemleri > sunum planlama urunleri > Reklam Panosu
80677058,80677057,Elektronik Devre Elemanları,https://www.hepsiburada.com/elektronik-devre-elemanlari-c-80677058,5,Elektronik > playstation 5 konsol > Hobi Oyun Konsolları > Elektronik Devre & Robotik > Elektronik Devre Elemanları
80169002,80677057,Hobi Devreleri,https://www.hepsiburada.com/hobi-devreleri-c-80169002,5,Elektronik > playstation 5 konsol > Hobi Oyun Konsolları > Elektronik Devre & Robotik > Hobi Devreleri
80227002,2147483605,Gezi & Tatil Turları,https://www.hepsiburada.com/gezi-tatil-turlari-c-80227002,5,Elektronik > playstation 5 konsol > Hobi Oyun Konsolları > Hobi & Eğlence > Gezi & Tatil Turları
1201472,2147483605,Oyun Takımları,https://www.hepsiburada.com/oyun-takimlari-c-1201472,5,Elektronik > playstation 5 konsol > Hobi Oyun Konsolları > Hobi & Eğlence > Oyun Takımları
33000024,80226061,Nintendo Oyunları,https://www.hepsiburada.com/nintendo-oyunlari-c-33000024,5,Elektronik > playstation 5 konsol > Oyunlar Oyun Konsolları > Nintendo > Nintendo Oyunları
1204496,80226062,PSP / Vita Aksesuar,https://www.hepsiburada.com/psp-aksesuarlar-c-1204496,5,Elektronik > playstation 5 konsol > Oyunlar Oyun Konsolları > PSP / Vita > PSP / Vita Aksesuar
80229025,80226062,PSP / Vita Konsol,https://www.hepsiburada.com/psp-vita-konsol-c-80229025,5,Elektronik > playstation 5 konsol > Oyunlar Oyun Konsolları > PSP / Vita > PSP / Vita Konsol
33000007,80226063,PlayStation 2 Aksesuarları,https://www.hepsiburada.com/playstation-2-aksesuarlari-c-33000007,5,Elektronik > playstation 5 konsol > Oyunlar Oyun Konsolları > Playstation 2 > PlayStation 2 Aksesuarları
33000006,80226063,PlayStation 2 Konsol,https://www.hepsiburada.com/playstation-2-konsol-c-33000006,5,Elektronik > playstation 5 konsol > Oyunlar Oyun Konsolları > Playstation 2 > PlayStation 2 Konsol
33000005,80226063,PlayStation 2 Oyunları,https://www.hepsiburada.com/playstation-2-oyunlari-c-33000005,5,Elektronik > playstation 5 konsol > Oyunlar Oyun Konsolları > Playstation 2 > PlayStation 2 Oyunları
1200698,80226059,PlayStation 3 Aksesuarları,https://www.hepsiburada.com/playstation-3-aksesuarlari-c-1200698,5,Elektronik > playstation 5 konsol > Oyunlar Oyun Konsolları > Playstation 3 > PlayStation 3 Aksesuarları
60004080,80226057,PlayStation 4 Aksesuarları,https://www.hepsiburada.com/playstation-4-aksesuarlari-c-60004080,5,Elektronik > playstation 5 konsol > Oyunlar Oyun Konsolları > Playstation 4 > PlayStation 4 Aksesuarları
80229021,80226057,Playstation 4 VR,https://www.hepsiburada.com/playstation-4-vr-c-80229021,5,Elektronik > playstation 5 konsol > Oyunlar Oyun Konsolları > Playstation 4 > Playstation 4 VR
33000194,80226058,XBox 360 Oyunları,https://www.hepsiburada.com/xbox-360-oyunlari-c-33000194,5,Elektronik > playstation 5 konsol > Oyunlar Oyun Konsolları > Xbox 360 > XBox 360 Oyunları
80229022,80226058,Xbox 360 Konsol,https://www.hepsiburada.com/xbox-360-c-80229022,5,Elektronik > playstation 5 konsol > Oyunlar Oyun Konsolları > Xbox 360 > Xbox 360 Konsol
33000467,80226058,Xbox Aksesuarları,https://www.hepsiburada.com/xbox-aksesuarlari-c-33000467,5,Elektronik > playstation 5 konsol > Oyunlar Oyun Konsolları > Xbox 360 > Xbox Aksesuarları
33000443,80226056,XBox One Oyunları,https://www.hepsiburada.com/xbox-one-oyunlari-c-33000443,5,Elektronik > playstation 5 konsol > Oyunlar Oyun Konsolları > Xbox One > XBox One Oyunları
33000465,80226056,Xbox Konsol,https://www.hepsiburada.com/xbox-konsollari-c-33000465,5,Elektronik > playstation 5 konsol > Oyunlar Oyun Konsolları > Xbox One > Xbox Konsol
80229017,80226056,Xbox One Aksesuar,https://www.hepsiburada.com/xbox-one-aksesuar-c-80229017,5,Elektronik > playstation 5 konsol > Oyunlar Oyun Konsolları > Xbox One > Xbox One Aksesuar
80766007,80766004,Xbox Series S Aksesuarları,https://www.hepsiburada.com/xbox-series-s-aksesuarlari-c-80766007,5,Elektronik > playstation 5 konsol > Oyunlar Oyun Konsolları > Xbox Series S > Xbox Series S Aksesuarları
80766005,80766004,Xbox Series S Konsol,https://www.hepsiburada.com/xbox-series-s-konsol-c-80766005,5,Elektronik > playstation 5 konsol > Oyunlar Oyun Konsolları > Xbox Series S > Xbox Series S Konsol
80766006,80766004,Xbox Series S Oyunları,https://www.hepsiburada.com/xbox-series-s-oyunlari-c-80766006,5,Elektronik > playstation 5 konsol > Oyunlar Oyun Konsolları > Xbox Series S > Xbox Series S Oyunları
80766003,80766000,Xbox Series X Aksesuarları,https://www.hepsiburada.com/xbox-series-x-aksesuarlari-c-80766003,5,Elektronik > playstation 5 konsol > Oyunlar Oyun Konsolları > Xbox Series X > Xbox Series X Aksesuarları
80766001,80766000,Xbox Series X Konsol,https://www.hepsiburada.com/xbox-series-x-konsol-c-80766001,5,Elektronik > playstation 5 konsol > Oyunlar Oyun Konsolları > Xbox Series X > Xbox Series X Konsol
80766002,80766000,Xbox Series X Oyunları,https://www.hepsiburada.com/xbox-series-x-oyunlari-c-80766002,5,Elektronik > playstation 5 konsol > Oyunlar Oyun Konsolları > Xbox Series X > Xbox Series X Oyunları
60008289,530176,10 Gram Altın,https://www.hepsiburada.com/10-gram-altin-c-60008289,5,Elektronik > saatler > 1 gram altin > Külçe Altın Fiyatları > 10 Gram Altın
60008725,530176,2 Gram Altın,https://www.hepsiburada.com/2-gram-altin-c-60008725,5,Elektronik > saatler > 1 gram altin > Külçe Altın Fiyatları > 2 Gram Altın
60008295,530176,"2,5 Gram Altın",https://www.hepsiburada.com/2-5-gram-altin-c-60008295,5,"Elektronik > saatler > 1 gram altin > Külçe Altın Fiyatları > 2,5 Gram Altın"
60008290,530176,20 Gram Altın,https://www.hepsiburada.com/20-gram-altin-c-60008290,5,Elektronik > saatler > 1 gram altin > Külçe Altın Fiyatları > 20 Gram Altın
60008288,530176,5 Gram Altın,https://www.hepsiburada.com/5-gram-altin-c-60008288,5,Elektronik > saatler > 1 gram altin > Külçe Altın Fiyatları > 5 Gram Altın
60004974,530175,22 Ayar Takılar,https://www.hepsiburada.com/22-ayar-takilar-c-60004974,5,Elektronik > saatler > 1 gram altin > Külçe Ziynet Cumhuriyet Altınları > 22 Ayar Takılar
212357,530175,22 Ayar Yatırımlık Bilezik,https://www.hepsiburada.com/22-ayar-bilezikler-c-212357,5,Elektronik > saatler > 1 gram altin > Külçe Ziynet Cumhuriyet Altınları > 22 Ayar Yatırımlık Bilezik
60003493,530175,Cumhuriyet Altını,https://www.hepsiburada.com/cumhuriyet-altinlari-c-60003493,5,Elektronik > saatler > 1 gram altin > Külçe Ziynet Cumhuriyet Altınları > Cumhuriyet Altını
60003494,530175,Hediyelik Altın,https://www.hepsiburada.com/hediyelik-altinlar-c-60003494,5,Elektronik > saatler > 1 gram altin > Külçe Ziynet Cumhuriyet Altınları > Hediyelik Altın
25008413,25000094,Aksesuar Setleri,https://www.hepsiburada.com/saat-gozluk-aksesuar-setleri-c-25008413,5,Elektronik > saatler > Saat/Gözlük/Aksesuar > Aksesuarlar > Aksesuar Setleri
18103,25000094,Anahtarlıklar,https://www.hepsiburada.com/anahtarliklar-c-18103,5,Elektronik > saatler > Saat/Gözlük/Aksesuar > Aksesuarlar > Anahtarlıklar
80733000,25000094,Bakım Ürünleri,https://www.hepsiburada.com/bakim-urunleri-c-80733000,5,Elektronik > saatler > Saat/Gözlük/Aksesuar > Aksesuarlar > Bakım Ürünleri
60006826,25000094,Baston,https://www.hepsiburada.com/baston-c-60006826,5,Elektronik > saatler > Saat/Gözlük/Aksesuar > Aksesuarlar > Baston
60003252,25000094,Cüzdanlar,https://www.hepsiburada.com/vespa-cuzdanlar-c-60003252,5,Elektronik > saatler > Saat/Gözlük/Aksesuar > Aksesuarlar > Cüzdanlar
60003232,25000094,Defter ve Notluklar,https://www.hepsiburada.com/vespa-defter-notluklar-c-60003232,5,Elektronik > saatler > Saat/Gözlük/Aksesuar > Aksesuarlar > Defter ve Notluklar
60003451,25000094,Gözlük Aksesuarları,https://www.hepsiburada.com/gozluk-aksesuarlari-c-60003451,5,Elektronik > saatler > Saat/Gözlük/Aksesuar > Aksesuarlar > Gözlük Aksesuarları
60003233,25000094,Kalem ve Aksesuarları,https://www.hepsiburada.com/vespa-kalem-setleri-aksesuarlari-c-60003233,5,Elektronik > saatler > Saat/Gözlük/Aksesuar > Aksesuarlar > Kalem ve Aksesuarları
60003236,25000094,Magnetler,https://www.hepsiburada.com/vespa-magnetler-c-60003236,5,Elektronik > saatler > Saat/Gözlük/Aksesuar > Aksesuarlar > Magnetler
201950,25000094,Nargileler ve Aksesuarları,https://www.hepsiburada.com/nargile-aksesuar-modelleri-c-201950,5,Elektronik > saatler > Saat/Gözlük/Aksesuar > Aksesuarlar > Nargileler ve Aksesuarları
25015202,25000094,Pipo Seti ve Aksesuarları,https://www.hepsiburada.com/pipo-seti-aksesuarlari-c-25015202,5,Elektronik > saatler > Saat/Gözlük/Aksesuar > Aksesuarlar > Pipo Seti ve Aksesuarları
18207,25000094,Puro Aksesuarları,https://www.hepsiburada.com/puro-aksesuarlari-c-18207,5,Elektronik > saatler > Saat/Gözlük/Aksesuar > Aksesuarlar > Puro Aksesuarları
60003239,25000094,Puzzle,https://www.hepsiburada.com/vespa-yapbozlar-c-60003239,5,Elektronik > saatler > Saat/Gözlük/Aksesuar > Aksesuarlar > Puzzle
60003240,25000094,Rozetler,https://www.hepsiburada.com/vespa-rozetler-c-60003240,5,Elektronik > saatler > Saat/Gözlük/Aksesuar > Aksesuarlar > Rozetler
60002231,25000094,Saat Aksesuarları,https://www.hepsiburada.com/saat-aksesuarlari-c-60002231,5,Elektronik > saatler > Saat/Gözlük/Aksesuar > Aksesuarlar > Saat Aksesuarları
60002060,25000094,Saat Kutuları,https://www.hepsiburada.com/saat-kutulari-c-60002060,5,Elektronik > saatler > Saat/Gözlük/Aksesuar > Aksesuarlar > Saat Kutuları
25015258,25000094,Sigara Tabaka ve Aksesuarları,https://www.hepsiburada.com/sigara-tabaka-aksesuarlari-c-25015258,5,Elektronik > saatler > Saat/Gözlük/Aksesuar > Aksesuarlar > Sigara Tabaka ve Aksesuarları
25018378,25000094,Sigara ve Pipo Tablaları,https://www.hepsiburada.com/sigara-pipo-tablalari-c-25018378,5,Elektronik > saatler > Saat/Gözlük/Aksesuar > Aksesuarlar > Sigara ve Pipo Tablaları
60003242,25000094,Tablolar,https://www.hepsiburada.com/vespa-tablolar-c-60003242,5,Elektronik > saatler > Saat/Gözlük/Aksesuar > Aksesuarlar > Tablolar
60003243,25000094,Tebrik ve Posta Kartları,https://www.hepsiburada.com/vespa-tebrik-posta-kartlari-c-60003243,5,Elektronik > saatler > Saat/Gözlük/Aksesuar > Aksesuarlar > Tebrik ve Posta Kartları
60005244,25000094,Tesbih Kutusu,https://www.hepsiburada.com/tesbih-kutulari-c-60005244,5,Elektronik > saatler > Saat/Gözlük/Aksesuar > Aksesuarlar > Tesbih Kutusu
25025377,25000094,Tesbihler,https://www.hepsiburada.com/tesbihler-c-25025377,5,Elektronik > saatler > Saat/Gözlük/Aksesuar > Aksesuarlar > Tesbihler
16032973,25000094,kravat ignesi,https://www.hepsiburada.com/kravat-ignesi-c-16032973,5,Elektronik > saatler > Saat/Gözlük/Aksesuar > Aksesuarlar > kravat ignesi
25018450,25000094,pipolar,https://www.hepsiburada.com/pipolar-c-25018450,5,Elektronik > saatler > Saat/Gözlük/Aksesuar > Aksesuarlar > pipolar
18137,25000094,Çakmaklar,https://www.hepsiburada.com/cakmak-c-18137,5,Elektronik > saatler > Saat/Gözlük/Aksesuar > Aksesuarlar > Çakmaklar
80857061,1120745,Koruma Gözlüğü,https://www.hepsiburada.com/koruma-gozlugu-c-80857061,5,Elektronik > saatler > Saat/Gözlük/Aksesuar > gunes gozlugu > Koruma Gözlüğü
60000375,1120745,Unisex Güneş Gözlüğü,https://www.hepsiburada.com/unisex-gunes-gozlukleri-c-60000375,5,Elektronik > saatler > Saat/Gözlük/Aksesuar > gunes gozlugu > Unisex Güneş Gözlüğü
1123164,1120745,erkek gunes gozlukleri,https://www.hepsiburada.com/erkek-gunes-gozlukleri-c-1123164,5,Elektronik > saatler > Saat/Gözlük/Aksesuar > gunes gozlugu > erkek gunes gozlukleri
1123163,1120745,kadin gunes gozlukleri,https://www.hepsiburada.com/kadin-gunes-gozlukleri-c-1123163,5,Elektronik > saatler > Saat/Gözlük/Aksesuar > gunes gozlugu > kadin gunes gozlukleri
60000535,1120745,Çocuk Güneş Gözlüğü,https://www.hepsiburada.com/cocuk-gunes-gozlukleri-c-60000535,5,Elektronik > saatler > Saat/Gözlük/Aksesuar > gunes gozlugu > Çocuk Güneş Gözlüğü
60006257,22007826,Okçuluk,https://www.hepsiburada.com/okculuk-c-60006257,5,Elektronik > saatler > airsoft > Outdoor Doğa Sporları > Okçuluk
1302560,22007826,Paintball,https://www.hepsiburada.com/outdoor-paintball-urunleri-c-1302560,5,Elektronik > saatler > airsoft > Outdoor Doğa Sporları > Paintball
60001202,22007826,Su Sporu,https://www.hepsiburada.com/su-sporlari-malzemeleri-c-60001202,5,Elektronik > saatler > airsoft > Outdoor Doğa Sporları > Su Sporu
356945,22007826,Tırmanış,https://www.hepsiburada.com/outdoor-tirmanis-urunleri-c-356945,5,Elektronik > saatler > airsoft > Outdoor Doğa Sporları > Tırmanış
80096006,2147483604,Kış Sporları,https://www.hepsiburada.com/kis-sporlari-c-80096006,5,Elektronik > saatler > airsoft > Outdoor Ürünleri > Kış Sporları
22004138,2147483604,Tekne & Tekne Malzemeleri,https://www.hepsiburada.com/tekne-tekne-malzemeleri-c-22004138,5,Elektronik > saatler > airsoft > Outdoor Ürünleri > Tekne & Tekne Malzemeleri
22001904,2147483604,outdoor mont ceketler,https://www.hepsiburada.com/outdoor-mont-ceketler-c-22001904,5,Elektronik > saatler > airsoft > Outdoor Ürünleri > outdoor mont ceketler
60006598,60004584,Taşınabilir Şarj Aksesuarları,https://www.hepsiburada.com/tasinabilir-sarj-aksesuarlari-c-60006598,5,Elektronik > saatler > akilli saatler > tasinabilir pilli sarj cihazlari > Taşınabilir Şarj Aksesuarları
60004716,16032929,Erkek,https://www.hepsiburada.com/erkek-takilar-c-60004716,5,Elektronik > saatler > altin taki mucevherler > Takı & Mücevher > Erkek
60003788,16032929,Hediye Setleri,https://www.hepsiburada.com/hediye-setleri-c-60003788,5,Elektronik > saatler > altin taki mucevherler > Takı & Mücevher > Hediye Setleri
80586080,16032929,Kadın,https://www.hepsiburada.com/kadin-takilari-c-80586080,5,Elektronik > saatler > altin taki mucevherler > Takı & Mücevher > Kadın
60004414,16032929,Kişiye Özel Takılar,https://www.hepsiburada.com/kisiye-ozel-takilar-c-60004414,5,Elektronik > saatler > altin taki mucevherler > Takı & Mücevher > Kişiye Özel Takılar
16032939,16032929,alyans modelleri,https://www.hepsiburada.com/alyans-modelleri-c-16032939,5,Elektronik > saatler > altin taki mucevherler > Takı & Mücevher > alyans modelleri
60006947,28001469,Glutensiz Ürünler,https://www.hepsiburada.com/glutensiz-urunler-c-60006947,5,Elektronik > saatler > aycicek yaglari > Gıda Ürünleri > Glutensiz Ürünler
28002972,28001469,Gurme Ürünler,https://www.hepsiburada.com/gurme-urunler-c-28002972,5,Elektronik > saatler > aycicek yaglari > Gıda Ürünleri > Gurme Ürünler
80365057,28001469,"Hazır Yemek, Konserve",https://www.hepsiburada.com/hazir-yemek-konserve-c-80365057,5,"Elektronik > saatler > aycicek yaglari > Gıda Ürünleri > Hazır Yemek, Konserve"
28001990,28001469,Hediyelik Çikolata,https://www.hepsiburada.com/hediyelik-cikolatalar-c-28001990,5,Elektronik > saatler > aycicek yaglari > Gıda Ürünleri > Hediyelik Çikolata
80471017,28001469,Katkı Maddeleri,https://www.hepsiburada.com/katki-maddeleri-c-80471017,5,Elektronik > saatler > aycicek yaglari > Gıda Ürünleri > Katkı Maddeleri
28002842,28001469,Organik Gıda,https://www.hepsiburada.com/organik-urunler-c-28002842,5,Elektronik > saatler > aycicek yaglari > Gıda Ürünleri > Organik Gıda
80365058,28001469,"Unlu Mamül, Pasta",https://www.hepsiburada.com/unlu-mamul-pasta-c-80365058,5,"Elektronik > saatler > aycicek yaglari > Gıda Ürünleri > Unlu Mamül, Pasta"
80365051,28001469,Yemek Sosları,https://www.hepsiburada.com/sos-surup-c-80365051,5,Elektronik > saatler > aycicek yaglari > Gıda Ürünleri > Yemek Sosları
28001472,28001469,atistirmaliklar,https://www.hepsiburada.com/atistirmaliklar-c-28001472,5,Elektronik > saatler > aycicek yaglari > Gıda Ürünleri > atistirmaliklar
60006440,28001469,yumurta,https://www.hepsiburada.com/yumurta-c-60006440,5,Elektronik > saatler > aycicek yaglari > Gıda Ürünleri > yumurta
60005577,28001469,Şarküteri,https://www.hepsiburada.com/sarkuteri-c-60005577,5,Elektronik > saatler > aycicek yaglari > Gıda Ürünleri > Şarküteri
60002212,60001330,Mısırözü Yağı,https://www.hepsiburada.com/misirozu-yaglari-c-60002212,5,Elektronik > saatler > aycicek yaglari > Sıvı Yağlar > Mısırözü Yağı
60001331,60001330,Zeytinyağı,https://www.hepsiburada.com/zeytinyaglari-c-60001331,5,Elektronik > saatler > aycicek yaglari > Sıvı Yağlar > Zeytinyağı
80412072,80365054,acuka kahvaltilik sos,https://www.hepsiburada.com/acuka-kahvaltilik-sos-c-80412072,5,Elektronik > saatler > aycicek yaglari > aci sos > acuka kahvaltilik sos
28001481,80015000,Salçalar,https://www.hepsiburada.com/salcalar-c-28001481,5,Elektronik > saatler > aycicek yaglari > biber salcasi > Salçalar
28001480,80015000,konserveler,https://www.hepsiburada.com/konserveler-c-28001480,5,Elektronik > saatler > aycicek yaglari > biber salcasi > konserveler
28003010,80015000,tursular,https://www.hepsiburada.com/tursular-c-28003010,5,Elektronik > saatler > aycicek yaglari > biber salcasi > tursular
28001941,28002654,Bulaşık Yıkama Ürünleri,https://www.hepsiburada.com/bulasik-yikama-urunleri-c-28001941,5,Elektronik > saatler > aycicek yaglari > bulasik makinasi tablet jeller > Bulaşık Yıkama Ürünleri
28002776,60001088,yumusaticilar,https://www.hepsiburada.com/yumusaticilar-c-28002776,5,Elektronik > saatler > aycicek yaglari > camasir makinasi sivi deterjanlari > yumusaticilar
80364057,28002240,Makine Deterjanı,https://www.hepsiburada.com/makine-deterjani-c-80364057,5,Elektronik > saatler > aycicek yaglari > camasir makinasi toz deterjanlari > Makine Deterjanı
28001529,28002240,Çamaşır Yıkama Ürünleri,https://www.hepsiburada.com/camasir-yikama-urunleri-c-28001529,5,Elektronik > saatler > aycicek yaglari > camasir makinasi toz deterjanlari > Çamaşır Yıkama Ürünleri
28002071,60001269,Genel Temizlik Ürünleri,https://www.hepsiburada.com/genel-temizlik-urunleri-c-28002071,5,Elektronik > saatler > aycicek yaglari > hasere olduruculer > Genel Temizlik Ürünleri
28001547,28001549,Kağıt Ürünleri,https://www.hepsiburada.com/kagit-urunleri-c-28001547,5,Elektronik > saatler > aycicek yaglari > kagit havlular > Kağıt Ürünleri
28002163,80847003,Gazlı İçecekler,https://www.hepsiburada.com/gazli-icecekler-c-28002163,5,Elektronik > saatler > aycicek yaglari > maden suyu > Gazlı İçecekler
28001517,80847003,İçecek Ürünleri,https://www.hepsiburada.com/icecek-urunleri-c-28001517,5,Elektronik > saatler > aycicek yaglari > maden suyu > İçecek Ürünleri
28002739,60001323,Ev Temizlik Gereçleri,https://www.hepsiburada.com/ev-temizlik-gerecleri-c-28002739,5,Elektronik > saatler > aycicek yaglari > mop paspas yedek ekipmanlari > Ev Temizlik Gereçleri
60000261,60002935,Gazsız İçecek,https://www.hepsiburada.com/gazsiz-icecek-c-60000261,5,Elektronik > saatler > aycicek yaglari > salgam sulari > Gazsız İçecek
80330139,60002935,kavanoz,https://www.hepsiburada.com/kavanoz-c-80330139,5,Elektronik > saatler > aycicek yaglari > salgam sulari > kavanoz
60001205,60001207,Mutfak Sarf Malzemeleri,https://www.hepsiburada.com/mutfak-sarf-malzemeleri-c-60001205,5,Elektronik > saatler > aycicek yaglari > strec filmler > Mutfak Sarf Malzemeleri
60006183,27007679,Anadolu Efes,https://www.hepsiburada.com/anadolu-efes-c-60006183,5,Elektronik > saatler > besiktas urunleri > Taraftar Ürünleri > Anadolu Efes
80857070,27007679,Samsunspor,https://www.hepsiburada.com/samsunspor-c-80857070,5,Elektronik > saatler > besiktas urunleri > Taraftar Ürünleri > Samsunspor
60000315,27007679,Taraftar Aksesuarları,https://www.hepsiburada.com/taraftar-aksesuarlari-c-60000315,5,Elektronik > saatler > besiktas urunleri > Taraftar Ürünleri > Taraftar Aksesuarları
27060580,27007679,futbol formalari,https://www.hepsiburada.com/futbol-formalari-c-27060580,5,Elektronik > saatler > besiktas urunleri > Taraftar Ürünleri > futbol formalari
243,60008975,murekkep kartuslar,https://www.hepsiburada.com/murekkep-kartuslar-c-243,5,Elektronik > saatler > bilgisayarlar > 3d yazici > murekkep kartuslar
320,60008975,tonerler,https://www.hepsiburada.com/tonerler-c-320,5,Elektronik > saatler > bilgisayarlar > 3d yazici > tonerler
60001378,42,Apple Aksesuarları,https://www.hepsiburada.com/imac-macbook-aksesuarlari-c-60001378,5,Elektronik > saatler > bilgisayarlar > Aksesuarlar > Apple Aksesuarları
80760000,42,Ek Güvence Paketleri,https://www.hepsiburada.com/ek-guvence-paketleri-c-80760000,5,Elektronik > saatler > bilgisayarlar > Aksesuarlar > Ek Güvence Paketleri
80545011,42,Ekran Kartı Aksesuarları,https://www.hepsiburada.com/ekran-karti-aksesuarlari-c-80545011,5,Elektronik > saatler > bilgisayarlar > Aksesuarlar > Ekran Kartı Aksesuarları
112970,42,Klavye Aksesuarları,https://www.hepsiburada.com/klavye-aksesuarlari-c-112970,5,Elektronik > saatler > bilgisayarlar > Aksesuarlar > Klavye Aksesuarları
98499,42,Monitör Aksesuarları,https://www.hepsiburada.com/monitor-aksesuarlari-c-98499,5,Elektronik > saatler > bilgisayarlar > Aksesuarlar > Monitör Aksesuarları
29,42,Mouse Pad,https://www.hepsiburada.com/mouse-padleri-c-29,5,Elektronik > saatler > bilgisayarlar > Aksesuarlar > Mouse Pad
98045,42,Mp3 Player Aksesuarları,https://www.hepsiburada.com/mp3-player-aksesuarlari-c-98045,5,Elektronik > saatler > bilgisayarlar > Aksesuarlar > Mp3 Player Aksesuarları
60000203,42,Tablet ve iPad Aksesuarları,https://www.hepsiburada.com/tablet-ipad-aksesuarlari-c-60000203,5,Elektronik > saatler > bilgisayarlar > Aksesuarlar > Tablet ve iPad Aksesuarları
111885,42,Taşınabilir Disk Aksesuarları,https://www.hepsiburada.com/tasinabilir-disk-aksesuarlari-c-111885,5,Elektronik > saatler > bilgisayarlar > Aksesuarlar > Taşınabilir Disk Aksesuarları
827,42,Temizlik Ürünleri,https://www.hepsiburada.com/bilgisayar-temizlik-urunleri-c-827,5,Elektronik > saatler > bilgisayarlar > Aksesuarlar > Temizlik Ürünleri
114325,42,Usb Aksesuar,https://www.hepsiburada.com/usb-aksesuarlari-c-114325,5,Elektronik > saatler > bilgisayarlar > Aksesuarlar > Usb Aksesuar
60005119,3013122,3G/4G/5G Router,https://www.hepsiburada.com/3g-4g-router-c-60005119,5,Elektronik > saatler > bilgisayarlar > Ağ / Modem > 3G/4G/5G Router
2699,3013122,Antenler / Kablolar,https://www.hepsiburada.com/modem-antenler-kablolar-c-2699,5,Elektronik > saatler > bilgisayarlar > Ağ / Modem > Antenler / Kablolar
319,3013122,Bluetooth Ürünler,https://www.hepsiburada.com/ag-modem-bluetooth-urunleri-c-319,5,Elektronik > saatler > bilgisayarlar > Ağ / Modem > Bluetooth Ürünler
119,3013122,Ethernet Kartlar,https://www.hepsiburada.com/ethernet-kartlari-c-119,5,Elektronik > saatler > bilgisayarlar > Ağ / Modem > Ethernet Kartlar
80774003,3013122,Firewall,https://www.hepsiburada.com/firewall-c-80774003,5,Elektronik > saatler > bilgisayarlar > Ağ / Modem > Firewall
97965,3013122,IP Kameralar,https://www.hepsiburada.com/ip-kameralar-c-97965,5,Elektronik > saatler > bilgisayarlar > Ağ / Modem > IP Kameralar
60008040,3013122,Kabinetler,https://www.hepsiburada.com/kabinet-c-60008040,5,Elektronik > saatler > bilgisayarlar > Ağ / Modem > Kabinetler
45,3013122,Modemler,https://www.hepsiburada.com/modemler-c-45,5,Elektronik > saatler > bilgisayarlar > Ağ / Modem > Modemler
60001671,3013122,Network Aksesuarları,https://www.hepsiburada.com/network-aksesuarlari-c-60001671,5,Elektronik > saatler > bilgisayarlar > Ağ / Modem > Network Aksesuarları
3008077,3013122,Network Kartları,https://www.hepsiburada.com/network-kartlari-c-3008077,5,Elektronik > saatler > bilgisayarlar > Ağ / Modem > Network Kartları
3016744,3013122,Powerline Ürünleri,https://www.hepsiburada.com/powerline-urunleri-c-3016744,5,Elektronik > saatler > bilgisayarlar > Ağ / Modem > Powerline Ürünleri
390,3013122,Print Server,https://www.hepsiburada.com/print-serverlar-c-390,5,Elektronik > saatler > bilgisayarlar > Ağ / Modem > Print Server
103939,3013122,Wireless Adaptör,https://www.hepsiburada.com/wireless-adaptorler-c-103939,5,Elektronik > saatler > bilgisayarlar > Ağ / Modem > Wireless Adaptör
410,3013122,access pointler,https://www.hepsiburada.com/access-pointler-c-410,5,Elektronik > saatler > bilgisayarlar > Ağ / Modem > access pointler
589,8,Dijital Video İşleme,https://www.hepsiburada.com/dijital-video-isleme-urunleri-c-589,5,Elektronik > saatler > bilgisayarlar > Bilgisayar Bileşenleri > Dijital Video İşleme
3009846,8,Optik Sürücüler,https://www.hepsiburada.com/optik-suruculer-c-3009846,5,Elektronik > saatler > bilgisayarlar > Bilgisayar Bileşenleri > Optik Sürücüler
60005722,8,Server Donanımları,https://www.hepsiburada.com/server-donanimlari-c-60005722,5,Elektronik > saatler > bilgisayarlar > Bilgisayar Bileşenleri > Server Donanımları
218,8,Ses Kartları,https://www.hepsiburada.com/ses-kartlari-c-218,5,Elektronik > saatler > bilgisayarlar > Bilgisayar Bileşenleri > Ses Kartları
54,8,Tv Kartları,https://www.hepsiburada.com/tv-kartlari-c-54,5,Elektronik > saatler > bilgisayarlar > Bilgisayar Bileşenleri > Tv Kartları
60008824,60008823,Dizüstü Bilgisayar Laptop,https://www.hepsiburada.com/dizustu-bilgisayar-laptop-yedek-parcalari-c-60008824,5,Elektronik > saatler > bilgisayarlar > Bilgisayar Yedek Parçaları > Dizüstü Bilgisayar Laptop
60008825,60008823,Tablet,https://www.hepsiburada.com/tablet-yedek-parca-c-60008825,5,Elektronik > saatler > bilgisayarlar > Bilgisayar Yedek Parçaları > Tablet
80562181,3000500,Dokunmatik Pos PC,https://www.hepsiburada.com/dokunmatik-pos-pc-c-80562181,5,Elektronik > saatler > bilgisayarlar > Bilgisayarlar > Dokunmatik Pos PC
80561022,3000500,Hazır Sistem,https://www.hepsiburada.com/hazir-sistem-c-80561022,5,Elektronik > saatler > bilgisayarlar > Bilgisayarlar > Hazır Sistem
116465,3000500,Monitör PC (All-in-One),https://www.hepsiburada.com/monitor-bilgisayarlar-c-116465,5,Elektronik > saatler > bilgisayarlar > Bilgisayarlar > Monitör PC (All-in-One)
758,3000500,Serverlar,https://www.hepsiburada.com/serverlar-c-758,5,Elektronik > saatler > bilgisayarlar > Bilgisayarlar > Serverlar
80365001,3000500,Yenilenmiş Dizüstü Bilgisayar Laptop,https://www.hepsiburada.com/ikinci-el-dizustu-bilgisayar-laptop-c-80365001,5,Elektronik > saatler > bilgisayarlar > Bilgisayarlar > Yenilenmiş Dizüstü Bilgisayar Laptop
409,86008,Oyun Bilgisayarı,https://www.hepsiburada.com/oyun-bilgisayarlari-c-409,5,Elektronik > saatler > bilgisayarlar > Oyuncu Özel > Oyun Bilgisayarı
499,86008,Oyun Donanımları,https://www.hepsiburada.com/oyuncu-donanimlari-c-499,5,Elektronik > saatler > bilgisayarlar > Oyuncu Özel > Oyun Donanımları
102820,3013121,Çoklu Depolama Ünitesi (NAS),https://www.hepsiburada.com/coklu-depolama-uniteleri-nas-c-102820,5,Elektronik > saatler > bilgisayarlar > Veri Depolama > Çoklu Depolama Ünitesi (NAS)
162,3013118,Barkod Ürünleri,https://www.hepsiburada.com/barkod-urunleri-c-162,5,Elektronik > saatler > bilgisayarlar > Yazıcı > Barkod Ürünleri
60008974,3013118,Fotoğraf Yazıcısı,https://www.hepsiburada.com/fotograf-yazicisi-c-60008974,5,Elektronik > saatler > bilgisayarlar > Yazıcı > Fotoğraf Yazıcısı
4,3013118,Mürekkep Püskürtmeli Yazıcılar (Inkjet),https://www.hepsiburada.com/murekkep-puskurtmeli-yazicilar-c-4,5,Elektronik > saatler > bilgisayarlar > Yazıcı > Mürekkep Püskürtmeli Yazıcılar (Inkjet)
5,3013118,Nokta Vuruşlu Yazıcılar,https://www.hepsiburada.com/nokta-vuruslu-yazicilar-c-5,5,Elektronik > saatler > bilgisayarlar > Yazıcı > Nokta Vuruşlu Yazıcılar
3013119,3013118,Sarf Malzemeleri,https://www.hepsiburada.com/sarf-malzemeleri-c-3013119,5,Elektronik > saatler > bilgisayarlar > Yazıcı > Sarf Malzemeleri
80077015,3013118,Süblimasyon Kalıpları,https://www.hepsiburada.com/sublimasyon-kaliplari-c-80077015,5,Elektronik > saatler > bilgisayarlar > Yazıcı > Süblimasyon Kalıpları
80194056,3013118,Tanklı Yazıcılar,https://www.hepsiburada.com/tankli-yazici-c-80194056,5,Elektronik > saatler > bilgisayarlar > Yazıcı > Tanklı Yazıcılar
80369001,3013118,Yazıcı Yedek Parça & Aksesuarları,https://www.hepsiburada.com/yazici-yedek-parca-aksesuarlari-c-80369001,5,Elektronik > saatler > bilgisayarlar > Yazıcı > Yazıcı Yedek Parça & Aksesuarları
114,3013118,yazici seritleri,https://www.hepsiburada.com/yazici-seritleri-c-114,5,Elektronik > saatler > bilgisayarlar > Yazıcı > yazici seritleri
90909,3013118,Çiziciler,https://www.hepsiburada.com/ciziciler-c-90909,5,Elektronik > saatler > bilgisayarlar > Yazıcı > Çiziciler
60000207,41,Antivirüs ve Güvenlik,https://www.hepsiburada.com/guvenlik-antivirus-programlari-c-60000207,5,Elektronik > saatler > bilgisayarlar > Yazılım Ürünleri > Antivirüs ve Güvenlik
80058013,41,Dijital İndirilebilir Lisans,https://www.hepsiburada.com/dijital-indirilebilir-lisans-c-80058013,5,Elektronik > saatler > bilgisayarlar > Yazılım Ürünleri > Dijital İndirilebilir Lisans
3007065,41,Eğitim Yazılımları,https://www.hepsiburada.com/egitim-yazilimlari-c-3007065,5,Elektronik > saatler > bilgisayarlar > Yazılım Ürünleri > Eğitim Yazılımları
60000204,41,Kültür ve Hobi Yazılımları,https://www.hepsiburada.com/kultur-hobi-yazilimlari-c-60000204,5,Elektronik > saatler > bilgisayarlar > Yazılım Ürünleri > Kültür ve Hobi Yazılımları
60000206,41,Tasarım Yazılımları,https://www.hepsiburada.com/tasarim-yazilimlari-c-60000206,5,Elektronik > saatler > bilgisayarlar > Yazılım Ürünleri > Tasarım Yazılımları
60000208,41,Ticari Yazılımlar,https://www.hepsiburada.com/ticari-yazilimlar-c-60000208,5,Elektronik > saatler > bilgisayarlar > Yazılım Ürünleri > Ticari Yazılımlar
740,41,Çeviri ve Sözlük Yazılımları,https://www.hepsiburada.com/ceviri-sozluk-yazilimlari-c-740,5,Elektronik > saatler > bilgisayarlar > Yazılım Ürünleri > Çeviri ve Sözlük Yazılımları
1125,46,sogutucular overclock,https://www.hepsiburada.com/sogutucular-overclock-c-1125,5,Elektronik > saatler > bilgisayarlar > islemciler > sogutucular overclock
16113,60004548,sarj cihazlari,https://www.hepsiburada.com/sarj-cihazlari-c-16113,5,Elektronik > saatler > bilgisayarlar > kulak ustu kulakliklar > sarj cihazlari
95582,34,oyuncu masaustu bilgisayarlari,https://www.hepsiburada.com/oyuncu-masaustu-bilgisayarlari-c-95582,5,Elektronik > saatler > bilgisayarlar > masaustu bilgisayarlar > oyuncu masaustu bilgisayarlari
1190,60000818,oyuncu klavyeleri,https://www.hepsiburada.com/oyuncu-klavyeleri-c-1190,5,Elektronik > saatler > bilgisayarlar > tablet kiliflari > oyuncu klavyeleri
813,3013120,Dvd/Hdd Kasaları,https://www.hepsiburada.com/dvd-harddisk-kutulari-c-813,5,Elektronik > saatler > bilgisayarlar > Çevre Birimleri > Dvd/Hdd Kasaları
848,3013120,Elektronik Sözlükler,https://www.hepsiburada.com/elektronik-sozlukler-c-848,5,Elektronik > saatler > bilgisayarlar > Çevre Birimleri > Elektronik Sözlükler
1,3013120,Klavye,https://www.hepsiburada.com/klavyeler-c-1,5,Elektronik > saatler > bilgisayarlar > Çevre Birimleri > Klavye
18,3013120,Ses Ve Görüntü Ürünleri,https://www.hepsiburada.com/ses-goruntu-urunleri-c-18,5,Elektronik > saatler > bilgisayarlar > Çevre Birimleri > Ses Ve Görüntü Ürünleri
80448051,3013120,Simülasyon Aksesuarları,https://www.hepsiburada.com/simulasyon-aksesuarlari-c-80448051,5,Elektronik > saatler > bilgisayarlar > Çevre Birimleri > Simülasyon Aksesuarları
639,3013120,Usb / Firewire Ürünleri,https://www.hepsiburada.com/usb-firewire-urunleri-c-639,5,Elektronik > saatler > bilgisayarlar > Çevre Birimleri > Usb / Firewire Ürünleri
520,3013120,kulakliklar,https://www.hepsiburada.com/kulakliklar-c-520,5,Elektronik > saatler > bilgisayarlar > Çevre Birimleri > kulakliklar
234329,235604,Ankastre Setler,https://www.hepsiburada.com/ankastre-setler-c-234329,5,Elektronik > saatler > camasir makineleri > Beyaz Eşya & Ankastre Ürünleri > Ankastre Setler
60004956,235604,Beyaz Eşya Yedek Parçaları,https://www.hepsiburada.com/beyaz-esya-bakim-urunleri-c-60004956,5,Elektronik > saatler > camasir makineleri > Beyaz Eşya & Ankastre Ürünleri > Beyaz Eşya Yedek Parçaları
80256005,235604,Ek Güvence Paketleri,https://www.hepsiburada.com/ek-guvence-paketleri-c-80256005,5,Elektronik > saatler > camasir makineleri > Beyaz Eşya & Ankastre Ürünleri > Ek Güvence Paketleri
60003096,235604,Endüstriyel Mutfak Ürünleri,https://www.hepsiburada.com/endustriyel-mutfak-urunleri-c-60003096,5,Elektronik > saatler > camasir makineleri > Beyaz Eşya & Ankastre Ürünleri > Endüstriyel Mutfak Ürünleri
80813000,235604,Kurutmalı Çamaşır Makineleri,https://www.hepsiburada.com/kurutmali-camasir-makinesi-c-80813000,5,Elektronik > saatler > camasir makineleri > Beyaz Eşya & Ankastre Ürünleri > Kurutmalı Çamaşır Makineleri
60005511,235604,beyaz esya paketleri,https://www.hepsiburada.com/beyaz-esya-paketleri-c-60005511,5,Elektronik > saatler > camasir makineleri > Beyaz Eşya & Ankastre Ürünleri > beyaz esya paketleri
80813001,235604,Şarap Dolapları,https://www.hepsiburada.com/sarap-dolabi-c-80813001,5,Elektronik > saatler > camasir makineleri > Beyaz Eşya & Ankastre Ürünleri > Şarap Dolapları
60001549,2147483637,Ev Gereçleri,https://www.hepsiburada.com/ev-gerecleri-c-60001549,5,Elektronik > saatler > camasir makineleri > Beyaz Eşya Mutfak Ürünleri > Ev Gereçleri
22500,2147483637,Mutfak Gereçleri,https://www.hepsiburada.com/mutfak-gerecleri-c-22500,5,Elektronik > saatler > camasir makineleri > Beyaz Eşya Mutfak Ürünleri > Mutfak Gereçleri
80167008,231925,ceyiz setleri,https://www.hepsiburada.com/ceyiz-setleri-c-80167008,5,Elektronik > saatler > camasir makineleri > baharat setleri > ceyiz setleri
22535,60000274,Tencere Setleri Tencereler,https://www.hepsiburada.com/tencere-setleri-tencereler-c-22535,5,Elektronik > saatler > camasir makineleri > dokum tencereler > Tencere Setleri Tencereler
60000268,17006471,dokum tavalar,https://www.hepsiburada.com/dokum-tavalar-c-60000268,5,Elektronik > saatler > camasir makineleri > duduklu tencereler > dokum tavalar
60000276,17006471,seramik tencereler,https://www.hepsiburada.com/seramik-tencereler-c-60000276,5,Elektronik > saatler > camasir makineleri > duduklu tencereler > seramik tencereler
232495,60006400,mutfak sefi,https://www.hepsiburada.com/mutfak-sefi-c-232495,5,Elektronik > saatler > camasir makineleri > elektrikli cay makineleri > mutfak sefi
60003715,22350,Bardaklar,https://www.hepsiburada.com/bardaklar-c-60003715,5,Elektronik > saatler > camasir makineleri > fincanlar > Bardaklar
80320060,231987,Yemek Hazırlama Gereçleri,https://www.hepsiburada.com/yemek-hazirlama-gerecleri-c-80320060,5,Elektronik > saatler > camasir makineleri > kesme tahtalari > Yemek Hazırlama Gereçleri
60003748,22018,mutfak tartilari,https://www.hepsiburada.com/mutfak-tartilari-c-60003748,5,Elektronik > saatler > camasir makineleri > kiyma makineleri > mutfak tartilari
80667016,60003714,"Sofra, Servis & Sunum",https://www.hepsiburada.com/sofra-servis-sunum-c-80667016,5,"Elektronik > saatler > camasir makineleri > surahiler > Sofra, Servis & Sunum"
22056,22014,misir patlatma makineleri,https://www.hepsiburada.com/misir-patlatma-makineleri-c-22056,5,Elektronik > saatler > camasir makineleri > tost makineleri > misir patlatma makineleri
80079038,60006229,Akıllı Ev & Yaşam,https://www.hepsiburada.com/akilli-ev-yasam-c-80079038,5,Elektronik > saatler > cep telefonlari > Ek Güvence Paketleri > Akıllı Ev & Yaşam
2147483616,60006229,Petshop,https://www.hepsiburada.com/pet-shop-c-2147483616,5,Elektronik > saatler > cep telefonlari > Ek Güvence Paketleri > Petshop
60000210,27078135,Fb Ev,https://www.hepsiburada.com/fenerbahce-ev-urunleri-c-60000210,5,Elektronik > saatler > fenerium > Aksesuar > Fb Ev
373486,27078135,Fb Takı Aksesuar,https://www.hepsiburada.com/fenerbahce-taki-aksesuarlari-c-373486,5,Elektronik > saatler > fenerium > Aksesuar > Fb Takı Aksesuar
383804,27078135,Fb Toplar,https://www.hepsiburada.com/fenerbahce-toplar-c-383804,5,Elektronik > saatler > fenerium > Aksesuar > Fb Toplar
27077333,27075532,Eşofman,https://www.hepsiburada.com/erkek-fenerbahce-esofmanlari-c-27077333,5,Elektronik > saatler > fenerium > Erkek > Eşofman
60005239,27075532,Formalar,https://www.hepsiburada.com/fenerbahce-erkek-formalari-c-60005239,5,Elektronik > saatler > fenerium > Erkek > Formalar
27075533,27075532,T-Shirt,https://www.hepsiburada.com/fenerbahce-erkek-t-shirt-c-27075533,5,Elektronik > saatler > fenerium > Erkek > T-Shirt
27077320,27075569,Elbise,https://www.hepsiburada.com/elbise-c-27077320,5,Elektronik > saatler > fenerium > Kadın > Elbise
27077327,27075569,Eşofman,https://www.hepsiburada.com/esofman-c-27077327,5,Elektronik > saatler > fenerium > Kadın > Eşofman
27077265,27075569,Sweatshirt,https://www.hepsiburada.com/sweat-shirt-c-27077265,5,Elektronik > saatler > fenerium > Kadın > Sweatshirt
27075570,27075569,T-Shirt,https://www.hepsiburada.com/fenerbahce-bayan-t-shirt-c-27075570,5,Elektronik > saatler > fenerium > Kadın > T-Shirt
80678027,27075642,Eşofman,https://www.hepsiburada.com/esofman-c-80678027,5,Elektronik > saatler > fenerium > Çocuk > Eşofman
60005114,27075642,FB Çocuk Forması,https://www.hepsiburada.com/fenerbahce-cocuk-formalari-c-60005114,5,Elektronik > saatler > fenerium > Çocuk > FB Çocuk Forması
27077266,27075642,Sweatshirt,https://www.hepsiburada.com/sweat-shirt-c-27077266,5,Elektronik > saatler > fenerium > Çocuk > Sweatshirt
27076012,27075642,T-Shirt,https://www.hepsiburada.com/fenerium-cocuk-t-shirt-c-27076012,5,Elektronik > saatler > fenerium > Çocuk > T-Shirt
27076390,27075642,Şapka,https://www.hepsiburada.com/sapka-c-27076390,5,Elektronik > saatler > fenerium > Çocuk > Şapka
177775,10007302,Animasyon / Canlandırma,https://www.hepsiburada.com/animasyon-filmleri-c-177775,5,Elektronik > saatler > filmler > Animasyon / Çizgi Film > Animasyon / Canlandırma
11010,10007302,Çocuk Filmleri,https://www.hepsiburada.com/cocuk-filmleri-c-11010,5,Elektronik > saatler > filmler > Animasyon / Çizgi Film > Çocuk Filmleri
10007303,177407,Bilim Belgeselleri,https://www.hepsiburada.com/bilim-belgeselleri-c-10007303,5,Elektronik > saatler > filmler > Belgesel > Bilim Belgeselleri
177410,177407,Dini Belgeseller,https://www.hepsiburada.com/dini-belgeseller-c-177410,5,Elektronik > saatler > filmler > Belgesel > Dini Belgeseller
177415,177407,Discovery Channel,https://www.hepsiburada.com/discovery-channel-belgeselleri-c-177415,5,Elektronik > saatler > filmler > Belgesel > Discovery Channel
181529,177407,Doğa Belgeselleri,https://www.hepsiburada.com/doga-belgeselleri-c-181529,5,Elektronik > saatler > filmler > Belgesel > Doğa Belgeselleri
177421,177407,Filmografi Belgeselleri,https://www.hepsiburada.com/filmografi-belgeselleri-c-177421,5,Elektronik > saatler > filmler > Belgesel > Filmografi Belgeselleri
177412,177407,Gezi Belgeselleri,https://www.hepsiburada.com/gezi-belgeselleri-c-177412,5,Elektronik > saatler > filmler > Belgesel > Gezi Belgeselleri
10007294,177407,Kültür / Sanat Belgeselleri,https://www.hepsiburada.com/kultur-sanat-belgesel-filmleri-c-10007294,5,Elektronik > saatler > filmler > Belgesel > Kültür / Sanat Belgeselleri
178123,177407,Kültür ve Sanat,https://www.hepsiburada.com/kultur-sanat-belgeselleri-c-178123,5,Elektronik > saatler > filmler > Belgesel > Kültür ve Sanat
177416,177407,National Geographic,https://www.hepsiburada.com/national-geographic-belgeselleri-c-177416,5,Elektronik > saatler > filmler > Belgesel > National Geographic
10007300,177407,Vahşi Yaşam / Yeryüzü Belgeselleri,https://www.hepsiburada.com/vahsi-yasam-yeryuzu-belgesel-filmleri-c-10007300,5,Elektronik > saatler > filmler > Belgesel > Vahşi Yaşam / Yeryüzü Belgeselleri
177420,177407,Yaşam Öyküleri,https://www.hepsiburada.com/yasam-oykusu-belgeselleri-c-177420,5,Elektronik > saatler > filmler > Belgesel > Yaşam Öyküleri
10007304,177407,İnsan / Genetik Belgeselleri,https://www.hepsiburada.com/insan-genetik-belgeselleri-c-10007304,5,Elektronik > saatler > filmler > Belgesel > İnsan / Genetik Belgeselleri
186049,176839,Anne ve Çocuk Sağlığı,https://www.hepsiburada.com/anne-cocuk-sagligi-filmleri-c-186049,5,Elektronik > saatler > filmler > Eğitim / Sağlık > Anne ve Çocuk Sağlığı
186052,176839,Bebek ve Çocuk Eğitimi,https://www.hepsiburada.com/bebek-cocuk-egitim-dvd-setleri-c-186052,5,Elektronik > saatler > filmler > Eğitim / Sağlık > Bebek ve Çocuk Eğitimi
186050,176839,Bilgisayar Eğitimleri,https://www.hepsiburada.com/bilgisayar-egitim-setleri-goruntulu-c-186050,5,Elektronik > saatler > filmler > Eğitim / Sağlık > Bilgisayar Eğitimleri
186924,176839,Cilt Bakımı ve Güzellik,https://www.hepsiburada.com/cilt-bakimi-guzellik-dvd-setleri-c-186924,5,Elektronik > saatler > filmler > Eğitim / Sağlık > Cilt Bakımı ve Güzellik
186051,176839,Dans Eğitimleri,https://www.hepsiburada.com/dans-egitimleri-cd-dvd-c-186051,5,Elektronik > saatler > filmler > Eğitim / Sağlık > Dans Eğitimleri
10005805,176839,Ders Eğitimi,https://www.hepsiburada.com/ders-egitimi-dvd-setleri-c-10005805,5,Elektronik > saatler > filmler > Eğitim / Sağlık > Ders Eğitimi
186048,176839,Dil Eğitimi,https://www.hepsiburada.com/goruntulu-dil-egitim-setleri-c-186048,5,Elektronik > saatler > filmler > Eğitim / Sağlık > Dil Eğitimi
186047,176839,Genel Sağlık,https://www.hepsiburada.com/genel-saglik-filmleri-c-186047,5,Elektronik > saatler > filmler > Eğitim / Sağlık > Genel Sağlık
178013,176839,Hobi,https://www.hepsiburada.com/hobi-filmleri-c-178013,5,Elektronik > saatler > filmler > Eğitim / Sağlık > Hobi
10006664,10005596,3D Gözlükler,https://www.hepsiburada.com/3d-gozlukler-c-10006664,5,Elektronik > saatler > filmler > Film Figür / Aksesuarları > 3D Gözlükler
10005377,10005596,Action Figure,https://www.hepsiburada.com/action-figure-aksesuarlari-c-10005377,5,Elektronik > saatler > filmler > Film Figür / Aksesuarları > Action Figure
10005378,10005596,Bust - Mini Büst,https://www.hepsiburada.com/bust-mini-bust-aksesuarlari-c-10005378,5,Elektronik > saatler > filmler > Film Figür / Aksesuarları > Bust - Mini Büst
10005612,10005596,DVD/VCD Koruyucu Aksesuarları,https://www.hepsiburada.com/dvd-vcd-koruyucu-aksesuarlari-c-10005612,5,Elektronik > saatler > filmler > Film Figür / Aksesuarları > DVD/VCD Koruyucu Aksesuarları
10005414,10005596,Replica,https://www.hepsiburada.com/replica-figurleri-c-10005414,5,Elektronik > saatler > filmler > Film Figür / Aksesuarları > Replica
10005379,10005596,Statue - Heykel,https://www.hepsiburada.com/statue-heykel-figurleri-c-10005379,5,Elektronik > saatler > filmler > Film Figür / Aksesuarları > Statue - Heykel
11017,10007318,Gösteri Sanatları,https://www.hepsiburada.com/gosteri-sanatlari-c-11017,5,Elektronik > saatler > filmler > Müzik / Sahne > Gösteri Sanatları
10007320,10007318,Yabancı,https://www.hepsiburada.com/yabanci-muzik-sahneleri-c-10007320,5,Elektronik > saatler > filmler > Müzik / Sahne > Yabancı
10007319,10007318,Yerli,https://www.hepsiburada.com/yerli-muzik-sahneleri-c-10007319,5,Elektronik > saatler > filmler > Müzik / Sahne > Yerli
60002760,10007953,Doğa Posterleri,https://www.hepsiburada.com/doga-posterleri-c-60002760,5,Elektronik > saatler > filmler > Poster > Doğa Posterleri
60002761,10007953,Film Posterleri,https://www.hepsiburada.com/film-posterleri-c-60002761,5,Elektronik > saatler > filmler > Poster > Film Posterleri
60002762,10007953,Mizah ve Genel,https://www.hepsiburada.com/mizah-genel-posterler-c-60002762,5,Elektronik > saatler > filmler > Poster > Mizah ve Genel
60002763,10007953,Müzik Posterleri,https://www.hepsiburada.com/muzik-posterleri-c-60002763,5,Elektronik > saatler > filmler > Poster > Müzik Posterleri
60002759,10007953,Spor Posterleri,https://www.hepsiburada.com/spor-posterleri-c-60002759,5,Elektronik > saatler > filmler > Poster > Spor Posterleri
186002,177278,Aerobic / Fitness,https://www.hepsiburada.com/aerobic-fitness-dvd-setleri-c-186002,5,Elektronik > saatler > filmler > Spor / Yoga / Hobi > Aerobic / Fitness
186000,177278,Pilates Filmleri,https://www.hepsiburada.com/pilates-filmleri-c-186000,5,Elektronik > saatler > filmler > Spor / Yoga / Hobi > Pilates Filmleri
185999,177278,Yoga,https://www.hepsiburada.com/yoga-dvd-filmleri-c-185999,5,Elektronik > saatler > filmler > Spor / Yoga / Hobi > Yoga
11002,10007286,Aksiyon / Macera,https://www.hepsiburada.com/yabanci-aksiyon-macera-filmleri-c-11002,5,Elektronik > saatler > filmler > Yabancı Film > Aksiyon / Macera
11004,10007286,Drama / Duygusal,https://www.hepsiburada.com/yabanci-dram-duygusal-filmleri-c-11004,5,Elektronik > saatler > filmler > Yabancı Film > Drama / Duygusal
11003,10007286,Fantastik / Bilim Kurgu,https://www.hepsiburada.com/yabanci-fantastik-bilim-kurgu-filmleri-c-11003,5,Elektronik > saatler > filmler > Yabancı Film > Fantastik / Bilim Kurgu
172993,10007286,Gençlik,https://www.hepsiburada.com/yabanci-genclik-filmleri-c-172993,5,Elektronik > saatler > filmler > Yabancı Film > Gençlik
11011,10007286,Klasikler,https://www.hepsiburada.com/yabanci-klasik-filmler-c-11011,5,Elektronik > saatler > filmler > Yabancı Film > Klasikler
11005,10007286,Komedi,https://www.hepsiburada.com/yabanci-komedi-filmleri-c-11005,5,Elektronik > saatler > filmler > Yabancı Film > Komedi
11006,10007286,Korku / Gerilim,https://www.hepsiburada.com/yabanci-korku-gerilim-filmleri-c-11006,5,Elektronik > saatler > filmler > Yabancı Film > Korku / Gerilim
177297,10007286,Playboy,https://www.hepsiburada.com/playboy-filmleri-c-177297,5,Elektronik > saatler > filmler > Yabancı Film > Playboy
179928,10007286,Savaş & Askeri,https://www.hepsiburada.com/yabanci-savas-askeri-filmleri-c-179928,5,Elektronik > saatler > filmler > Yabancı Film > Savaş & Askeri
11015,10007286,Western,https://www.hepsiburada.com/western-filmleri-c-11015,5,Elektronik > saatler > filmler > Yabancı Film > Western
177281,10007286,Yabancı Diziler,https://www.hepsiburada.com/yabanci-diziler-c-177281,5,Elektronik > saatler > filmler > Yabancı Film > Yabancı Diziler
177299,10007286,Yabancı Erotik,https://www.hepsiburada.com/yabanci-erotik-filmler-c-177299,5,Elektronik > saatler > filmler > Yabancı Film > Yabancı Erotik
174710,10007286,Özel Setler,https://www.hepsiburada.com/ozel-yabanci-film-setleri-c-174710,5,Elektronik > saatler > filmler > Yabancı Film > Özel Setler
10007291,178174,Aksiyon / Macera,https://www.hepsiburada.com/yerli-aksiyon-macera-filmleri-c-10007291,5,Elektronik > saatler > filmler > Yerli Film > Aksiyon / Macera
10007287,178174,Drama / Duygusal,https://www.hepsiburada.com/yerli-drama-duygusal-filmleri-c-10007287,5,Elektronik > saatler > filmler > Yerli Film > Drama / Duygusal
178180,178174,Eski Türk Sinema Filmleri,https://www.hepsiburada.com/eski-turk-sinema-filmleri-c-178180,5,Elektronik > saatler > filmler > Yerli Film > Eski Türk Sinema Filmleri
10007288,178174,Gençlik,https://www.hepsiburada.com/yerli-genclik-filmleri-c-10007288,5,Elektronik > saatler > filmler > Yerli Film > Gençlik
10007289,178174,Komedi,https://www.hepsiburada.com/yerli-komedi-filmleri-c-10007289,5,Elektronik > saatler > filmler > Yerli Film > Komedi
10007290,178174,Korku / Gerilim,https://www.hepsiburada.com/yerli-korku-gerilim-filmleri-c-10007290,5,Elektronik > saatler > filmler > Yerli Film > Korku / Gerilim
177280,178174,Yerli Diziler,https://www.hepsiburada.com/yerli-diziler-c-177280,5,Elektronik > saatler > filmler > Yerli Film > Yerli Diziler
177298,178174,Yerli Erotik,https://www.hepsiburada.com/yerli-erotik-filmler-c-177298,5,Elektronik > saatler > filmler > Yerli Film > Yerli Erotik
10007292,178174,Özel Setler,https://www.hepsiburada.com/ozel-yerli-film-setleri-c-10007292,5,Elektronik > saatler > filmler > Yerli Film > Özel Setler
231596,22001,Buharlı Pişiriciler,https://www.hepsiburada.com/buharli-pisiriciler-c-231596,5,Elektronik > saatler > fritozler > Elektrikli Mutfak Aletleri > Buharlı Pişiriciler
22009,22001,Ekmek Kızartıcılar,https://www.hepsiburada.com/ekmek-kizarticilar-c-22009,5,Elektronik > saatler > fritozler > Elektrikli Mutfak Aletleri > Ekmek Kızartıcılar
232541,22001,Elektrikli Tencere/Tavalar,https://www.hepsiburada.com/elektrikli-tencere-tavalar-c-232541,5,Elektronik > saatler > fritozler > Elektrikli Mutfak Aletleri > Elektrikli Tencere/Tavalar
80752000,22001,Elektrikli Çeyiz Seti,https://www.hepsiburada.com/elektrikli-ceyiz-seti-c-80752000,5,Elektronik > saatler > fritozler > Elektrikli Mutfak Aletleri > Elektrikli Çeyiz Seti
233088,22001,Mini/Midi Fırınlar,https://www.hepsiburada.com/mini-midi-firinlar-c-233088,5,Elektronik > saatler > fritozler > Elektrikli Mutfak Aletleri > Mini/Midi Fırınlar
60005961,22001,Soda Makinesi,https://www.hepsiburada.com/soda-makinesi-c-60005961,5,Elektronik > saatler > fritozler > Elektrikli Mutfak Aletleri > Soda Makinesi
232334,22001,Yoğurt Makineleri,https://www.hepsiburada.com/yogurt-makineleri-c-232334,5,Elektronik > saatler > fritozler > Elektrikli Mutfak Aletleri > Yoğurt Makineleri
60002403,22001,Özel Mutfak Aletleri,https://www.hepsiburada.com/ozel-mutfak-aletleri-c-60002403,5,Elektronik > saatler > fritozler > Elektrikli Mutfak Aletleri > Özel Mutfak Aletleri
358556,23011,Atkı,https://www.hepsiburada.com/galatasaray-atkilari-c-358556,5,Elektronik > saatler > galatasaray store urunleri > Aksesuarlar > Atkı
357801,23011,Diğer Aksesuarlar,https://www.hepsiburada.com/galatasaray-diger-aksesuarlar-c-357801,5,Elektronik > saatler > galatasaray store urunleri > Aksesuarlar > Diğer Aksesuarlar
383845,23011,Rozet,https://www.hepsiburada.com/galatasaray-rozetleri-c-383845,5,Elektronik > saatler > galatasaray store urunleri > Aksesuarlar > Rozet
23008,23011,Top,https://www.hepsiburada.com/galatasaray-toplari-c-23008,5,Elektronik > saatler > galatasaray store urunleri > Aksesuarlar > Top
357811,23011,Çanta & Cüzdan,https://www.hepsiburada.com/galatasaray-cantalari-cuzdanlari-c-357811,5,Elektronik > saatler > galatasaray store urunleri > Aksesuarlar > Çanta & Cüzdan
383856,23011,Şapka & Bere,https://www.hepsiburada.com/galatasaray-sapkalari-bereleri-c-383856,5,Elektronik > saatler > galatasaray store urunleri > Aksesuarlar > Şapka & Bere
23074,23069,Bebek Takım,https://www.hepsiburada.com/galatasaray-bebek-takimlari-c-23074,5,Elektronik > saatler > galatasaray store urunleri > Bebek > Bebek Takım
357799,23069,Body,https://www.hepsiburada.com/galatasaray-bebek-bodyleri-c-357799,5,Elektronik > saatler > galatasaray store urunleri > Bebek > Body
357798,23069,Hastane Çıkışı,https://www.hepsiburada.com/hastane-cikisi-urunleri-c-357798,5,Elektronik > saatler > galatasaray store urunleri > Bebek > Hastane Çıkışı
23046,23069,Pantolon,https://www.hepsiburada.com/galatasaray-bebek-pantolonlari-c-23046,5,Elektronik > saatler > galatasaray store urunleri > Bebek > Pantolon
351502,23069,Sweatshirt,https://www.hepsiburada.com/galatasaray-bebek-sweatshirt-c-351502,5,Elektronik > saatler > galatasaray store urunleri > Bebek > Sweatshirt
23072,23069,Tulum,https://www.hepsiburada.com/galatasaray-tulumlar-c-23072,5,Elektronik > saatler > galatasaray store urunleri > Bebek > Tulum
357789,23006,Eşofman,https://www.hepsiburada.com/galatasaray-erkek-esofmanlari-c-357789,5,Elektronik > saatler > galatasaray store urunleri > Erkek > Eşofman
23045,23006,Kaban & Mont,https://www.hepsiburada.com/galatasaray-erkek-kabanlari-montlari-c-23045,5,Elektronik > saatler > galatasaray store urunleri > Erkek > Kaban & Mont
365050,23006,Sweatshirt,https://www.hepsiburada.com/galatasaray-erkek-sweatshirt-c-365050,5,Elektronik > saatler > galatasaray store urunleri > Erkek > Sweatshirt
25711,23006,T-Shirt,https://www.hepsiburada.com/galatasaray-erkek-t-shirt-c-25711,5,Elektronik > saatler > galatasaray store urunleri > Erkek > T-Shirt
357785,23006,Şort,https://www.hepsiburada.com/galatasaray-erkek-sortlari-c-357785,5,Elektronik > saatler > galatasaray store urunleri > Erkek > Şort
363755,357353,Battaniye & Nevresim,https://www.hepsiburada.com/galatasaray-nevresimler-c-363755,5,Elektronik > saatler > galatasaray store urunleri > Ev & Ofis > Battaniye & Nevresim
357827,357353,Kupa & Mug,https://www.hepsiburada.com/galatasaray-kupa-muglar-c-357827,5,Elektronik > saatler > galatasaray store urunleri > Ev & Ofis > Kupa & Mug
23001,23003,Futbol Formaları,https://www.hepsiburada.com/galatasaray-futbol-formalari-c-23001,5,Elektronik > saatler > galatasaray store urunleri > Formalar > Futbol Formaları
357791,23007,Eşofman & Kapri,https://www.hepsiburada.com/galatasaray-esofman-kapriler-c-357791,5,Elektronik > saatler > galatasaray store urunleri > Kadın > Eşofman & Kapri
23023,23007,T-Shirt,https://www.hepsiburada.com/galatasaray-kadin-t-shirt-c-23023,5,Elektronik > saatler > galatasaray store urunleri > Kadın > T-Shirt
365062,23018,Eşofman,https://www.hepsiburada.com/galatasaray-cocuk-esofmanlari-c-365062,5,Elektronik > saatler > galatasaray store urunleri > Çocuk > Eşofman
357797,23018,Mont,https://www.hepsiburada.com/galasaray-cocuk-montlari-c-357797,5,Elektronik > saatler > galatasaray store urunleri > Çocuk > Mont
365056,23018,Sweatshirt,https://www.hepsiburada.com/galatasaray-cocuk-sweatshirt-c-365056,5,Elektronik > saatler > galatasaray store urunleri > Çocuk > Sweatshirt
357795,23018,T-Shirt,https://www.hepsiburada.com/galatasaray-cocuk-t-shirt-c-357795,5,Elektronik > saatler > galatasaray store urunleri > Çocuk > T-Shirt
388716,23018,Çocuk Takım,https://www.hepsiburada.com/galatasaray-cocuk-takimlar-c-388716,5,Elektronik > saatler > galatasaray store urunleri > Çocuk > Çocuk Takım
60001737,60001735,Aile Hayatı & Evlilik,https://www.hepsiburada.com/aile-hayati-kitaplari-c-60001737,5,Elektronik > saatler > kitaplar > Aile & Çocuk Bakımı > Aile Hayatı & Evlilik
1501608,60001735,Aile Sağlığı,https://www.hepsiburada.com/aile-sagligi-kitaplari-c-1501608,5,Elektronik > saatler > kitaplar > Aile & Çocuk Bakımı > Aile Sağlığı
60001736,60001735,Anne - Baba Kitaplığı,https://www.hepsiburada.com/anne-baba-icin-kitaplar-c-60001736,5,Elektronik > saatler > kitaplar > Aile & Çocuk Bakımı > Anne - Baba Kitaplığı
80690018,60001735,Bebek Bakımı,https://www.hepsiburada.com/bebek-bakimi-c-80690018,5,Elektronik > saatler > kitaplar > Aile & Çocuk Bakımı > Bebek Bakımı
80181017,60001735,Hamilelik,https://www.hepsiburada.com/hamilelik-kitaplari-c-80181017,5,Elektronik > saatler > kitaplar > Aile & Çocuk Bakımı > Hamilelik
9935,60001735,Çocuk Bakımı & Ebeveynlik,https://www.hepsiburada.com/cocuk-bakimi-kitaplari-c-9935,5,Elektronik > saatler > kitaplar > Aile & Çocuk Bakımı > Çocuk Bakımı & Ebeveynlik
211846,15033031,Bilim - Teknik - Mühendislik,https://www.hepsiburada.com/bilim-teknik-muhendislik-kitaplari-c-211846,5,Elektronik > saatler > kitaplar > Akademik > Bilim - Teknik - Mühendislik
15033032,15033031,Edebiyat,https://www.hepsiburada.com/akademik-edebiyat-kitaplari-c-15033032,5,Elektronik > saatler > kitaplar > Akademik > Edebiyat
9943,15033031,Felsefe,https://www.hepsiburada.com/felsefe-kitaplari-c-9943,5,Elektronik > saatler > kitaplar > Akademik > Felsefe
1504149,15033031,Hukuk,https://www.hepsiburada.com/hukuk-kitaplari-c-1504149,5,Elektronik > saatler > kitaplar > Akademik > Hukuk
9950,15033031,Kuram,https://www.hepsiburada.com/kuram-kitaplari-c-9950,5,Elektronik > saatler > kitaplar > Akademik > Kuram
9953,15033031,Tıp,https://www.hepsiburada.com/tip-yayinlari-kitaplari-c-9953,5,Elektronik > saatler > kitaplar > Akademik > Tıp
9907,15033031,İnceleme,https://www.hepsiburada.com/inceleme-kitaplari-c-9907,5,Elektronik > saatler > kitaplar > Akademik > İnceleme
1502108,1501689,Araştırma,https://www.hepsiburada.com/arastirma-c-1502108,5,"Elektronik > saatler > kitaplar > Araştırma ,Tarih & Siyaset > Araştırma"
15033040,1501689,Araştırma Kitapları,https://www.hepsiburada.com/arastirma-c-15033040,5,"Elektronik > saatler > kitaplar > Araştırma ,Tarih & Siyaset > Araştırma Kitapları"
9958,1501689,Güncel - Genel Konular,https://www.hepsiburada.com/guncel-genel-konular-c-9958,5,"Elektronik > saatler > kitaplar > Araştırma ,Tarih & Siyaset > Güncel - Genel Konular"
9946,1501689,Siyaset & İdeolojiler,https://www.hepsiburada.com/siyaset-ideoloji-kitaplari-c-9946,5,"Elektronik > saatler > kitaplar > Araştırma ,Tarih & Siyaset > Siyaset & İdeolojiler"
9939,1501689,Tarih,https://www.hepsiburada.com/tarih-kitaplari-c-9939,5,"Elektronik > saatler > kitaplar > Araştırma ,Tarih & Siyaset > Tarih"
15018810,10004,Bilim Dergileri,https://www.hepsiburada.com/bilim-dergileri-c-15018810,5,Elektronik > saatler > kitaplar > Dergi > Bilim Dergileri
15018807,10004,Dergi Abonelikleri,https://www.hepsiburada.com/dergi-abonelikleri-c-15018807,5,Elektronik > saatler > kitaplar > Dergi > Dergi Abonelikleri
15018811,10004,Edebiyat Dergileri,https://www.hepsiburada.com/edebiyat-dergileri-c-15018811,5,Elektronik > saatler > kitaplar > Dergi > Edebiyat Dergileri
15023521,10004,Hukuk Dergileri,https://www.hepsiburada.com/hukuk-dergileri-c-15023521,5,Elektronik > saatler > kitaplar > Dergi > Hukuk Dergileri
15020596,10004,Kültür Dergileri,https://www.hepsiburada.com/kultur-dergileri-c-15020596,5,Elektronik > saatler > kitaplar > Dergi > Kültür Dergileri
15018814,10004,Sanat Dergileri,https://www.hepsiburada.com/sanat-dergileri-c-15018814,5,Elektronik > saatler > kitaplar > Dergi > Sanat Dergileri
15018813,10004,Sağlık Dergileri,https://www.hepsiburada.com/saglik-dergileri-c-15018813,5,Elektronik > saatler > kitaplar > Dergi > Sağlık Dergileri
15018812,10004,Sinema & TV Dergileri,https://www.hepsiburada.com/sinema-tv-dergileri-c-15018812,5,Elektronik > saatler > kitaplar > Dergi > Sinema & TV Dergileri
15018809,10004,Tarih Dergileri,https://www.hepsiburada.com/tarih-dergileri-c-15018809,5,Elektronik > saatler > kitaplar > Dergi > Tarih Dergileri
80660029,10004,Çocuk Dergileri,https://www.hepsiburada.com/cocuk-dergileri-c-80660029,5,Elektronik > saatler > kitaplar > Dergi > Çocuk Dergileri
80562392,10004,İş Dünyası & Ekonomi,https://www.hepsiburada.com/is-dunyasi-ekonomi-c-80562392,5,Elektronik > saatler > kitaplar > Dergi > İş Dünyası & Ekonomi
80235050,80196008,Dijital Dergiler,https://www.hepsiburada.com/dijital-dergiler-c-80235050,5,Elektronik > saatler > kitaplar > Dijital Yayınlar > Dijital Dergiler
60001649,80196008,Sesli Edebiyat Kitapları,https://www.hepsiburada.com/sesli-edebiyat-kitaplari-c-60001649,5,Elektronik > saatler > kitaplar > Dijital Yayınlar > Sesli Edebiyat Kitapları
213897,80196010,Din,https://www.hepsiburada.com/din-kitaplari-c-213897,5,Elektronik > saatler > kitaplar > Din ve Mitoloji > Din
1502105,80196010,Din-Mitoloji,https://www.hepsiburada.com/din-mitoloji-kitaplari-c-1502105,5,Elektronik > saatler > kitaplar > Din ve Mitoloji > Din-Mitoloji
9906,1501753,Anı - Anlatı - Günlük - Seyahatname,https://www.hepsiburada.com/ani-anlati-gunluk-seyahatname-kitaplari-c-9906,5,Elektronik > saatler > kitaplar > Edebiyat > Anı - Anlatı - Günlük - Seyahatname
9930,1501753,Biyografi,https://www.hepsiburada.com/biyografi-otobiyografi-monografi-kitaplari-c-9930,5,Elektronik > saatler > kitaplar > Edebiyat > Biyografi
9904,1501753,Deneme - İnceleme,https://www.hepsiburada.com/deneme-inceleme-kitaplari-c-9904,5,Elektronik > saatler > kitaplar > Edebiyat > Deneme - İnceleme
9999,1501753,Derleme & Antoloji,https://www.hepsiburada.com/derleme-kitaplari-c-9999,5,Elektronik > saatler > kitaplar > Edebiyat > Derleme & Antoloji
1501757,1501753,Dünya Edebiyatı,https://www.hepsiburada.com/dunya-edebiyati-c-1501757,5,Elektronik > saatler > kitaplar > Edebiyat > Dünya Edebiyatı
1501755,1501753,Edebiyat Kuramı,https://www.hepsiburada.com/edebiyat-kurami-kitaplari-c-1501755,5,Elektronik > saatler > kitaplar > Edebiyat > Edebiyat Kuramı
9945,1501753,Günlük,https://www.hepsiburada.com/gunluk-kitaplari-c-9945,5,Elektronik > saatler > kitaplar > Edebiyat > Günlük
9921,1501753,Mektup,https://www.hepsiburada.com/mektup-kitaplari-c-9921,5,Elektronik > saatler > kitaplar > Edebiyat > Mektup
1501702,1501753,Roman,https://www.hepsiburada.com/roman-kitaplari-c-1501702,5,Elektronik > saatler > kitaplar > Edebiyat > Roman
1501920,1501753,Söyleşi & Röportaj,https://www.hepsiburada.com/soylesi-roportaj-c-1501920,5,Elektronik > saatler > kitaplar > Edebiyat > Söyleşi & Röportaj
1501764,1501753,Türk Edebiyatı,https://www.hepsiburada.com/turk-edebiyatlari-c-1501764,5,Elektronik > saatler > kitaplar > Edebiyat > Türk Edebiyatı
1501772,1501753,Türk ve Dünya Klasikleri,https://www.hepsiburada.com/turk-dunya-klasikleri-c-1501772,5,Elektronik > saatler > kitaplar > Edebiyat > Türk ve Dünya Klasikleri
9905,1501753,Öykü,https://www.hepsiburada.com/oyku-kitaplari-c-9905,5,Elektronik > saatler > kitaplar > Edebiyat > Öykü
9911,1501753,Şiir,https://www.hepsiburada.com/siir-kitaplari-c-9911,5,Elektronik > saatler > kitaplar > Edebiyat > Şiir
9957,15033037,Ansiklopediler,https://www.hepsiburada.com/ansiklopediler-c-9957,5,Elektronik > saatler > kitaplar > Eğitim > Ansiklopediler
60001672,15033037,Açık Öğretim Kitapları & Setleri,https://www.hepsiburada.com/acik-lise-kitaplari-c-60001672,5,Elektronik > saatler > kitaplar > Eğitim > Açık Öğretim Kitapları & Setleri
9934,15033037,Bilgisayar Kitapları,https://www.hepsiburada.com/bilgisayar-kitaplari-c-9934,5,Elektronik > saatler > kitaplar > Eğitim > Bilgisayar Kitapları
9916,15033037,Sözlük ve İmla Kılavuzları,https://www.hepsiburada.com/sozluk-imla-kilavuzlari-kitaplari-c-9916,5,Elektronik > saatler > kitaplar > Eğitim > Sözlük ve İmla Kılavuzları
213021,15033037,Sınav Hazırlık,https://www.hepsiburada.com/ders-sinav-kitaplari-c-213021,5,Elektronik > saatler > kitaplar > Eğitim > Sınav Hazırlık
214049,15033037,Yabancı Dil Eğitimi,https://www.hepsiburada.com/yabanci-dil-kitaplari-c-214049,5,Elektronik > saatler > kitaplar > Eğitim > Yabancı Dil Eğitimi
15035985,215402,Aksesuarlar,https://www.hepsiburada.com/hobi-kitaplari-aksesuarlar-c-15035985,5,Elektronik > saatler > kitaplar > Hobi > Aksesuarlar
215403,215402,Astroloji,https://www.hepsiburada.com/astroloji-kitaplari-c-215403,5,Elektronik > saatler > kitaplar > Hobi > Astroloji
60001047,215402,DVD,https://www.hepsiburada.com/dvd-kitaplari-c-60001047,5,Elektronik > saatler > kitaplar > Hobi > DVD
60001727,215402,El Sanatları,https://www.hepsiburada.com/el-sanatlari-el-isleri-kitaplari-c-60001727,5,Elektronik > saatler > kitaplar > Hobi > El Sanatları
215405,215402,Evcil Hayvanlar,https://www.hepsiburada.com/evcil-hayvanlar-kitaplari-c-215405,5,Elektronik > saatler > kitaplar > Hobi > Evcil Hayvanlar
9938,215402,Fotoğraf,https://www.hepsiburada.com/fotografcilik-kitaplari-c-9938,5,Elektronik > saatler > kitaplar > Hobi > Fotoğraf
60002720,215402,Hediye Kitap,https://www.hepsiburada.com/hediye-kitaplar-c-60002720,5,Elektronik > saatler > kitaplar > Hobi > Hediye Kitap
10006,215402,Kültür,https://www.hepsiburada.com/kultur-kitaplari-c-10006,5,Elektronik > saatler > kitaplar > Hobi > Kültür
218160,215402,Moda - Giyim,https://www.hepsiburada.com/moda-giyim-kitaplari-c-218160,5,Elektronik > saatler > kitaplar > Hobi > Moda - Giyim
211392,215402,Müzik,https://www.hepsiburada.com/muzik-kitaplari-c-211392,5,Elektronik > saatler > kitaplar > Hobi > Müzik
215404,215402,Oyunlar & Bulmacalar,https://www.hepsiburada.com/oyun-kitaplari-c-215404,5,Elektronik > saatler > kitaplar > Hobi > Oyunlar & Bulmacalar
60001725,215402,Resim,https://www.hepsiburada.com/resim-kitaplari-c-60001725,5,Elektronik > saatler > kitaplar > Hobi > Resim
9944,215402,Sahne Sanatları & Tiyatro,https://www.hepsiburada.com/sahne-sanatlari-tiyatro-kitaplari-c-9944,5,Elektronik > saatler > kitaplar > Hobi > Sahne Sanatları & Tiyatro
211446,215402,Sanat / Mimari,https://www.hepsiburada.com/sanat-mimari-kitaplari-c-211446,5,Elektronik > saatler > kitaplar > Hobi > Sanat / Mimari
10011,215402,Sinema,https://www.hepsiburada.com/sinema-kitaplari-c-10011,5,Elektronik > saatler > kitaplar > Hobi > Sinema
215533,215402,Çiçek & Bahçe,https://www.hepsiburada.com/cicek-bahce-kitaplari-c-215533,5,Elektronik > saatler > kitaplar > Hobi > Çiçek & Bahçe
1503108,9925,Başarı,https://www.hepsiburada.com/basari-kitaplari-c-1503108,5,Elektronik > saatler > kitaplar > Kişisel Gelişim & Psikoloji > Başarı
1503109,9925,Bireysel Gelişim,https://www.hepsiburada.com/bireysel-gelisim-kitaplari-c-1503109,5,Elektronik > saatler > kitaplar > Kişisel Gelişim & Psikoloji > Bireysel Gelişim
1510750,9925,Duygusal Zeka,https://www.hepsiburada.com/duygusal-zeka-kitaplari-c-1510750,5,Elektronik > saatler > kitaplar > Kişisel Gelişim & Psikoloji > Duygusal Zeka
1510749,9925,Olumlu - Mutlu Yaşama,https://www.hepsiburada.com/olumlu-mutlu-yasama-kitaplari-c-1510749,5,Elektronik > saatler > kitaplar > Kişisel Gelişim & Psikoloji > Olumlu - Mutlu Yaşama
9936,9925,Psikoloji,https://www.hepsiburada.com/psikoloji-kitaplari-c-9936,5,Elektronik > saatler > kitaplar > Kişisel Gelişim & Psikoloji > Psikoloji
9961,9925,Ruhsal & Metafizik,https://www.hepsiburada.com/ruhsal-metafizik-kitaplari-c-9961,5,Elektronik > saatler > kitaplar > Kişisel Gelişim & Psikoloji > Ruhsal & Metafizik
1503104,9925,Stres Yönetimi,https://www.hepsiburada.com/stres-yonetimi-kitaplari-c-1503104,5,Elektronik > saatler > kitaplar > Kişisel Gelişim & Psikoloji > Stres Yönetimi
1503107,9925,Sözlü İletişim ve Beden Dili,https://www.hepsiburada.com/sozlu-iletisim-beden-dili-kitaplari-c-1503107,5,Elektronik > saatler > kitaplar > Kişisel Gelişim & Psikoloji > Sözlü İletişim ve Beden Dili
1503106,9925,Yaratıcılık,https://www.hepsiburada.com/yaraticilik-kitaplari-c-1503106,5,Elektronik > saatler > kitaplar > Kişisel Gelişim & Psikoloji > Yaratıcılık
1503105,9925,Zaman Yönetimi,https://www.hepsiburada.com/zaman-yonetimi-kitaplari-c-1503105,5,Elektronik > saatler > kitaplar > Kişisel Gelişim & Psikoloji > Zaman Yönetimi
1503103,9925,Zihinsel Gelişim,https://www.hepsiburada.com/zihinsel-gelisim-kitaplari-c-1503103,5,Elektronik > saatler > kitaplar > Kişisel Gelişim & Psikoloji > Zihinsel Gelişim
80220106,80220105,Fotoğraf,https://www.hepsiburada.com/fotograf-kitaplari-c-80220106,5,Elektronik > saatler > kitaplar > Sanat > Fotoğraf
80220107,80220105,Müzik,https://www.hepsiburada.com/muzik-kitaplari-c-80220107,5,Elektronik > saatler > kitaplar > Sanat > Müzik
80220108,80220105,Resim,https://www.hepsiburada.com/resim-kitaplari-c-80220108,5,Elektronik > saatler > kitaplar > Sanat > Resim
80220109,80220105,Sahne Sanatları & Tiyatro,https://www.hepsiburada.com/sahne-sanatlari-tiyatro-c-80220109,5,Elektronik > saatler > kitaplar > Sanat > Sahne Sanatları & Tiyatro
80220110,80220105,Sinema,https://www.hepsiburada.com/sinema-kitaplari-c-80220110,5,Elektronik > saatler > kitaplar > Sanat > Sinema
213088,80196007,Bakım & Güzellik,https://www.hepsiburada.com/guzellik-kitaplari-c-213088,5,"Elektronik > saatler > kitaplar > Sağlık, Spor ve Diyet > Bakım & Güzellik"
213089,80196007,Beslenme & Diyet,https://www.hepsiburada.com/saglik-beslenme-kitaplari-c-213089,5,"Elektronik > saatler > kitaplar > Sağlık, Spor ve Diyet > Beslenme & Diyet"
10002,80196007,Cinsellik,https://www.hepsiburada.com/cinsellik-kitaplari-c-10002,5,"Elektronik > saatler > kitaplar > Sağlık, Spor ve Diyet > Cinsellik"
80205003,80196007,Pilates & Fitness,https://www.hepsiburada.com/pilates-fitness-kitaplari-c-80205003,5,"Elektronik > saatler > kitaplar > Sağlık, Spor ve Diyet > Pilates & Fitness"
80205002,80196007,Sağlık,https://www.hepsiburada.com/saglik-kitaplari-c-80205002,5,"Elektronik > saatler > kitaplar > Sağlık, Spor ve Diyet > Sağlık"
15033042,80196007,Sağlık / Cinsellik,https://www.hepsiburada.com/saglik-cinsellik-kitaplari-c-15033042,5,"Elektronik > saatler > kitaplar > Sağlık, Spor ve Diyet > Sağlık / Cinsellik"
9955,80196007,Spor,https://www.hepsiburada.com/spor-kitaplari-c-9955,5,"Elektronik > saatler > kitaplar > Sağlık, Spor ve Diyet > Spor"
80220104,80196007,Yoga ve Meditasyon,https://www.hepsiburada.com/yoga-ve-meditasyon-kitaplari-c-80220104,5,"Elektronik > saatler > kitaplar > Sağlık, Spor ve Diyet > Yoga ve Meditasyon"
80700013,15039802,Edebiyat,https://www.hepsiburada.com/edebiyat-c-80700013,5,Elektronik > saatler > kitaplar > Yabancı Dil Kitaplar (Foreign Languages) > Edebiyat
80700017,15039802,Eğitim ve Sınav,https://www.hepsiburada.com/egitim-ve-sinav-c-80700017,5,Elektronik > saatler > kitaplar > Yabancı Dil Kitaplar (Foreign Languages) > Eğitim ve Sınav
15039806,15039802,Hobi,https://www.hepsiburada.com/ingilizce-hobi-kitaplari-c-15039806,5,Elektronik > saatler > kitaplar > Yabancı Dil Kitaplar (Foreign Languages) > Hobi
80700021,15039802,Kişisel Gelişim,https://www.hepsiburada.com/ingilizce-kisisel-gelisim-kitaplari-c-80700021,5,Elektronik > saatler > kitaplar > Yabancı Dil Kitaplar (Foreign Languages) > Kişisel Gelişim
80700022,15039802,Sanat,https://www.hepsiburada.com/sanat-c-80700022,5,Elektronik > saatler > kitaplar > Yabancı Dil Kitaplar (Foreign Languages) > Sanat
80700024,15039802,"Sağlık, Diyet ve Spor",https://www.hepsiburada.com/saglik-diyet-ve-spor-c-80700024,5,"Elektronik > saatler > kitaplar > Yabancı Dil Kitaplar (Foreign Languages) > Sağlık, Diyet ve Spor"
80700009,15039802,"Tarih, Araştırma ve Popüler Bilim",https://www.hepsiburada.com/ingilizce-tarih-arastirma-ve-populer-bilim-kitaplari-c-80700009,5,"Elektronik > saatler > kitaplar > Yabancı Dil Kitaplar (Foreign Languages) > Tarih, Araştırma ve Popüler Bilim"
60003469,15039802,Turizm / Gezi,https://www.hepsiburada.com/ingilizce-turizm-gezi-kitaplari-c-60003469,5,Elektronik > saatler > kitaplar > Yabancı Dil Kitaplar (Foreign Languages) > Turizm / Gezi
80744000,15039802,Yeme-İçme,https://www.hepsiburada.com/yeme-icme-c-80744000,5,Elektronik > saatler > kitaplar > Yabancı Dil Kitaplar (Foreign Languages) > Yeme-İçme
80700018,15039802,Çocuk ve Gençlik,https://www.hepsiburada.com/cocuk-ve-genclik-c-80700018,5,Elektronik > saatler > kitaplar > Yabancı Dil Kitaplar (Foreign Languages) > Çocuk ve Gençlik
80700023,15039802,İş ve Ekonomi,https://www.hepsiburada.com/is-ve-ekonomi-c-80700023,5,Elektronik > saatler > kitaplar > Yabancı Dil Kitaplar (Foreign Languages) > İş ve Ekonomi
19018197,408010,klasik gitarlar,https://www.hepsiburada.com/klasik-gitarlar-c-19018197,5,Elektronik > saatler > kitaplar > akordiyonlar > klasik gitarlar
234462,234464,dgs kitaplari,https://www.hepsiburada.com/dgs-kitaplari-c-234462,5,Elektronik > saatler > kitaplar > ales kitaplari > dgs kitaplari
234456,234464,kpss kitaplari,https://www.hepsiburada.com/kpss-kitaplari-c-234456,5,Elektronik > saatler > kitaplar > ales kitaplari > kpss kitaplari
1515098,1515050,isim sozlukleri kitaplari,https://www.hepsiburada.com/isim-sozlukleri-kitaplari-c-1515098,5,Elektronik > saatler > kitaplar > atasozleri deyimler sozlukleri > isim sozlukleri kitaplari
411139,411157,Enstrüman Telleri,https://www.hepsiburada.com/enstruman-telleri-c-411139,5,Elektronik > saatler > kitaplar > baglama telleri > Enstrüman Telleri
1514633,213862,Coğrafya,https://www.hepsiburada.com/cografya-kitaplari-c-1514633,5,Elektronik > saatler > kitaplar > ders kitaplari yardimci kitaplar > Coğrafya
80289091,213862,Din Kültürü ve Ahlak Bilgisi,https://www.hepsiburada.com/din-kulturu-ve-ahlak-bilgisi-c-80289091,5,Elektronik > saatler > kitaplar > ders kitaplari yardimci kitaplar > Din Kültürü ve Ahlak Bilgisi
15019923,213862,Edebiyat,https://www.hepsiburada.com/edebiyat-ders-kitaplari-c-15019923,5,Elektronik > saatler > kitaplar > ders kitaplari yardimci kitaplar > Edebiyat
15022406,213862,Felsefe,https://www.hepsiburada.com/felsefe-ders-kitaplari-c-15022406,5,Elektronik > saatler > kitaplar > ders kitaplari yardimci kitaplar > Felsefe
1514747,213862,Fen - Bilişim ve Teknoloji,https://www.hepsiburada.com/fen-bilisim-teknoloji-kitaplari-c-1514747,5,Elektronik > saatler > kitaplar > ders kitaplari yardimci kitaplar > Fen - Bilişim ve Teknoloji
1514628,213862,Fizik,https://www.hepsiburada.com/fizik-kitaplari-c-1514628,5,Elektronik > saatler > kitaplar > ders kitaplari yardimci kitaplar > Fizik
1514643,213862,Geometri,https://www.hepsiburada.com/geometri-kitaplari-c-1514643,5,Elektronik > saatler > kitaplar > ders kitaplari yardimci kitaplar > Geometri
1514754,213862,Hayat Bilgisi,https://www.hepsiburada.com/hayat-bilgisi-kitaplari-c-1514754,5,Elektronik > saatler > kitaplar > ders kitaplari yardimci kitaplar > Hayat Bilgisi
1514629,213862,Kimya,https://www.hepsiburada.com/kimya-kitaplari-c-1514629,5,Elektronik > saatler > kitaplar > ders kitaplari yardimci kitaplar > Kimya
15036674,213862,Psikoloji,https://www.hepsiburada.com/psikoloji-ders-kitaplari-c-15036674,5,Elektronik > saatler > kitaplar > ders kitaplari yardimci kitaplar > Psikoloji
1514753,213862,Sosyal Bilgiler,https://www.hepsiburada.com/sosyal-bilgiler-kitaplari-c-1514753,5,Elektronik > saatler > kitaplar > ders kitaplari yardimci kitaplar > Sosyal Bilgiler
1514636,213862,Tarih´,https://www.hepsiburada.com/tarih-ders-kitaplari-c-1514636,5,Elektronik > saatler > kitaplar > ders kitaplari yardimci kitaplar > Tarih´
60003639,60003643,kpss genel kultur genel yetenek kitaplari,https://www.hepsiburada.com/kpss-genel-kultur-genel-yetenek-kitaplari-c-60003639,5,Elektronik > saatler > kitaplar > kpss genel kultur yetenek konu anlatimli kitaplar > kpss genel kultur genel yetenek kitaplari
411238,80525103,kemanlar,https://www.hepsiburada.com/kemanlar-c-411238,5,Elektronik > saatler > kitaplar > santur > kemanlar
1503568,1514634,yds kitaplari,https://www.hepsiburada.com/yds-kitaplari-c-1503568,5,Elektronik > saatler > kitaplar > turkce kitaplari > yds kitaplari
80371041,1515048,lgs,https://www.hepsiburada.com/lgs-c-80371041,5,Elektronik > saatler > kitaplar > turkce sozluk kitaplari > lgs
9913,80196009,Mizah & Karikatür,https://www.hepsiburada.com/mizah-karikatur-kitaplari-c-9913,5,Elektronik > saatler > kitaplar > Çizgi Roman & Mizah > Mizah & Karikatür
211822,80196009,Çizgi Roman,https://www.hepsiburada.com/cizgi-roman-kitaplari-c-211822,5,Elektronik > saatler > kitaplar > Çizgi Roman & Mizah > Çizgi Roman
60001785,80196011,Ekonomi & İktisat,https://www.hepsiburada.com/iktisat-tarihi-kitaplari-c-60001785,5,"Elektronik > saatler > kitaplar > İş, Ekonomi & Pazarlama > Ekonomi & İktisat"
9940,80196011,"Ekonomi, Pazarlama & İş Dünyası",https://www.hepsiburada.com/ekonomi-pazarlama-is-dunyasi-kitaplari-c-9940,5,"Elektronik > saatler > kitaplar > İş, Ekonomi & Pazarlama > Ekonomi, Pazarlama & İş Dünyası"
1502099,80196011,Medya & İletişim,https://www.hepsiburada.com/medya-iletisim-kitaplari-c-1502099,5,"Elektronik > saatler > kitaplar > İş, Ekonomi & Pazarlama > Medya & İletişim"
1506216,80196011,Muhasebe & Finans,https://www.hepsiburada.com/muhasebe-finans-kitaplari-c-1506216,5,"Elektronik > saatler > kitaplar > İş, Ekonomi & Pazarlama > Muhasebe & Finans"
9960,80196011,Reklam & Halkla İlişkiler,https://www.hepsiburada.com/reklam-halkla-iliskiler-kitaplari-c-9960,5,"Elektronik > saatler > kitaplar > İş, Ekonomi & Pazarlama > Reklam & Halkla İlişkiler"
9937,80196011,İş Yönetimi,https://www.hepsiburada.com/is-yonetimi-kitaplari-c-9937,5,"Elektronik > saatler > kitaplar > İş, Ekonomi & Pazarlama > İş Yönetimi"
32010940,32000005,Cilt Bakım Setleri,https://www.hepsiburada.com/yuz-bakim-setleri-c-32010940,5,Elektronik > saatler > kozmetik > Cilt Bakımı > Cilt Bakım Setleri
341383,32000005,Cilt Bakım Ürünleri,https://www.hepsiburada.com/cilt-bakim-urunleri-c-341383,5,Elektronik > saatler > kozmetik > Cilt Bakımı > Cilt Bakım Ürünleri
80620010,32000005,Dermokozmetik,https://www.hepsiburada.com/dermokozmetik-c-80620010,5,Elektronik > saatler > kozmetik > Cilt Bakımı > Dermokozmetik
32011009,32000005,Erkek Bakım Ürünleri,https://www.hepsiburada.com/erkek-bakim-urunleri-c-32011009,5,Elektronik > saatler > kozmetik > Cilt Bakımı > Erkek Bakım Ürünleri
32010886,32000005,Göz Bakımı,https://www.hepsiburada.com/goz-bakim-urunleri-c-32010886,5,Elektronik > saatler > kozmetik > Cilt Bakımı > Göz Bakımı
32010890,32000005,Vücut Bakımı,https://www.hepsiburada.com/vucut-bakim-urunleri-c-32010890,5,Elektronik > saatler > kozmetik > Cilt Bakımı > Vücut Bakımı
32010887,32000005,dudak bakim urunleri,https://www.hepsiburada.com/dudak-bakim-urunleri-c-32010887,5,Elektronik > saatler > kozmetik > Cilt Bakımı > dudak bakim urunleri
32010919,32000005,el kremleri bakim urunleri,https://www.hepsiburada.com/el-kremleri-bakim-urunleri-c-32010919,5,Elektronik > saatler > kozmetik > Cilt Bakımı > el kremleri bakim urunleri
60008551,32000005,goz kremi,https://www.hepsiburada.com/goz-kremi-c-60008551,5,Elektronik > saatler > kozmetik > Cilt Bakımı > goz kremi
60008554,32000005,goz serumu,https://www.hepsiburada.com/goz-serumu-c-60008554,5,Elektronik > saatler > kozmetik > Cilt Bakımı > goz serumu
32010907,32000005,jel sabunlar,https://www.hepsiburada.com/jel-sabunlar-c-32010907,5,Elektronik > saatler > kozmetik > Cilt Bakımı > jel sabunlar
32010893,32000005,yuz bakim maskeleri,https://www.hepsiburada.com/yuz-bakim-maskeleri-c-32010893,5,Elektronik > saatler > kozmetik > Cilt Bakımı > yuz bakim maskeleri
32010923,32010889,Bronzlaştırıcılar,https://www.hepsiburada.com/bronzlastiricilar-c-32010923,5,Elektronik > saatler > kozmetik > Güneş Ürünleri > Bronzlaştırıcılar
32010922,32010889,Güneş Sonrası Ürünler,https://www.hepsiburada.com/gunes-sonrasi-urunler-c-32010922,5,Elektronik > saatler > kozmetik > Güneş Ürünleri > Güneş Sonrası Ürünler
60007432,32010889,Çocuk Güneş Ürünleri,https://www.hepsiburada.com/cocuk-gunes-urunleri-c-60007432,5,Elektronik > saatler > kozmetik > Güneş Ürünleri > Çocuk Güneş Ürünleri
80216058,80216054,agda aksesuarlari,https://www.hepsiburada.com/agda-aksesuarlari-c-80216058,5,Elektronik > saatler > kozmetik > agda makinesi > agda aksesuarlari
26012146,80216054,agda epilasyon sonrasi bakim urunleri,https://www.hepsiburada.com/agda-epilasyon-sonrasi-bakim-urunleri-c-26012146,5,Elektronik > saatler > kozmetik > agda makinesi > agda epilasyon sonrasi bakim urunleri
80296002,26012244,hijyenik pedler,https://www.hepsiburada.com/hijyenik-pedler-c-80296002,5,Elektronik > saatler > kozmetik > hasta bezleri > hijyenik pedler
32001745,341425,Makyaj Setleri,https://www.hepsiburada.com/makyaj-setleri-c-32001745,5,Elektronik > saatler > kozmetik > makyaj urunleri > Makyaj Setleri
32010970,341425,Makyaj Temizleyiciler,https://www.hepsiburada.com/makyaj-temizleyiciler-c-32010970,5,Elektronik > saatler > kozmetik > makyaj urunleri > Makyaj Temizleyiciler
32010968,341425,Tırnaklar,https://www.hepsiburada.com/tirnaklar-c-32010968,5,Elektronik > saatler > kozmetik > makyaj urunleri > Tırnaklar
32010964,341425,Yüz,https://www.hepsiburada.com/yuz-makyaj-urunleri-c-32010964,5,Elektronik > saatler > kozmetik > makyaj urunleri > Yüz
32010965,32010986,Göz Makyajı Ürünleri,https://www.hepsiburada.com/goz-makyaji-urunleri-c-32010965,5,Elektronik > saatler > kozmetik > mascaralar > Göz Makyajı Ürünleri
32010885,32010894,Yüz Bakım Ürünleri,https://www.hepsiburada.com/yuz-bakim-urunleri-c-32010885,5,Elektronik > saatler > kozmetik > nemlendiriciler > Yüz Bakım Ürünleri
32010683,341406,Erkek Parfüm,https://www.hepsiburada.com/erkek-parfumler-c-32010683,5,Elektronik > saatler > kozmetik > parfumler > Erkek Parfüm
32010684,341406,Kadın Parfüm,https://www.hepsiburada.com/kadin-parfumler-c-32010684,5,Elektronik > saatler > kozmetik > parfumler > Kadın Parfüm
80590045,341406,cocuk parfum,https://www.hepsiburada.com/cocuk-parfum-c-80590045,5,Elektronik > saatler > kozmetik > parfumler > cocuk parfum
80857230,341406,luks parfum,https://www.hepsiburada.com/luks-parfum-c-80857230,5,Elektronik > saatler > kozmetik > parfumler > luks parfum
32010925,341406,vucut nemlendiriciler,https://www.hepsiburada.com/vucut-nemlendiriciler-c-32010925,5,Elektronik > saatler > kozmetik > parfumler > vucut nemlendiriciler
32010967,32010977,Kozmetik Dudak Ürünleri,https://www.hepsiburada.com/kozmetik-dudak-urunleri-c-32010967,5,Elektronik > saatler > kozmetik > rujlar > Kozmetik Dudak Ürünleri
6000694,27073740,glutensiz urunler,https://www.hepsiburada.com/glutensiz-urunler-c-6000694,5,Elektronik > saatler > kozmetik > shaker > glutensiz urunler
26012213,80647033,hava nemlendirme cihazlarioksimetreler,https://www.hepsiburada.com/hava-nemlendirme-cihazlarioksimetreler-c-26012213,5,Elektronik > saatler > kozmetik > tekerlekli sandalye > hava nemlendirme cihazlarioksimetreler
80111009,26000873,el ayak bakim urunleri,https://www.hepsiburada.com/el-ayak-bakim-urunleri-c-80111009,5,Elektronik > saatler > kozmetik > tirnak makasi > el ayak bakim urunleri
32010975,26000873,ojeler,https://www.hepsiburada.com/ojeler-c-32010975,5,Elektronik > saatler > kozmetik > tirnak makasi > ojeler
26012361,80216061,Manikür Pedikür Malzemeleri,https://www.hepsiburada.com/manikur-pedikur-malzemeleri-c-26012361,5,Elektronik > saatler > kozmetik > topuk torpusu > Manikür Pedikür Malzemeleri
332758,80216061,tirnak bakim seti,https://www.hepsiburada.com/tirnak-bakim-seti-c-332758,5,Elektronik > saatler > kozmetik > topuk torpusu > tirnak bakim seti
26012147,80216050,Tüy Dökücü Sarartıcı Ürünler,https://www.hepsiburada.com/tuy-dokucu-sarartici-urunler-c-26012147,5,Elektronik > saatler > kozmetik > tuy dokucu krem > Tüy Dökücü Sarartıcı Ürünler
26012217,26012237,Ortopedi Ürünleri,https://www.hepsiburada.com/ortopedi-urunleri-c-26012217,5,Elektronik > saatler > kozmetik > varis coraplari > Ortopedi Ürünleri
26012179,60003470,İlk Yardim Ürünleri,https://www.hepsiburada.com/ilk-yardim-urunleri-c-26012179,5,Elektronik > saatler > kozmetik > yara bantlari > İlk Yardim Ürünleri
108811,57,Dokunmatik Taşınabilir Monitör,https://www.hepsiburada.com/dokunmatik-lcd-monitorler-c-108811,5,Elektronik > saatler > laptop notebook dizustu bilgisayarlar > monitorler > Dokunmatik Taşınabilir Monitör
60000209,57,IPS Monitörler,https://www.hepsiburada.com/ips-monitorler-c-60000209,5,Elektronik > saatler > laptop notebook dizustu bilgisayarlar > monitorler > IPS Monitörler
3002879,57,Led Monitörler,https://www.hepsiburada.com/led-monitorler-c-3002879,5,Elektronik > saatler > laptop notebook dizustu bilgisayarlar > monitorler > Led Monitörler
60002242,57,PLS Monitörler,https://www.hepsiburada.com/pls-monitorler-c-60002242,5,Elektronik > saatler > laptop notebook dizustu bilgisayarlar > monitorler > PLS Monitörler
10751,60000822,Türk Sanatçılar,https://www.hepsiburada.com/turk-sanatci-albumleri-c-10751,5,Elektronik > saatler > muzik > Albümler > Türk Sanatçılar
10770,60000822,Yabancı Sanatçılar,https://www.hepsiburada.com/yabanci-sanatcilar-c-10770,5,Elektronik > saatler > muzik > Albümler > Yabancı Sanatçılar
19018200,19018196,Bass Gitarlar,https://www.hepsiburada.com/bass-gitarlar-c-19018200,5,Elektronik > saatler > muzik > Gitarlar > Bass Gitarlar
403911,19018196,Gitar Amfisi,https://www.hepsiburada.com/muzik-amfileri-c-403911,5,Elektronik > saatler > muzik > Gitarlar > Gitar Amfisi
411154,19018196,Pedal,https://www.hepsiburada.com/muzik-pedallari-c-411154,5,Elektronik > saatler > muzik > Gitarlar > Pedal
19018198,19018196,akustik gitarlar,https://www.hepsiburada.com/akustik-gitarlar-c-19018198,5,Elektronik > saatler > muzik > Gitarlar > akustik gitarlar
19018199,19018196,elektro gitarlar,https://www.hepsiburada.com/elektro-gitarlar-c-19018199,5,Elektronik > saatler > muzik > Gitarlar > elektro gitarlar
412414,411138,Adaptörler,https://www.hepsiburada.com/muzik-adaptorleri-c-412414,5,Elektronik > saatler > muzik > Müzik Ekipmanları / Aksesuarları > Adaptörler
60006548,411138,Askılar,https://www.hepsiburada.com/enstruman-askilari-c-60006548,5,Elektronik > saatler > muzik > Müzik Ekipmanları / Aksesuarları > Askılar
10792,411138,Eğitim Vcd ve Kitapları,https://www.hepsiburada.com/muzik-aletleri-egitim-vcd-kitaplari-c-10792,5,Elektronik > saatler > muzik > Müzik Ekipmanları / Aksesuarları > Eğitim Vcd ve Kitapları
411153,411138,Keman Yastıkları,https://www.hepsiburada.com/keman-yastiklari-c-411153,5,Elektronik > saatler > muzik > Müzik Ekipmanları / Aksesuarları > Keman Yastıkları
80530130,411138,Megafon,https://www.hepsiburada.com/megafon-c-80530130,5,Elektronik > saatler > muzik > Müzik Ekipmanları / Aksesuarları > Megafon
411155,411138,Mikrofon Aksesuarları,https://www.hepsiburada.com/mikrofon-aksesuarlari-c-411155,5,Elektronik > saatler > muzik > Müzik Ekipmanları / Aksesuarları > Mikrofon Aksesuarları
411156,411138,Nefesli Çalgı Aksesuarları,https://www.hepsiburada.com/nefesli-calgi-aksesuarlari-c-411156,5,Elektronik > saatler > muzik > Müzik Ekipmanları / Aksesuarları > Nefesli Çalgı Aksesuarları
10793,411138,Ritim Pedleri,https://www.hepsiburada.com/drumpad-c-10793,5,Elektronik > saatler > muzik > Müzik Ekipmanları / Aksesuarları > Ritim Pedleri
411144,411138,Standlar ve Tabureler,https://www.hepsiburada.com/muzik-enstrumanlari-icin-standlar-tabureler-c-411144,5,Elektronik > saatler > muzik > Müzik Ekipmanları / Aksesuarları > Standlar ve Tabureler
411146,411138,Telli Çalgı Aksesuarları,https://www.hepsiburada.com/telli-calgi-aksesuarlari-c-411146,5,Elektronik > saatler > muzik > Müzik Ekipmanları / Aksesuarları > Telli Çalgı Aksesuarları
411152,411138,Tuner & Metronom,https://www.hepsiburada.com/tuner-metronom-c-411152,5,Elektronik > saatler > muzik > Müzik Ekipmanları / Aksesuarları > Tuner & Metronom
411147,411138,Vurmalı Çalgı Aksesuarları,https://www.hepsiburada.com/vurmali-calgi-aksesuarlari-c-411147,5,Elektronik > saatler > muzik > Müzik Ekipmanları / Aksesuarları > Vurmalı Çalgı Aksesuarları
411145,411138,Yaylı Çalgı Aksesuarları,https://www.hepsiburada.com/yayli-calgi-aksesuarlari-c-411145,5,Elektronik > saatler > muzik > Müzik Ekipmanları / Aksesuarları > Yaylı Çalgı Aksesuarları
411151,411138,Çanta ve Kılıflar,https://www.hepsiburada.com/muzik-canta-kiliflar-c-411151,5,Elektronik > saatler > muzik > Müzik Ekipmanları / Aksesuarları > Çanta ve Kılıflar
411222,411209,Bariton,https://www.hepsiburada.com/baritonlar-c-411222,5,Elektronik > saatler > muzik > Nefesli Çalgılar > Bariton
411218,411209,Fagot,https://www.hepsiburada.com/fagot-c-411218,5,Elektronik > saatler > muzik > Nefesli Çalgılar > Fagot
411219,411209,Korno,https://www.hepsiburada.com/kornolar-c-411219,5,Elektronik > saatler > muzik > Nefesli Çalgılar > Korno
10790,411209,Mızıka,https://www.hepsiburada.com/mizikalar-c-10790,5,Elektronik > saatler > muzik > Nefesli Çalgılar > Mızıka
411215,411209,Trombon,https://www.hepsiburada.com/trombonlar-c-411215,5,Elektronik > saatler > muzik > Nefesli Çalgılar > Trombon
411212,411209,Yan Flüt,https://www.hepsiburada.com/yan-flutler-c-411212,5,Elektronik > saatler > muzik > Nefesli Çalgılar > Yan Flüt
80530107,80530104,Efekt Işık,https://www.hepsiburada.com/efekt-isik-c-80530107,5,"Elektronik > saatler > muzik > Sahne Işıklandırma, Şov > Efekt Işık"
80530108,80530104,Işık Kontrol,https://www.hepsiburada.com/isik-kontrol-c-80530108,5,"Elektronik > saatler > muzik > Sahne Işıklandırma, Şov > Işık Kontrol"
410539,80530104,Işık Sistemleri,https://www.hepsiburada.com/isik-sistemleri-c-410539,5,"Elektronik > saatler > muzik > Sahne Işıklandırma, Şov > Işık Sistemleri"
80530113,80530104,Moving Head,https://www.hepsiburada.com/moving-head-c-80530113,5,"Elektronik > saatler > muzik > Sahne Işıklandırma, Şov > Moving Head"
408500,80530104,Parti Ürünleri,https://www.hepsiburada.com/parti-urunleri-c-408500,5,"Elektronik > saatler > muzik > Sahne Işıklandırma, Şov > Parti Ürünleri"
80530119,60001362,DJ & Stüdyo Amfisi,https://www.hepsiburada.com/dj-studyo-amfisi-c-80530119,5,Elektronik > saatler > muzik > Stüdyo & DJ Ekipmanları > DJ & Stüdyo Amfisi
405130,60001362,DJ Setup,https://www.hepsiburada.com/dj-urunleri-c-405130,5,Elektronik > saatler > muzik > Stüdyo & DJ Ekipmanları > DJ Setup
404124,60001362,Kabin-Hoparlör-Monitör,https://www.hepsiburada.com/ses-kabinleri-hoparlor-monitor-c-404124,5,Elektronik > saatler > muzik > Stüdyo & DJ Ekipmanları > Kabin-Hoparlör-Monitör
404272,60001362,Kayıt Teknolojileri,https://www.hepsiburada.com/kayit-teknolojileri-c-404272,5,Elektronik > saatler > muzik > Stüdyo & DJ Ekipmanları > Kayıt Teknolojileri
404090,60001362,Müzik Yazılımları,https://www.hepsiburada.com/muzik-yazilimlari-c-404090,5,Elektronik > saatler > muzik > Stüdyo & DJ Ekipmanları > Müzik Yazılımları
411405,60001362,Stüdyo & Sahne Aksesuarları,https://www.hepsiburada.com/studyo-sahne-aksesuarlari-c-411405,5,Elektronik > saatler > muzik > Stüdyo & DJ Ekipmanları > Stüdyo & Sahne Aksesuarları
405065,60001362,Synthesizer,https://www.hepsiburada.com/synthesizer-c-405065,5,Elektronik > saatler > muzik > Stüdyo & DJ Ekipmanları > Synthesizer
411975,60001365,Kanun,https://www.hepsiburada.com/kanun-c-411975,5,Elektronik > saatler > muzik > Telli Çalgılar > Kanun
60005427,60001365,Ukulele,https://www.hepsiburada.com/ukuleleler-c-60005427,5,Elektronik > saatler > muzik > Telli Çalgılar > Ukulele
402326,80530127,Piyano,https://www.hepsiburada.com/piyanolar-c-402326,5,Elektronik > saatler > muzik > Tuşlu Çalgılar > Piyano
411206,400250,Bateri,https://www.hepsiburada.com/bateriler-c-411206,5,Elektronik > saatler > muzik > Vurmalı Çalgılar > Bateri
411150,400250,Perküsyon,https://www.hepsiburada.com/perkusyonlar-c-411150,5,Elektronik > saatler > muzik > Vurmalı Çalgılar > Perküsyon
2147483634,400250,hediye,https://www.hepsiburada.com/hediye-c-2147483634,5,Elektronik > saatler > muzik > Vurmalı Çalgılar > hediye
411245,411237,Elektro Keman,https://www.hepsiburada.com/elektro-kemanlar-c-411245,5,Elektronik > saatler > muzik > Yaylı Çalgılar > Elektro Keman
411240,411237,Kontrabas,https://www.hepsiburada.com/kontrabaslar-c-411240,5,Elektronik > saatler > muzik > Yaylı Çalgılar > Kontrabas
60005891,411237,Tambur,https://www.hepsiburada.com/tamburlar-c-60005891,5,Elektronik > saatler > muzik > Yaylı Çalgılar > Tambur
411239,411237,Viyola,https://www.hepsiburada.com/viyola-c-411239,5,Elektronik > saatler > muzik > Yaylı Çalgılar > Viyola
411244,411237,Viyolonsel,https://www.hepsiburada.com/viyolonsel-c-411244,5,Elektronik > saatler > muzik > Yaylı Çalgılar > Viyolonsel
411242,411237,Çello,https://www.hepsiburada.com/cello-c-411242,5,Elektronik > saatler > muzik > Yaylı Çalgılar > Çello
80531054,26005,Hidrolik Yağlar,https://www.hepsiburada.com/hidrolik-yaglar-c-80531054,5,Elektronik > saatler > oto lastikler > yag motor katkilari > Hidrolik Yağlar
80531050,26005,Motor Yağı,https://www.hepsiburada.com/motor-yagi-c-80531050,5,Elektronik > saatler > oto lastikler > yag motor katkilari > Motor Yağı
80531052,26005,Motor Yağı Katkısı,https://www.hepsiburada.com/motor-yagi-katkisi-c-80531052,5,Elektronik > saatler > oto lastikler > yag motor katkilari > Motor Yağı Katkısı
80531051,26005,Yakıt Katkısı,https://www.hepsiburada.com/yakit-katkisi-c-80531051,5,Elektronik > saatler > oto lastikler > yag motor katkilari > Yakıt Katkısı
60008458,26005,Şanzıman Yağı,https://www.hepsiburada.com/araba-sanziman-yagi-c-60008458,5,Elektronik > saatler > oto lastikler > yag motor katkilari > Şanzıman Yağı
80531053,26005,Şanzıman Yağı ve Katkısı,https://www.hepsiburada.com/sanziman-yagi-ve-katkisi-c-80531053,5,Elektronik > saatler > oto lastikler > yag motor katkilari > Şanzıman Yağı ve Katkısı
80493041,80493040,Yılbaşı Gıda Paketi,https://www.hepsiburada.com/yilbasi-paketi-c-80493041,5,Elektronik > saatler > ramazan paketi > Gıda Paketleri > Yılbaşı Gıda Paketi
26012200,26012178,Erotik Masaj Yağları Ve Duş Jelleri,https://www.hepsiburada.com/erotik-masaj-yaglari-dus-jelleri-c-26012200,5,Elektronik > saatler > saglik kisisel bakim urunleri > Aile Planlaması Ürünleri > Erotik Masaj Yağları Ve Duş Jelleri
26012201,26012178,Gebelik Ve Ovülasyon Testleri,https://www.hepsiburada.com/gebelik-ovulasyon-testleri-c-26012201,5,Elektronik > saatler > saglik kisisel bakim urunleri > Aile Planlaması Ürünleri > Gebelik Ve Ovülasyon Testleri
60004281,26012178,Kadın Afrodizyak,https://www.hepsiburada.com/kadin-afrodizyak-urunleri-c-60004281,5,Elektronik > saatler > saglik kisisel bakim urunleri > Aile Planlaması Ürünleri > Kadın Afrodizyak
60004071,60004068,Ayak Kokusu Önleme,https://www.hepsiburada.com/ayak-kokusu-urunleri-c-60004071,5,Elektronik > saatler > saglik kisisel bakim urunleri > Ayak & Tırnak Bakımı > Ayak Kokusu Önleme
60004074,60004068,Bakım Cihazları,https://www.hepsiburada.com/ayak-bakim-cihazlari-c-60004074,5,Elektronik > saatler > saglik kisisel bakim urunleri > Ayak & Tırnak Bakımı > Bakım Cihazları
60004075,60004068,Diğer Ürünler,https://www.hepsiburada.com/diger-ayak-bakim-urunleri-c-60004075,5,Elektronik > saatler > saglik kisisel bakim urunleri > Ayak & Tırnak Bakımı > Diğer Ürünler
60004073,60004068,Koruyucu Ürünler,https://www.hepsiburada.com/ayak-koruyucu-urunler-c-60004073,5,Elektronik > saatler > saglik kisisel bakim urunleri > Ayak & Tırnak Bakımı > Koruyucu Ürünler
60004072,60004068,Nasır ve Mantar Ürünleri,https://www.hepsiburada.com/nasir-mantar-urunleri-c-60004072,5,Elektronik > saatler > saglik kisisel bakim urunleri > Ayak & Tırnak Bakımı > Nasır ve Mantar Ürünleri
26012121,26012110,Ağız Gargaraları,https://www.hepsiburada.com/agiz-gargaralari-c-26012121,5,Elektronik > saatler > saglik kisisel bakim urunleri > Ağız Bakım Ürünleri > Ağız Gargaraları
80383017,26012110,Bebek Diş Fırçası,https://www.hepsiburada.com/bebek-dis-fircasi-c-80383017,5,Elektronik > saatler > saglik kisisel bakim urunleri > Ağız Bakım Ürünleri > Bebek Diş Fırçası
80383018,26012110,Bebek Diş Macunu,https://www.hepsiburada.com/bebek-dis-macunu-c-80383018,5,Elektronik > saatler > saglik kisisel bakim urunleri > Ağız Bakım Ürünleri > Bebek Diş Macunu
26012118,26012110,Diş Macunları Ve Macun Sıkma Makineleri,https://www.hepsiburada.com/dis-macunlari-macun-sikma-makineleri-c-26012118,5,Elektronik > saatler > saglik kisisel bakim urunleri > Ağız Bakım Ürünleri > Diş Macunları Ve Macun Sıkma Makineleri
26012120,26012110,Diş Parlatıcılar Ve Beyazlatma Sistemleri,https://www.hepsiburada.com/dis-parlaticilar-beyazlatma-sistemleri-c-26012120,5,Elektronik > saatler > saglik kisisel bakim urunleri > Ağız Bakım Ürünleri > Diş Parlatıcılar Ve Beyazlatma Sistemleri
80058003,26000865,Antioksidan,https://www.hepsiburada.com/antioksidan-c-80058003,5,Elektronik > saatler > saglik kisisel bakim urunleri > Besin (Gıda) Takviyeleri & Vitaminler > Antioksidan
80740000,26000865,Beta Glukan,https://www.hepsiburada.com/beta-glukan-c-80740000,5,Elektronik > saatler > saglik kisisel bakim urunleri > Besin (Gıda) Takviyeleri & Vitaminler > Beta Glukan
80058006,26000865,Destekleyici Besinler,https://www.hepsiburada.com/destekleyici-besinler-c-80058006,5,Elektronik > saatler > saglik kisisel bakim urunleri > Besin (Gıda) Takviyeleri & Vitaminler > Destekleyici Besinler
378589,26000865,Glukozamin,https://www.hepsiburada.com/glukozamin-c-378589,5,Elektronik > saatler > saglik kisisel bakim urunleri > Besin (Gıda) Takviyeleri & Vitaminler > Glukozamin
80058004,26000865,Mineraller,https://www.hepsiburada.com/sporcu-mineralleri-c-80058004,5,Elektronik > saatler > saglik kisisel bakim urunleri > Besin (Gıda) Takviyeleri & Vitaminler > Mineraller
80058005,26000865,Probiyotik,https://www.hepsiburada.com/probiyotik-c-80058005,5,Elektronik > saatler > saglik kisisel bakim urunleri > Besin (Gıda) Takviyeleri & Vitaminler > Probiyotik
80058001,26000865,Vitaminler,https://www.hepsiburada.com/sporcu-vitaminleri-c-80058001,5,Elektronik > saatler > saglik kisisel bakim urunleri > Besin (Gıda) Takviyeleri & Vitaminler > Vitaminler
60003251,26012354,Antibakteriyel Sabunlar,https://www.hepsiburada.com/antibakteriyel-sabunlar-c-60003251,5,Elektronik > saatler > saglik kisisel bakim urunleri > Duş ve Banyo Ürünleri > Antibakteriyel Sabunlar
26012360,26012354,Aynalar ve Banyo Aksesuarları,https://www.hepsiburada.com/banyo-aynasi-aksesuarlari-c-26012360,5,Elektronik > saatler > saglik kisisel bakim urunleri > Duş ve Banyo Ürünleri > Aynalar ve Banyo Aksesuarları
26012359,26012354,"Banyo Fırçaları, Süngerleri ve Lifleri",https://www.hepsiburada.com/banyo-fircalari-sungerleri-lifleri-c-26012359,5,"Elektronik > saatler > saglik kisisel bakim urunleri > Duş ve Banyo Ürünleri > Banyo Fırçaları, Süngerleri ve Lifleri"
26012357,26012354,Banyo Köpükleri & Yağları,https://www.hepsiburada.com/banyo-tuzlari-kopukleri-yaglari-c-26012357,5,Elektronik > saatler > saglik kisisel bakim urunleri > Duş ve Banyo Ürünleri > Banyo Köpükleri & Yağları
26012356,26012354,Duş Jelleri,https://www.hepsiburada.com/dus-jelleri-c-26012356,5,Elektronik > saatler > saglik kisisel bakim urunleri > Duş ve Banyo Ürünleri > Duş Jelleri
60004537,26012354,Masaj Yağları,https://www.hepsiburada.com/masaj-yaglari-c-60004537,5,Elektronik > saatler > saglik kisisel bakim urunleri > Duş ve Banyo Ürünleri > Masaj Yağları
26012355,26012354,Sabunlar,https://www.hepsiburada.com/dus-banyo-sabunlari-c-26012355,5,Elektronik > saatler > saglik kisisel bakim urunleri > Duş ve Banyo Ürünleri > Sabunlar
80552165,80216049,Epilatör Başlıkları ve Yedek Parçalar,https://www.hepsiburada.com/epilator-basliklari-ve-yedek-parcalari-c-80552165,5,Elektronik > saatler > saglik kisisel bakim urunleri > Epilasyon & Ağda > Epilatör Başlıkları ve Yedek Parçalar
60004299,80216049,Kadın Tıraş Ürünleri,https://www.hepsiburada.com/kadin-tiras-urunleri-c-60004299,5,Elektronik > saatler > saglik kisisel bakim urunleri > Epilasyon & Ağda > Kadın Tıraş Ürünleri
80412233,80216049,Kaş-Bıyık Alma Aletleri,https://www.hepsiburada.com/kas-biyik-alma-aletleri-c-80412233,5,Elektronik > saatler > saglik kisisel bakim urunleri > Epilasyon & Ağda > Kaş-Bıyık Alma Aletleri
26012148,80216049,Sir Ağda,https://www.hepsiburada.com/sir-agda-c-26012148,5,Elektronik > saatler > saglik kisisel bakim urunleri > Epilasyon & Ağda > Sir Ağda
26012157,26012116,Tıraş Bıçakları Ve Yedekleri,https://www.hepsiburada.com/tiras-bicaklari-yedekleri-c-26012157,5,Elektronik > saatler > saglik kisisel bakim urunleri > Erkek Tıraş Ürünleri > Tıraş Bıçakları Ve Yedekleri
60003492,26012116,Tıraş Fırçaları,https://www.hepsiburada.com/tiras-fircalari-c-60003492,5,Elektronik > saatler > saglik kisisel bakim urunleri > Erkek Tıraş Ürünleri > Tıraş Fırçaları
26012158,26012116,"Tıraş Sabun,Krem,Köpük Ve Jelleri",https://www.hepsiburada.com/tiras-sabunkremkopuk-jelleri-c-26012158,5,"Elektronik > saatler > saglik kisisel bakim urunleri > Erkek Tıraş Ürünleri > Tıraş Sabun,Krem,Köpük Ve Jelleri"
26012160,26012116,Tıraş Sonrası Ürünler,https://www.hepsiburada.com/tiras-sonrasi-urunler-c-26012160,5,Elektronik > saatler > saglik kisisel bakim urunleri > Erkek Tıraş Ürünleri > Tıraş Sonrası Ürünler
80744001,26012116,Tıraş Çantası,https://www.hepsiburada.com/tiras-cantasi-c-80744001,5,Elektronik > saatler > saglik kisisel bakim urunleri > Erkek Tıraş Ürünleri > Tıraş Çantası
80111006,80111004,Boya & Saç Açıcılar,https://www.hepsiburada.com/boya-sac-acicilar-c-80111006,5,Elektronik > saatler > saglik kisisel bakim urunleri > Güzellik Salonu & Kuaför Ürünleri > Boya & Saç Açıcılar
80445032,80111004,Dövme,https://www.hepsiburada.com/dovme-c-80445032,5,Elektronik > saatler > saglik kisisel bakim urunleri > Güzellik Salonu & Kuaför Ürünleri > Dövme
80493045,80111004,Güzellik Salonu Makineleri,https://www.hepsiburada.com/guzellik-salonu-makineleri-c-80493045,5,Elektronik > saatler > saglik kisisel bakim urunleri > Güzellik Salonu & Kuaför Ürünleri > Güzellik Salonu Makineleri
80484068,80111004,Kalıcı Makyaj Cihazları,https://www.hepsiburada.com/kalici-makyaj-cihazlari-c-80484068,5,Elektronik > saatler > saglik kisisel bakim urunleri > Güzellik Salonu & Kuaför Ürünleri > Kalıcı Makyaj Cihazları
80388009,80111004,Klimazon Cihazları,https://www.hepsiburada.com/klimazon-cihazlari-c-80388009,5,Elektronik > saatler > saglik kisisel bakim urunleri > Güzellik Salonu & Kuaför Ürünleri > Klimazon Cihazları
80111005,80111004,Salon Mobilyaları,https://www.hepsiburada.com/salon-mobilyalari-c-80111005,5,Elektronik > saatler > saglik kisisel bakim urunleri > Güzellik Salonu & Kuaför Ürünleri > Salon Mobilyaları
80111008,80111004,"Salon, Makas ve Ekipmanları",https://www.hepsiburada.com/salon-makas-ve-ekipmanlari-c-80111008,5,"Elektronik > saatler > saglik kisisel bakim urunleri > Güzellik Salonu & Kuaför Ürünleri > Salon, Makas ve Ekipmanları"
80111007,80111004,Saç Peruk & Kaynakları,https://www.hepsiburada.com/sac-peruk-kaynaklari-c-80111007,5,Elektronik > saatler > saglik kisisel bakim urunleri > Güzellik Salonu & Kuaför Ürünleri > Saç Peruk & Kaynakları
80746007,80746000,Bone,https://www.hepsiburada.com/bone-c-80746007,5,Elektronik > saatler > saglik kisisel bakim urunleri > Hijyen Ürünleri > Bone
60003464,80746000,Dezenfektanlar,https://www.hepsiburada.com/dezenfektanlar-c-60003464,5,Elektronik > saatler > saglik kisisel bakim urunleri > Hijyen Ürünleri > Dezenfektanlar
80746005,80746000,Eldiven,https://www.hepsiburada.com/eldiven-c-80746005,5,Elektronik > saatler > saglik kisisel bakim urunleri > Hijyen Ürünleri > Eldiven
80746004,80746000,Galoş,https://www.hepsiburada.com/galos-c-80746004,5,Elektronik > saatler > saglik kisisel bakim urunleri > Hijyen Ürünleri > Galoş
80746001,80746000,Hijyen Aparatları,https://www.hepsiburada.com/hijyen-aparatlari-c-80746001,5,Elektronik > saatler > saglik kisisel bakim urunleri > Hijyen Ürünleri > Hijyen Aparatları
80746002,80746000,Maske,https://www.hepsiburada.com/maske-c-80746002,5,Elektronik > saatler > saglik kisisel bakim urunleri > Hijyen Ürünleri > Maske
80746003,80746000,Yatak Koruyucu,https://www.hepsiburada.com/yatak-koruyucu-c-80746003,5,Elektronik > saatler > saglik kisisel bakim urunleri > Hijyen Ürünleri > Yatak Koruyucu
80746006,80746000,Önlük,https://www.hepsiburada.com/onluk-c-80746006,5,Elektronik > saatler > saglik kisisel bakim urunleri > Hijyen Ürünleri > Önlük
80134007,80134000,Otel Banyo Aksesuarları & Ekipmanlar,https://www.hepsiburada.com/otel-banyo-aksesuarlari-ekipmanlar-c-80134007,5,"Elektronik > saatler > saglik kisisel bakim urunleri > Hotel, Restoran & Cafe İhtiyaçları > Otel Banyo Aksesuarları & Ekipmanlar"
80134006,80134000,Otel Tipi Kişisel Bakım Ürünleri,https://www.hepsiburada.com/otel-tipi-kisisel-bakim-urunleri-c-80134006,5,"Elektronik > saatler > saglik kisisel bakim urunleri > Hotel, Restoran & Cafe İhtiyaçları > Otel Tipi Kişisel Bakım Ürünleri"
80134003,80134000,Otel Tipi Saç Kurutma Makineleri,https://www.hepsiburada.com/otel-tipi-sac-kurutma-makineleri-c-80134003,5,"Elektronik > saatler > saglik kisisel bakim urunleri > Hotel, Restoran & Cafe İhtiyaçları > Otel Tipi Saç Kurutma Makineleri"
80134011,80134000,Yük Taşıma Araçları,https://www.hepsiburada.com/yuk-tasima-araclari-c-80134011,5,"Elektronik > saatler > saglik kisisel bakim urunleri > Hotel, Restoran & Cafe İhtiyaçları > Yük Taşıma Araçları"
80024001,26012115,Cilt Terapi Ürünleri,https://www.hepsiburada.com/cilt-terapi-urunleri-c-80024001,5,Elektronik > saatler > saglik kisisel bakim urunleri > Kadın Pedleri & Hijyen Ürünleri > Cilt Terapi Ürünleri
26012144,26012115,Genital Bölge Bakımı,https://www.hepsiburada.com/genital-bolge-temizlik-bakim-urunleri-c-26012144,5,Elektronik > saatler > saglik kisisel bakim urunleri > Kadın Pedleri & Hijyen Ürünleri > Genital Bölge Bakımı
26012141,26012115,Hijyenik Pedler,https://www.hepsiburada.com/hijyenik-pedler-c-26012141,5,Elektronik > saatler > saglik kisisel bakim urunleri > Kadın Pedleri & Hijyen Ürünleri > Hijyenik Pedler
80857388,339715,Astım Ürünleri,https://www.hepsiburada.com/astim-urunleri-c-80857388,5,Elektronik > saatler > saglik kisisel bakim urunleri > Medikal Ürünler > Astım Ürünleri
26012218,339715,Hastane Ve Hasta Bakım Ürünleri,https://www.hepsiburada.com/hastane-hasta-bakim-urunleri-c-26012218,5,Elektronik > saatler > saglik kisisel bakim urunleri > Medikal Ürünler > Hastane Ve Hasta Bakım Ürünleri
26012289,26012111,Jöleler,https://www.hepsiburada.com/joleler-c-26012289,5,Elektronik > saatler > saglik kisisel bakim urunleri > Saç Bakım Ürünleri > Jöleler
80526164,26012111,Kuru Şampuanlar,https://www.hepsiburada.com/kuru-sampuanlar-c-80526164,5,Elektronik > saatler > saglik kisisel bakim urunleri > Saç Bakım Ürünleri > Kuru Şampuanlar
80857297,26012111,Profesyonel Saç Bakım,https://www.hepsiburada.com/profesyonel-sac-bakim-c-80857297,5,Elektronik > saatler > saglik kisisel bakim urunleri > Saç Bakım Ürünleri > Profesyonel Saç Bakım
26012286,26012111,Saç Dökülmesine Karşı Ürünler,https://www.hepsiburada.com/sac-dokulmesine-karsi-urunler-c-26012286,5,Elektronik > saatler > saglik kisisel bakim urunleri > Saç Bakım Ürünleri > Saç Dökülmesine Karşı Ürünler
26012130,26012111,Saç Fototerapi Cihazları,https://www.hepsiburada.com/sac-fototerapi-cihazlari-c-26012130,5,Elektronik > saatler > saglik kisisel bakim urunleri > Saç Bakım Ürünleri > Saç Fototerapi Cihazları
26012131,26012111,Saç Fırçaları Ve Aksesuarlar,https://www.hepsiburada.com/sac-fircalari-aksesuarlar-c-26012131,5,Elektronik > saatler > saglik kisisel bakim urunleri > Saç Bakım Ürünleri > Saç Fırçaları Ve Aksesuarlar
26012283,26012111,Saç Kremleri,https://www.hepsiburada.com/sac-kremleri-c-26012283,5,Elektronik > saatler > saglik kisisel bakim urunleri > Saç Bakım Ürünleri > Saç Kremleri
26012285,26012111,"Saç Maskeleri,Bakım Krem,Losyon Ve Spreyleri",https://www.hepsiburada.com/sac-maskeleribakim-kremlosyon-spreyleri-c-26012285,5,"Elektronik > saatler > saglik kisisel bakim urunleri > Saç Bakım Ürünleri > Saç Maskeleri,Bakım Krem,Losyon Ve Spreyleri"
26012362,26012111,Saç Spreyleri,https://www.hepsiburada.com/sac-spreyleri-c-26012362,5,Elektronik > saatler > saglik kisisel bakim urunleri > Saç Bakım Ürünleri > Saç Spreyleri
26012172,26012170,Alerji Ve Enfeksiyon Ürünleri,https://www.hepsiburada.com/alerji-enfeksiyon-urunleri-c-26012172,5,Elektronik > saatler > saglik kisisel bakim urunleri > Sağlık Ürünleri > Alerji Ve Enfeksiyon Ürünleri
26012173,26012170,Ateş Ölçerler,https://www.hepsiburada.com/ates-olcerler-c-26012173,5,Elektronik > saatler > saglik kisisel bakim urunleri > Sağlık Ürünleri > Ateş Ölçerler
26012175,26012170,Ayak Sağlığı Ve El Terapi Ürünleri,https://www.hepsiburada.com/ayak-sagligi-el-terapi-urunleri-c-26012175,5,Elektronik > saatler > saglik kisisel bakim urunleri > Sağlık Ürünleri > Ayak Sağlığı Ve El Terapi Ürünleri
26012176,26012170,"Baskül Ve Teraziler,Vücut Analiz Cihazları",https://www.hepsiburada.com/baskuller-teraziler-vucut-analiz-cihazlari-c-26012176,5,"Elektronik > saatler > saglik kisisel bakim urunleri > Sağlık Ürünleri > Baskül Ve Teraziler,Vücut Analiz Cihazları"
26012181,26012170,Form Ürünleri,https://www.hepsiburada.com/form-urunleri-c-26012181,5,Elektronik > saatler > saglik kisisel bakim urunleri > Sağlık Ürünleri > Form Ürünleri
60003447,26012170,Hasta Temizlik Ürünleri,https://www.hepsiburada.com/hasta-temizlik-urunleri-c-60003447,5,Elektronik > saatler > saglik kisisel bakim urunleri > Sağlık Ürünleri > Hasta Temizlik Ürünleri
26012182,26012170,Horlama Önleyiciler,https://www.hepsiburada.com/horlama-onleyiciler-c-26012182,5,Elektronik > saatler > saglik kisisel bakim urunleri > Sağlık Ürünleri > Horlama Önleyiciler
26012180,26012170,Kulak Temizleme Ürünleri,https://www.hepsiburada.com/kulak-temizleme-urunleri-c-26012180,5,Elektronik > saatler > saglik kisisel bakim urunleri > Sağlık Ürünleri > Kulak Temizleme Ürünleri
26012171,26012170,Tens Cihazı,https://www.hepsiburada.com/tens-cihazlari-c-26012171,5,Elektronik > saatler > saglik kisisel bakim urunleri > Sağlık Ürünleri > Tens Cihazı
80381019,26012170,Ter Önleyici Pedler,https://www.hepsiburada.com/ter-onleyici-pedler-c-80381019,5,Elektronik > saatler > saglik kisisel bakim urunleri > Sağlık Ürünleri > Ter Önleyici Pedler
26012188,26012170,Termoforlar Ve Isıtma Ürünleri,https://www.hepsiburada.com/termoforlar-isitma-urunleri-c-26012188,5,Elektronik > saatler > saglik kisisel bakim urunleri > Sağlık Ürünleri > Termoforlar Ve Isıtma Ürünleri
354033,354020,Amino Asit (BCAA),https://www.hepsiburada.com/amino-asitler-c-354033,5,Elektronik > saatler > saglik kisisel bakim urunleri > Sporcu Besinleri & Suplementer > Amino Asit (BCAA)
27030998,354020,Karbonhidrat (Mass Gainer),https://www.hepsiburada.com/karbonhidrat-mass-gainer-c-27030998,5,Elektronik > saatler > saglik kisisel bakim urunleri > Sporcu Besinleri & Suplementer > Karbonhidrat (Mass Gainer)
354054,354020,Kreatin,https://www.hepsiburada.com/kreatinler-c-354054,5,Elektronik > saatler > saglik kisisel bakim urunleri > Sporcu Besinleri & Suplementer > Kreatin
354265,354020,L-Karnitin (CLA),https://www.hepsiburada.com/l-karnitinler-c-354265,5,Elektronik > saatler > saglik kisisel bakim urunleri > Sporcu Besinleri & Suplementer > L-Karnitin (CLA)
354041,354020,Protein Tozu,https://www.hepsiburada.com/protein-tozlari-c-354041,5,Elektronik > saatler > saglik kisisel bakim urunleri > Sporcu Besinleri & Suplementer > Protein Tozu
80381017,80381011,Anal Oyuncaklar & Fantezi Ürünler,https://www.hepsiburada.com/anal-oyuncaklar-fantezi-urunler-c-80381017,5,Elektronik > saatler > saglik kisisel bakim urunleri > Yetişkin Ürünler +18 > Anal Oyuncaklar & Fantezi Ürünler
80455054,80381011,"Krem, Jel & Yağlar",https://www.hepsiburada.com/krem-jel-yaglar-c-80455054,5,"Elektronik > saatler > saglik kisisel bakim urunleri > Yetişkin Ürünler +18 > Krem, Jel & Yağlar"
80381015,80381011,Mastürbatörler,https://www.hepsiburada.com/masturbatorler-c-80381015,5,Elektronik > saatler > saglik kisisel bakim urunleri > Yetişkin Ürünler +18 > Mastürbatörler
80381016,80381011,Penis Kılıfları & Halkalar,https://www.hepsiburada.com/penis-kiliflari-halkalar-c-80381016,5,Elektronik > saatler > saglik kisisel bakim urunleri > Yetişkin Ürünler +18 > Penis Kılıfları & Halkalar
80381012,80381011,Penis Pompaları,https://www.hepsiburada.com/penis-pompalari-c-80381012,5,Elektronik > saatler > saglik kisisel bakim urunleri > Yetişkin Ürünler +18 > Penis Pompaları
26012197,80381011,Strapon & Belden Bağlamalı Ürünler,https://www.hepsiburada.com/cinsel-urunler-c-26012197,5,Elektronik > saatler > saglik kisisel bakim urunleri > Yetişkin Ürünler +18 > Strapon & Belden Bağlamalı Ürünler
80381014,80381011,Vibratör & Dildolar,https://www.hepsiburada.com/vibrator-dildolar-c-80381014,5,Elektronik > saatler > saglik kisisel bakim urunleri > Yetişkin Ürünler +18 > Vibratör & Dildolar
80381013,80381011,Şişme Bebek & Realistik Mankenler,https://www.hepsiburada.com/sisme-bebek-realistik-mankenler-c-80381013,5,Elektronik > saatler > saglik kisisel bakim urunleri > Yetişkin Ürünler +18 > Şişme Bebek & Realistik Mankenler
80857188,26012117,Elektrikli Diş Fırçası,https://www.hepsiburada.com/elektrikli-dis-fircasi-c-80857188,5,Elektronik > saatler > saglik kisisel bakim urunleri > dis fircalari > Elektrikli Diş Fırçası
80857191,26012117,Fırça Kabı,https://www.hepsiburada.com/firca-kabi-c-80857191,5,Elektronik > saatler > saglik kisisel bakim urunleri > dis fircalari > Fırça Kabı
80857189,26012117,Manuel Diş Fırçası,https://www.hepsiburada.com/manuel-dis-fircasi-c-80857189,5,Elektronik > saatler > saglik kisisel bakim urunleri > dis fircalari > Manuel Diş Fırçası
80857190,26012117,Yedek Başlık,https://www.hepsiburada.com/yedek-baslik-c-80857190,5,Elektronik > saatler > saglik kisisel bakim urunleri > dis fircalari > Yedek Başlık
26012291,26012117,sac kopukleri,https://www.hepsiburada.com/sac-kopukleri-c-26012291,5,Elektronik > saatler > saglik kisisel bakim urunleri > dis fircalari > sac kopukleri
32010928,32010888,Ayak Bakım Ürünleri,https://www.hepsiburada.com/ayak-bakim-kremleri-c-32010928,5,Elektronik > saatler > saglik kisisel bakim urunleri > el tirnak bakim urunleri > Ayak Bakım Ürünleri
19173,369685,aerobik egzersiz aletleri,https://www.hepsiburada.com/aerobik-egzersiz-aletleri-c-19173,5,Elektronik > saatler > spor ayakkabilar > Spor Giyim - Aksesuar > aerobik egzersiz aletleri
60000545,369685,spor giyim urunleri,https://www.hepsiburada.com/spor-giyim-urunleri-c-60000545,5,Elektronik > saatler > spor ayakkabilar > Spor Giyim - Aksesuar > spor giyim urunleri
60005638,369685,yoga malzemeleri,https://www.hepsiburada.com/yoga-malzemeleri-c-60005638,5,Elektronik > saatler > spor ayakkabilar > Spor Giyim - Aksesuar > yoga malzemeleri
80747000,371967,Akıllı Gözlükler,https://www.hepsiburada.com/akilli-gozlukler-c-80747000,5,Elektronik > saatler > telefonlar > Cep Telefonu Aksesuarları > Akıllı Gözlükler
375468,371967,Akıllı Saat ve Bileklik Aksesuarları,https://www.hepsiburada.com/giyilebilir-teknoloji-aksesuarlari-c-375468,5,Elektronik > saatler > telefonlar > Cep Telefonu Aksesuarları > Akıllı Saat ve Bileklik Aksesuarları
80857401,371967,Akıllı Yüzükler,https://www.hepsiburada.com/akilli-yuzuk-c-80857401,5,Elektronik > saatler > telefonlar > Cep Telefonu Aksesuarları > Akıllı Yüzükler
16112,371967,Araç İçi Telefon Tutucular,https://www.hepsiburada.com/araba-aksesuarlari-c-16112,5,Elektronik > saatler > telefonlar > Cep Telefonu Aksesuarları > Araç İçi Telefon Tutucular
16111,371967,Bataryalar,https://www.hepsiburada.com/cep-telefonu-bataryalari-c-16111,5,Elektronik > saatler > telefonlar > Cep Telefonu Aksesuarları > Bataryalar
16217,371967,Bluetooth Araç Kitleri,https://www.hepsiburada.com/bluetooth-arac-kitleri-c-16217,5,Elektronik > saatler > telefonlar > Cep Telefonu Aksesuarları > Bluetooth Araç Kitleri
80413102,371967,Bluetooth Kulaklık Aksesuarları,https://www.hepsiburada.com/bluetooth-kulaklik-aksesuarlari-c-80413102,5,Elektronik > saatler > telefonlar > Cep Telefonu Aksesuarları > Bluetooth Kulaklık Aksesuarları
16218,371967,Bluetooth Kulaklıklar,https://www.hepsiburada.com/bluetooth-kulakliklar-c-16218,5,Elektronik > saatler > telefonlar > Cep Telefonu Aksesuarları > Bluetooth Kulaklıklar
60007722,371967,Cep Telefonu Yedek Parçaları,https://www.hepsiburada.com/cep-telefonu-yedek-parcalari-c-60007722,5,Elektronik > saatler > telefonlar > Cep Telefonu Aksesuarları > Cep Telefonu Yedek Parçaları
60006147,371967,Ek Güvence Paketleri,https://www.hepsiburada.com/ek-guvence-paketleri-c-60006147,5,Elektronik > saatler > telefonlar > Cep Telefonu Aksesuarları > Ek Güvence Paketleri
60004613,371967,GPS Takip Cihazları,https://www.hepsiburada.com/gps-takip-cihazlari-c-60004613,5,Elektronik > saatler > telefonlar > Cep Telefonu Aksesuarları > GPS Takip Cihazları
80857058,371967,Hepsiburada Koruma Paketi,https://www.hepsiburada.com/hepsiburada-koruma-paketi-c-80857058,5,Elektronik > saatler > telefonlar > Cep Telefonu Aksesuarları > Hepsiburada Koruma Paketi
60005915,371967,Sanal Gerçeklik Gözlüğü,https://www.hepsiburada.com/sanal-gerceklik-gozlukleri-c-60005915,5,Elektronik > saatler > telefonlar > Cep Telefonu Aksesuarları > Sanal Gerçeklik Gözlüğü
60005237,371967,Selfie (Özçekim) Çubukları,https://www.hepsiburada.com/selfie-ozcekim-cubuklari-c-60005237,5,Elektronik > saatler > telefonlar > Cep Telefonu Aksesuarları > Selfie (Özçekim) Çubukları
60003561,371967,Tasarım Kılıflar,https://www.hepsiburada.com/tasarim-kiliflar-c-60003561,5,Elektronik > saatler > telefonlar > Cep Telefonu Aksesuarları > Tasarım Kılıflar
376097,371967,Taşınabilir Hoparlörler,https://www.hepsiburada.com/tasinabilir-hoparlorler-c-376097,5,Elektronik > saatler > telefonlar > Cep Telefonu Aksesuarları > Taşınabilir Hoparlörler
16117,371967,Telefon Kulaklıkları,https://www.hepsiburada.com/kulaklik-setleri-c-16117,5,Elektronik > saatler > telefonlar > Cep Telefonu Aksesuarları > Telefon Kulaklıkları
60001038,371967,Telefon Oyun Aksesuarları,https://www.hepsiburada.com/telefon-oyun-aksesuarlari-c-60001038,5,Elektronik > saatler > telefonlar > Cep Telefonu Aksesuarları > Telefon Oyun Aksesuarları
60006199,371967,USB Flash Bellekler,https://www.hepsiburada.com/cep-telefonu-usb-flash-bellekler-c-60006199,5,Elektronik > saatler > telefonlar > Cep Telefonu Aksesuarları > USB Flash Bellekler
29010123,371967,Şarj Kabloları,https://www.hepsiburada.com/telefon-kablolari-c-29010123,5,Elektronik > saatler > telefonlar > Cep Telefonu Aksesuarları > Şarj Kabloları
16199,371966,Fct Sistemleri,https://www.hepsiburada.com/fct-sistemleri-c-16199,5,Elektronik > saatler > telefonlar > Telsiz / Masaüstü Telefonlar > Fct Sistemleri
16126,371966,Konferans Telefonları,https://www.hepsiburada.com/konferans-telefonlari-c-16126,5,Elektronik > saatler > telefonlar > Telsiz / Masaüstü Telefonlar > Konferans Telefonları
16027,371966,Lisanssız Telsizler,https://www.hepsiburada.com/lisanssiz-telsizler-c-16027,5,Elektronik > saatler > telefonlar > Telsiz / Masaüstü Telefonlar > Lisanssız Telsizler
16004,371966,Masaüstü Telefonlar,https://www.hepsiburada.com/masaustu-telefonlar-c-16004,5,Elektronik > saatler > telefonlar > Telsiz / Masaüstü Telefonlar > Masaüstü Telefonlar
16043,371966,Operatör Başlıkları,https://www.hepsiburada.com/operator-basliklari-c-16043,5,Elektronik > saatler > telefonlar > Telsiz / Masaüstü Telefonlar > Operatör Başlıkları
16120,371966,Telefon Santralleri,https://www.hepsiburada.com/telefon-santralleri-c-16120,5,Elektronik > saatler > telefonlar > Telsiz / Masaüstü Telefonlar > Telefon Santralleri
16005,371966,Telsiz Telefonlar,https://www.hepsiburada.com/telsiz-telefonlar-c-16005,5,Elektronik > saatler > telefonlar > Telsiz / Masaüstü Telefonlar > Telsiz Telefonlar
60002037,60000349,Eşofman,https://www.hepsiburada.com/trabzonspor-erkek-esofmanlari-c-60002037,5,Elektronik > saatler > trabzonspor urunleri > Erkek Giyim > Eşofman
60002035,60000349,Sweatshirt,https://www.hepsiburada.com/trabzonspor-erkek-sweatshirt-c-60002035,5,Elektronik > saatler > trabzonspor urunleri > Erkek Giyim > Sweatshirt
60002036,60000349,T-Shirt,https://www.hepsiburada.com/trabzonspor-erkek-t-shirt-c-60002036,5,Elektronik > saatler > trabzonspor urunleri > Erkek Giyim > T-Shirt
60002041,60000349,Çorap,https://www.hepsiburada.com/trabzonspor-coraplari-c-60002041,5,Elektronik > saatler > trabzonspor urunleri > Erkek Giyim > Çorap
60006350,60000349,İç Giyim,https://www.hepsiburada.com/trabzonspor-erkek-ic-giyim-c-60006350,5,Elektronik > saatler > trabzonspor urunleri > Erkek Giyim > İç Giyim
60002047,60000351,Eşofman,https://www.hepsiburada.com/trabzonspor-cocuk-esofmanlari-c-60002047,5,Elektronik > saatler > trabzonspor urunleri > Çocuk Giyim > Eşofman
60002046,60000351,Sweatshirt,https://www.hepsiburada.com/trabzonspor-cocuk-sweatshirt-c-60002046,5,Elektronik > saatler > trabzonspor urunleri > Çocuk Giyim > Sweatshirt
60002045,60000351,T-Shirt,https://www.hepsiburada.com/trabzonspor-cocuk-t-shirt-c-60002045,5,Elektronik > saatler > trabzonspor urunleri > Çocuk Giyim > T-Shirt
28002798,28001525,Temizlik Eldiveni,https://www.hepsiburada.com/temizlik-eldivenleri-c-28002798,5,Elektronik > supurgeler > Sulu Süpürge > deterjan temizlik urunleri > Temizlik Eldiveni
15365,60002789,piller sarj cihazlari,https://www.hepsiburada.com/piller-sarj-cihazlari-c-15365,5,"Ev, Yasam, Kirtasiye, Ofis > Aydınlatma > Spotlar > piller > piller sarj cihazlari"
18021998,18021932,Banyo Taburesi,https://www.hepsiburada.com/banyo-tabureleri-c-18021998,5,"Ev, Yasam, Kirtasiye, Ofis > Banyo & Mutfak > Duş Sistemleri > Duş Aksesuarları > Banyo Taburesi"
18021975,18021932,Köşe Rafları,https://www.hepsiburada.com/kose-raflari-c-18021975,5,"Ev, Yasam, Kirtasiye, Ofis > Banyo & Mutfak > Duş Sistemleri > Duş Aksesuarları > Köşe Rafları"
18022486,18021932,Tutamaklar,https://www.hepsiburada.com/tutamaklar-c-18022486,5,"Ev, Yasam, Kirtasiye, Ofis > Banyo & Mutfak > Duş Sistemleri > Duş Aksesuarları > Tutamaklar"
292983,18021319,firca cesitleri,https://www.hepsiburada.com/firca-cesitleri-c-292983,5,"Ev, Yasam, Kirtasiye, Ofis > Dekorasyon > Dekoratif Objeler > Şömine ve Aksesuarları > firca cesitleri"
60008004,60004984,boncuk payetler,https://www.hepsiburada.com/boncuk-payetler-c-60008004,5,"Ev, Yasam, Kirtasiye, Ofis > Dekorasyon > Ev Düzenleme & Saklama > Takı Askısı > boncuk payetler"
60008284,60008282,Düğün Malzemeleri,https://www.hepsiburada.com/dugun-malzemeleri-c-60008284,5,"Ev, Yasam, Kirtasiye, Ofis > Dekorasyon > Parti Malzemeleri > Düğün, Kına & Nikah > Düğün Malzemeleri"
60008285,60008282,Kına Malzemeleri,https://www.hepsiburada.com/kina-malzemeleri-c-60008285,5,"Ev, Yasam, Kirtasiye, Ofis > Dekorasyon > Parti Malzemeleri > Düğün, Kına & Nikah > Kına Malzemeleri"
60008283,60008282,Nikah Malzemeleri,https://www.hepsiburada.com/nikah-malzemeleri-c-60008283,5,"Ev, Yasam, Kirtasiye, Ofis > Dekorasyon > Parti Malzemeleri > Düğün, Kına & Nikah > Nikah Malzemeleri"
80755018,60007538,hediye kartlari,https://www.hepsiburada.com/hediye-kartlari-c-80755018,5,"Ev, Yasam, Kirtasiye, Ofis > Dekorasyon > Parti Malzemeleri > Hediye Paketleme Malzemeleri > hediye kartlari"
60007555,60007549,Plastik Bardak,https://www.hepsiburada.com/plastik-bardak-c-60007555,5,"Ev, Yasam, Kirtasiye, Ofis > Dekorasyon > Parti Malzemeleri > Sofra Gereçleri > Plastik Bardak"
60007553,60007549,Plastik Bıçak,https://www.hepsiburada.com/plastik-bicak-c-60007553,5,"Ev, Yasam, Kirtasiye, Ofis > Dekorasyon > Parti Malzemeleri > Sofra Gereçleri > Plastik Bıçak"
60007558,60007549,Plastik Kase,https://www.hepsiburada.com/plastik-kase-c-60007558,5,"Ev, Yasam, Kirtasiye, Ofis > Dekorasyon > Parti Malzemeleri > Sofra Gereçleri > Plastik Kase"
60007551,60007549,Plastik Kaşık,https://www.hepsiburada.com/plastik-kasik-c-60007551,5,"Ev, Yasam, Kirtasiye, Ofis > Dekorasyon > Parti Malzemeleri > Sofra Gereçleri > Plastik Kaşık"
60007550,60007549,Plastik Tabak,https://www.hepsiburada.com/plastik-tabak-c-60007550,5,"Ev, Yasam, Kirtasiye, Ofis > Dekorasyon > Parti Malzemeleri > Sofra Gereçleri > Plastik Tabak"
60007552,60007549,Plastik Çatal,https://www.hepsiburada.com/plastik-catal-c-60007552,5,"Ev, Yasam, Kirtasiye, Ofis > Dekorasyon > Parti Malzemeleri > Sofra Gereçleri > Plastik Çatal"
60007557,60007549,Servis Gereçleri,https://www.hepsiburada.com/servis-gerecleri-c-60007557,5,"Ev, Yasam, Kirtasiye, Ofis > Dekorasyon > Parti Malzemeleri > Sofra Gereçleri > Servis Gereçleri"
60007554,60007549,Sofra Seti,https://www.hepsiburada.com/sofra-seti-c-60007554,5,"Ev, Yasam, Kirtasiye, Ofis > Dekorasyon > Parti Malzemeleri > Sofra Gereçleri > Sofra Seti"
28001499,60003804,cikolatalar,https://www.hepsiburada.com/cikolatalar-c-28001499,5,"Ev, Yasam, Kirtasiye, Ofis > Dekorasyon > Yılbaşı Süsleri > Yılbaşı Oyuncakları > cikolatalar"
18029243,9011810,banyo perdeleri,https://www.hepsiburada.com/banyo-perdeleri-c-18029243,5,"Ev, Yasam, Kirtasiye, Ofis > Ev Tekstili > Banyo Tekstili > Banyo Perdesi > banyo perdeleri"
9010090,9010088,Duvar üzeri,https://www.hepsiburada.com/duvar-uzeri-c-9010090,5,"Ev, Yasam, Kirtasiye, Ofis > Ev Tekstili > Ev Dekorasyon Ürünleri > Duvar Kağıdı ve Çıkartmalar (Sticker) > Duvar üzeri"
9010271,516506,Giyim Hurçları,https://www.hepsiburada.com/giyim-hurclari-c-9010271,5,"Ev, Yasam, Kirtasiye, Ofis > Ev Tekstili > Ev Dekorasyon Ürünleri > Saklama Ürünleri > Giyim Hurçları"
9010268,516506,Halı Hurçları,https://www.hepsiburada.com/hali-hurclari-c-9010268,5,"Ev, Yasam, Kirtasiye, Ofis > Ev Tekstili > Ev Dekorasyon Ürünleri > Saklama Ürünleri > Halı Hurçları"
9010269,516506,Organizerler,https://www.hepsiburada.com/organizerler-c-9010269,5,"Ev, Yasam, Kirtasiye, Ofis > Ev Tekstili > Ev Dekorasyon Ürünleri > Saklama Ürünleri > Organizerler"
9010270,516506,Sandık-Baza Hurçları,https://www.hepsiburada.com/sandik-baza-hurclari-c-9010270,5,"Ev, Yasam, Kirtasiye, Ofis > Ev Tekstili > Ev Dekorasyon Ürünleri > Saklama Ürünleri > Sandık-Baza Hurçları"
9010267,516506,Vakumlu Hurçlar,https://www.hepsiburada.com/vakumlu-hurclar-c-9010267,5,"Ev, Yasam, Kirtasiye, Ofis > Ev Tekstili > Ev Dekorasyon Ürünleri > Saklama Ürünleri > Vakumlu Hurçlar"
60007986,60005565,nakis malzemeleri,https://www.hepsiburada.com/nakis-malzemeleri-c-60007986,5,"Ev, Yasam, Kirtasiye, Ofis > Ev Tekstili > Halı > Seccade > nakis malzemeleri"
256,60005565,speaker hoparlorler,https://www.hepsiburada.com/speaker-hoparlorler-c-256,5,"Ev, Yasam, Kirtasiye, Ofis > Ev Tekstili > Halı > Seccade > speaker hoparlorler"
239793,60008819,ekmek kutulari,https://www.hepsiburada.com/ekmek-kutulari-c-239793,5,"Ev, Yasam, Kirtasiye, Ofis > Ev Tekstili > Mutfak Tekstili > Ekmek Sepeti > ekmek kutulari"
60001167,60001164,Ahşap Jaluzi,https://www.hepsiburada.com/ahsap-jaluziler-c-60001167,5,"Ev, Yasam, Kirtasiye, Ofis > Ev Tekstili > Perde > Jaluzi > Ahşap Jaluzi"
60001652,60001164,Alüminyum Jaluzi,https://www.hepsiburada.com/aluminyum-jaluziler-c-60001652,5,"Ev, Yasam, Kirtasiye, Ofis > Ev Tekstili > Perde > Jaluzi > Alüminyum Jaluzi"
60001656,60001164,PVC Jaluzi,https://www.hepsiburada.com/pvc-jaluziler-c-60001656,5,"Ev, Yasam, Kirtasiye, Ofis > Ev Tekstili > Perde > Jaluzi > PVC Jaluzi"
80435053,9022251,Bambu Stor Perde,https://www.hepsiburada.com/bambu-store-perde-c-80435053,5,"Ev, Yasam, Kirtasiye, Ofis > Ev Tekstili > Perde > Stor Perde > Bambu Stor Perde"
9022252,9022251,Blackout Stor Perde,https://www.hepsiburada.com/blackout-stor-perdeler-c-9022252,5,"Ev, Yasam, Kirtasiye, Ofis > Ev Tekstili > Perde > Stor Perde > Blackout Stor Perde"
60000519,9022251,Dijital Baskılı Stor Perde,https://www.hepsiburada.com/dijital-baskili-stor-perdeler-c-60000519,5,"Ev, Yasam, Kirtasiye, Ofis > Ev Tekstili > Perde > Stor Perde > Dijital Baskılı Stor Perde"
9022253,9022251,Mat Stor Perde,https://www.hepsiburada.com/mat-stor-perdeler-c-9022253,5,"Ev, Yasam, Kirtasiye, Ofis > Ev Tekstili > Perde > Stor Perde > Mat Stor Perde"
9022254,9022251,Polyester Stor Perde,https://www.hepsiburada.com/polyester-stor-perdeler-c-9022254,5,"Ev, Yasam, Kirtasiye, Ofis > Ev Tekstili > Perde > Stor Perde > Polyester Stor Perde"
60001166,9022251,Screen Stor Perde,https://www.hepsiburada.com/screen-stor-perdeler-c-60001166,5,"Ev, Yasam, Kirtasiye, Ofis > Ev Tekstili > Perde > Stor Perde > Screen Stor Perde"
9022250,9022251,Tül Stor Perde,https://www.hepsiburada.com/tul-stor-perdeler-c-9022250,5,"Ev, Yasam, Kirtasiye, Ofis > Ev Tekstili > Perde > Stor Perde > Tül Stor Perde"
9022280,9022251,Zebra Perde,https://www.hepsiburada.com/zebra-perdeler-c-9022280,5,"Ev, Yasam, Kirtasiye, Ofis > Ev Tekstili > Perde > Stor Perde > Zebra Perde"
379419,60000299,mont kabanlar,https://www.hepsiburada.com/mont-kabanlar-c-379419,5,"Ev, Yasam, Kirtasiye, Ofis > Mobilya > Antre / Hol > Kapı ve Duvar Askılıkları > mont kabanlar"
60001285,60003820,beşik modelleri,https://www.hepsiburada.com/besikler-c-60001285,5,"Ev, Yasam, Kirtasiye, Ofis > Mobilya > Bebek Odası > Masa & Sandalye > beşik modelleri"
60005930,60003703,Bez Gardırop,https://www.hepsiburada.com/bez-gardiroplar-c-60005930,5,"Ev, Yasam, Kirtasiye, Ofis > Mobilya > Genç Odası > Gardıroplar > Bez Gardırop"
60005929,60003703,Kapılı Gardırop,https://www.hepsiburada.com/kapili-gardiroplar-c-60005929,5,"Ev, Yasam, Kirtasiye, Ofis > Mobilya > Genç Odası > Gardıroplar > Kapılı Gardırop"
60005928,60003703,Sürgülü Gardırop,https://www.hepsiburada.com/surgulu-gardiroplar-c-60005928,5,"Ev, Yasam, Kirtasiye, Ofis > Mobilya > Genç Odası > Gardıroplar > Sürgülü Gardırop"
18038158,18032721,Hazır Mutfaklar,https://www.hepsiburada.com/hazir-mutfaklar-c-18038158,5,"Ev, Yasam, Kirtasiye, Ofis > Mobilya > Mutfak > Mutfak Dolapları > Hazır Mutfaklar"
18038163,18032721,Kiler Dolabı,https://www.hepsiburada.com/kiler-dolaplari-c-18038163,5,"Ev, Yasam, Kirtasiye, Ofis > Mobilya > Mutfak > Mutfak Dolapları > Kiler Dolabı"
18021340,18032721,Sebze / Ekmek Dolabı,https://www.hepsiburada.com/sebze-ekmek-dolaplari-c-18021340,5,"Ev, Yasam, Kirtasiye, Ofis > Mobilya > Mutfak > Mutfak Dolapları > Sebze / Ekmek Dolabı"
18038159,18032721,Tekli Dolaplar,https://www.hepsiburada.com/tekli-dolaplar-c-18038159,5,"Ev, Yasam, Kirtasiye, Ofis > Mobilya > Mutfak > Mutfak Dolapları > Tekli Dolaplar"
60001279,80154009,Askılık,https://www.hepsiburada.com/ofis-askiliklari-c-60001279,5,"Ev, Yasam, Kirtasiye, Ofis > Mobilya > Ofis Mobilyaları > Ofis Aksesuarları > Askılık"
15104,80154009,Ayaklı Küllük,https://www.hepsiburada.com/ayakli-kullukler-c-15104,5,"Ev, Yasam, Kirtasiye, Ofis > Mobilya > Ofis Mobilyaları > Ofis Aksesuarları > Ayaklı Küllük"
21033207,80154009,Banko,https://www.hepsiburada.com/banko-ofis-mobilyalari-c-21033207,5,"Ev, Yasam, Kirtasiye, Ofis > Mobilya > Ofis Mobilyaları > Ofis Aksesuarları > Banko"
60005546,80154009,Ofis Duvar Saatleri,https://www.hepsiburada.com/ofis-duvar-saatleri-c-60005546,5,"Ev, Yasam, Kirtasiye, Ofis > Mobilya > Ofis Mobilyaları > Ofis Aksesuarları > Ofis Duvar Saatleri"
60005545,80154009,Ofis Masa Saatleri,https://www.hepsiburada.com/ofis-masa-saatleri-c-60005545,5,"Ev, Yasam, Kirtasiye, Ofis > Mobilya > Ofis Mobilyaları > Ofis Aksesuarları > Ofis Masa Saatleri"
60005548,80154009,Ofis Posterleri,https://www.hepsiburada.com/ofis-posterleri-c-60005548,5,"Ev, Yasam, Kirtasiye, Ofis > Mobilya > Ofis Mobilyaları > Ofis Aksesuarları > Ofis Posterleri"
21002961,80154009,Ofis Çöp Kovası,https://www.hepsiburada.com/ofis-cop-kovalari-c-21002961,5,"Ev, Yasam, Kirtasiye, Ofis > Mobilya > Ofis Mobilyaları > Ofis Aksesuarları > Ofis Çöp Kovası"
60005547,80154009,Pratik Ofis Gereçleri,https://www.hepsiburada.com/pratik-ofis-gerecleri-c-60005547,5,"Ev, Yasam, Kirtasiye, Ofis > Mobilya > Ofis Mobilyaları > Ofis Aksesuarları > Pratik Ofis Gereçleri"
285906,60001663,Bekleme Koltukları,https://www.hepsiburada.com/bekleme-koltuklari-c-285906,5,"Ev, Yasam, Kirtasiye, Ofis > Mobilya > Ofis Mobilyaları > Ofis Koltukları > Bekleme Koltukları"
21027912,60001663,Koltuk Takımları,https://www.hepsiburada.com/ofis-koltuk-takimlari-c-21027912,5,"Ev, Yasam, Kirtasiye, Ofis > Mobilya > Ofis Mobilyaları > Ofis Koltukları > Koltuk Takımları"
15605,60001663,Masaj Koltukları,https://www.hepsiburada.com/masaj-koltuklari-c-15605,5,"Ev, Yasam, Kirtasiye, Ofis > Mobilya > Ofis Mobilyaları > Ofis Koltukları > Masaj Koltukları"
60005544,60001663,Ofis Kanepeleri,https://www.hepsiburada.com/ofis-kanepeleri-c-60005544,5,"Ev, Yasam, Kirtasiye, Ofis > Mobilya > Ofis Mobilyaları > Ofis Koltukları > Ofis Kanepeleri"
60005472,60001663,Ofis Koltuğu Yedek Parçaları,https://www.hepsiburada.com/ofis-koltugu-yedek-parcalari-c-60005472,5,"Ev, Yasam, Kirtasiye, Ofis > Mobilya > Ofis Mobilyaları > Ofis Koltukları > Ofis Koltuğu Yedek Parçaları"
15321,60001663,Yönetici Koltukları,https://www.hepsiburada.com/yonetici-koltuklari-c-15321,5,"Ev, Yasam, Kirtasiye, Ofis > Mobilya > Ofis Mobilyaları > Ofis Koltukları > Yönetici Koltukları"
60002245,18021334,Armut Koltuklar / Minderler,https://www.hepsiburada.com/armut-koltuklar-minderler-c-60002245,5,"Ev, Yasam, Kirtasiye, Ofis > Mobilya > Oturma Odası > Puf / Minderler > Armut Koltuklar / Minderler"
60002246,18021334,Puflar,https://www.hepsiburada.com/puflar-c-60002246,5,"Ev, Yasam, Kirtasiye, Ofis > Mobilya > Oturma Odası > Puf / Minderler > Puflar"
18021388,18021336,TV Sehpası,https://www.hepsiburada.com/tv-sehpalari-c-18021388,5,"Ev, Yasam, Kirtasiye, Ofis > Mobilya > Oturma Odası > TV Sehpaları / Üniteleri > TV Sehpası"
60007492,18021326,Tek Kişilik Bazalar,https://www.hepsiburada.com/tek-kisilik-bazalar-c-60007492,5,"Ev, Yasam, Kirtasiye, Ofis > Mobilya > Yatak Odası > Bazalar > Tek Kişilik Bazalar"
60007491,18021326,Çift Kişilik Bazalar,https://www.hepsiburada.com/cift-kisilik-bazalar-c-60007491,5,"Ev, Yasam, Kirtasiye, Ofis > Mobilya > Yatak Odası > Bazalar > Çift Kişilik Bazalar"
60007291,18021329,Açık Dolap,https://www.hepsiburada.com/acik-dolap-c-60007291,5,"Ev, Yasam, Kirtasiye, Ofis > Mobilya > Yatak Odası > Gardıroplar > Açık Dolap"
18021611,18021329,Bez Gardırop,https://www.hepsiburada.com/bez-gardiroplar-c-18021611,5,"Ev, Yasam, Kirtasiye, Ofis > Mobilya > Yatak Odası > Gardıroplar > Bez Gardırop"
18021422,18021329,Kapılı Gardırop,https://www.hepsiburada.com/kapili-gardiroplar-c-18021422,5,"Ev, Yasam, Kirtasiye, Ofis > Mobilya > Yatak Odası > Gardıroplar > Kapılı Gardırop"
18021423,18021329,Sürgü Kapaklı Gardırop,https://www.hepsiburada.com/surgu-kapakli-gardiroplar-c-18021423,5,"Ev, Yasam, Kirtasiye, Ofis > Mobilya > Yatak Odası > Gardıroplar > Sürgü Kapaklı Gardırop"
18021376,18021325,Ahşap Karyola,https://www.hepsiburada.com/ahsap-karyola-c-18021376,5,"Ev, Yasam, Kirtasiye, Ofis > Mobilya > Yatak Odası > Karyolalar > Ahşap Karyola"
18021377,18021325,Metal Karyola,https://www.hepsiburada.com/metal-karyola-c-18021377,5,"Ev, Yasam, Kirtasiye, Ofis > Mobilya > Yatak Odası > Karyolalar > Metal Karyola"
60002949,18021327,Ahşap,https://www.hepsiburada.com/ahsap-yatak-basliklari-c-60002949,5,"Ev, Yasam, Kirtasiye, Ofis > Mobilya > Yatak Odası > Yatak Başlığı > Ahşap"
18021381,18021327,Deri,https://www.hepsiburada.com/deri-yatak-basligi-c-18021381,5,"Ev, Yasam, Kirtasiye, Ofis > Mobilya > Yatak Odası > Yatak Başlığı > Deri"
18021382,18021327,Metal,https://www.hepsiburada.com/metal-yatak-basligi-c-18021382,5,"Ev, Yasam, Kirtasiye, Ofis > Mobilya > Yatak Odası > Yatak Başlığı > Metal"
60006445,80702005,cocuk odasi stickerlari,https://www.hepsiburada.com/cocuk-odasi-stickerlari-c-60006445,5,"Ev, Yasam, Kirtasiye, Ofis > Mobilya > Çocuk Odası > Komodin > cocuk odasi stickerlari"
80750002,16032977,10 Gram Gümüş,https://www.hepsiburada.com/10-gram-gumus-c-80750002,5,"Ev, Yasam, Kirtasiye, Ofis > Montaj Hizmeti > 100 gram gumus > Külçe Gümüş > 10 Gram Gümüş"
80842014,16032977,1000 Gram Gümüş,https://www.hepsiburada.com/1000-gram-gumus-c-80842014,5,"Ev, Yasam, Kirtasiye, Ofis > Montaj Hizmeti > 100 gram gumus > Külçe Gümüş > 1000 Gram Gümüş"
80750003,16032977,20 Gram Gümüş,https://www.hepsiburada.com/20-gram-gumus-c-80750003,5,"Ev, Yasam, Kirtasiye, Ofis > Montaj Hizmeti > 100 gram gumus > Külçe Gümüş > 20 Gram Gümüş"
80750008,16032977,250 Gram Gümüş,https://www.hepsiburada.com/250-gram-gumus-c-80750008,5,"Ev, Yasam, Kirtasiye, Ofis > Montaj Hizmeti > 100 gram gumus > Külçe Gümüş > 250 Gram Gümüş"
80750011,16032977,"31,1 Gram Gümüş",https://www.hepsiburada.com/31-1-gram-gumus-c-80750011,5,"Ev, Yasam, Kirtasiye, Ofis > Montaj Hizmeti > 100 gram gumus > Külçe Gümüş > 31,1 Gram Gümüş"
80750001,16032977,5 Gram Gümüş,https://www.hepsiburada.com/5-gram-gumus-c-80750001,5,"Ev, Yasam, Kirtasiye, Ofis > Montaj Hizmeti > 100 gram gumus > Külçe Gümüş > 5 Gram Gümüş"
80750004,16032977,50 Gram Gümüş,https://www.hepsiburada.com/50-gram-gumus-c-80750004,5,"Ev, Yasam, Kirtasiye, Ofis > Montaj Hizmeti > 100 gram gumus > Külçe Gümüş > 50 Gram Gümüş"
80750007,16032977,500 Gram Gümüş,https://www.hepsiburada.com/500-gram-gumus-c-80750007,5,"Ev, Yasam, Kirtasiye, Ofis > Montaj Hizmeti > 100 gram gumus > Külçe Gümüş > 500 Gram Gümüş"
536796,16032977,gumus taki setleri,https://www.hepsiburada.com/gumus-taki-setleri-c-536796,5,"Ev, Yasam, Kirtasiye, Ofis > Montaj Hizmeti > 100 gram gumus > Külçe Gümüş > gumus taki setleri"
355454,60004761,Ağırlık Sehpaları,https://www.hepsiburada.com/agirlik-sehpalari-c-355454,5,"Ev, Yasam, Kirtasiye, Ofis > Montaj Hizmeti > barfiks sinav barlari > Vücut Geliştirme Aletleri > Ağırlık Sehpaları"
80857621,60004761,Dambıl & Ağırlık Standı,https://www.hepsiburada.com/dambil-agirlik-standi-c-80857621,5,"Ev, Yasam, Kirtasiye, Ofis > Montaj Hizmeti > barfiks sinav barlari > Vücut Geliştirme Aletleri > Dambıl & Ağırlık Standı"
367341,60004761,Fitwear (Giyim),https://www.hepsiburada.com/fitwear-giyim-urunleri-c-367341,5,"Ev, Yasam, Kirtasiye, Ofis > Montaj Hizmeti > barfiks sinav barlari > Vücut Geliştirme Aletleri > Fitwear (Giyim)"
355451,60004761,Kürek,https://www.hepsiburada.com/kurek-cekme-spor-aletleri-c-355451,5,"Ev, Yasam, Kirtasiye, Ofis > Montaj Hizmeti > barfiks sinav barlari > Vücut Geliştirme Aletleri > Kürek"
355457,60004761,Çalışma İstasyonları,https://www.hepsiburada.com/calisma-istasyonlari-c-355457,5,"Ev, Yasam, Kirtasiye, Ofis > Montaj Hizmeti > barfiks sinav barlari > Vücut Geliştirme Aletleri > Çalışma İstasyonları"
15421,80450004,El İşi Malzemeleri,https://www.hepsiburada.com/el-isi-malzemeleri-c-15421,5,"Ev, Yasam, Kirtasiye, Ofis > Montaj Hizmeti > beslenme cantalari > okul aktivite ve boya > El İşi Malzemeleri"
21028265,80450004,Oyun Hamuru,https://www.hepsiburada.com/oyun-hamuru-killer-c-21028265,5,"Ev, Yasam, Kirtasiye, Ofis > Montaj Hizmeti > beslenme cantalari > okul aktivite ve boya > Oyun Hamuru"
21037841,80450004,Resim Defteri ve Kağıdı,https://www.hepsiburada.com/resim-defterleri-c-21037841,5,"Ev, Yasam, Kirtasiye, Ofis > Montaj Hizmeti > beslenme cantalari > okul aktivite ve boya > Resim Defteri ve Kağıdı"
105306,757,Disk Kabloları,https://www.hepsiburada.com/disk-kablolari-c-105306,5,"Ev, Yasam, Kirtasiye, Ofis > Montaj Hizmeti > cevirici adaptorler > Kablo Switch Çoklayıcılar > Disk Kabloları"
105325,757,Güç Kabloları,https://www.hepsiburada.com/bilgisayar-guc-kablolari-c-105325,5,"Ev, Yasam, Kirtasiye, Ofis > Montaj Hizmeti > cevirici adaptorler > Kablo Switch Çoklayıcılar > Güç Kabloları"
105304,757,Konnektör ve Pense,https://www.hepsiburada.com/konnektor-penseler-c-105304,5,"Ev, Yasam, Kirtasiye, Ofis > Montaj Hizmeti > cevirici adaptorler > Kablo Switch Çoklayıcılar > Konnektör ve Pense"
84120,757,Ses ve Görüntü Kabloları,https://www.hepsiburada.com/ses-goruntu-kablolari-c-84120,5,"Ev, Yasam, Kirtasiye, Ofis > Montaj Hizmeti > cevirici adaptorler > Kablo Switch Çoklayıcılar > Ses ve Görüntü Kabloları"
189,757,Switch Box Ve Çoklayıcılar,https://www.hepsiburada.com/switch-box-coklayicilar-c-189,5,"Ev, Yasam, Kirtasiye, Ofis > Montaj Hizmeti > cevirici adaptorler > Kablo Switch Çoklayıcılar > Switch Box Ve Çoklayıcılar"
1250,757,Usb/Seri/Paralel Kablolar,https://www.hepsiburada.com/usb-seri-paralel-kablolar-c-1250,5,"Ev, Yasam, Kirtasiye, Ofis > Montaj Hizmeti > cevirici adaptorler > Kablo Switch Çoklayıcılar > Usb/Seri/Paralel Kablolar"
1300938,352914,Cüzdan - Bel ve Omuz Çantaları,https://www.hepsiburada.com/cuzdan-bel-omuz-cantalari-c-1300938,5,"Ev, Yasam, Kirtasiye, Ofis > Montaj Hizmeti > cocuk bisikletleri > outdoor cantalar > Cüzdan - Bel ve Omuz Çantaları"
1300934,352914,Dağcılık ve Kamp Çantaları,https://www.hepsiburada.com/dagcilik-kamp-cantalari-c-1300934,5,"Ev, Yasam, Kirtasiye, Ofis > Montaj Hizmeti > cocuk bisikletleri > outdoor cantalar > Dağcılık ve Kamp Çantaları"
1300936,352914,Günlük Sırt Çantası,https://www.hepsiburada.com/sirt-cantasi-c-1300936,5,"Ev, Yasam, Kirtasiye, Ofis > Montaj Hizmeti > cocuk bisikletleri > outdoor cantalar > Günlük Sırt Çantası"
1300935,352914,Trekking Çantaları,https://www.hepsiburada.com/trekking-cantalari-c-1300935,5,"Ev, Yasam, Kirtasiye, Ofis > Montaj Hizmeti > cocuk bisikletleri > outdoor cantalar > Trekking Çantaları"
1301350,352914,Çanta Aksesuarları ve Kılıfları,https://www.hepsiburada.com/canta-aksesuarlari-kiliflari-c-1301350,5,"Ev, Yasam, Kirtasiye, Ofis > Montaj Hizmeti > cocuk bisikletleri > outdoor cantalar > Çanta Aksesuarları ve Kılıfları"
60001545,36,Akü,https://www.hepsiburada.com/bilgisayar-akuleri-c-60001545,5,"Ev, Yasam, Kirtasiye, Ofis > Montaj Hizmeti > guc kaynaklari ups > Güç Kaynağı UPS ve Aküler > Akü"
387328,353045,El ve Ayak Ağırlıkları,https://www.hepsiburada.com/el-ayak-agirliklari-c-387328,5,"Ev, Yasam, Kirtasiye, Ofis > Montaj Hizmeti > kosu bantlari > Fitness Kondisyon Ürünleri > El ve Ayak Ağırlıkları"
27064528,353045,Elektronik Kas Çalıştırıcılar,https://www.hepsiburada.com/elektronik-kas-calistiricilar-c-27064528,5,"Ev, Yasam, Kirtasiye, Ofis > Montaj Hizmeti > kosu bantlari > Fitness Kondisyon Ürünleri > Elektronik Kas Çalıştırıcılar"
60000048,353045,Fitness Ayakkabıları,https://www.hepsiburada.com/fitness-ayakkabilari-c-60000048,5,"Ev, Yasam, Kirtasiye, Ofis > Montaj Hizmeti > kosu bantlari > Fitness Kondisyon Ürünleri > Fitness Ayakkabıları"
27079951,353045,Fitness Dizlik ve Bileklikler,https://www.hepsiburada.com/fitness-dizlikler-bileklikler-c-27079951,5,"Ev, Yasam, Kirtasiye, Ofis > Montaj Hizmeti > kosu bantlari > Fitness Kondisyon Ürünleri > Fitness Dizlik ve Bileklikler"
27049941,353045,Güç ve Denge Bileklikleri,https://www.hepsiburada.com/guc-denge-bileklikleri-c-27049941,5,"Ev, Yasam, Kirtasiye, Ofis > Montaj Hizmeti > kosu bantlari > Fitness Kondisyon Ürünleri > Güç ve Denge Bileklikleri"
27012399,353045,Kondisyon Masaj Cihazları,https://www.hepsiburada.com/kondisyon-masaj-cihazlari-c-27012399,5,"Ev, Yasam, Kirtasiye, Ofis > Montaj Hizmeti > kosu bantlari > Fitness Kondisyon Ürünleri > Kondisyon Masaj Cihazları"
358357,353045,Koşu Bandı Aksesuarlar,https://www.hepsiburada.com/kosu-bandi-aksesuarlar-c-358357,5,"Ev, Yasam, Kirtasiye, Ofis > Montaj Hizmeti > kosu bantlari > Fitness Kondisyon Ürünleri > Koşu Bandı Aksesuarlar"
19108,353045,Kronometre - Adımsayar,https://www.hepsiburada.com/kronometre-adimsayarlar-c-19108,5,"Ev, Yasam, Kirtasiye, Ofis > Montaj Hizmeti > kosu bantlari > Fitness Kondisyon Ürünleri > Kronometre - Adımsayar"
355455,353045,Masaj Cihazları,https://www.hepsiburada.com/masaj-cihazlari-c-355455,5,"Ev, Yasam, Kirtasiye, Ofis > Montaj Hizmeti > kosu bantlari > Fitness Kondisyon Ürünleri > Masaj Cihazları"
373592,353045,Masaj-Sauna Kemerleri,https://www.hepsiburada.com/masaj-sauna-kemerleri-c-373592,5,"Ev, Yasam, Kirtasiye, Ofis > Montaj Hizmeti > kosu bantlari > Fitness Kondisyon Ürünleri > Masaj-Sauna Kemerleri"
407949,353045,Mekik Aletleri,https://www.hepsiburada.com/mekik-aletleri-c-407949,5,"Ev, Yasam, Kirtasiye, Ofis > Montaj Hizmeti > kosu bantlari > Fitness Kondisyon Ürünleri > Mekik Aletleri"
355453,353045,Mekik Sehpaları,https://www.hepsiburada.com/mekik-sehpalari-c-355453,5,"Ev, Yasam, Kirtasiye, Ofis > Montaj Hizmeti > kosu bantlari > Fitness Kondisyon Ürünleri > Mekik Sehpaları"
367867,353045,Pilates,https://www.hepsiburada.com/pilates-malzemeleri-c-367867,5,"Ev, Yasam, Kirtasiye, Ofis > Montaj Hizmeti > kosu bantlari > Fitness Kondisyon Ürünleri > Pilates"
80573099,353045,Portatif Sauna,https://www.hepsiburada.com/portatif-sauna-c-80573099,5,"Ev, Yasam, Kirtasiye, Ofis > Montaj Hizmeti > kosu bantlari > Fitness Kondisyon Ürünleri > Portatif Sauna"
369184,353045,Powerball,https://www.hepsiburada.com/powerball-urunleri-c-369184,5,"Ev, Yasam, Kirtasiye, Ofis > Montaj Hizmeti > kosu bantlari > Fitness Kondisyon Ürünleri > Powerball"
356970,353045,Spor Bileklik & Kol Saatleri,https://www.hepsiburada.com/spor-bileklik-kol-saatleri-c-356970,5,"Ev, Yasam, Kirtasiye, Ofis > Montaj Hizmeti > kosu bantlari > Fitness Kondisyon Ürünleri > Spor Bileklik & Kol Saatleri"
355452,353045,Step,https://www.hepsiburada.com/step-c-355452,5,"Ev, Yasam, Kirtasiye, Ofis > Montaj Hizmeti > kosu bantlari > Fitness Kondisyon Ürünleri > Step"
373593,353045,Terleme Eşofmanları,https://www.hepsiburada.com/terleme-esofmanlari-c-373593,5,"Ev, Yasam, Kirtasiye, Ofis > Montaj Hizmeti > kosu bantlari > Fitness Kondisyon Ürünleri > Terleme Eşofmanları"
373594,353045,Termal Şortlar - Bel Korseleri,https://www.hepsiburada.com/bel-korseleri-termal-sortlar-c-373594,5,"Ev, Yasam, Kirtasiye, Ofis > Montaj Hizmeti > kosu bantlari > Fitness Kondisyon Ürünleri > Termal Şortlar - Bel Korseleri"
27012456,353045,Tv Spor Ürünleri,https://www.hepsiburada.com/tv-spor-urunleri-c-27012456,5,"Ev, Yasam, Kirtasiye, Ofis > Montaj Hizmeti > kosu bantlari > Fitness Kondisyon Ürünleri > Tv Spor Ürünleri"
27064527,353045,Twister,https://www.hepsiburada.com/twister-c-27064527,5,"Ev, Yasam, Kirtasiye, Ofis > Montaj Hizmeti > kosu bantlari > Fitness Kondisyon Ürünleri > Twister"
60004512,353045,İnversiyon Aletleri,https://www.hepsiburada.com/inversiyon-aletleri-c-60004512,5,"Ev, Yasam, Kirtasiye, Ofis > Montaj Hizmeti > kosu bantlari > Fitness Kondisyon Ürünleri > İnversiyon Aletleri"
387326,387327,Barlar ve Plakalar,https://www.hepsiburada.com/barlar-plakalar-c-387326,5,"Ev, Yasam, Kirtasiye, Ofis > Montaj Hizmeti > kosu bantlari > dambillar agirlik plakalari > Barlar ve Plakalar"
384436,387327,Demir Dambıl Setler,https://www.hepsiburada.com/demir-dambil-setler-c-384436,5,"Ev, Yasam, Kirtasiye, Ofis > Montaj Hizmeti > kosu bantlari > dambillar agirlik plakalari > Demir Dambıl Setler"
60004344,387327,Kettlebell,https://www.hepsiburada.com/kettlebell-c-60004344,5,"Ev, Yasam, Kirtasiye, Ofis > Montaj Hizmeti > kosu bantlari > dambillar agirlik plakalari > Kettlebell"
387331,387327,Vinyl ve Plastik Dambıllar,https://www.hepsiburada.com/vinyl-plastik-dambillar-c-387331,5,"Ev, Yasam, Kirtasiye, Ofis > Montaj Hizmeti > kosu bantlari > dambillar agirlik plakalari > Vinyl ve Plastik Dambıllar"
60001324,28001473,Badem,https://www.hepsiburada.com/bademler-c-60001324,5,"Ev, Yasam, Kirtasiye, Ofis > Montaj Hizmeti > kuru meyveler > Kuruyemişler > Badem"
60001325,28001473,Ceviz,https://www.hepsiburada.com/cevizler-c-60001325,5,"Ev, Yasam, Kirtasiye, Ofis > Montaj Hizmeti > kuru meyveler > Kuruyemişler > Ceviz"
60000312,28001473,Fındık,https://www.hepsiburada.com/findiklar-c-60000312,5,"Ev, Yasam, Kirtasiye, Ofis > Montaj Hizmeti > kuru meyveler > Kuruyemişler > Fındık"
60000313,28001473,Fıstık,https://www.hepsiburada.com/fistiklar-c-60000313,5,"Ev, Yasam, Kirtasiye, Ofis > Montaj Hizmeti > kuru meyveler > Kuruyemişler > Fıstık"
28001507,28001473,Karışık,https://www.hepsiburada.com/karisik-kuruyemisler-c-28001507,5,"Ev, Yasam, Kirtasiye, Ofis > Montaj Hizmeti > kuru meyveler > Kuruyemişler > Karışık"
60000314,28001473,Leblebi,https://www.hepsiburada.com/leblebiler-c-60000314,5,"Ev, Yasam, Kirtasiye, Ofis > Montaj Hizmeti > kuru meyveler > Kuruyemişler > Leblebi"
60000310,28001473,Pestil,https://www.hepsiburada.com/pestil-c-60000310,5,"Ev, Yasam, Kirtasiye, Ofis > Montaj Hizmeti > kuru meyveler > Kuruyemişler > Pestil"
285411,15239,Kart ve Fotoğraf Kesme Aparatları,https://www.hepsiburada.com/kart-fotograf-kesme-aparatlari-c-285411,5,"Ev, Yasam, Kirtasiye, Ofis > Montaj Hizmeti > laminasyon posetleri > Laminasyon Makinesi Malzemeler > Kart ve Fotoğraf Kesme Aparatları"
15240,15239,OFİS & KİŞİSEL MODELLER,https://www.hepsiburada.com/kisiye-ozel-kaminasyon-makineleri-c-15240,5,"Ev, Yasam, Kirtasiye, Ofis > Montaj Hizmeti > laminasyon posetleri > Laminasyon Makinesi Malzemeler > OFİS & KİŞİSEL MODELLER"
276992,15239,Soğuk Laminasyon Modelleri,https://www.hepsiburada.com/soguk-laminasyon-modelleri-c-276992,5,"Ev, Yasam, Kirtasiye, Ofis > Montaj Hizmeti > laminasyon posetleri > Laminasyon Makinesi Malzemeler > Soğuk Laminasyon Modelleri"
80361000,15241,cok amacli temizleyici,https://www.hepsiburada.com/cok-amacli-temizleyici-c-80361000,5,"Ev, Yasam, Kirtasiye, Ofis > Montaj Hizmeti > laminasyon posetleri > laminasyon makineleri > cok amacli temizleyici"
15245,15238,Ciltleme Makinesi & Malzemeler,https://www.hepsiburada.com/ciltleme-makinesi-malzemeleri-c-15245,5,"Ev, Yasam, Kirtasiye, Ofis > Montaj Hizmeti > laminasyon posetleri > ofis teknolojileri > Ciltleme Makinesi & Malzemeler"
80708018,15238,Elektronik Reklam Panosu,https://www.hepsiburada.com/elektronik-reklam-panosu-c-80708018,5,"Ev, Yasam, Kirtasiye, Ofis > Montaj Hizmeti > laminasyon posetleri > ofis teknolojileri > Elektronik Reklam Panosu"
15608,15238,Etiket Makineleri,https://www.hepsiburada.com/etiket-makineleri-c-15608,5,"Ev, Yasam, Kirtasiye, Ofis > Montaj Hizmeti > laminasyon posetleri > ofis teknolojileri > Etiket Makineleri"
15256,15238,Evrak İmha Makinesi,https://www.hepsiburada.com/evrak-imha-makineleri-c-15256,5,"Ev, Yasam, Kirtasiye, Ofis > Montaj Hizmeti > laminasyon posetleri > ofis teknolojileri > Evrak İmha Makinesi"
15610,15238,Faks Makinesi,https://www.hepsiburada.com/faks-makineleri-c-15610,5,"Ev, Yasam, Kirtasiye, Ofis > Montaj Hizmeti > laminasyon posetleri > ofis teknolojileri > Faks Makinesi"
15260,15238,Giyotin Makas,https://www.hepsiburada.com/giyotin-makaslar-c-15260,5,"Ev, Yasam, Kirtasiye, Ofis > Montaj Hizmeti > laminasyon posetleri > ofis teknolojileri > Giyotin Makas"
15298,15238,Hesap Makinesi,https://www.hepsiburada.com/hesap-makineleri-c-15298,5,"Ev, Yasam, Kirtasiye, Ofis > Montaj Hizmeti > laminasyon posetleri > ofis teknolojileri > Hesap Makinesi"
80857620,15238,Hizmet Robotu,https://www.hepsiburada.com/hizmet-robotu-c-80857620,5,"Ev, Yasam, Kirtasiye, Ofis > Montaj Hizmeti > laminasyon posetleri > ofis teknolojileri > Hizmet Robotu"
288813,15238,"Kartuş, Toner & Drum",https://www.hepsiburada.com/kartuslar-tonerler-drumler-c-288813,5,"Ev, Yasam, Kirtasiye, Ofis > Montaj Hizmeti > laminasyon posetleri > ofis teknolojileri > Kartuş, Toner & Drum"
15543,15238,Mikroskop,https://www.hepsiburada.com/mikroskoplar-c-15543,5,"Ev, Yasam, Kirtasiye, Ofis > Montaj Hizmeti > laminasyon posetleri > ofis teknolojileri > Mikroskop"
15461,15238,Para Kasası,https://www.hepsiburada.com/para-kasalari-c-15461,5,"Ev, Yasam, Kirtasiye, Ofis > Montaj Hizmeti > laminasyon posetleri > ofis teknolojileri > Para Kasası"
15364,15238,Para Sayma Makinesi,https://www.hepsiburada.com/para-sayma-makineleri-c-15364,5,"Ev, Yasam, Kirtasiye, Ofis > Montaj Hizmeti > laminasyon posetleri > ofis teknolojileri > Para Sayma Makinesi"
80857064,15238,Sahte Para Kontrol Cihazı,https://www.hepsiburada.com/sahte-para-kontrol-cihazi-c-80857064,5,"Ev, Yasam, Kirtasiye, Ofis > Montaj Hizmeti > laminasyon posetleri > ofis teknolojileri > Sahte Para Kontrol Cihazı"
276980,15238,Slayt Makinesi,https://www.hepsiburada.com/slayt-makineleri-c-276980,5,"Ev, Yasam, Kirtasiye, Ofis > Montaj Hizmeti > laminasyon posetleri > ofis teknolojileri > Slayt Makinesi"
60007232,15238,Terazi,https://www.hepsiburada.com/terazi-c-60007232,5,"Ev, Yasam, Kirtasiye, Ofis > Montaj Hizmeti > laminasyon posetleri > ofis teknolojileri > Terazi"
80518058,15238,Termal Rulo,https://www.hepsiburada.com/termal-rulo-c-80518058,5,"Ev, Yasam, Kirtasiye, Ofis > Montaj Hizmeti > laminasyon posetleri > ofis teknolojileri > Termal Rulo"
271765,15238,Yazarkasa,https://www.hepsiburada.com/yazar-kasa-c-271765,5,"Ev, Yasam, Kirtasiye, Ofis > Montaj Hizmeti > laminasyon posetleri > ofis teknolojileri > Yazarkasa"
60000154,28001470,Bulyon,https://www.hepsiburada.com/bulyon-c-60000154,5,"Ev, Yasam, Kirtasiye, Ofis > Montaj Hizmeti > makarnalar > Kuru Gıda Ürünleri > Bulyon"
28002679,28001470,Gıda Paketleri,https://www.hepsiburada.com/gida-paketleri-c-28002679,5,"Ev, Yasam, Kirtasiye, Ofis > Montaj Hizmeti > makarnalar > Kuru Gıda Ürünleri > Gıda Paketleri"
60005285,28001470,Margarin,https://www.hepsiburada.com/margarin-c-60005285,5,"Ev, Yasam, Kirtasiye, Ofis > Montaj Hizmeti > makarnalar > Kuru Gıda Ürünleri > Margarin"
60004828,28001470,Tatlı,https://www.hepsiburada.com/kuru-gida-tatlilar-c-60004828,5,"Ev, Yasam, Kirtasiye, Ofis > Montaj Hizmeti > makarnalar > Kuru Gıda Ürünleri > Tatlı"
60008782,28001470,Yoğurt,https://www.hepsiburada.com/yogurt-c-60008782,5,"Ev, Yasam, Kirtasiye, Ofis > Montaj Hizmeti > makarnalar > Kuru Gıda Ürünleri > Yoğurt"
60000155,28001470,Çeşni,https://www.hepsiburada.com/cesniler-c-60000155,5,"Ev, Yasam, Kirtasiye, Ofis > Montaj Hizmeti > makarnalar > Kuru Gıda Ürünleri > Çeşni"
28002167,28001470,Çorba,https://www.hepsiburada.com/corbalar-c-28002167,5,"Ev, Yasam, Kirtasiye, Ofis > Montaj Hizmeti > makarnalar > Kuru Gıda Ürünleri > Çorba"
28001485,28001470,Şeker,https://www.hepsiburada.com/sekerler-c-28001485,5,"Ev, Yasam, Kirtasiye, Ofis > Montaj Hizmeti > makarnalar > Kuru Gıda Ürünleri > Şeker"
60006433,60005576,sebzeler,https://www.hepsiburada.com/sebzeler-c-60006433,5,"Ev, Yasam, Kirtasiye, Ofis > Montaj Hizmeti > meyveler > Manav > sebzeler"
80460247,28001474,Kaymak,https://www.hepsiburada.com/kaymak-c-80460247,5,"Ev, Yasam, Kirtasiye, Ofis > Montaj Hizmeti > peynirler > Kahvaltılık Ürünler > Kaymak"
28002115,28001474,Reçel,https://www.hepsiburada.com/kahvaltilik-receller-c-28002115,5,"Ev, Yasam, Kirtasiye, Ofis > Montaj Hizmeti > peynirler > Kahvaltılık Ürünler > Reçel"
60003013,28001474,Tereyağ,https://www.hepsiburada.com/tereyag-c-60003013,5,"Ev, Yasam, Kirtasiye, Ofis > Montaj Hizmeti > peynirler > Kahvaltılık Ürünler > Tereyağ"
28001511,28001474,"Zeytin, Zeytin Ezmesi",https://www.hepsiburada.com/zeytinler-c-28001511,5,"Ev, Yasam, Kirtasiye, Ofis > Montaj Hizmeti > peynirler > Kahvaltılık Ürünler > Zeytin, Zeytin Ezmesi"
28002291,28001474,helva,https://www.hepsiburada.com/helva-c-28002291,5,"Ev, Yasam, Kirtasiye, Ofis > Montaj Hizmeti > peynirler > Kahvaltılık Ürünler > helva"
60000156,28001474,kahvaltilik gevrekler,https://www.hepsiburada.com/kahvaltilik-gevrekler-c-60000156,5,"Ev, Yasam, Kirtasiye, Ofis > Montaj Hizmeti > peynirler > Kahvaltılık Ürünler > kahvaltilik gevrekler"
28001516,28001474,"Çikolata Krema, Ezme",https://www.hepsiburada.com/krem-cikolata-ezmeler-c-28001516,5,"Ev, Yasam, Kirtasiye, Ofis > Montaj Hizmeti > peynirler > Kahvaltılık Ürünler > Çikolata Krema, Ezme"
24001704,34001264,kus kafesler tasima kaplari uretici kafesleri,https://www.hepsiburada.com/kus-kafesler-tasima-kaplari-uretici-kafesleri-c-24001704,5,"Ev, Yasam, Kirtasiye, Ofis > dekoratif saksilar > bahce dekorasyonu > citler > kus kafesler tasima kaplari uretici kafesleri"
367176,34001203,sisme yataklar,https://www.hepsiburada.com/sisme-yataklar-c-367176,5,"Ev, Yasam, Kirtasiye, Ofis > dekoratif saksilar > bahce mobilyalari > Masa > sisme yataklar"
60002925,21032930,cop kovalari,https://www.hepsiburada.com/cop-kovalari-c-60002925,5,"Ev, Yasam, Kirtasiye, Ofis > kitaplik > ofis masalari > Ofis Masaları > cop kovalari"
60008363,60001302,Alternatör,https://www.hepsiburada.com/araba-alternatoru-c-60008363,5,"Ev, Yasam, Kirtasiye, Ofis > led ampuller > oto farlari > Elektrik Aksamlar > Alternatör"
60008364,60001302,Alternatör Kasnağı,https://www.hepsiburada.com/araba-alternator-kasnagi-c-60008364,5,"Ev, Yasam, Kirtasiye, Ofis > led ampuller > oto farlari > Elektrik Aksamlar > Alternatör Kasnağı"
60008365,60001302,Alternatör Rulmanı,https://www.hepsiburada.com/araba-alternator-rulmani-c-60008365,5,"Ev, Yasam, Kirtasiye, Ofis > led ampuller > oto farlari > Elektrik Aksamlar > Alternatör Rulmanı"
60008366,60001302,Ampul,https://www.hepsiburada.com/araba-ampulu-c-60008366,5,"Ev, Yasam, Kirtasiye, Ofis > led ampuller > oto farlari > Elektrik Aksamlar > Ampul"
60007106,60001302,Ampul Setleri,https://www.hepsiburada.com/ampul-setleri-c-60007106,5,"Ev, Yasam, Kirtasiye, Ofis > led ampuller > oto farlari > Elektrik Aksamlar > Ampul Setleri"
60008367,60001302,Ayar elemani,https://www.hepsiburada.com/araba-ayar-elemani-c-60008367,5,"Ev, Yasam, Kirtasiye, Ofis > led ampuller > oto farlari > Elektrik Aksamlar > Ayar elemani"
60008371,60001302,Basinç Haznesi,https://www.hepsiburada.com/araba-basinc-haznesi-c-60008371,5,"Ev, Yasam, Kirtasiye, Ofis > led ampuller > oto farlari > Elektrik Aksamlar > Basinç Haznesi"
60008372,60001302,Basinç Konvertörü,https://www.hepsiburada.com/araba-basinc-konvertoru-c-60008372,5,"Ev, Yasam, Kirtasiye, Ofis > led ampuller > oto farlari > Elektrik Aksamlar > Basinç Konvertörü"
60008368,60001302,Basınç Regülatörü,https://www.hepsiburada.com/araba-basinc-regulatoru-c-60008368,5,"Ev, Yasam, Kirtasiye, Ofis > led ampuller > oto farlari > Elektrik Aksamlar > Basınç Regülatörü"
60008369,60001302,Basınç Sensörü,https://www.hepsiburada.com/araba-basinc-sensoru-c-60008369,5,"Ev, Yasam, Kirtasiye, Ofis > led ampuller > oto farlari > Elektrik Aksamlar > Basınç Sensörü"
60008370,60001302,Basınç Valfi,https://www.hepsiburada.com/araba-basinc-valfi-c-60008370,5,"Ev, Yasam, Kirtasiye, Ofis > led ampuller > oto farlari > Elektrik Aksamlar > Basınç Valfi"
60007104,60001302,Cam Krikoları,https://www.hepsiburada.com/cam-krikolari-c-60007104,5,"Ev, Yasam, Kirtasiye, Ofis > led ampuller > oto farlari > Elektrik Aksamlar > Cam Krikoları"
60008373,60001302,Cam Suyu Bidon,https://www.hepsiburada.com/araba-cam-suyu-bidonu-c-60008373,5,"Ev, Yasam, Kirtasiye, Ofis > led ampuller > oto farlari > Elektrik Aksamlar > Cam Suyu Bidon"
60008374,60001302,Cam Suyu Pompası,https://www.hepsiburada.com/araba-cam-suyu-pompasi-c-60008374,5,"Ev, Yasam, Kirtasiye, Ofis > led ampuller > oto farlari > Elektrik Aksamlar > Cam Suyu Pompası"
60008377,60001302,Diot Tablası,https://www.hepsiburada.com/araba-diot-tablasi-c-60008377,5,"Ev, Yasam, Kirtasiye, Ofis > led ampuller > oto farlari > Elektrik Aksamlar > Diot Tablası"
60008378,60001302,Direnç,https://www.hepsiburada.com/araba-direnci-c-60008378,5,"Ev, Yasam, Kirtasiye, Ofis > led ampuller > oto farlari > Elektrik Aksamlar > Direnç"
60008376,60001302,Dış Isı Sensörü,https://www.hepsiburada.com/araba-dis-isi-sensoru-c-60008376,5,"Ev, Yasam, Kirtasiye, Ofis > led ampuller > oto farlari > Elektrik Aksamlar > Dış Isı Sensörü"
60007179,60001302,Fanlar,https://www.hepsiburada.com/fanlar-c-60007179,5,"Ev, Yasam, Kirtasiye, Ofis > led ampuller > oto farlari > Elektrik Aksamlar > Fanlar"
60007107,60001302,Flaşör,https://www.hepsiburada.com/flasor-c-60007107,5,"Ev, Yasam, Kirtasiye, Ofis > led ampuller > oto farlari > Elektrik Aksamlar > Flaşör"
60007115,60001302,Gaz Teli,https://www.hepsiburada.com/gaz-teli-c-60007115,5,"Ev, Yasam, Kirtasiye, Ofis > led ampuller > oto farlari > Elektrik Aksamlar > Gaz Teli"
60008379,60001302,Isı Sensörleri,https://www.hepsiburada.com/araba-isi-sensorleri-c-60008379,5,"Ev, Yasam, Kirtasiye, Ofis > led ampuller > oto farlari > Elektrik Aksamlar > Isı Sensörleri"
60007108,60001302,Isıtma Beyni,https://www.hepsiburada.com/isitma-beyni-c-60007108,5,"Ev, Yasam, Kirtasiye, Ofis > led ampuller > oto farlari > Elektrik Aksamlar > Isıtma Beyni"
60008380,60001302,KM Hız Sensörü,https://www.hepsiburada.com/araba-km-hiz-sensoru-c-60008380,5,"Ev, Yasam, Kirtasiye, Ofis > led ampuller > oto farlari > Elektrik Aksamlar > KM Hız Sensörü"
60007116,60001302,Kilometre Teli,https://www.hepsiburada.com/kilometre-teli-c-60007116,5,"Ev, Yasam, Kirtasiye, Ofis > led ampuller > oto farlari > Elektrik Aksamlar > Kilometre Teli"
60007105,60001302,Klima Fanları,https://www.hepsiburada.com/klima-fanlari-c-60007105,5,"Ev, Yasam, Kirtasiye, Ofis > led ampuller > oto farlari > Elektrik Aksamlar > Klima Fanları"
60008381,60001302,Kompresör,https://www.hepsiburada.com/araba-kompresoru-c-60008381,5,"Ev, Yasam, Kirtasiye, Ofis > led ampuller > oto farlari > Elektrik Aksamlar > Kompresör"
60008382,60001302,Kondansatör,https://www.hepsiburada.com/araba-kondansatoru-c-60008382,5,"Ev, Yasam, Kirtasiye, Ofis > led ampuller > oto farlari > Elektrik Aksamlar > Kondansatör"
60008383,60001302,Lamba,https://www.hepsiburada.com/araba-lambasi-c-60008383,5,"Ev, Yasam, Kirtasiye, Ofis > led ampuller > oto farlari > Elektrik Aksamlar > Lamba"
60008384,60001302,Lamba Sensörü,https://www.hepsiburada.com/araba-lamba-sensoru-c-60008384,5,"Ev, Yasam, Kirtasiye, Ofis > led ampuller > oto farlari > Elektrik Aksamlar > Lamba Sensörü"
60007178,60001302,Lambalar,https://www.hepsiburada.com/oto-lambasi-c-60007178,5,"Ev, Yasam, Kirtasiye, Ofis > led ampuller > oto farlari > Elektrik Aksamlar > Lambalar"
60008385,60001302,Merkezi Kilit Beyni,https://www.hepsiburada.com/araba-merkezi-kilit-beyni-c-60008385,5,"Ev, Yasam, Kirtasiye, Ofis > led ampuller > oto farlari > Elektrik Aksamlar > Merkezi Kilit Beyni"
60007109,60001302,Müşürler,https://www.hepsiburada.com/musurler-c-60007109,5,"Ev, Yasam, Kirtasiye, Ofis > led ampuller > oto farlari > Elektrik Aksamlar > Müşürler"
60008386,60001302,Park Sensörü,https://www.hepsiburada.com/araba-park-sensoru-c-60008386,5,"Ev, Yasam, Kirtasiye, Ofis > led ampuller > oto farlari > Elektrik Aksamlar > Park Sensörü"
60007110,60001302,Reflektörler,https://www.hepsiburada.com/reflektorler-c-60007110,5,"Ev, Yasam, Kirtasiye, Ofis > led ampuller > oto farlari > Elektrik Aksamlar > Reflektörler"
60007111,60001302,Röle,https://www.hepsiburada.com/role-c-60007111,5,"Ev, Yasam, Kirtasiye, Ofis > led ampuller > oto farlari > Elektrik Aksamlar > Röle"
60008388,60001302,Salterler & Müşürler,https://www.hepsiburada.com/araba-salterler-musurler-c-60008388,5,"Ev, Yasam, Kirtasiye, Ofis > led ampuller > oto farlari > Elektrik Aksamlar > Salterler & Müşürler"
60008389,60001302,Sensör,https://www.hepsiburada.com/araba-sensoru-c-60008389,5,"Ev, Yasam, Kirtasiye, Ofis > led ampuller > oto farlari > Elektrik Aksamlar > Sensör"
60007112,60001302,Sigorta Kutuları,https://www.hepsiburada.com/sigorta-kutulari-c-60007112,5,"Ev, Yasam, Kirtasiye, Ofis > led ampuller > oto farlari > Elektrik Aksamlar > Sigorta Kutuları"
60008391,60001302,Silecek Kolu,https://www.hepsiburada.com/araba-silecek-kolu-c-60008391,5,"Ev, Yasam, Kirtasiye, Ofis > led ampuller > oto farlari > Elektrik Aksamlar > Silecek Kolu"
60008392,60001302,Silecek Lastiği,https://www.hepsiburada.com/araba-silecek-lastigi-c-60008392,5,"Ev, Yasam, Kirtasiye, Ofis > led ampuller > oto farlari > Elektrik Aksamlar > Silecek Lastiği"
60008393,60001302,Silecek Motoru,https://www.hepsiburada.com/araba-silecek-motoru-c-60008393,5,"Ev, Yasam, Kirtasiye, Ofis > led ampuller > oto farlari > Elektrik Aksamlar > Silecek Motoru"
60008394,60001302,Silecek Süpürgesi,https://www.hepsiburada.com/araba-silecek-supurgesi-c-60008394,5,"Ev, Yasam, Kirtasiye, Ofis > led ampuller > oto farlari > Elektrik Aksamlar > Silecek Süpürgesi"
60006930,60001302,Sinyaller,https://www.hepsiburada.com/sinyaller-c-60006930,5,"Ev, Yasam, Kirtasiye, Ofis > led ampuller > oto farlari > Elektrik Aksamlar > Sinyaller"
60008395,60001302,Soket Gövdesi,https://www.hepsiburada.com/araba-soket-govdesi-c-60008395,5,"Ev, Yasam, Kirtasiye, Ofis > led ampuller > oto farlari > Elektrik Aksamlar > Soket Gövdesi"
60001305,60001302,Stoplar,https://www.hepsiburada.com/stoplar-c-60001305,5,"Ev, Yasam, Kirtasiye, Ofis > led ampuller > oto farlari > Elektrik Aksamlar > Stoplar"
60008396,60001302,Su Flanşı,https://www.hepsiburada.com/araba-su-flansi-c-60008396,5,"Ev, Yasam, Kirtasiye, Ofis > led ampuller > oto farlari > Elektrik Aksamlar > Su Flanşı"
60008397,60001302,Su Tapası,https://www.hepsiburada.com/araba-su-tapasi-c-60008397,5,"Ev, Yasam, Kirtasiye, Ofis > led ampuller > oto farlari > Elektrik Aksamlar > Su Tapası"
60008390,60001302,Sıcaklık Sensörü,https://www.hepsiburada.com/araba-sicaklik-sensoru-c-60008390,5,"Ev, Yasam, Kirtasiye, Ofis > led ampuller > oto farlari > Elektrik Aksamlar > Sıcaklık Sensörü"
60008398,60001302,Temizleme Sistemi,https://www.hepsiburada.com/araba-temizleme-sistemi-c-60008398,5,"Ev, Yasam, Kirtasiye, Ofis > led ampuller > oto farlari > Elektrik Aksamlar > Temizleme Sistemi"
60007103,60001302,Tevzi Makarası,https://www.hepsiburada.com/tevzi-makarasi-c-60007103,5,"Ev, Yasam, Kirtasiye, Ofis > led ampuller > oto farlari > Elektrik Aksamlar > Tevzi Makarası"
60008375,60001302,Çakmak,https://www.hepsiburada.com/araba-cakmak-c-60008375,5,"Ev, Yasam, Kirtasiye, Ofis > led ampuller > oto farlari > Elektrik Aksamlar > Çakmak"
26036,20003812,Ateşleme Sistemi,https://www.hepsiburada.com/atesleme-sistemleri-c-26036,5,"Ev, Yasam, Kirtasiye, Ofis > led ampuller > oto farlari > Oto Yedek Parçalar > Ateşleme Sistemi"
60005474,20003812,Ayna,https://www.hepsiburada.com/oto-aynasi-c-60005474,5,"Ev, Yasam, Kirtasiye, Ofis > led ampuller > oto farlari > Oto Yedek Parçalar > Ayna"
80507037,20003812,Cam,https://www.hepsiburada.com/cam-c-80507037,5,"Ev, Yasam, Kirtasiye, Ofis > led ampuller > oto farlari > Oto Yedek Parçalar > Cam"
60001489,20003812,Filtre,https://www.hepsiburada.com/oto-filtreleri-c-60001489,5,"Ev, Yasam, Kirtasiye, Ofis > led ampuller > oto farlari > Oto Yedek Parçalar > Filtre"
20019478,20003812,Fren & Debriyaj,https://www.hepsiburada.com/fren-debriyajlari-c-20019478,5,"Ev, Yasam, Kirtasiye, Ofis > led ampuller > oto farlari > Oto Yedek Parçalar > Fren & Debriyaj"
60001490,20003812,Kaporta,https://www.hepsiburada.com/oto-kaporta-c-60001490,5,"Ev, Yasam, Kirtasiye, Ofis > led ampuller > oto farlari > Oto Yedek Parçalar > Kaporta"
60006058,20003812,LPG Yedek Parçaları,https://www.hepsiburada.com/lpg-yedek-parcalari-c-60006058,5,"Ev, Yasam, Kirtasiye, Ofis > led ampuller > oto farlari > Oto Yedek Parçalar > LPG Yedek Parçaları"
20003823,20003812,Motor Aksamı,https://www.hepsiburada.com/oto-motor-aksamlari-c-20003823,5,"Ev, Yasam, Kirtasiye, Ofis > led ampuller > oto farlari > Oto Yedek Parçalar > Motor Aksamı"
60002130,20003812,Yürüyen Aksam & Direksiyon,https://www.hepsiburada.com/yuruyen-aksam-direksiyon-urunleri-c-60002130,5,"Ev, Yasam, Kirtasiye, Ofis > led ampuller > oto farlari > Oto Yedek Parçalar > Yürüyen Aksam & Direksiyon"
60007101,20003812,bobinler,https://www.hepsiburada.com/bobinler-c-60007101,5,"Ev, Yasam, Kirtasiye, Ofis > led ampuller > oto farlari > Oto Yedek Parçalar > bobinler"
80330142,20003812,İş Makinesi & Traktör Yedek Parçaları,https://www.hepsiburada.com/is-makinesi-traktor-yedek-parcalari-c-80330142,5,"Ev, Yasam, Kirtasiye, Ofis > led ampuller > oto farlari > Oto Yedek Parçalar > İş Makinesi & Traktör Yedek Parçaları"
80485001,32001791,Makyaj Düzenleyici ve Organizerleri,https://www.hepsiburada.com/makyaj-duzenleyici-ve-organizerleri-c-80485001,5,"Ev, Yasam, Kirtasiye, Ofis > makyaj masasi > makyaj aynalari > Makyaj Fırça Aksesuarlar > Makyaj Düzenleyici ve Organizerleri"
60000320,9010412,hali yikama urunleri,https://www.hepsiburada.com/hali-yikama-urunleri-c-60000320,5,"Ev, Yasam, Kirtasiye, Ofis > paspaslar > Zemin Koruyucular > Halı Zemin > hali yikama urunleri"
80158003,292972,Hobi Boyaları,https://www.hepsiburada.com/hobi-boyalari-c-80158003,5,"Ev, Yasam, Kirtasiye, Ofis > vazolar > Cam Vazolar > cam seramik porselen boyalari > Hobi Boyaları"
60005616,60003896,Bel Çantası,https://www.hepsiburada.com/erkek-bel-cantalari-c-60005616,5,Moda > Erkek > Aksesuar > Çanta > Bel Çantası
60003897,60003896,El Çantası,https://www.hepsiburada.com/erkek-el-cantalari-c-60003897,5,Moda > Erkek > Aksesuar > Çanta > El Çantası
60000109,60003896,Evrak Çantası,https://www.hepsiburada.com/evrak-cantasi-c-60000109,5,Moda > Erkek > Aksesuar > Çanta > Evrak Çantası
60003985,60003896,Kartlık,https://www.hepsiburada.com/erkek-kartliklar-c-60003985,5,Moda > Erkek > Aksesuar > Çanta > Kartlık
60005617,60003896,Omuz Çantası,https://www.hepsiburada.com/omuz-cantasi-c-60005617,5,Moda > Erkek > Aksesuar > Çanta > Omuz Çantası
60003901,60003896,Postacı Çantası,https://www.hepsiburada.com/postaci-cantalari-c-60003901,5,Moda > Erkek > Aksesuar > Çanta > Postacı Çantası
60003967,60003896,Seyahat,https://www.hepsiburada.com/erkek-seyahat-cantalar-c-60003967,5,Moda > Erkek > Aksesuar > Çanta > Seyahat
60000110,60003896,Spor Çanta,https://www.hepsiburada.com/erkek-spor-cantalar-c-60000110,5,Moda > Erkek > Aksesuar > Çanta > Spor Çanta
60003984,60003896,erkek cuzdanlar,https://www.hepsiburada.com/erkek-cuzdanlar-c-60003984,5,Moda > Erkek > Aksesuar > Çanta > erkek cuzdanlar
60006908,60000692,Atlet,https://www.hepsiburada.com/atlet-c-60006908,5,Moda > Erkek > İç Giyim > Fanila / Atlet > Atlet
60006831,60000692,Bisiklet Yaka Atlet,https://www.hepsiburada.com/bisiklet-yaka-atlet-c-60006831,5,Moda > Erkek > İç Giyim > Fanila / Atlet > Bisiklet Yaka Atlet
60006907,60000692,Fanila,https://www.hepsiburada.com/fanila-c-60006907,5,Moda > Erkek > İç Giyim > Fanila / Atlet > Fanila
60006829,60000692,Sporcu Atlet,https://www.hepsiburada.com/sporcu-atleti-c-60006829,5,Moda > Erkek > İç Giyim > Fanila / Atlet > Sporcu Atlet
60006906,60000692,U Yaka Atlet,https://www.hepsiburada.com/u-yaka-atlet-c-60006906,5,Moda > Erkek > İç Giyim > Fanila / Atlet > U Yaka Atlet
60006830,60000692,V Yaka Atlet,https://www.hepsiburada.com/v-yaka-atlet-c-60006830,5,Moda > Erkek > İç Giyim > Fanila / Atlet > V Yaka Atlet
203386,60000694,Pijama Takımları,https://www.hepsiburada.com/erkek-pijama-takimlari-c-203386,5,Moda > Erkek > İç Giyim > Pijama > Pijama Takımları
60000763,60000086,Klasik,https://www.hepsiburada.com/erkek-klasik-coraplar-c-60000763,5,Moda > Erkek > İç Giyim > Çorap > Klasik
60000764,60000086,Spor,https://www.hepsiburada.com/erkek-spor-coraplar-c-60000764,5,Moda > Erkek > İç Giyim > Çorap > Spor
60003885,60003862,cocuk panduflar,https://www.hepsiburada.com/cocuk-panduflar-c-60003885,5,Moda > bayan ayakkabilar > Ev Ayakkabısı > Panduf > cocuk panduflar
16041428,60003857,halhal,https://www.hepsiburada.com/halhal-c-16041428,5,Moda > bayan ayakkabilar > bayan gunluk ayakkabilar > Espadril > halhal
60004849,60001141,cocuk atki bere eldivenler,https://www.hepsiburada.com/cocuk-atki-bere-eldivenler-c-60004849,5,Moda > bayan giyim modelleri > Aksesuar > Atkı > cocuk atki bere eldivenler
12024561,12053359,abiye elbiseler,https://www.hepsiburada.com/abiye-elbiseler-c-12024561,5,Moda > bayan giyim modelleri > Giyim > Bolero > abiye elbiseler
16032932,12053359,kolyeler,https://www.hepsiburada.com/kolyeler-c-16032932,5,Moda > bayan giyim modelleri > Giyim > Bolero > kolyeler
60006714,12095600,Eşofman Altı,https://www.hepsiburada.com/esofman-alti-c-60006714,5,Moda > bayan giyim modelleri > Giyim > Eşofman > Eşofman Altı
60006715,12095600,Eşofman Takımı,https://www.hepsiburada.com/bayan-esofman-takimi-c-60006715,5,Moda > bayan giyim modelleri > Giyim > Eşofman > Eşofman Takımı
60006716,12095600,Eşofman Üstü,https://www.hepsiburada.com/esofman-ustu-c-60006716,5,Moda > bayan giyim modelleri > Giyim > Eşofman > Eşofman Üstü
80809035,80809024,Atlet,https://www.hepsiburada.com/hamile-atletleri-c-80809035,5,Moda > bayan giyim modelleri > Hamile Giyim > İç Giyim > Atlet
80809034,80809024,Bel Bandı,https://www.hepsiburada.com/hamile-bel-bantlari-c-80809034,5,Moda > bayan giyim modelleri > Hamile Giyim > İç Giyim > Bel Bandı
80809033,80809024,Body,https://www.hepsiburada.com/hamile-body-c-80809033,5,Moda > bayan giyim modelleri > Hamile Giyim > İç Giyim > Body
80809031,80809024,Fanila,https://www.hepsiburada.com/hamile-fanilalar-c-80809031,5,Moda > bayan giyim modelleri > Hamile Giyim > İç Giyim > Fanila
80809025,80809024,Gecelik,https://www.hepsiburada.com/gecelik-c-80809025,5,Moda > bayan giyim modelleri > Hamile Giyim > İç Giyim > Gecelik
80809030,80809024,Korse,https://www.hepsiburada.com/hamile-korseleri-c-80809030,5,Moda > bayan giyim modelleri > Hamile Giyim > İç Giyim > Korse
80809029,80809024,Külot,https://www.hepsiburada.com/hamile-kulotlari-c-80809029,5,Moda > bayan giyim modelleri > Hamile Giyim > İç Giyim > Külot
80809027,80809024,Pijama,https://www.hepsiburada.com/hamile-pijamalari-c-80809027,5,Moda > bayan giyim modelleri > Hamile Giyim > İç Giyim > Pijama
80809026,80809024,Sabahlık,https://www.hepsiburada.com/sabahlik-c-80809026,5,Moda > bayan giyim modelleri > Hamile Giyim > İç Giyim > Sabahlık
80809028,80809024,Sütyen,https://www.hepsiburada.com/hamile-sutyenleri-c-80809028,5,Moda > bayan giyim modelleri > Hamile Giyim > İç Giyim > Sütyen
80809032,80809024,Çorap,https://www.hepsiburada.com/hamile-coraplari-c-80809032,5,Moda > bayan giyim modelleri > Hamile Giyim > İç Giyim > Çorap
80843000,60000682,Aksesuar,https://www.hepsiburada.com/aksesuar-c-80843000,5,Moda > bayan giyim modelleri > İç Giyim > Fantezi Giyim > Aksesuar
60000686,60000682,Babydoll,https://www.hepsiburada.com/babydoll-c-60000686,5,Moda > bayan giyim modelleri > İç Giyim > Fantezi Giyim > Babydoll
60004879,60000682,Fantezi Kostüm,https://www.hepsiburada.com/bayan-fantezi-kostumleri-c-60004879,5,Moda > bayan giyim modelleri > İç Giyim > Fantezi Giyim > Fantezi Kostüm
60004876,60000682,Fantezi İç Giyim,https://www.hepsiburada.com/bayan-fantezi-ic-giyim-urunleri-c-60004876,5,Moda > bayan giyim modelleri > İç Giyim > Fantezi Giyim > Fantezi İç Giyim
60000684,60000682,Jartiyer,https://www.hepsiburada.com/jartiyerler-c-60000684,5,Moda > bayan giyim modelleri > İç Giyim > Fantezi Giyim > Jartiyer
60004880,60000682,Jartiyer Takım,https://www.hepsiburada.com/jartiyer-takimlari-c-60004880,5,Moda > bayan giyim modelleri > İç Giyim > Fantezi Giyim > Jartiyer Takım
60004878,60000682,Jartiyer Çorabı,https://www.hepsiburada.com/jartiyer-coraplari-c-60004878,5,Moda > bayan giyim modelleri > İç Giyim > Fantezi Giyim > Jartiyer Çorabı
60004877,60000682,Vücut Çorabı,https://www.hepsiburada.com/vucut-coraplari-c-60004877,5,Moda > bayan giyim modelleri > İç Giyim > Fantezi Giyim > Vücut Çorabı
106858,115714,Notebook Adaptörleri,https://www.hepsiburada.com/notebook-adaptorleri-c-106858,5,Moda > sirt cantasi > notebook cantalari > Notebook Aksesuarları > Notebook Adaptörleri
3009672,115714,Notebook Ekran Koruyucuları,https://www.hepsiburada.com/notebook-ekran-koruyuculari-c-3009672,5,Moda > sirt cantasi > notebook cantalari > Notebook Aksesuarları > Notebook Ekran Koruyucuları
106855,115714,Notebook Kilitleri,https://www.hepsiburada.com/notebook-kilitleri-c-106855,5,Moda > sirt cantasi > notebook cantalari > Notebook Aksesuarları > Notebook Kilitleri
106854,115714,Notebook Pilleri,https://www.hepsiburada.com/notebook-pilleri-c-106854,5,Moda > sirt cantasi > notebook cantalari > Notebook Aksesuarları > Notebook Pilleri
106861,115714,Notebook Standları,https://www.hepsiburada.com/notebook-standlari-c-106861,5,Moda > sirt cantasi > notebook cantalari > Notebook Aksesuarları > Notebook Standları
60002746,206099,"Atkı, Bere & Eldiven",https://www.hepsiburada.com/erkek-cocuk-atki-bere-eldiven-c-60002746,5,"Moda > Çocuk > Erkek Çocuk > Aksesuar > Atkı, Bere & Eldiven"
60002306,206099,Eldiven,https://www.hepsiburada.com/erkek-cocuk-eldiven-c-60002306,5,Moda > Çocuk > Erkek Çocuk > Aksesuar > Eldiven
60006905,206099,Kemer,https://www.hepsiburada.com/erkek-cocuk-kemer-c-60006905,5,Moda > Çocuk > Erkek Çocuk > Aksesuar > Kemer
60002783,206099,Papyon,https://www.hepsiburada.com/papyon-c-60002783,5,Moda > Çocuk > Erkek Çocuk > Aksesuar > Papyon
60002726,206099,Çanta,https://www.hepsiburada.com/cocuk-cantalari-c-60002726,5,Moda > Çocuk > Erkek Çocuk > Aksesuar > Çanta
60000372,206099,Önlük,https://www.hepsiburada.com/erkek-cocuk-onluk-c-60000372,5,Moda > Çocuk > Erkek Çocuk > Aksesuar > Önlük
60000785,206099,Şapka,https://www.hepsiburada.com/erkek-cocuk-sapka-c-60000785,5,Moda > Çocuk > Erkek Çocuk > Aksesuar > Şapka
12087257,206099,Şemsiye,https://www.hepsiburada.com/erkek-cocuk-semsiye-c-12087257,5,Moda > Çocuk > Erkek Çocuk > Aksesuar > Şemsiye
12105746,12087323,Atlet & Fanila,https://www.hepsiburada.com/erkek-cocuk-atlet-fanila-c-12105746,5,Moda > Çocuk > Erkek Çocuk > İç Giyim > Atlet & Fanila
60001473,12087323,Külot,https://www.hepsiburada.com/erkek-cocuk-kulotlari-c-60001473,5,Moda > Çocuk > Erkek Çocuk > İç Giyim > Külot
60006840,60002724,Abiye & Düğün Elbiseleri,https://www.hepsiburada.com/kiz-cocuk-abiye-dugun-elbiseleri-c-60006840,5,Moda > Çocuk > cocuk elbiseler > Kız Çocuk Giyim Ürünleri > Abiye & Düğün Elbiseleri
60006225,60002724,Bikini & Mayo,https://www.hepsiburada.com/cocuk-bikini-c-60006225,5,Moda > Çocuk > cocuk elbiseler > Kız Çocuk Giyim Ürünleri > Bikini & Mayo
60005473,60002724,Bluz & Tunik,https://www.hepsiburada.com/cocuk-bluz-c-60005473,5,Moda > Çocuk > cocuk elbiseler > Kız Çocuk Giyim Ürünleri > Bluz & Tunik
60004857,60002724,Body,https://www.hepsiburada.com/cocuk-body-c-60004857,5,Moda > Çocuk > cocuk elbiseler > Kız Çocuk Giyim Ürünleri > Body
60002736,60002724,Etek,https://www.hepsiburada.com/cocuk-etekler-c-60002736,5,Moda > Çocuk > cocuk elbiseler > Kız Çocuk Giyim Ürünleri > Etek
60002735,60002724,Gömlek,https://www.hepsiburada.com/cocuk-gomlekleri-c-60002735,5,Moda > Çocuk > cocuk elbiseler > Kız Çocuk Giyim Ürünleri > Gömlek
60002734,60002724,Mont,https://www.hepsiburada.com/cocuk-mont-c-60002734,5,Moda > Çocuk > cocuk elbiseler > Kız Çocuk Giyim Ürünleri > Mont
60002737,60002724,Pantolon,https://www.hepsiburada.com/cocuk-pantolonlar-c-60002737,5,Moda > Çocuk > cocuk elbiseler > Kız Çocuk Giyim Ürünleri > Pantolon
60002742,60002724,Pijama Takımı,https://www.hepsiburada.com/cocuk-pijamalar-c-60002742,5,Moda > Çocuk > cocuk elbiseler > Kız Çocuk Giyim Ürünleri > Pijama Takımı
60006975,60002724,Sweatshirt,https://www.hepsiburada.com/kiz-cocuk-sweatshirt-c-60006975,5,Moda > Çocuk > cocuk elbiseler > Kız Çocuk Giyim Ürünleri > Sweatshirt
60004844,60002724,Süveter & Hırka,https://www.hepsiburada.com/cocuk-hirkalar-c-60004844,5,Moda > Çocuk > cocuk elbiseler > Kız Çocuk Giyim Ürünleri > Süveter & Hırka
60005263,60002724,Tayt,https://www.hepsiburada.com/cocuk-taytlari-c-60005263,5,Moda > Çocuk > cocuk elbiseler > Kız Çocuk Giyim Ürünleri > Tayt
60004856,60002724,Tulum,https://www.hepsiburada.com/cocuk-tulumlar-c-60004856,5,Moda > Çocuk > cocuk elbiseler > Kız Çocuk Giyim Ürünleri > Tulum
80073002,60002724,Yağmurluk,https://www.hepsiburada.com/kiz-cocuk-yagmurluk-c-80073002,5,Moda > Çocuk > cocuk elbiseler > Kız Çocuk Giyim Ürünleri > Yağmurluk
60004847,60002724,Yelek,https://www.hepsiburada.com/cocuk-yelekler-c-60004847,5,Moda > Çocuk > cocuk elbiseler > Kız Çocuk Giyim Ürünleri > Yelek
60003881,60002362,Babet,https://www.hepsiburada.com/cocuk-babetler-c-60003881,5,Moda > Çocuk > cocuk elbiseler > cocuk ayakkabilar > Babet
60002363,60002362,Ev Ayakkabısı,https://www.hepsiburada.com/ev-ayakkabisi-c-60002363,5,Moda > Çocuk > cocuk elbiseler > cocuk ayakkabilar > Ev Ayakkabısı
60003889,60002362,Spor Ayakkabı,https://www.hepsiburada.com/cocuk-spor-ayakkabilar-c-60003889,5,Moda > Çocuk > cocuk elbiseler > cocuk ayakkabilar > Spor Ayakkabı
60002367,60002362,Terlik,https://www.hepsiburada.com/cocuk-terlikleri-c-60002367,5,Moda > Çocuk > cocuk elbiseler > cocuk ayakkabilar > Terlik
60002365,60002362,cocuk botlar,https://www.hepsiburada.com/cocuk-botlar-c-60002365,5,Moda > Çocuk > cocuk elbiseler > cocuk ayakkabilar > cocuk botlar
60003882,60002362,cocuk gunluk ayakkabilar,https://www.hepsiburada.com/cocuk-gunluk-ayakkabilar-c-60003882,5,Moda > Çocuk > cocuk elbiseler > cocuk ayakkabilar > cocuk gunluk ayakkabilar
60002366,60002362,cocuk sandaletler,https://www.hepsiburada.com/cocuk-sandaletler-c-60002366,5,Moda > Çocuk > cocuk elbiseler > cocuk ayakkabilar > cocuk sandaletler
60002438,60002362,spor ayakkabi,https://www.hepsiburada.com/spor-ayakkabi-c-60002438,5,Moda > Çocuk > cocuk elbiseler > cocuk ayakkabilar > spor ayakkabi
60004327,12087335,bebek cocuk genc nevresim takimlari,https://www.hepsiburada.com/bebek-cocuk-genc-nevresim-takimlari-c-60004327,5,Moda > Çocuk > erkek cocuk giyim > Alt Üst Takım > bebek cocuk genc nevresim takimlari
60000962,12087335,esofman,https://www.hepsiburada.com/esofman-c-60000962,5,Moda > Çocuk > erkek cocuk giyim > Alt Üst Takım > esofman
12087326,12103461,Deniz Şortu,https://www.hepsiburada.com/erkek-cocuk-deniz-sortu-c-12087326,5,Moda > Çocuk > erkek cocuk giyim > Mayo > Deniz Şortu
60002782,12103460,erkek cocuk kravat,https://www.hepsiburada.com/erkek-cocuk-kravat-c-60002782,5,Moda > Çocuk > erkek cocuk giyim > Pijama Takımı > erkek cocuk kravat
60002309,205719,Bot,https://www.hepsiburada.com/erkek-cocuk-bot-c-60002309,5,Moda > Çocuk > erkek cocuk giyim > erkek cocuk ayakkabi > Bot
60002311,205719,Ev Ayakkabısı,https://www.hepsiburada.com/ev-ayakkabisi-c-60002311,5,Moda > Çocuk > erkek cocuk giyim > erkek cocuk ayakkabi > Ev Ayakkabısı
60002307,205719,Panduf,https://www.hepsiburada.com/erkek-cocuk-panduf-c-60002307,5,Moda > Çocuk > erkek cocuk giyim > erkek cocuk ayakkabi > Panduf
12087260,205719,Terlik,https://www.hepsiburada.com/erkek-cocuk-terlikleri-c-12087260,5,Moda > Çocuk > erkek cocuk giyim > erkek cocuk ayakkabi > Terlik
60002312,205719,erkek cocuk gunluk ayakkabi,https://www.hepsiburada.com/erkek-cocuk-gunluk-ayakkabi-c-60002312,5,Moda > Çocuk > erkek cocuk giyim > erkek cocuk ayakkabi > erkek cocuk gunluk ayakkabi
60000064,205719,erkek cocuk spor ayakkabi,https://www.hepsiburada.com/erkek-cocuk-spor-ayakkabi-c-60000064,5,Moda > Çocuk > erkek cocuk giyim > erkek cocuk ayakkabi > erkek cocuk spor ayakkabi
60002745,60002725,Kemer,https://www.hepsiburada.com/kemer-c-60002745,5,Moda > Çocuk > kiz cocuk > Aksesuar > Kemer
80088005,60002725,Toka & Saç Aksesuarları,https://www.hepsiburada.com/toka-sac-aksesuarlari-c-80088005,5,Moda > Çocuk > kiz cocuk > Aksesuar > Toka & Saç Aksesuarları
60002744,60002725,cocuk sapkalar,https://www.hepsiburada.com/cocuk-sapkalar-c-60002744,5,Moda > Çocuk > kiz cocuk > Aksesuar > cocuk sapkalar
60004881,60002725,Önlük,https://www.hepsiburada.com/kiz-cocuk-onlukleri-c-60004881,5,Moda > Çocuk > kiz cocuk > Aksesuar > Önlük
60005002,60002725,Şemsiye,https://www.hepsiburada.com/cocuk-semsiyeleri-c-60005002,5,Moda > Çocuk > kiz cocuk > Aksesuar > Şemsiye
60000114,60002730,erkek cocuk sandalet,https://www.hepsiburada.com/erkek-cocuk-sandalet-c-60000114,5,Moda > Çocuk > kiz cocuk > cocuk t shirt > erkek cocuk sandalet
60002741,60002729,cocuk atletler,https://www.hepsiburada.com/cocuk-atletler-c-60002741,5,Moda > Çocuk > kiz cocuk > İç Giyim > cocuk atletler
60002740,60002729,cocuk kulotlar,https://www.hepsiburada.com/cocuk-kulotlar-c-60002740,5,Moda > Çocuk > kiz cocuk > İç Giyim > cocuk kulotlar
60002743,60002729,Çorap,https://www.hepsiburada.com/cocuk-coraplar-c-60002743,5,Moda > Çocuk > kiz cocuk > İç Giyim > Çorap
60005126,60002729,İlk Sütyen,https://www.hepsiburada.com/ilk-sutyen-c-60005126,5,Moda > Çocuk > kiz cocuk > İç Giyim > İlk Sütyen
60003224,60003222,Duşlar ve Masaj Jetleri,https://www.hepsiburada.com/duslar-masaj-jetleri-c-60003224,5,"Oto, Bahce, Yapi Market > Bahçe > Havuz Ürünleri > Havuz Kenar Ekipmanları > Duşlar ve Masaj Jetleri"
60003223,60003222,Merdivenler,https://www.hepsiburada.com/havuz-merdivenleri-c-60003223,5,"Oto, Bahce, Yapi Market > Bahçe > Havuz Ürünleri > Havuz Kenar Ekipmanları > Merdivenler"
34001240,34001227,Klor,https://www.hepsiburada.com/havuz-klorleri-c-34001240,5,"Oto, Bahce, Yapi Market > Bahçe > Havuz Ürünleri > Havuz Kimyasalları > Klor"
34001238,34001227,Ph Düşürücü,https://www.hepsiburada.com/ph-dusuruculer-c-34001238,5,"Oto, Bahce, Yapi Market > Bahçe > Havuz Ürünleri > Havuz Kimyasalları > Ph Düşürücü"
34001239,34001227,Ph Yülseltici,https://www.hepsiburada.com/ph-yulselticiler-c-34001239,5,"Oto, Bahce, Yapi Market > Bahçe > Havuz Ürünleri > Havuz Kimyasalları > Ph Yülseltici"
34001235,34001227,Sıvı Çözeltici,https://www.hepsiburada.com/sivi-cozelticiler-c-34001235,5,"Oto, Bahce, Yapi Market > Bahçe > Havuz Ürünleri > Havuz Kimyasalları > Sıvı Çözeltici"
34001237,34001227,Yosun Önleyici,https://www.hepsiburada.com/yosun-onleyiciler-c-34001237,5,"Oto, Bahce, Yapi Market > Bahçe > Havuz Ürünleri > Havuz Kimyasalları > Yosun Önleyici"
34001233,34001226,Fırçalar,https://www.hepsiburada.com/havuz-temizlik-fircalari-c-34001233,5,"Oto, Bahce, Yapi Market > Bahçe > Havuz Ürünleri > Havuz Temizlik Malzemeleri > Fırçalar"
34001231,34001226,Havuz Kepçesi,https://www.hepsiburada.com/havuz-kepceleri-c-34001231,5,"Oto, Bahce, Yapi Market > Bahçe > Havuz Ürünleri > Havuz Temizlik Malzemeleri > Havuz Kepçesi"
26012133,60000841,sac fircalari taraklar,https://www.hepsiburada.com/sac-fircalari-taraklar-c-26012133,5,"Oto, Bahce, Yapi Market > Bahçe > bahce makineleri > Makine Aksesuarları > sac fircalari taraklar"
34001284,451013,Akülü,https://www.hepsiburada.com/akulu-cit-kesme-makineleri-c-34001284,5,"Oto, Bahce, Yapi Market > Bahçe > bahce makineleri > Çit Kesme Makineleri > Akülü"
34001217,451013,Benzinli,https://www.hepsiburada.com/benzinli-cit-kesme-makineleri-c-34001217,5,"Oto, Bahce, Yapi Market > Bahçe > bahce makineleri > Çit Kesme Makineleri > Benzinli"
34001216,451013,Elektrikli,https://www.hepsiburada.com/elektrikli-cit-kesme-makineleri-c-34001216,5,"Oto, Bahce, Yapi Market > Bahçe > bahce makineleri > Çit Kesme Makineleri > Elektrikli"
60005654,60005651,Motosiklet Bayan Montları,https://www.hepsiburada.com/motosiklet-bayan-montlari-c-60005654,5,"Oto, Bahce, Yapi Market > Motosiklet > Giyim & Ekipman > Mont&Ceket > Motosiklet Bayan Montları"
60005652,60005651,Motosiklet Kışlık Kısa Montlar,https://www.hepsiburada.com/motosiklet-kislik-kisa-montlar-c-60005652,5,"Oto, Bahce, Yapi Market > Motosiklet > Giyim & Ekipman > Mont&Ceket > Motosiklet Kışlık Kısa Montlar"
60005653,60005651,Motosiklet Kışlık Uzun Montlar,https://www.hepsiburada.com/motosiklet-kislik-uzun-montlar-c-60005653,5,"Oto, Bahce, Yapi Market > Motosiklet > Giyim & Ekipman > Mont&Ceket > Motosiklet Kışlık Uzun Montlar"
60005655,60005651,motosiklet deri montlar,https://www.hepsiburada.com/motosiklet-deri-montlar-c-60005655,5,"Oto, Bahce, Yapi Market > Motosiklet > Giyim & Ekipman > Mont&Ceket > motosiklet deri montlar"
60005657,60005651,motosiklet yazlik fileli montlar,https://www.hepsiburada.com/motosiklet-yazlik-fileli-montlar-c-60005657,5,"Oto, Bahce, Yapi Market > Motosiklet > Giyim & Ekipman > Mont&Ceket > motosiklet yazlik fileli montlar"
60005675,60005673,Motosiklet Termal Alt İçlikler,https://www.hepsiburada.com/motosiklet-termal-alt-iclikler-c-60005675,5,"Oto, Bahce, Yapi Market > Motosiklet > Giyim & Ekipman > Termal Giyim > Motosiklet Termal Alt İçlikler"
60005677,60005673,Motosiklet Termal Alt-Üst Takımlar,https://www.hepsiburada.com/motosiklet-termal-alt-ust-takimlar-c-60005677,5,"Oto, Bahce, Yapi Market > Motosiklet > Giyim & Ekipman > Termal Giyim > Motosiklet Termal Alt-Üst Takımlar"
60005674,60005673,Motosiklet Termal Çoraplar,https://www.hepsiburada.com/motosiklet-termal-coraplar-c-60005674,5,"Oto, Bahce, Yapi Market > Motosiklet > Giyim & Ekipman > Termal Giyim > Motosiklet Termal Çoraplar"
60005676,60005673,Motosiklet Termal Üst İçlikler,https://www.hepsiburada.com/motosiklet-termal-ust-iclikler-c-60005676,5,"Oto, Bahce, Yapi Market > Motosiklet > Giyim & Ekipman > Termal Giyim > Motosiklet Termal Üst İçlikler"
60005681,20029248,Kilit & Zincir & Hatırlatma Kablosu,https://www.hepsiburada.com/motosiklet-disk-kilitler-c-60005681,5,"Oto, Bahce, Yapi Market > Motosiklet > Motosiklet Aksesuarları > Kilit > Kilit & Zincir & Hatırlatma Kablosu"
60005682,20029248,Motosiklet Alarmlı Disk Kilitler,https://www.hepsiburada.com/motosiklet-alarmli-disk-kilitler-c-60005682,5,"Oto, Bahce, Yapi Market > Motosiklet > Motosiklet Aksesuarları > Kilit > Motosiklet Alarmlı Disk Kilitler"
60005683,20029248,Motosiklet Halat Kilitler,https://www.hepsiburada.com/motosiklet-halat-kilitler-c-60005683,5,"Oto, Bahce, Yapi Market > Motosiklet > Motosiklet Aksesuarları > Kilit > Motosiklet Halat Kilitler"
60005685,20029248,Motosiklet Kask Kilitler,https://www.hepsiburada.com/motosiklet-kask-kilitler-c-60005685,5,"Oto, Bahce, Yapi Market > Motosiklet > Motosiklet Aksesuarları > Kilit > Motosiklet Kask Kilitler"
60005684,20029248,Motosiklet Zincir Kilitler,https://www.hepsiburada.com/motosiklet-zincir-kilitler-c-60005684,5,"Oto, Bahce, Yapi Market > Motosiklet > Motosiklet Aksesuarları > Kilit > Motosiklet Zincir Kilitler"
60005662,60005660,Motosiklet Kışlık Pantolonlar,https://www.hepsiburada.com/motosiklet-kislik-pantolonlar-c-60005662,5,"Oto, Bahce, Yapi Market > Motosiklet > Motosiklet Modelleri > motosiklet pantolonlari > Motosiklet Kışlık Pantolonlar"
60005661,60005660,Motosiklet Yazlık Pantolonlar,https://www.hepsiburada.com/motosiklet-yazlik-pantolonlar-c-60005661,5,"Oto, Bahce, Yapi Market > Motosiklet > Motosiklet Modelleri > motosiklet pantolonlari > Motosiklet Yazlık Pantolonlar"
60001265,60000414,Fitings,https://www.hepsiburada.com/fitings-c-60001265,5,"Oto, Bahce, Yapi Market > Yapı Market / Hırdavat > Banyo > Tesisat > Fitings"
60001264,60000414,Musluk Uçları,https://www.hepsiburada.com/musluk-uclari-c-60001264,5,"Oto, Bahce, Yapi Market > Yapı Market / Hırdavat > Banyo > Tesisat > Musluk Uçları"
60001266,60000414,Musluklar,https://www.hepsiburada.com/banyo-tesisat-musluklari-c-60001266,5,"Oto, Bahce, Yapi Market > Yapı Market / Hırdavat > Banyo > Tesisat > Musluklar"
60005934,60000414,Soda Makinesi,https://www.hepsiburada.com/soda-makineleri-c-60005934,5,"Oto, Bahce, Yapi Market > Yapı Market / Hırdavat > Banyo > Tesisat > Soda Makinesi"
60001260,60000414,Taharet Boruları,https://www.hepsiburada.com/taharet-borulari-c-60001260,5,"Oto, Bahce, Yapi Market > Yapı Market / Hırdavat > Banyo > Tesisat > Taharet Boruları"
60001262,60000414,Tahliye / Temiz Su Hortumları,https://www.hepsiburada.com/tahliye-temiz-su-hortumlari-c-60001262,5,"Oto, Bahce, Yapi Market > Yapı Market / Hırdavat > Banyo > Tesisat > Tahliye / Temiz Su Hortumları"
60001259,60000414,Tapalar / Süzgeçler,https://www.hepsiburada.com/tapalar-suzgecler-c-60001259,5,"Oto, Bahce, Yapi Market > Yapı Market / Hırdavat > Banyo > Tesisat > Tapalar / Süzgeçler"
60001261,60000414,İç Takım / Aksesuarları,https://www.hepsiburada.com/ic-takim-aksesuarlari-c-60001261,5,"Oto, Bahce, Yapi Market > Yapı Market / Hırdavat > Banyo > Tesisat > İç Takım / Aksesuarları"
60001227,60007333,Astarlar,https://www.hepsiburada.com/astarlar-c-60001227,5,"Oto, Bahce, Yapi Market > Yapı Market / Hırdavat > Boya & Boya Malzemeleri > Duvar Boyaları > Astarlar"
60007334,60007333,Boya Renklendiriciler,https://www.hepsiburada.com/boya-renklendiriciler-c-60007334,5,"Oto, Bahce, Yapi Market > Yapı Market / Hırdavat > Boya & Boya Malzemeleri > Duvar Boyaları > Boya Renklendiriciler"
60001219,60007333,Dış Cephe Boyaları,https://www.hepsiburada.com/dis-cepheler-c-60001219,5,"Oto, Bahce, Yapi Market > Yapı Market / Hırdavat > Boya & Boya Malzemeleri > Duvar Boyaları > Dış Cephe Boyaları"
60007336,60007333,Kauçuk Boyalar,https://www.hepsiburada.com/kaucuk-boyalar-c-60007336,5,"Oto, Bahce, Yapi Market > Yapı Market / Hırdavat > Boya & Boya Malzemeleri > Duvar Boyaları > Kauçuk Boyalar"
60001225,60007333,Tavan Boyaları,https://www.hepsiburada.com/tavan-boyalari-c-60001225,5,"Oto, Bahce, Yapi Market > Yapı Market / Hırdavat > Boya & Boya Malzemeleri > Duvar Boyaları > Tavan Boyaları"
60001241,60007333,Yalıtım Boyaları,https://www.hepsiburada.com/yalitim-boyalari-c-60001241,5,"Oto, Bahce, Yapi Market > Yapı Market / Hırdavat > Boya & Boya Malzemeleri > Duvar Boyaları > Yalıtım Boyaları"
60001253,60007333,boya fircalari,https://www.hepsiburada.com/boya-fircalari-c-60001253,5,"Oto, Bahce, Yapi Market > Yapı Market / Hırdavat > Boya & Boya Malzemeleri > Duvar Boyaları > boya fircalari"
60001217,60007333,İç Cephe Boyaları,https://www.hepsiburada.com/ic-cepheler-c-60001217,5,"Oto, Bahce, Yapi Market > Yapı Market / Hırdavat > Boya & Boya Malzemeleri > Duvar Boyaları > İç Cephe Boyaları"
60007357,60001252,Boya Tabancası,https://www.hepsiburada.com/boya-tabancasi-c-60007357,5,"Oto, Bahce, Yapi Market > Yapı Market / Hırdavat > Boya & Boya Malzemeleri > Fırça, Rulo & Aksesuar > Boya Tabancası"
60007330,60001252,Boyacı Tulumu,https://www.hepsiburada.com/boyaci-tulumu-c-60007330,5,"Oto, Bahce, Yapi Market > Yapı Market / Hırdavat > Boya & Boya Malzemeleri > Fırça, Rulo & Aksesuar > Boyacı Tulumu"
60007331,60001252,Hışır Örtü,https://www.hepsiburada.com/hisir-ortu-c-60007331,5,"Oto, Bahce, Yapi Market > Yapı Market / Hırdavat > Boya & Boya Malzemeleri > Fırça, Rulo & Aksesuar > Hışır Örtü"
60007332,60001252,Ispatula,https://www.hepsiburada.com/ispatula-c-60007332,5,"Oto, Bahce, Yapi Market > Yapı Market / Hırdavat > Boya & Boya Malzemeleri > Fırça, Rulo & Aksesuar > Ispatula"
60007337,60001252,Mala,https://www.hepsiburada.com/mala-c-60007337,5,"Oto, Bahce, Yapi Market > Yapı Market / Hırdavat > Boya & Boya Malzemeleri > Fırça, Rulo & Aksesuar > Mala"
60007338,60001252,Maskeleme Bantları,https://www.hepsiburada.com/maskeleme-bantlari-c-60007338,5,"Oto, Bahce, Yapi Market > Yapı Market / Hırdavat > Boya & Boya Malzemeleri > Fırça, Rulo & Aksesuar > Maskeleme Bantları"
60002055,60001252,Rulo,https://www.hepsiburada.com/rulolar-c-60002055,5,"Oto, Bahce, Yapi Market > Yapı Market / Hırdavat > Boya & Boya Malzemeleri > Fırça, Rulo & Aksesuar > Rulo"
60001255,60001252,Yardımcı Ürünler,https://www.hepsiburada.com/yardimci-urunler-c-60001255,5,"Oto, Bahce, Yapi Market > Yapı Market / Hırdavat > Boya & Boya Malzemeleri > Fırça, Rulo & Aksesuar > Yardımcı Ürünler"
60007264,13003325,Ahşap,https://www.hepsiburada.com/ahsap-yer-dosemesi-c-60007264,5,"Oto, Bahce, Yapi Market > Yapı Market / Hırdavat > İnşaat Malzemeleri > Seramik ve Yer Döşemeleri > Ahşap"
60002252,13003325,Cam Mozaik,https://www.hepsiburada.com/cam-mozaikleri-c-60002252,5,"Oto, Bahce, Yapi Market > Yapı Market / Hırdavat > İnşaat Malzemeleri > Seramik ve Yer Döşemeleri > Cam Mozaik"
80739001,13003325,Geçiş Profili,https://www.hepsiburada.com/gecis-profili-c-80739001,5,"Oto, Bahce, Yapi Market > Yapı Market / Hırdavat > İnşaat Malzemeleri > Seramik ve Yer Döşemeleri > Geçiş Profili"
80433011,13003325,PVC,https://www.hepsiburada.com/pvc-yer-dosemeleri-c-80433011,5,"Oto, Bahce, Yapi Market > Yapı Market / Hırdavat > İnşaat Malzemeleri > Seramik ve Yer Döşemeleri > PVC"
60006190,13003325,Traverten,https://www.hepsiburada.com/travertenler-c-60006190,5,"Oto, Bahce, Yapi Market > Yapı Market / Hırdavat > İnşaat Malzemeleri > Seramik ve Yer Döşemeleri > Traverten"
60005249,60005248,Isı Yalıtımı,https://www.hepsiburada.com/isi-yalitimi-malzemeleri-c-60005249,5,"Oto, Bahce, Yapi Market > Yapı Market / Hırdavat > İnşaat Malzemeleri > Yalıtım Malzemeleri > Isı Yalıtımı"
60005250,60005248,Ses Yalıtımı,https://www.hepsiburada.com/ses-yalitim-malzemeleri-c-60005250,5,"Oto, Bahce, Yapi Market > Yapı Market / Hırdavat > İnşaat Malzemeleri > Yalıtım Malzemeleri > Ses Yalıtımı"
60005251,60005248,Su Yalıtımı,https://www.hepsiburada.com/su-yalitim-malzemeleri-c-60005251,5,"Oto, Bahce, Yapi Market > Yapı Market / Hırdavat > İnşaat Malzemeleri > Yalıtım Malzemeleri > Su Yalıtımı"
60005252,60005248,Yapıştırıcılar,https://www.hepsiburada.com/yapistiricilar-c-60005252,5,"Oto, Bahce, Yapi Market > Yapı Market / Hırdavat > İnşaat Malzemeleri > Yalıtım Malzemeleri > Yapıştırıcılar"
60001711,60001710,Araç İçi TV,https://www.hepsiburada.com/arac-ici-tv-c-60001711,5,"Oto, Bahce, Yapi Market > arac ici kameralar > Oto Ses Görüntü Sistemleri > Araç İçi Monitörler > Araç İçi TV"
60001712,60001710,Kafalık Monitör,https://www.hepsiburada.com/oto-kafalik-monitorleri-c-60001712,5,"Oto, Bahce, Yapi Market > arac ici kameralar > Oto Ses Görüntü Sistemleri > Araç İçi Monitörler > Kafalık Monitör"
264130,60006589,Tuning Auto Sport Ürünleri,https://www.hepsiburada.com/tuning-auto-sport-urunleri-c-264130,5,"Oto, Bahce, Yapi Market > arac ici kameralar > hoparlorler > pandizot > Tuning Auto Sport Ürünleri"
60005476,60006589,dikiz aynasi,https://www.hepsiburada.com/dikiz-aynasi-c-60005476,5,"Oto, Bahce, Yapi Market > arac ici kameralar > hoparlorler > pandizot > dikiz aynasi"
20035737,20035735,Cila Aksesuarları,https://www.hepsiburada.com/cila-aksesuarlari-c-20035737,5,"Oto, Bahce, Yapi Market > arac supurgeleri > Oto Bakım Temizlik Ürünleri > Cila > Cila Aksesuarları"
20035738,20035735,Hızlı Cila,https://www.hepsiburada.com/hizli-cilalar-c-20035738,5,"Oto, Bahce, Yapi Market > arac supurgeleri > Oto Bakım Temizlik Ürünleri > Cila > Hızlı Cila"
20035739,20035735,Renkli Cila,https://www.hepsiburada.com/renkli-cilalar-c-20035739,5,"Oto, Bahce, Yapi Market > arac supurgeleri > Oto Bakım Temizlik Ürünleri > Cila > Renkli Cila"
20035736,20035735,Sıvı Cila,https://www.hepsiburada.com/sivi-cilalar-c-20035736,5,"Oto, Bahce, Yapi Market > arac supurgeleri > Oto Bakım Temizlik Ürünleri > Cila > Sıvı Cila"
20035740,20035735,Çizik Gidericiler,https://www.hepsiburada.com/cizik-gidericiler-c-20035740,5,"Oto, Bahce, Yapi Market > arac supurgeleri > Oto Bakım Temizlik Ürünleri > Cila > Çizik Gidericiler"
20024951,20024950,Alarmlar,https://www.hepsiburada.com/oto-alarmlari-c-20024951,5,"Oto, Bahce, Yapi Market > bagaj cantalari > Oto Aksesuar Ürünleri > Alarm / Park Sensörü / Merkezi Kilitler > Alarmlar"
20029356,20024950,Açma Kapama Sistemleri,https://www.hepsiburada.com/acma-kapama-sistemleri-c-20029356,5,"Oto, Bahce, Yapi Market > bagaj cantalari > Oto Aksesuar Ürünleri > Alarm / Park Sensörü / Merkezi Kilitler > Açma Kapama Sistemleri"
20024963,20024950,Merkezi Kilitleme Sistemleri,https://www.hepsiburada.com/merkezi-kilitleme-sistemleri-c-20024963,5,"Oto, Bahce, Yapi Market > bagaj cantalari > Oto Aksesuar Ürünleri > Alarm / Park Sensörü / Merkezi Kilitler > Merkezi Kilitleme Sistemleri"
20024956,20024950,Park Sensörleri,https://www.hepsiburada.com/park-sensorleri-c-20024956,5,"Oto, Bahce, Yapi Market > bagaj cantalari > Oto Aksesuar Ürünleri > Alarm / Park Sensörü / Merkezi Kilitler > Park Sensörleri"
20024961,20024950,Set Ürünler,https://www.hepsiburada.com/oto-aksesuar-setleri-c-20024961,5,"Oto, Bahce, Yapi Market > bagaj cantalari > Oto Aksesuar Ürünleri > Alarm / Park Sensörü / Merkezi Kilitler > Set Ürünler"
264129,20024933,Araç Antenleri,https://www.hepsiburada.com/arac-antenleri-c-264129,5,"Oto, Bahce, Yapi Market > bagaj cantalari > Oto Aksesuar Ürünleri > Araç Dış Aksesuar > Araç Antenleri"
60006611,20024933,Araç Basamakları,https://www.hepsiburada.com/arac-basamaklari-c-60006611,5,"Oto, Bahce, Yapi Market > bagaj cantalari > Oto Aksesuar Ürünleri > Araç Dış Aksesuar > Araç Basamakları"
60004636,20024933,Ayna Aksesuarları,https://www.hepsiburada.com/ayna-aksesuarlari-c-60004636,5,"Oto, Bahce, Yapi Market > bagaj cantalari > Oto Aksesuar Ürünleri > Araç Dış Aksesuar > Ayna Aksesuarları"
20024967,20024933,Bagaj Aksesuarları,https://www.hepsiburada.com/bagaj-aksesuarlari-c-20024967,5,"Oto, Bahce, Yapi Market > bagaj cantalari > Oto Aksesuar Ürünleri > Araç Dış Aksesuar > Bagaj Aksesuarları"
20024968,20024933,Carbon Folyolar,https://www.hepsiburada.com/carbon-folyolar-c-20024968,5,"Oto, Bahce, Yapi Market > bagaj cantalari > Oto Aksesuar Ürünleri > Araç Dış Aksesuar > Carbon Folyolar"
20025764,20024933,Far Folyoları,https://www.hepsiburada.com/far-folyolari-c-20025764,5,"Oto, Bahce, Yapi Market > bagaj cantalari > Oto Aksesuar Ürünleri > Araç Dış Aksesuar > Far Folyoları"
20024939,20024933,Jant Aksesuarları,https://www.hepsiburada.com/jant-aksesuarlari-c-20024939,5,"Oto, Bahce, Yapi Market > bagaj cantalari > Oto Aksesuar Ürünleri > Araç Dış Aksesuar > Jant Aksesuarları"
20024945,20024933,Kapı Aksesuarları,https://www.hepsiburada.com/kapi-aksesuarlari-c-20024945,5,"Oto, Bahce, Yapi Market > bagaj cantalari > Oto Aksesuar Ürünleri > Araç Dış Aksesuar > Kapı Aksesuarları"
20024994,20024933,Koruyucu Ürünler,https://www.hepsiburada.com/koruyucu-urunler-c-20024994,5,"Oto, Bahce, Yapi Market > bagaj cantalari > Oto Aksesuar Ürünleri > Araç Dış Aksesuar > Koruyucu Ürünler"
20026632,20024933,Levhalar,https://www.hepsiburada.com/levhalar-c-20026632,5,"Oto, Bahce, Yapi Market > bagaj cantalari > Oto Aksesuar Ürünleri > Araç Dış Aksesuar > Levhalar"
20024934,20024933,Paçalık,https://www.hepsiburada.com/pacaliklar-c-20024934,5,"Oto, Bahce, Yapi Market > bagaj cantalari > Oto Aksesuar Ürünleri > Araç Dış Aksesuar > Paçalık"
20024935,20024933,Plaka Ürünleri,https://www.hepsiburada.com/plaka-urunleri-c-20024935,5,"Oto, Bahce, Yapi Market > bagaj cantalari > Oto Aksesuar Ürünleri > Araç Dış Aksesuar > Plaka Ürünleri"
20024936,20024933,Reflektörler,https://www.hepsiburada.com/arac-disi-reflektorler-c-20024936,5,"Oto, Bahce, Yapi Market > bagaj cantalari > Oto Aksesuar Ürünleri > Araç Dış Aksesuar > Reflektörler"
20024937,20024933,Tampon Aksesuarları,https://www.hepsiburada.com/tampon-aksesuarlari-c-20024937,5,"Oto, Bahce, Yapi Market > bagaj cantalari > Oto Aksesuar Ürünleri > Araç Dış Aksesuar > Tampon Aksesuarları"
60008571,20024933,Vinç & Vinç Aksesuarları,https://www.hepsiburada.com/vinc-vinc-aksesuarlari-c-60008571,5,"Oto, Bahce, Yapi Market > bagaj cantalari > Oto Aksesuar Ürünleri > Araç Dış Aksesuar > Vinç & Vinç Aksesuarları"
20024938,20024933,Yan ve Tavan Çıtaları,https://www.hepsiburada.com/yan-tavan-citalari-c-20024938,5,"Oto, Bahce, Yapi Market > bagaj cantalari > Oto Aksesuar Ürünleri > Araç Dış Aksesuar > Yan ve Tavan Çıtaları"
272912,20024933,body kitler,https://www.hepsiburada.com/body-kitler-c-272912,5,"Oto, Bahce, Yapi Market > bagaj cantalari > Oto Aksesuar Ürünleri > Araç Dış Aksesuar > body kitler"
20024888,20024879,Araç Vantilatörleri,https://www.hepsiburada.com/arac-vantilatorleri-c-20024888,5,"Oto, Bahce, Yapi Market > bagaj cantalari > Oto Aksesuar Ürünleri > Araç İçi Aksesuarları > Araç Vantilatörleri"
20024889,20024879,Cd Organizer / Cd Çantaları,https://www.hepsiburada.com/cd-organizer-cd-cantalari-c-20024889,5,"Oto, Bahce, Yapi Market > bagaj cantalari > Oto Aksesuar Ürünleri > Araç İçi Aksesuarları > Cd Organizer / Cd Çantaları"
20024912,20024879,Disko Topları,https://www.hepsiburada.com/disko-toplari-c-20024912,5,"Oto, Bahce, Yapi Market > bagaj cantalari > Oto Aksesuar Ürünleri > Araç İçi Aksesuarları > Disko Topları"
20024893,20024879,Kişisel Ürünler,https://www.hepsiburada.com/kisisel-urunler-c-20024893,5,"Oto, Bahce, Yapi Market > bagaj cantalari > Oto Aksesuar Ürünleri > Araç İçi Aksesuarları > Kişisel Ürünler"
20024892,20024879,Koltuk Başlıkları,https://www.hepsiburada.com/koltuk-basliklari-c-20024892,5,"Oto, Bahce, Yapi Market > bagaj cantalari > Oto Aksesuar Ürünleri > Araç İçi Aksesuarları > Koltuk Başlıkları"
20024891,20024879,Kupa Bardak ( Mug ),https://www.hepsiburada.com/kupalar-bardaklar-muglar-c-20024891,5,"Oto, Bahce, Yapi Market > bagaj cantalari > Oto Aksesuar Ürünleri > Araç İçi Aksesuarları > Kupa Bardak ( Mug )"
20024890,20024879,Küllükler,https://www.hepsiburada.com/kullukler-c-20024890,5,"Oto, Bahce, Yapi Market > bagaj cantalari > Oto Aksesuar Ürünleri > Araç İçi Aksesuarları > Küllükler"
20024880,20024879,Telefon ve Ipad Aksesuarları,https://www.hepsiburada.com/telefon-ipad-aksesuarlari-c-20024880,5,"Oto, Bahce, Yapi Market > bagaj cantalari > Oto Aksesuar Ürünleri > Araç İçi Aksesuarları > Telefon ve Ipad Aksesuarları"
20024883,20024879,bardakliklar,https://www.hepsiburada.com/bardakliklar-c-20024883,5,"Oto, Bahce, Yapi Market > bagaj cantalari > Oto Aksesuar Ürünleri > Araç İçi Aksesuarları > bardakliklar"
20024886,20024879,Çöp Kovaları,https://www.hepsiburada.com/oto-cop-kovalari-c-20024886,5,"Oto, Bahce, Yapi Market > bagaj cantalari > Oto Aksesuar Ürünleri > Araç İçi Aksesuarları > Çöp Kovaları"
60000379,20024610,Far Sensörleri,https://www.hepsiburada.com/far-sensorleri-c-60000379,5,"Oto, Bahce, Yapi Market > bagaj cantalari > Oto Aksesuar Ürünleri > Aydınlatma Ürünleri > Far Sensörleri"
20042339,20024610,Gündüz Ledi,https://www.hepsiburada.com/gunduz-ledleri-c-20042339,5,"Oto, Bahce, Yapi Market > bagaj cantalari > Oto Aksesuar Ürünleri > Aydınlatma Ürünleri > Gündüz Ledi"
20024611,20024610,Led Şeritler,https://www.hepsiburada.com/oto-led-seritleri-c-20024611,5,"Oto, Bahce, Yapi Market > bagaj cantalari > Oto Aksesuar Ürünleri > Aydınlatma Ürünleri > Led Şeritler"
20024641,20024610,Oto Ampülleri,https://www.hepsiburada.com/oto-ampulleri-c-20024641,5,"Oto, Bahce, Yapi Market > bagaj cantalari > Oto Aksesuar Ürünleri > Aydınlatma Ürünleri > Oto Ampülleri"
20024657,20024610,Oto Aydınlatma Lambaları,https://www.hepsiburada.com/oto-aydinlatma-lambalari-c-20024657,5,"Oto, Bahce, Yapi Market > bagaj cantalari > Oto Aksesuar Ürünleri > Aydınlatma Ürünleri > Oto Aydınlatma Lambaları"
20024672,20024610,Sis Lambaları Araca Özel,https://www.hepsiburada.com/sis-lambalari-araca-ozel-c-20024672,5,"Oto, Bahce, Yapi Market > bagaj cantalari > Oto Aksesuar Ürünleri > Aydınlatma Ürünleri > Sis Lambaları Araca Özel"
20024686,20024610,Sis Lambaları Universal,https://www.hepsiburada.com/sis-lambalari-universal-c-20024686,5,"Oto, Bahce, Yapi Market > bagaj cantalari > Oto Aksesuar Ürünleri > Aydınlatma Ürünleri > Sis Lambaları Universal"
20024648,20024610,Xenon Yedek Ampulleri,https://www.hepsiburada.com/xenon-yedek-ampulleri-c-20024648,5,"Oto, Bahce, Yapi Market > bagaj cantalari > Oto Aksesuar Ürünleri > Aydınlatma Ürünleri > Xenon Yedek Ampulleri"
20024838,20024837,Dış Aynalar,https://www.hepsiburada.com/dis-aynalar-c-20024838,5,"Oto, Bahce, Yapi Market > bagaj cantalari > Oto Aksesuar Ürünleri > Aynalar > Dış Aynalar"
20024839,20024837,İç Aynalar,https://www.hepsiburada.com/ic-aynalar-c-20024839,5,"Oto, Bahce, Yapi Market > bagaj cantalari > Oto Aksesuar Ürünleri > Aynalar > İç Aynalar"
20024964,20024866,Direksiyon Kilitleri,https://www.hepsiburada.com/direksiyon-kilitleri-c-20024964,5,"Oto, Bahce, Yapi Market > bagaj cantalari > Oto Aksesuar Ürünleri > Direksiyon Ürünlerı > Direksiyon Kilitleri"
20024867,20024866,Direksiyon Kılıfları,https://www.hepsiburada.com/direksiyon-kiliflari-c-20024867,5,"Oto, Bahce, Yapi Market > bagaj cantalari > Oto Aksesuar Ürünleri > Direksiyon Ürünlerı > Direksiyon Kılıfları"
20024872,20024866,Direksiyon Masaları,https://www.hepsiburada.com/direksiyon-masalari-c-20024872,5,"Oto, Bahce, Yapi Market > bagaj cantalari > Oto Aksesuar Ürünleri > Direksiyon Ürünlerı > Direksiyon Masaları"
20024871,20024866,Direksiyon Topuzları,https://www.hepsiburada.com/direksiyon-topuzlari-c-20024871,5,"Oto, Bahce, Yapi Market > bagaj cantalari > Oto Aksesuar Ürünleri > Direksiyon Ürünlerı > Direksiyon Topuzları"
20024868,20024866,Direksiyonlar,https://www.hepsiburada.com/direksiyonlar-c-20024868,5,"Oto, Bahce, Yapi Market > bagaj cantalari > Oto Aksesuar Ürünleri > Direksiyon Ürünlerı > Direksiyonlar"
20037058,20036990,Araca Özel Perdeler,https://www.hepsiburada.com/araca-ozel-perdeler-c-20037058,5,"Oto, Bahce, Yapi Market > bagaj cantalari > Oto Aksesuar Ürünleri > Güneşlikler > Araca Özel Perdeler"
20037834,20036990,Arka Cam Perde,https://www.hepsiburada.com/arka-cam-perdeleri-c-20037834,5,"Oto, Bahce, Yapi Market > bagaj cantalari > Oto Aksesuar Ürünleri > Güneşlikler > Arka Cam Perde"
20036991,20036990,Raylı Perdeler,https://www.hepsiburada.com/rayli-perdeler-c-20036991,5,"Oto, Bahce, Yapi Market > bagaj cantalari > Oto Aksesuar Ürünleri > Güneşlikler > Raylı Perdeler"
20037838,20036990,Yan Cam Perde,https://www.hepsiburada.com/yan-cam-perdeleri-c-20037838,5,"Oto, Bahce, Yapi Market > bagaj cantalari > Oto Aksesuar Ürünleri > Güneşlikler > Yan Cam Perde"
20037833,20036990,Ön Cam Güneşlikleri,https://www.hepsiburada.com/on-cam-guneslikleri-c-20037833,5,"Oto, Bahce, Yapi Market > bagaj cantalari > Oto Aksesuar Ürünleri > Güneşlikler > Ön Cam Güneşlikleri"
20037839,20036990,İç Güneşlikler,https://www.hepsiburada.com/ic-guneslikler-c-20037839,5,"Oto, Bahce, Yapi Market > bagaj cantalari > Oto Aksesuar Ürünleri > Güneşlikler > İç Güneşlikler"
20036893,20036892,Araca Özel Koltuk Kılıfı,https://www.hepsiburada.com/araca-ozel-koltuk-kiliflari-c-20036893,5,"Oto, Bahce, Yapi Market > bagaj cantalari > Oto Aksesuar Ürünleri > Koltuk Kılıfları > Araca Özel Koltuk Kılıfı"
20036976,20036892,Atlet Oto Koltuk Kılıfı,https://www.hepsiburada.com/atlet-oto-koltuk-kiliflari-c-20036976,5,"Oto, Bahce, Yapi Market > bagaj cantalari > Oto Aksesuar Ürünleri > Koltuk Kılıfları > Atlet Oto Koltuk Kılıfı"
20036974,20036892,Universal Oto Koltuk Kılıfı,https://www.hepsiburada.com/universal-oto-koltuk-kiliflari-c-20036974,5,"Oto, Bahce, Yapi Market > bagaj cantalari > Oto Aksesuar Ürünleri > Koltuk Kılıfları > Universal Oto Koltuk Kılıfı"
20024825,20024824,Araç Kornaları,https://www.hepsiburada.com/arac-kornalari-c-20024825,5,"Oto, Bahce, Yapi Market > bagaj cantalari > Oto Aksesuar Ürünleri > Korna - Sirenler > Araç Kornaları"
20024826,20024824,Araç Sirenleri,https://www.hepsiburada.com/arac-sirenleri-c-20024826,5,"Oto, Bahce, Yapi Market > bagaj cantalari > Oto Aksesuar Ürünleri > Korna - Sirenler > Araç Sirenleri"
20024786,20024783,Antifrizler,https://www.hepsiburada.com/antifrizler-c-20024786,5,"Oto, Bahce, Yapi Market > bagaj cantalari > Oto Aksesuar Ürünleri > Kış Ürünleri > Antifrizler"
20032672,20024783,Buz Kazıyıcı,https://www.hepsiburada.com/buz-kaziyicilar-c-20032672,5,"Oto, Bahce, Yapi Market > bagaj cantalari > Oto Aksesuar Ürünleri > Kış Ürünleri > Buz Kazıyıcı"
20024787,20024783,Buz Ürünleri,https://www.hepsiburada.com/buz-urunleri-c-20024787,5,"Oto, Bahce, Yapi Market > bagaj cantalari > Oto Aksesuar Ürünleri > Kış Ürünleri > Buz Ürünleri"
20024784,20024783,Buğu Giderici,https://www.hepsiburada.com/bugu-gidericiler-c-20024784,5,"Oto, Bahce, Yapi Market > bagaj cantalari > Oto Aksesuar Ürünleri > Kış Ürünleri > Buğu Giderici"
20024785,20024783,Cam Suları,https://www.hepsiburada.com/cam-sulari-c-20024785,5,"Oto, Bahce, Yapi Market > bagaj cantalari > Oto Aksesuar Ürünleri > Kış Ürünleri > Cam Suları"
20024791,20024783,Kışlık Set Ürünler,https://www.hepsiburada.com/oto-kislik-setleri-c-20024791,5,"Oto, Bahce, Yapi Market > bagaj cantalari > Oto Aksesuar Ürünleri > Kış Ürünleri > Kışlık Set Ürünler"
20024790,20024783,Lastik Kar Paletleri,https://www.hepsiburada.com/lastik-kar-paletleri-c-20024790,5,"Oto, Bahce, Yapi Market > bagaj cantalari > Oto Aksesuar Ürünleri > Kış Ürünleri > Lastik Kar Paletleri"
20024788,20024783,Serme Lastik Zinciri,https://www.hepsiburada.com/lastik-serme-zincirleri-c-20024788,5,"Oto, Bahce, Yapi Market > bagaj cantalari > Oto Aksesuar Ürünleri > Kış Ürünleri > Serme Lastik Zinciri"
20024789,20024783,Takma Lastik Zinciri,https://www.hepsiburada.com/lastik-zincirleri-c-20024789,5,"Oto, Bahce, Yapi Market > bagaj cantalari > Oto Aksesuar Ürünleri > Kış Ürünleri > Takma Lastik Zinciri"
20024792,20024783,Yağmur Kaydırıcılar,https://www.hepsiburada.com/yagmur-kaydiricilar-c-20024792,5,"Oto, Bahce, Yapi Market > bagaj cantalari > Oto Aksesuar Ürünleri > Kış Ürünleri > Yağmur Kaydırıcılar"
20024995,20024783,Ölçüm Aletleri,https://www.hepsiburada.com/olcum-aletleri-c-20024995,5,"Oto, Bahce, Yapi Market > bagaj cantalari > Oto Aksesuar Ürünleri > Kış Ürünleri > Ölçüm Aletleri"
264025,262977,krikolar,https://www.hepsiburada.com/krikolar-c-264025,5,"Oto, Bahce, Yapi Market > bagaj cantalari > Oto Aksesuar Ürünleri > Oto Lastik-Bakım > krikolar"
20024841,20024840,Akıllı Keseler,https://www.hepsiburada.com/akilli-keseler-c-20024841,5,"Oto, Bahce, Yapi Market > bagaj cantalari > Oto Aksesuar Ürünleri > Torpido Aksesuarları > Akıllı Keseler"
20024846,20024840,Bozuk Para Kutuları,https://www.hepsiburada.com/bozuk-para-kutulari-c-20024846,5,"Oto, Bahce, Yapi Market > bagaj cantalari > Oto Aksesuar Ürünleri > Torpido Aksesuarları > Bozuk Para Kutuları"
20024844,20024840,Gözlük Tutucuları,https://www.hepsiburada.com/gozluk-tutuculari-c-20024844,5,"Oto, Bahce, Yapi Market > bagaj cantalari > Oto Aksesuar Ürünleri > Torpido Aksesuarları > Gözlük Tutucuları"
20024842,20024840,Kaydırmaz Pedler,https://www.hepsiburada.com/kaydirmaz-pedler-c-20024842,5,"Oto, Bahce, Yapi Market > bagaj cantalari > Oto Aksesuar Ürünleri > Torpido Aksesuarları > Kaydırmaz Pedler"
20024877,20024840,Mendil ve Tutucular,https://www.hepsiburada.com/mendiller-tutucular-c-20024877,5,"Oto, Bahce, Yapi Market > bagaj cantalari > Oto Aksesuar Ürünleri > Torpido Aksesuarları > Mendil ve Tutucular"
20024843,20024840,Notluk,https://www.hepsiburada.com/notluklar-c-20024843,5,"Oto, Bahce, Yapi Market > bagaj cantalari > Oto Aksesuar Ürünleri > Torpido Aksesuarları > Notluk"
20024878,20024840,Saat Gösterge,https://www.hepsiburada.com/oto-saat-gostergeleri-c-20024878,5,"Oto, Bahce, Yapi Market > bagaj cantalari > Oto Aksesuar Ürünleri > Torpido Aksesuarları > Saat Gösterge"
259029,20024840,Torpido Kaplama Setleri,https://www.hepsiburada.com/torpido-kaplama-setleri-c-259029,5,"Oto, Bahce, Yapi Market > bagaj cantalari > Oto Aksesuar Ürünleri > Torpido Aksesuarları > Torpido Kaplama Setleri"
20024845,20024840,Torpido Üzeri Peluşlar,https://www.hepsiburada.com/torpido-uzeri-peluslar-c-20024845,5,"Oto, Bahce, Yapi Market > bagaj cantalari > Oto Aksesuar Ürünleri > Torpido Aksesuarları > Torpido Üzeri Peluşlar"
272469,264022,Acil Çıkış Çekici,https://www.hepsiburada.com/acil-cikis-cekicleri-c-272469,5,"Oto, Bahce, Yapi Market > bagaj cantalari > Oto Aksesuar Ürünleri > Trafik Ürünleri > Acil Çıkış Çekici"
274250,264022,Araç Sigortaları,https://www.hepsiburada.com/arac-sigortalari-c-274250,5,"Oto, Bahce, Yapi Market > bagaj cantalari > Oto Aksesuar Ürünleri > Trafik Ürünleri > Araç Sigortaları"
271153,264022,Boyunluklar,https://www.hepsiburada.com/boyunluklar-c-271153,5,"Oto, Bahce, Yapi Market > bagaj cantalari > Oto Aksesuar Ürünleri > Trafik Ürünleri > Boyunluklar"
264030,264022,Diğer Trafik Ürünleri,https://www.hepsiburada.com/diger-trafik-urunleri-c-264030,5,"Oto, Bahce, Yapi Market > bagaj cantalari > Oto Aksesuar Ürünleri > Trafik Ürünleri > Diğer Trafik Ürünleri"
264027,264022,Ecza Çantaları,https://www.hepsiburada.com/ecza-cantalari-c-264027,5,"Oto, Bahce, Yapi Market > bagaj cantalari > Oto Aksesuar Ürünleri > Trafik Ürünleri > Ecza Çantaları"
20024696,264022,El Fenerleri,https://www.hepsiburada.com/trafik-el-fenerleri-c-20024696,5,"Oto, Bahce, Yapi Market > bagaj cantalari > Oto Aksesuar Ürünleri > Trafik Ürünleri > El Fenerleri"
265573,264022,Ikaz Kukaları,https://www.hepsiburada.com/ikaz-kukalari-c-265573,5,"Oto, Bahce, Yapi Market > bagaj cantalari > Oto Aksesuar Ürünleri > Trafik Ürünleri > Ikaz Kukaları"
20024692,264022,Projektörler,https://www.hepsiburada.com/trafik-projektorleri-c-20024692,5,"Oto, Bahce, Yapi Market > bagaj cantalari > Oto Aksesuar Ürünleri > Trafik Ürünleri > Projektörler"
265589,264022,Reflektorler,https://www.hepsiburada.com/trafik-reflektorleri-c-265589,5,"Oto, Bahce, Yapi Market > bagaj cantalari > Oto Aksesuar Ürünleri > Trafik Ürünleri > Reflektorler"
264026,264022,Seyyar Lamba,https://www.hepsiburada.com/seyyar-lambalar-c-264026,5,"Oto, Bahce, Yapi Market > bagaj cantalari > Oto Aksesuar Ürünleri > Trafik Ürünleri > Seyyar Lamba"
272902,264022,Takozlar,https://www.hepsiburada.com/takozlar-c-272902,5,"Oto, Bahce, Yapi Market > bagaj cantalari > Oto Aksesuar Ürünleri > Trafik Ürünleri > Takozlar"
264024,264022,Çekme Halatlar,https://www.hepsiburada.com/cekme-halatlari-c-264024,5,"Oto, Bahce, Yapi Market > bagaj cantalari > Oto Aksesuar Ürünleri > Trafik Ürünleri > Çekme Halatlar"
20024973,20024972,Bel Yastığı,https://www.hepsiburada.com/bel-yastiklari-c-20024973,5,"Oto, Bahce, Yapi Market > bagaj cantalari > Seyahat Ürünleri > Koltuk Aksesuarları > Bel Yastığı"
20024974,20024972,Kemer Rahatlatıcı,https://www.hepsiburada.com/oto-kemeri-rahatlaticilari-c-20024974,5,"Oto, Bahce, Yapi Market > bagaj cantalari > Seyahat Ürünleri > Koltuk Aksesuarları > Kemer Rahatlatıcı"
20024975,20024972,Kemer Yastıkları,https://www.hepsiburada.com/kemer-yastiklari-c-20024975,5,"Oto, Bahce, Yapi Market > bagaj cantalari > Seyahat Ürünleri > Koltuk Aksesuarları > Kemer Yastıkları"
20024976,20024972,Koltuk Aksesuarları,https://www.hepsiburada.com/koltuk-aksesuarlari-c-20024976,5,"Oto, Bahce, Yapi Market > bagaj cantalari > Seyahat Ürünleri > Koltuk Aksesuarları > Koltuk Aksesuarları"
20024977,20024972,Koltuk Askıları,https://www.hepsiburada.com/koltuk-askilari-c-20024977,5,"Oto, Bahce, Yapi Market > bagaj cantalari > Seyahat Ürünleri > Koltuk Aksesuarları > Koltuk Askıları"
20024978,20024972,Koltuk Çantaları,https://www.hepsiburada.com/koltuk-cantalari-c-20024978,5,"Oto, Bahce, Yapi Market > bagaj cantalari > Seyahat Ürünleri > Koltuk Aksesuarları > Koltuk Çantaları"
60003717,22530,Cezveler,https://www.hepsiburada.com/cezveler-c-60003717,5,"Oto, Bahce, Yapi Market > el aletleri > Eğe Seti > caydanlik cezveler > Cezveler"
80297163,22530,Demlikler,https://www.hepsiburada.com/demlik-c-80297163,5,"Oto, Bahce, Yapi Market > el aletleri > Eğe Seti > caydanlik cezveler > Demlikler"
80167024,22530,French Press,https://www.hepsiburada.com/french-press-c-80167024,5,"Oto, Bahce, Yapi Market > el aletleri > Eğe Seti > caydanlik cezveler > French Press"
80167023,22530,Moka Pot,https://www.hepsiburada.com/moka-pot-c-80167023,5,"Oto, Bahce, Yapi Market > el aletleri > Eğe Seti > caydanlik cezveler > Moka Pot"
80167026,22530,Sifon Kahve,https://www.hepsiburada.com/sifon-kahve-c-80167026,5,"Oto, Bahce, Yapi Market > el aletleri > Eğe Seti > caydanlik cezveler > Sifon Kahve"
80167025,22530,Çay Süzgeci,https://www.hepsiburada.com/cay-suzgeci-c-80167025,5,"Oto, Bahce, Yapi Market > el aletleri > Eğe Seti > caydanlik cezveler > Çay Süzgeci"
60003716,22530,Çaydanlıklar,https://www.hepsiburada.com/caydanliklar-c-60003716,5,"Oto, Bahce, Yapi Market > el aletleri > Eğe Seti > caydanlik cezveler > Çaydanlıklar"
1302559,19226,Balta,https://www.hepsiburada.com/kamp-baltalari-c-1302559,5,"Oto, Bahce, Yapi Market > el aletleri > İskarpelalar > cakilar bicaklar > Balta"
22003423,19226,Kamp Testeresi,https://www.hepsiburada.com/kamp-testereleri-c-22003423,5,"Oto, Bahce, Yapi Market > el aletleri > İskarpelalar > cakilar bicaklar > Kamp Testeresi"
1307144,19226,Outdoor Bıçak,https://www.hepsiburada.com/outdoor-bicaklar-c-1307144,5,"Oto, Bahce, Yapi Market > el aletleri > İskarpelalar > cakilar bicaklar > Outdoor Bıçak"
22003416,19226,Pense Çakı,https://www.hepsiburada.com/penseler-cakilar-c-22003416,5,"Oto, Bahce, Yapi Market > el aletleri > İskarpelalar > cakilar bicaklar > Pense Çakı"
22003451,19226,Tek İşlev Çakı,https://www.hepsiburada.com/tek-islev-cakilar-c-22003451,5,"Oto, Bahce, Yapi Market > el aletleri > İskarpelalar > cakilar bicaklar > Tek İşlev Çakı"
1307143,19226,Çakı & Bıçak Aksesuarları,https://www.hepsiburada.com/caki-bicak-aksesuarlari-c-1307143,5,"Oto, Bahce, Yapi Market > el aletleri > İskarpelalar > cakilar bicaklar > Çakı & Bıçak Aksesuarları"
1305219,19226,Çok Amaçlı Çakı,https://www.hepsiburada.com/cok-amacli-cakilar-c-1305219,5,"Oto, Bahce, Yapi Market > el aletleri > İskarpelalar > cakilar bicaklar > Çok Amaçlı Çakı"
80785002,13003368,parke,https://www.hepsiburada.com/parke-c-80785002,5,"Oto, Bahce, Yapi Market > hirdavat urunleri > Kapı & Pencere > Kapı > parke"
32010993,60000662,kapaticilar,https://www.hepsiburada.com/kapaticilar-c-32010993,5,"Oto, Bahce, Yapi Market > hirdavat urunleri > Kapı & Pencere > Stoper > kapaticilar"
60002666,80149006,yapiskan folyolar,https://www.hepsiburada.com/yapiskan-folyolar-c-60002666,5,"Oto, Bahce, Yapi Market > hirdavat urunleri > Mobilya Hırdavatı > Mobilya Profilleri > yapiskan folyolar"
20024662,368029,flash lambalar,https://www.hepsiburada.com/flash-lambalar-c-20024662,5,"Oto, Bahce, Yapi Market > lastik tamir kiti > Bisiklet Lastikleri > scooterlar > flash lambalar"
60007091,60007054,Amortisör Aksesuarları,https://www.hepsiburada.com/bisiklet-amortisor-aksesuarlari-c-60007091,5,"Oto, Bahce, Yapi Market > lastik tamir kiti > Bisiklet Yedek Parçaları > Amortisör & Maşa Grubu > Amortisör Aksesuarları"
60007067,60007054,Maşa,https://www.hepsiburada.com/bisiklet-masasi-c-60007067,5,"Oto, Bahce, Yapi Market > lastik tamir kiti > Bisiklet Yedek Parçaları > Amortisör & Maşa Grubu > Maşa"
60007066,60007054,Orta Amortisör,https://www.hepsiburada.com/orta-amortisor-c-60007066,5,"Oto, Bahce, Yapi Market > lastik tamir kiti > Bisiklet Yedek Parçaları > Amortisör & Maşa Grubu > Orta Amortisör"
60007065,60007054,Ön Amortisör,https://www.hepsiburada.com/on-amortisor-c-60007065,5,"Oto, Bahce, Yapi Market > lastik tamir kiti > Bisiklet Yedek Parçaları > Amortisör & Maşa Grubu > Ön Amortisör"
60007139,60007049,Fren Ayakları,https://www.hepsiburada.com/fren-ayagi-c-60007139,5,"Oto, Bahce, Yapi Market > lastik tamir kiti > Bisiklet Yedek Parçaları > Fren Grubu > Fren Ayakları"
60007063,60007049,Fren Balatası,https://www.hepsiburada.com/bisiklet-fren-balatasi-c-60007063,5,"Oto, Bahce, Yapi Market > lastik tamir kiti > Bisiklet Yedek Parçaları > Fren Grubu > Fren Balatası"
60007061,60007049,Fren Boruları,https://www.hepsiburada.com/bisiklet-fren-hortumu-c-60007061,5,"Oto, Bahce, Yapi Market > lastik tamir kiti > Bisiklet Yedek Parçaları > Fren Grubu > Fren Boruları"
60007059,60007049,Fren Kolu,https://www.hepsiburada.com/fren-kolu-c-60007059,5,"Oto, Bahce, Yapi Market > lastik tamir kiti > Bisiklet Yedek Parçaları > Fren Grubu > Fren Kolu"
60007062,60007049,Fren Pabucu,https://www.hepsiburada.com/fren-pabucu-c-60007062,5,"Oto, Bahce, Yapi Market > lastik tamir kiti > Bisiklet Yedek Parçaları > Fren Grubu > Fren Pabucu"
60007064,60007049,Fren Rotoru,https://www.hepsiburada.com/fren-rotoru-c-60007064,5,"Oto, Bahce, Yapi Market > lastik tamir kiti > Bisiklet Yedek Parçaları > Fren Grubu > Fren Rotoru"
60007138,60007049,Fren Takımı,https://www.hepsiburada.com/bisiklet-fren-takimi-c-60007138,5,"Oto, Bahce, Yapi Market > lastik tamir kiti > Bisiklet Yedek Parçaları > Fren Grubu > Fren Takımı"
60007060,60007049,Fren Teli,https://www.hepsiburada.com/bisiklet-fren-teli-c-60007060,5,"Oto, Bahce, Yapi Market > lastik tamir kiti > Bisiklet Yedek Parçaları > Fren Grubu > Fren Teli"
60007142,60007049,Kaliper,https://www.hepsiburada.com/bisiklet-fren-kaliperi-c-60007142,5,"Oto, Bahce, Yapi Market > lastik tamir kiti > Bisiklet Yedek Parçaları > Fren Grubu > Kaliper"
60007083,60007057,Furş Yatağı,https://www.hepsiburada.com/furs-yatagi-c-60007083,5,"Oto, Bahce, Yapi Market > lastik tamir kiti > Bisiklet Yedek Parçaları > Gidon Grubu > Furş Yatağı"
60007081,60007057,Gidon,https://www.hepsiburada.com/gidon-c-60007081,5,"Oto, Bahce, Yapi Market > lastik tamir kiti > Bisiklet Yedek Parçaları > Gidon Grubu > Gidon"
60007143,60007057,Gidon Bandı,https://www.hepsiburada.com/gidon-bandi-c-60007143,5,"Oto, Bahce, Yapi Market > lastik tamir kiti > Bisiklet Yedek Parçaları > Gidon Grubu > Gidon Bandı"
60007082,60007057,Gidon Boynu,https://www.hepsiburada.com/gidon-boynu-c-60007082,5,"Oto, Bahce, Yapi Market > lastik tamir kiti > Bisiklet Yedek Parçaları > Gidon Grubu > Gidon Boynu"
60007080,60007056,Arka Göbek,https://www.hepsiburada.com/arka-gobek-c-60007080,5,"Oto, Bahce, Yapi Market > lastik tamir kiti > Bisiklet Yedek Parçaları > Göbek Grubu > Arka Göbek"
60007079,60007056,Orta Göbek,https://www.hepsiburada.com/orta-gobek-c-60007079,5,"Oto, Bahce, Yapi Market > lastik tamir kiti > Bisiklet Yedek Parçaları > Göbek Grubu > Orta Göbek"
60007078,60007056,Ön Göbek,https://www.hepsiburada.com/on-gobek-c-60007078,5,"Oto, Bahce, Yapi Market > lastik tamir kiti > Bisiklet Yedek Parçaları > Göbek Grubu > Ön Göbek"
60007089,60007058,Jant Takımı,https://www.hepsiburada.com/bisiklet-jant-takimi-c-60007089,5,"Oto, Bahce, Yapi Market > lastik tamir kiti > Bisiklet Yedek Parçaları > Jant Grubu > Jant Takımı"
60007090,60007058,Jant Teli,https://www.hepsiburada.com/jant-teli-c-60007090,5,"Oto, Bahce, Yapi Market > lastik tamir kiti > Bisiklet Yedek Parçaları > Jant Grubu > Jant Teli"
60007149,60007058,Çember,https://www.hepsiburada.com/jant-cemberi-c-60007149,5,"Oto, Bahce, Yapi Market > lastik tamir kiti > Bisiklet Yedek Parçaları > Jant Grubu > Çember"
60007148,60007146,Kadro,https://www.hepsiburada.com/bisiklet-kadrosu-c-60007148,5,"Oto, Bahce, Yapi Market > lastik tamir kiti > Bisiklet Yedek Parçaları > Kadro Grubu > Kadro"
60007147,60007146,Kulak,https://www.hepsiburada.com/kadro-kulagi-c-60007147,5,"Oto, Bahce, Yapi Market > lastik tamir kiti > Bisiklet Yedek Parçaları > Kadro Grubu > Kulak"
60007084,60007052,Sele,https://www.hepsiburada.com/bisiklet-selesi-c-60007084,5,"Oto, Bahce, Yapi Market > lastik tamir kiti > Bisiklet Yedek Parçaları > Sele Grubu > Sele"
60007085,60007052,Sele Borusu,https://www.hepsiburada.com/sele-borusu-c-60007085,5,"Oto, Bahce, Yapi Market > lastik tamir kiti > Bisiklet Yedek Parçaları > Sele Grubu > Sele Borusu"
60007145,60007052,Sele Borusu Adaptörü,https://www.hepsiburada.com/sele-borusu-adaptoru-c-60007145,5,"Oto, Bahce, Yapi Market > lastik tamir kiti > Bisiklet Yedek Parçaları > Sele Grubu > Sele Borusu Adaptörü"
60007144,60007052,Sele Kelepçesi,https://www.hepsiburada.com/sele-kelepcesi-c-60007144,5,"Oto, Bahce, Yapi Market > lastik tamir kiti > Bisiklet Yedek Parçaları > Sele Grubu > Sele Kelepçesi"
60007072,60007051,Arka Aktarıcı,https://www.hepsiburada.com/arka-aktarici-c-60007072,5,"Oto, Bahce, Yapi Market > lastik tamir kiti > Bisiklet Yedek Parçaları > Vites Grubu > Arka Aktarıcı"
60007073,60007051,Ayna Kol,https://www.hepsiburada.com/bisiklet-aynakol-c-60007073,5,"Oto, Bahce, Yapi Market > lastik tamir kiti > Bisiklet Yedek Parçaları > Vites Grubu > Ayna Kol"
60007074,60007051,Ruble,https://www.hepsiburada.com/bisiklet-rublesi-c-60007074,5,"Oto, Bahce, Yapi Market > lastik tamir kiti > Bisiklet Yedek Parçaları > Vites Grubu > Ruble"
60007077,60007051,Vites Boruları,https://www.hepsiburada.com/bisiklet-vites-borusu-c-60007077,5,"Oto, Bahce, Yapi Market > lastik tamir kiti > Bisiklet Yedek Parçaları > Vites Grubu > Vites Boruları"
60007075,60007051,Vites Kolu,https://www.hepsiburada.com/vites-kolu-c-60007075,5,"Oto, Bahce, Yapi Market > lastik tamir kiti > Bisiklet Yedek Parçaları > Vites Grubu > Vites Kolu"
80857585,60007051,Vites Seti,https://www.hepsiburada.com/vites-seti-c-80857585,5,"Oto, Bahce, Yapi Market > lastik tamir kiti > Bisiklet Yedek Parçaları > Vites Grubu > Vites Seti"
60007076,60007051,Vites Teli,https://www.hepsiburada.com/vites-teli-c-60007076,5,"Oto, Bahce, Yapi Market > lastik tamir kiti > Bisiklet Yedek Parçaları > Vites Grubu > Vites Teli"
60007071,60007051,Ön Aktarıcı,https://www.hepsiburada.com/on-aktarici-c-60007071,5,"Oto, Bahce, Yapi Market > lastik tamir kiti > Bisiklet Yedek Parçaları > Vites Grubu > Ön Aktarıcı"
60004738,27064236,Bisiklet Suluğu,https://www.hepsiburada.com/outdoor-bisiklet-suluklari-c-60004738,5,"Oto, Bahce, Yapi Market > lastik tamir kiti > Bisikletler > Bisiklet Aksesuar ve Parçaları > Bisiklet Suluğu"
60004741,27064236,Bisiklet Taşıyıcı,https://www.hepsiburada.com/bisiklet-tasiyicilar-c-60004741,5,"Oto, Bahce, Yapi Market > lastik tamir kiti > Bisikletler > Bisiklet Aksesuar ve Parçaları > Bisiklet Taşıyıcı"
60002788,27064236,Bisiklet Yol Bilgisayarları,https://www.hepsiburada.com/bisiklet-yol-bilgisayarlari-c-60002788,5,"Oto, Bahce, Yapi Market > lastik tamir kiti > Bisikletler > Bisiklet Aksesuar ve Parçaları > Bisiklet Yol Bilgisayarları"
80576001,27064236,Motor Kiti,https://www.hepsiburada.com/motor-kiti-c-80576001,5,"Oto, Bahce, Yapi Market > lastik tamir kiti > Bisikletler > Bisiklet Aksesuar ve Parçaları > Motor Kiti"
80857139,27064236,Trainer,https://www.hepsiburada.com/trainer-c-80857139,5,"Oto, Bahce, Yapi Market > lastik tamir kiti > Bisikletler > Bisiklet Aksesuar ve Parçaları > Trainer"
60004740,27064236,bisiklet cantalari,https://www.hepsiburada.com/bisiklet-cantalari-c-60004740,5,"Oto, Bahce, Yapi Market > lastik tamir kiti > Bisikletler > Bisiklet Aksesuar ve Parçaları > bisiklet cantalari"
394854,27064236,bisiklet motosiklet kilitleri,https://www.hepsiburada.com/bisiklet-motosiklet-kilitleri-c-394854,5,"Oto, Bahce, Yapi Market > lastik tamir kiti > Bisikletler > Bisiklet Aksesuar ve Parçaları > bisiklet motosiklet kilitleri"
60004739,27064236,outdoor bisiklet pompalari,https://www.hepsiburada.com/outdoor-bisiklet-pompalari-c-60004739,5,"Oto, Bahce, Yapi Market > lastik tamir kiti > Bisikletler > Bisiklet Aksesuar ve Parçaları > outdoor bisiklet pompalari"
60008546,27064236,Çamurluk,https://www.hepsiburada.com/bisiklet-camurlugu-c-60008546,5,"Oto, Bahce, Yapi Market > lastik tamir kiti > Bisikletler > Bisiklet Aksesuar ve Parçaları > Çamurluk"
80697034,370963,Aksesuar & İç Giyim,https://www.hepsiburada.com/bisiklet-aksesuar-ic-giyim-c-80697034,5,"Oto, Bahce, Yapi Market > lastik tamir kiti > Bisikletler > Giyim > Aksesuar & İç Giyim"
80697022,370963,Ayakkabı,https://www.hepsiburada.com/ayakkabi-c-80697022,5,"Oto, Bahce, Yapi Market > lastik tamir kiti > Bisikletler > Giyim > Ayakkabı"
80697027,370963,Bandana,https://www.hepsiburada.com/bandana-c-80697027,5,"Oto, Bahce, Yapi Market > lastik tamir kiti > Bisikletler > Giyim > Bandana"
80697030,370963,"Dizlik, Dirsek & Bilek Koruma",https://www.hepsiburada.com/dizlik-dirsek-bilek-koruma-c-80697030,5,"Oto, Bahce, Yapi Market > lastik tamir kiti > Bisikletler > Giyim > Dizlik, Dirsek & Bilek Koruma"
80697023,370963,Eldiven,https://www.hepsiburada.com/eldiven-c-80697023,5,"Oto, Bahce, Yapi Market > lastik tamir kiti > Bisikletler > Giyim > Eldiven"
80697024,370963,Forma,https://www.hepsiburada.com/forma-c-80697024,5,"Oto, Bahce, Yapi Market > lastik tamir kiti > Bisikletler > Giyim > Forma"
80697026,370963,Gözlük,https://www.hepsiburada.com/gozluk-c-80697026,5,"Oto, Bahce, Yapi Market > lastik tamir kiti > Bisikletler > Giyim > Gözlük"
80697031,370963,Kal & Ayakkabı Aksesuarları,https://www.hepsiburada.com/kal-ayakkabi-aksesuarlari-c-80697031,5,"Oto, Bahce, Yapi Market > lastik tamir kiti > Bisikletler > Giyim > Kal & Ayakkabı Aksesuarları"
80697028,370963,Maske,https://www.hepsiburada.com/maske-c-80697028,5,"Oto, Bahce, Yapi Market > lastik tamir kiti > Bisikletler > Giyim > Maske"
80697029,370963,Paça Bandı,https://www.hepsiburada.com/paca-bandi-c-80697029,5,"Oto, Bahce, Yapi Market > lastik tamir kiti > Bisikletler > Giyim > Paça Bandı"
80697025,370963,Tayt,https://www.hepsiburada.com/tayt-c-80697025,5,"Oto, Bahce, Yapi Market > lastik tamir kiti > Bisikletler > Giyim > Tayt"
80697033,370963,Yağmurluk,https://www.hepsiburada.com/bisikletci-yagmurlugu-c-80697033,5,"Oto, Bahce, Yapi Market > lastik tamir kiti > Bisikletler > Giyim > Yağmurluk"
80697032,370963,Yelek,https://www.hepsiburada.com/bisikletci-yelegi-c-80697032,5,"Oto, Bahce, Yapi Market > lastik tamir kiti > Bisikletler > Giyim > Yelek"
60000532,370963,bisiklet kasklari korumaliklar,https://www.hepsiburada.com/bisiklet-kasklari-korumaliklar-c-60000532,5,"Oto, Bahce, Yapi Market > lastik tamir kiti > Bisikletler > Giyim > bisiklet kasklari korumaliklar"
60001201,60001186,Su Sporu,https://www.hepsiburada.com/su-sporu-c-60001201,5,"Oto, Bahce, Yapi Market > lastik tamir kiti > Spor Fitness Ürünleri > Doğa Sporları > Su Sporu"
60000050,353044,Atletizm Ürünleri,https://www.hepsiburada.com/atletizm-urunleri-c-60000050,5,"Oto, Bahce, Yapi Market > lastik tamir kiti > Spor Fitness Ürünleri > Spor Branşları > Atletizm Ürünleri"
19032,353044,Badminton,https://www.hepsiburada.com/badminton-urunleri-c-19032,5,"Oto, Bahce, Yapi Market > lastik tamir kiti > Spor Fitness Ürünleri > Spor Branşları > Badminton"
80563063,353044,Bale,https://www.hepsiburada.com/bale-urunleri-c-80563063,5,"Oto, Bahce, Yapi Market > lastik tamir kiti > Spor Fitness Ürünleri > Spor Branşları > Bale"
19051,353044,Beyzbol,https://www.hepsiburada.com/beyzbol-urunleri-c-19051,5,"Oto, Bahce, Yapi Market > lastik tamir kiti > Spor Fitness Ürünleri > Spor Branşları > Beyzbol"
373970,353044,Bilardo,https://www.hepsiburada.com/bilardo-c-373970,5,"Oto, Bahce, Yapi Market > lastik tamir kiti > Spor Fitness Ürünleri > Spor Branşları > Bilardo"
378441,353044,Binicilik,https://www.hepsiburada.com/binicilik-malzemeleri-c-378441,5,"Oto, Bahce, Yapi Market > lastik tamir kiti > Spor Fitness Ürünleri > Spor Branşları > Binicilik"
60005633,353044,Buz Hokeyi,https://www.hepsiburada.com/buz-hokeyi-c-60005633,5,"Oto, Bahce, Yapi Market > lastik tamir kiti > Spor Fitness Ürünleri > Spor Branşları > Buz Hokeyi"
19264,353044,Dart,https://www.hepsiburada.com/dart-urunleri-c-19264,5,"Oto, Bahce, Yapi Market > lastik tamir kiti > Spor Fitness Ürünleri > Spor Branşları > Dart"
80081035,353044,Eskrim,https://www.hepsiburada.com/eskrim-c-80081035,5,"Oto, Bahce, Yapi Market > lastik tamir kiti > Spor Fitness Ürünleri > Spor Branşları > Eskrim"
60002121,353044,Golf,https://www.hepsiburada.com/golf-c-60002121,5,"Oto, Bahce, Yapi Market > lastik tamir kiti > Spor Fitness Ürünleri > Spor Branşları > Golf"
60006220,353044,Hemsball,https://www.hepsiburada.com/hemsball-c-60006220,5,"Oto, Bahce, Yapi Market > lastik tamir kiti > Spor Fitness Ürünleri > Spor Branşları > Hemsball"
377531,353044,Hentbol,https://www.hepsiburada.com/hentbol-urunleri-c-377531,5,"Oto, Bahce, Yapi Market > lastik tamir kiti > Spor Fitness Ürünleri > Spor Branşları > Hentbol"
27086183,353044,Jimnastik,https://www.hepsiburada.com/jimnastik-malzemeleri-c-27086183,5,"Oto, Bahce, Yapi Market > lastik tamir kiti > Spor Fitness Ürünleri > Spor Branşları > Jimnastik"
80770000,353044,Jonglör,https://www.hepsiburada.com/jonglor-c-80770000,5,"Oto, Bahce, Yapi Market > lastik tamir kiti > Spor Fitness Ürünleri > Spor Branşları > Jonglör"
27019227,353044,Kayak - Snowboard,https://www.hepsiburada.com/kayak-snowboard-urunleri-c-27019227,5,"Oto, Bahce, Yapi Market > lastik tamir kiti > Spor Fitness Ürünleri > Spor Branşları > Kayak - Snowboard"
19070,353044,Kupalar ve Madalyalar,https://www.hepsiburada.com/kupalar-madalyalar-c-19070,5,"Oto, Bahce, Yapi Market > lastik tamir kiti > Spor Fitness Ürünleri > Spor Branşları > Kupalar ve Madalyalar"
80857365,353044,Körling Ekipmanları,https://www.hepsiburada.com/korling-ekipmanlari-c-80857365,5,"Oto, Bahce, Yapi Market > lastik tamir kiti > Spor Fitness Ürünleri > Spor Branşları > Körling Ekipmanları"
366047,353044,Masa Futbolu (Langırt),https://www.hepsiburada.com/masa-futbolu-langirt-c-366047,5,"Oto, Bahce, Yapi Market > lastik tamir kiti > Spor Fitness Ürünleri > Spor Branşları > Masa Futbolu (Langırt)"
19006,353044,Masa Tenisi,https://www.hepsiburada.com/masa-tenisi-c-19006,5,"Oto, Bahce, Yapi Market > lastik tamir kiti > Spor Fitness Ürünleri > Spor Branşları > Masa Tenisi"
19036,353044,Squash,https://www.hepsiburada.com/squash-urunleri-c-19036,5,"Oto, Bahce, Yapi Market > lastik tamir kiti > Spor Fitness Ürünleri > Spor Branşları > Squash"
19005,353044,Tenis,https://www.hepsiburada.com/tenis-urunleri-c-19005,5,"Oto, Bahce, Yapi Market > lastik tamir kiti > Spor Fitness Ürünleri > Spor Branşları > Tenis"
80832000,353044,Triatlon,https://www.hepsiburada.com/triatlon-c-80832000,5,"Oto, Bahce, Yapi Market > lastik tamir kiti > Spor Fitness Ürünleri > Spor Branşları > Triatlon"
19053,353044,Uzakdoğu Sporları,https://www.hepsiburada.com/uzakdogu-sporlari-c-19053,5,"Oto, Bahce, Yapi Market > lastik tamir kiti > Spor Fitness Ürünleri > Spor Branşları > Uzakdoğu Sporları"
19004,353044,Voleybol,https://www.hepsiburada.com/voleybol-urunleri-c-19004,5,"Oto, Bahce, Yapi Market > lastik tamir kiti > Spor Fitness Ürünleri > Spor Branşları > Voleybol"
19274,353044,koruyucu ekipmanlar,https://www.hepsiburada.com/koruyucu-ekipmanlar-c-19274,5,"Oto, Bahce, Yapi Market > lastik tamir kiti > Spor Fitness Ürünleri > Spor Branşları > koruyucu ekipmanlar"
19040,19002,Basketbol Aksesuarları,https://www.hepsiburada.com/basketbol-aksesuarlari-c-19040,5,"Oto, Bahce, Yapi Market > lastik tamir kiti > basketbol toplari > Basketbol Ürünleri > Basketbol Aksesuarları"
403006,19002,Basketbol Ayakkabıları,https://www.hepsiburada.com/basketbol-ayakkabilari-c-403006,5,"Oto, Bahce, Yapi Market > lastik tamir kiti > basketbol toplari > Basketbol Ürünleri > Basketbol Ayakkabıları"
27031874,19002,Basketbol Giyim,https://www.hepsiburada.com/basketbol-giyim-urunleri-c-27031874,5,"Oto, Bahce, Yapi Market > lastik tamir kiti > basketbol toplari > Basketbol Ürünleri > Basketbol Giyim"
369812,19031,Göğüs Yayı,https://www.hepsiburada.com/gogus-yaylari-c-369812,5,"Oto, Bahce, Yapi Market > lastik tamir kiti > direnc lastikleri > Küçük Kondisyon Aletleri > Göğüs Yayı"
376352,19031,Küçük Kondisyon Setler,https://www.hepsiburada.com/kucuk-kondisyon-setler-c-376352,5,"Oto, Bahce, Yapi Market > lastik tamir kiti > direnc lastikleri > Küçük Kondisyon Aletleri > Küçük Kondisyon Setler"
369746,19031,Sağlık Topu,https://www.hepsiburada.com/saglik-toplari-c-369746,5,"Oto, Bahce, Yapi Market > lastik tamir kiti > direnc lastikleri > Küçük Kondisyon Aletleri > Sağlık Topu"
22014181,80678116,Spotting Scope,https://www.hepsiburada.com/spotting-scope-c-22014181,5,"Oto, Bahce, Yapi Market > lastik tamir kiti > durbunler > Optik & Elektronik Ürünler > Spotting Scope"
1300248,22007482,GPS Aksesuarları,https://www.hepsiburada.com/gps-aksesuarlari-c-1300248,5,"Oto, Bahce, Yapi Market > lastik tamir kiti > elektronik optik pusulalar > Elektronik Optik Gps Durbunler > GPS Aksesuarları"
1303494,22007482,GPS Cihazı (El Tipi),https://www.hepsiburada.com/gps-cihazlari-el-tipi-c-1303494,5,"Oto, Bahce, Yapi Market > lastik tamir kiti > elektronik optik pusulalar > Elektronik Optik Gps Durbunler > GPS Cihazı (El Tipi)"
60002032,22007482,Outdoor Şarj Cihazları,https://www.hepsiburada.com/tasinabilir-sarj-cihazlari-c-60002032,5,"Oto, Bahce, Yapi Market > lastik tamir kiti > elektronik optik pusulalar > Elektronik Optik Gps Durbunler > Outdoor Şarj Cihazları"
361375,19001,Amerikan Futbol Topları,https://www.hepsiburada.com/amerikan-futbol-toplari-c-361375,5,"Oto, Bahce, Yapi Market > lastik tamir kiti > futbol toplari > Futbol Malzemeleri > Amerikan Futbol Topları"
19025,19001,Futbol Aksesuarları,https://www.hepsiburada.com/futbol-aksesuarlari-c-19025,5,"Oto, Bahce, Yapi Market > lastik tamir kiti > futbol toplari > Futbol Malzemeleri > Futbol Aksesuarları"
19123,19001,Futbol Şortları,https://www.hepsiburada.com/futbol-sortlari-c-19123,5,"Oto, Bahce, Yapi Market > lastik tamir kiti > futbol toplari > Futbol Malzemeleri > Futbol Şortları"
19041,19001,Hakem Malzemeleri,https://www.hepsiburada.com/hakem-malzemeleri-c-19041,5,"Oto, Bahce, Yapi Market > lastik tamir kiti > futbol toplari > Futbol Malzemeleri > Hakem Malzemeleri"
19028,19001,Tekmelik - Baldırlık,https://www.hepsiburada.com/tekmelikler-baldirliklar-c-19028,5,"Oto, Bahce, Yapi Market > lastik tamir kiti > futbol toplari > Futbol Malzemeleri > Tekmelik - Baldırlık"
362482,19001,Top Pompaları,https://www.hepsiburada.com/top-pompalari-c-362482,5,"Oto, Bahce, Yapi Market > lastik tamir kiti > futbol toplari > Futbol Malzemeleri > Top Pompaları"
60003917,403067,erkek kramponlar,https://www.hepsiburada.com/erkek-kramponlar-c-60003917,5,"Oto, Bahce, Yapi Market > lastik tamir kiti > futbol toplari > futbol ayakkabilari > erkek kramponlar"
22007483,1307055,Balık Bulucular,https://www.hepsiburada.com/balik-bulucular-c-22007483,5,"Oto, Bahce, Yapi Market > lastik tamir kiti > kamis olta takimlari > Balık Av Malzemeleri > Balık Bulucular"
80823000,1307055,Balıkçı Ağları,https://www.hepsiburada.com/balikci-aglari-c-80823000,5,"Oto, Bahce, Yapi Market > lastik tamir kiti > kamis olta takimlari > Balık Av Malzemeleri > Balıkçı Ağları"
1800095,1307055,Diğer Yardımcı Malzemeler,https://www.hepsiburada.com/diger-yardimci-malzemeler-c-1800095,5,"Oto, Bahce, Yapi Market > lastik tamir kiti > kamis olta takimlari > Balık Av Malzemeleri > Diğer Yardımcı Malzemeler"
22003813,1307055,Fırdöndüler,https://www.hepsiburada.com/firdonduler-c-22003813,5,"Oto, Bahce, Yapi Market > lastik tamir kiti > kamis olta takimlari > Balık Av Malzemeleri > Fırdöndüler"
22004258,1307055,Hazır Takımlar ve Çapariler,https://www.hepsiburada.com/hazir-takimlar-capariler-c-22004258,5,"Oto, Bahce, Yapi Market > lastik tamir kiti > kamis olta takimlari > Balık Av Malzemeleri > Hazır Takımlar ve Çapariler"
1308605,1307055,Kamış Kılıfı & Makine Çantaları,https://www.hepsiburada.com/kamis-kilifi-makine-cantalari-c-1308605,5,"Oto, Bahce, Yapi Market > lastik tamir kiti > kamis olta takimlari > Balık Av Malzemeleri > Kamış Kılıfı & Makine Çantaları"
1307209,1307055,Kamışlar,https://www.hepsiburada.com/kamislar-c-1307209,5,"Oto, Bahce, Yapi Market > lastik tamir kiti > kamis olta takimlari > Balık Av Malzemeleri > Kamışlar"
1308203,1307055,Kaşık,https://www.hepsiburada.com/balikci-kasiklari-c-1308203,5,"Oto, Bahce, Yapi Market > lastik tamir kiti > kamis olta takimlari > Balık Av Malzemeleri > Kaşık"
1308731,1307055,Kepçeler ve Livarlar,https://www.hepsiburada.com/kepceler-livarlar-c-1308731,5,"Oto, Bahce, Yapi Market > lastik tamir kiti > kamis olta takimlari > Balık Av Malzemeleri > Kepçeler ve Livarlar"
22006281,1307055,Kurşunlar,https://www.hepsiburada.com/kursunlar-c-22006281,5,"Oto, Bahce, Yapi Market > lastik tamir kiti > kamis olta takimlari > Balık Av Malzemeleri > Kurşunlar"
22016244,1307055,Maket Balıklar ve Suni Yemler,https://www.hepsiburada.com/maket-baliklar-suni-yemler-c-22016244,5,"Oto, Bahce, Yapi Market > lastik tamir kiti > kamis olta takimlari > Balık Av Malzemeleri > Maket Balıklar ve Suni Yemler"
1307788,1307055,Misina,https://www.hepsiburada.com/misinalar-c-1307788,5,"Oto, Bahce, Yapi Market > lastik tamir kiti > kamis olta takimlari > Balık Av Malzemeleri > Misina"
1307056,1307055,Olta Makineleri,https://www.hepsiburada.com/olta-makineleri-c-1307056,5,"Oto, Bahce, Yapi Market > lastik tamir kiti > kamis olta takimlari > Balık Av Malzemeleri > Olta Makineleri"
1309019,1307055,Takım Çantaları,https://www.hepsiburada.com/balikci-takim-cantalari-c-1309019,5,"Oto, Bahce, Yapi Market > lastik tamir kiti > kamis olta takimlari > Balık Av Malzemeleri > Takım Çantaları"
1308768,1307055,İğneler,https://www.hepsiburada.com/igneler-c-1308768,5,"Oto, Bahce, Yapi Market > lastik tamir kiti > kamis olta takimlari > Balık Av Malzemeleri > İğneler"
22007811,1307055,Şamandıralar,https://www.hepsiburada.com/balik-av-samandiralar-c-22007811,5,"Oto, Bahce, Yapi Market > lastik tamir kiti > kamis olta takimlari > Balık Av Malzemeleri > Şamandıralar"
22008494,22003834,Kara Av Malzemeleri,https://www.hepsiburada.com/kara-av-malzemeleri-c-22008494,5,"Oto, Bahce, Yapi Market > lastik tamir kiti > kamis olta takimlari > Kara Balık Av Malzemeleri > Kara Av Malzemeleri"
1300009,22006803,Hamak,https://www.hepsiburada.com/kamp-hamaklari-c-1300009,5,"Oto, Bahce, Yapi Market > lastik tamir kiti > kamp sandalyeleri > Oturma Dinlenme > Hamak"
19105,22006803,Kamp Taburesi,https://www.hepsiburada.com/kamp-tabureleri-c-19105,5,"Oto, Bahce, Yapi Market > lastik tamir kiti > kamp sandalyeleri > Oturma Dinlenme > Kamp Taburesi"
1303506,22006803,Kampet,https://www.hepsiburada.com/kampetler-c-1303506,5,"Oto, Bahce, Yapi Market > lastik tamir kiti > kamp sandalyeleri > Oturma Dinlenme > Kampet"
80857468,1302431,Kamp & Plaj Arabası,https://www.hepsiburada.com/kamp-plaj-arabasi-c-80857468,5,"Oto, Bahce, Yapi Market > lastik tamir kiti > kamp termoslari > Kamp Kampçılık Malzemeleri > Kamp & Plaj Arabası"
80079000,1302431,Kamp Aksesuarları,https://www.hepsiburada.com/kamp-aksesuarlari-c-80079000,5,"Oto, Bahce, Yapi Market > lastik tamir kiti > kamp termoslari > Kamp Kampçılık Malzemeleri > Kamp Aksesuarları"
80857013,1302431,Kamp Duşu & Tuvalet,https://www.hepsiburada.com/kamp-dusu-tuvalet-c-80857013,5,"Oto, Bahce, Yapi Market > lastik tamir kiti > kamp termoslari > Kamp Kampçılık Malzemeleri > Kamp Duşu & Tuvalet"
22011128,1302431,Köpek ve Haşere Kovucular,https://www.hepsiburada.com/kopek-hasere-kovucular-c-22011128,5,"Oto, Bahce, Yapi Market > lastik tamir kiti > kamp termoslari > Kamp Kampçılık Malzemeleri > Köpek ve Haşere Kovucular"
359019,1302431,İlk Yardım & Hayatta Kalma Malzemeleri,https://www.hepsiburada.com/ilk-yardim-saglik-malzemeleri-c-359019,5,"Oto, Bahce, Yapi Market > lastik tamir kiti > kamp termoslari > Kamp Kampçılık Malzemeleri > İlk Yardım & Hayatta Kalma Malzemeleri"
367286,19100,Buzluk - Soğutucu,https://www.hepsiburada.com/buzluk-sogutucular-c-367286,5,"Oto, Bahce, Yapi Market > lastik tamir kiti > kamp termoslari > Kamp Mutfak Ürünleri > Buzluk - Soğutucu"
352909,19100,Kamp Ocağı,https://www.hepsiburada.com/kamp-ocaklari-c-352909,5,"Oto, Bahce, Yapi Market > lastik tamir kiti > kamp termoslari > Kamp Mutfak Ürünleri > Kamp Ocağı"
19196,19100,Kürekler,https://www.hepsiburada.com/kamp-kurekleri-c-19196,5,"Oto, Bahce, Yapi Market > lastik tamir kiti > kamp termoslari > Kamp Mutfak Ürünleri > Kürekler"
367287,19100,Matara,https://www.hepsiburada.com/mataralar-c-367287,5,"Oto, Bahce, Yapi Market > lastik tamir kiti > kamp termoslari > Kamp Mutfak Ürünleri > Matara"
367285,19100,Mug,https://www.hepsiburada.com/muglar-c-367285,5,"Oto, Bahce, Yapi Market > lastik tamir kiti > kamp termoslari > Kamp Mutfak Ürünleri > Mug"
356991,19100,Mutfak Aksesuarları,https://www.hepsiburada.com/mutfak-aksesuarlari-c-356991,5,"Oto, Bahce, Yapi Market > lastik tamir kiti > kamp termoslari > Kamp Mutfak Ürünleri > Mutfak Aksesuarları"
60001097,19100,Tekne Tipi Soğutucular,https://www.hepsiburada.com/tekne-tipi-sogutucular-c-60001097,5,"Oto, Bahce, Yapi Market > lastik tamir kiti > kamp termoslari > Kamp Mutfak Ürünleri > Tekne Tipi Soğutucular"
22004018,19100,Yemek Pişirme Setleri,https://www.hepsiburada.com/yemek-pisirme-setleri-c-22004018,5,"Oto, Bahce, Yapi Market > lastik tamir kiti > kamp termoslari > Kamp Mutfak Ürünleri > Yemek Pişirme Setleri"
1802750,19100,Çakmaklar & Ateş Başlatıcılar,https://www.hepsiburada.com/cakmaklar-ates-baslaticilar-c-1802750,5,"Oto, Bahce, Yapi Market > lastik tamir kiti > kamp termoslari > Kamp Mutfak Ürünleri > Çakmaklar & Ateş Başlatıcılar"
60001998,60001995,Aksesuar,https://www.hepsiburada.com/sporcu-sagligi-aksesuarlari-c-60001998,5,"Oto, Bahce, Yapi Market > lastik tamir kiti > kinesiology bantlari > Sporcu Sağlığı Ürünleri > Aksesuar"
27017592,60001995,Dizlik ve Bileklikler,https://www.hepsiburada.com/dizlik-bileklikler-c-27017592,5,"Oto, Bahce, Yapi Market > lastik tamir kiti > kinesiology bantlari > Sporcu Sağlığı Ürünleri > Dizlik ve Bileklikler"
60001996,60001995,Sprey,https://www.hepsiburada.com/spreyler-c-60001996,5,"Oto, Bahce, Yapi Market > lastik tamir kiti > kinesiology bantlari > Sporcu Sağlığı Ürünleri > Sprey"
370286,370052,Boks Aksesuarları,https://www.hepsiburada.com/boks-topu-aksesuarlari-c-370286,5,"Oto, Bahce, Yapi Market > lastik tamir kiti > kum boks torbalari > Boks Ürünleri > Boks Aksesuarları"
27012986,370052,Boks Eldivenleri,https://www.hepsiburada.com/boks-eldivenleri-c-27012986,5,"Oto, Bahce, Yapi Market > lastik tamir kiti > kum boks torbalari > Boks Ürünleri > Boks Eldivenleri"
378389,370052,Boks Standları,https://www.hepsiburada.com/boks-standlari-c-378389,5,"Oto, Bahce, Yapi Market > lastik tamir kiti > kum boks torbalari > Boks Ürünleri > Boks Standları"
27042755,370052,Boks Tekstil ve Antrenman Ürünleri,https://www.hepsiburada.com/boks-antrenman-malzemeleri-c-27042755,5,"Oto, Bahce, Yapi Market > lastik tamir kiti > kum boks torbalari > Boks Ürünleri > Boks Tekstil ve Antrenman Ürünleri"
27012988,370052,Boks Topu,https://www.hepsiburada.com/boks-toplari-c-27012988,5,"Oto, Bahce, Yapi Market > lastik tamir kiti > kum boks torbalari > Boks Ürünleri > Boks Topu"
27012989,370052,Boks Topu Eldivenleri,https://www.hepsiburada.com/boks-topu-eldivenleri-c-27012989,5,"Oto, Bahce, Yapi Market > lastik tamir kiti > kum boks torbalari > Boks Ürünleri > Boks Topu Eldivenleri"
27042536,370052,MMA Eldivenleri,https://www.hepsiburada.com/mma-eldivenleri-c-27042536,5,"Oto, Bahce, Yapi Market > lastik tamir kiti > kum boks torbalari > Boks Ürünleri > MMA Eldivenleri"
27042527,370052,Torba Eldivenleri,https://www.hepsiburada.com/torba-eldivenleri-c-27042527,5,"Oto, Bahce, Yapi Market > lastik tamir kiti > kum boks torbalari > Boks Ürünleri > Torba Eldivenleri"
1302724,22006250,Gömlekler,https://www.hepsiburada.com/gomlekler-c-1302724,5,"Oto, Bahce, Yapi Market > lastik tamir kiti > outdoor ayakkabilar > Outdoor Giyim Ayakkabılar > Gömlekler"
22007585,22006250,Kemerler,https://www.hepsiburada.com/outdoor-kemerler-c-22007585,5,"Oto, Bahce, Yapi Market > lastik tamir kiti > outdoor ayakkabilar > Outdoor Giyim Ayakkabılar > Kemerler"
60000237,22006250,Outdoor Gözlükler,https://www.hepsiburada.com/outdoor-gozlukler-c-60000237,5,"Oto, Bahce, Yapi Market > lastik tamir kiti > outdoor ayakkabilar > Outdoor Giyim Ayakkabılar > Outdoor Gözlükler"
1300379,22006250,Outdoor Kol Saati,https://www.hepsiburada.com/outdoor-kol-saatleri-c-1300379,5,"Oto, Bahce, Yapi Market > lastik tamir kiti > outdoor ayakkabilar > Outdoor Giyim Ayakkabılar > Outdoor Kol Saati"
22003833,22006250,Softshell ve Polar,https://www.hepsiburada.com/spor-outdoor-softshell-polar-c-22003833,5,"Oto, Bahce, Yapi Market > lastik tamir kiti > outdoor ayakkabilar > Outdoor Giyim Ayakkabılar > Softshell ve Polar"
80812006,22006250,T-Shirt,https://www.hepsiburada.com/t-shirt-c-80812006,5,"Oto, Bahce, Yapi Market > lastik tamir kiti > outdoor ayakkabilar > Outdoor Giyim Ayakkabılar > T-Shirt"
1302822,22006250,Termal İç Giyim,https://www.hepsiburada.com/outdoor-termal-ic-giyim-urunleri-c-1302822,5,"Oto, Bahce, Yapi Market > lastik tamir kiti > outdoor ayakkabilar > Outdoor Giyim Ayakkabılar > Termal İç Giyim"
1302195,22006250,Yelken Giyim & Aksesuar,https://www.hepsiburada.com/yelken-giyim-aksesuarlari-c-1302195,5,"Oto, Bahce, Yapi Market > lastik tamir kiti > outdoor ayakkabilar > Outdoor Giyim Ayakkabılar > Yelken Giyim & Aksesuar"
1301400,22006250,Şapkalar,https://www.hepsiburada.com/outdoor-sapkalar-c-1301400,5,"Oto, Bahce, Yapi Market > lastik tamir kiti > outdoor ayakkabilar > Outdoor Giyim Ayakkabılar > Şapkalar"
22004527,19102,2 kisilik cadirlar,https://www.hepsiburada.com/2-kisilik-cadirlar-c-22004527,5,"Oto, Bahce, Yapi Market > lastik tamir kiti > outdoor ayakkabilar > cadirlar > 2 kisilik cadirlar"
1307141,19102,3 Kişilik Çadır,https://www.hepsiburada.com/3-kisilik-cadirlar-c-1307141,5,"Oto, Bahce, Yapi Market > lastik tamir kiti > outdoor ayakkabilar > cadirlar > 3 Kişilik Çadır"
367230,19102,4 Kişilik Çadır,https://www.hepsiburada.com/4-kisilik-cadirlar-c-367230,5,"Oto, Bahce, Yapi Market > lastik tamir kiti > outdoor ayakkabilar > cadirlar > 4 Kişilik Çadır"
22004504,19102,5+ Kişilik Çadır,https://www.hepsiburada.com/5-kisilik-cadirlar-c-22004504,5,"Oto, Bahce, Yapi Market > lastik tamir kiti > outdoor ayakkabilar > cadirlar > 5+ Kişilik Çadır"
353100,19102,tek kisilik cadirlar,https://www.hepsiburada.com/tek-kisilik-cadirlar-c-353100,5,"Oto, Bahce, Yapi Market > lastik tamir kiti > outdoor ayakkabilar > cadirlar > tek kisilik cadirlar"
1307140,19102,Çadır Aksesuarları,https://www.hepsiburada.com/cadir-aksesuarlari-c-1307140,5,"Oto, Bahce, Yapi Market > lastik tamir kiti > outdoor ayakkabilar > cadirlar > Çadır Aksesuarları"
352930,19102,Çadır Brandası,https://www.hepsiburada.com/cadir-brandalari-c-352930,5,"Oto, Bahce, Yapi Market > lastik tamir kiti > outdoor ayakkabilar > cadirlar > Çadır Brandası"
60002209,19050,Buz Patenleri,https://www.hepsiburada.com/buz-patenleri-c-60002209,5,"Oto, Bahce, Yapi Market > lastik tamir kiti > patenler > Scooter Patenler Kaykaylar > Buz Patenleri"
368031,19050,Kask ve Korumalıklar,https://www.hepsiburada.com/kasklar-korumaliklar-c-368031,5,"Oto, Bahce, Yapi Market > lastik tamir kiti > patenler > Scooter Patenler Kaykaylar > Kask ve Korumalıklar"
80831000,19050,Yedek Parça & Aksesuar,https://www.hepsiburada.com/scooter-paten-yedek-parca-aksesuar-c-80831000,5,"Oto, Bahce, Yapi Market > lastik tamir kiti > patenler > Scooter Patenler Kaykaylar > Yedek Parça & Aksesuar"
80571189,1800549,Bebek Su Aktivite Ürünleri,https://www.hepsiburada.com/bebek-su-aktivite-urunleri-c-80571189,5,"Oto, Bahce, Yapi Market > lastik tamir kiti > sisme havuzlar > Şişme Su Ürünleri > Bebek Su Aktivite Ürünleri"
1304543,1800549,Deniz Kolluğu,https://www.hepsiburada.com/deniz-kolluklari-c-1304543,5,"Oto, Bahce, Yapi Market > lastik tamir kiti > sisme havuzlar > Şişme Su Ürünleri > Deniz Kolluğu"
1300146,1800549,Deniz Simidi,https://www.hepsiburada.com/deniz-simitleri-c-1300146,5,"Oto, Bahce, Yapi Market > lastik tamir kiti > sisme havuzlar > Şişme Su Ürünleri > Deniz Simidi"
1300771,1800549,Deniz Topu,https://www.hepsiburada.com/deniz-toplari-c-1300771,5,"Oto, Bahce, Yapi Market > lastik tamir kiti > sisme havuzlar > Şişme Su Ürünleri > Deniz Topu"
1302447,1800549,Pompa & Aksesuarlar,https://www.hepsiburada.com/pompa-aksesuarlar-c-1302447,5,"Oto, Bahce, Yapi Market > lastik tamir kiti > sisme havuzlar > Şişme Su Ürünleri > Pompa & Aksesuarlar"
60005266,60000546,Eldiven,https://www.hepsiburada.com/eldivenler-c-60005266,5,"Oto, Bahce, Yapi Market > lastik tamir kiti > spor cantalari > Spor Giyim Aksesuarları > Eldiven"
27045076,60000546,Çorap,https://www.hepsiburada.com/spor-coraplar-c-27045076,5,"Oto, Bahce, Yapi Market > lastik tamir kiti > spor cantalari > Spor Giyim Aksesuarları > Çorap"
363703,60000546,Şapka,https://www.hepsiburada.com/spor-sapkalar-c-363703,5,"Oto, Bahce, Yapi Market > lastik tamir kiti > spor cantalari > Spor Giyim Aksesuarları > Şapka"
19048,19007,Boneler,https://www.hepsiburada.com/boneler-c-19048,5,"Oto, Bahce, Yapi Market > lastik tamir kiti > yuzucu gozlukleri > Yüzme Ürünleri > Boneler"
60005884,19007,Deniz Ayakkabısı,https://www.hepsiburada.com/deniz-ayakkabilari-c-60005884,5,"Oto, Bahce, Yapi Market > lastik tamir kiti > yuzucu gozlukleri > Yüzme Ürünleri > Deniz Ayakkabısı"
360171,19007,Kulak ve Burun Tıkacları,https://www.hepsiburada.com/kulak-burun-tikaclari-c-360171,5,"Oto, Bahce, Yapi Market > lastik tamir kiti > yuzucu gozlukleri > Yüzme Ürünleri > Kulak ve Burun Tıkacları"
19140,19007,Paletler,https://www.hepsiburada.com/paletler-c-19140,5,"Oto, Bahce, Yapi Market > lastik tamir kiti > yuzucu gozlukleri > Yüzme Ürünleri > Paletler"
27030405,19007,Su Topu,https://www.hepsiburada.com/su-toplari-c-27030405,5,"Oto, Bahce, Yapi Market > lastik tamir kiti > yuzucu gozlukleri > Yüzme Ürünleri > Su Topu"
19049,19007,Yüzme Tahtaları,https://www.hepsiburada.com/yuzme-tahtalari-c-19049,5,"Oto, Bahce, Yapi Market > lastik tamir kiti > yuzucu gozlukleri > Yüzme Ürünleri > Yüzme Tahtaları"
27030410,19007,Yüzücü Antrenman Malzemeleri,https://www.hepsiburada.com/yuzucu-antrenman-malzemeleri-c-27030410,5,"Oto, Bahce, Yapi Market > lastik tamir kiti > yuzucu gozlukleri > Yüzme Ürünleri > Yüzücü Antrenman Malzemeleri"
27030403,19007,Yüzücü Kronometreleri,https://www.hepsiburada.com/yuzucu-kronometreleri-c-27030403,5,"Oto, Bahce, Yapi Market > lastik tamir kiti > yuzucu gozlukleri > Yüzme Ürünleri > Yüzücü Kronometreleri"
377028,19007,Yüzücü Mayosu,https://www.hepsiburada.com/yuzucu-mayolari-c-377028,5,"Oto, Bahce, Yapi Market > lastik tamir kiti > yuzucu gozlukleri > Yüzme Ürünleri > Yüzücü Mayosu"
22010214,22003835,Aksesuar ve Yedek Parçalar,https://www.hepsiburada.com/dalis-aksesuari-yedek-parcalar-c-22010214,5,"Oto, Bahce, Yapi Market > lastik tamir kiti > zipkinlar zipkin uclari > Dalış Malzemeleri > Aksesuar ve Yedek Parçalar"
22014194,22003835,BC (Seviye Yelekleri),https://www.hepsiburada.com/bc-seviye-yelekleri-c-22014194,5,"Oto, Bahce, Yapi Market > lastik tamir kiti > zipkinlar zipkin uclari > Dalış Malzemeleri > BC (Seviye Yelekleri)"
22009579,22003835,Dalış Başlıkları,https://www.hepsiburada.com/dalis-basliklari-c-22009579,5,"Oto, Bahce, Yapi Market > lastik tamir kiti > zipkinlar zipkin uclari > Dalış Malzemeleri > Dalış Başlıkları"
1300631,22003835,Dalış Bıçakları,https://www.hepsiburada.com/dalis-bicaklari-c-1300631,5,"Oto, Bahce, Yapi Market > lastik tamir kiti > zipkinlar zipkin uclari > Dalış Malzemeleri > Dalış Bıçakları"
1300018,22003835,Dalış Elbiseleri,https://www.hepsiburada.com/dalis-elbiseleri-c-1300018,5,"Oto, Bahce, Yapi Market > lastik tamir kiti > zipkinlar zipkin uclari > Dalış Malzemeleri > Dalış Elbiseleri"
1300019,22003835,Dalış Eldivenleri,https://www.hepsiburada.com/dalis-eldivenleri-c-1300019,5,"Oto, Bahce, Yapi Market > lastik tamir kiti > zipkinlar zipkin uclari > Dalış Malzemeleri > Dalış Eldivenleri"
1300607,22003835,Dalış Fenerleri,https://www.hepsiburada.com/dalis-fenerleri-c-1300607,5,"Oto, Bahce, Yapi Market > lastik tamir kiti > zipkinlar zipkin uclari > Dalış Malzemeleri > Dalış Fenerleri"
1300701,22003835,Dalış Paletleri,https://www.hepsiburada.com/dalis-paletleri-c-1300701,5,"Oto, Bahce, Yapi Market > lastik tamir kiti > zipkinlar zipkin uclari > Dalış Malzemeleri > Dalış Paletleri"
1300020,22003835,Dalış Patikleri,https://www.hepsiburada.com/dalis-patikleri-c-1300020,5,"Oto, Bahce, Yapi Market > lastik tamir kiti > zipkinlar zipkin uclari > Dalış Malzemeleri > Dalış Patikleri"
60005787,22003835,Dalış Setleri,https://www.hepsiburada.com/dalis-setleri-c-60005787,5,"Oto, Bahce, Yapi Market > lastik tamir kiti > zipkinlar zipkin uclari > Dalış Malzemeleri > Dalış Setleri"
1300587,22003835,Maske ve Şnorkeller,https://www.hepsiburada.com/dalis-maskeleri-snorkeller-c-1300587,5,"Oto, Bahce, Yapi Market > lastik tamir kiti > zipkinlar zipkin uclari > Dalış Malzemeleri > Maske ve Şnorkeller"
22014209,22003835,Regülatörler,https://www.hepsiburada.com/regulatorler-c-22014209,5,"Oto, Bahce, Yapi Market > lastik tamir kiti > zipkinlar zipkin uclari > Dalış Malzemeleri > Regülatörler"
22004539,22003835,Sea Scooter,https://www.hepsiburada.com/sea-scooter-c-22004539,5,"Oto, Bahce, Yapi Market > lastik tamir kiti > zipkinlar zipkin uclari > Dalış Malzemeleri > Sea Scooter"
22004533,22003835,Şamandıralar,https://www.hepsiburada.com/dalis-samandiralari-c-22004533,5,"Oto, Bahce, Yapi Market > lastik tamir kiti > zipkinlar zipkin uclari > Dalış Malzemeleri > Şamandıralar"
22203,80667013,Tavalar,https://www.hepsiburada.com/tavalar-c-22203,5,"Oto, Bahce, Yapi Market > mangallar > elektrikli izgara barbekuler > pisirme > Tavalar"
13003113,13003110,Tezgah Tipi Testere,https://www.hepsiburada.com/tezgah-tipi-testereler-c-13003113,5,"Oto, Bahce, Yapi Market > matkaplar > Elektrikli Aletler Aksesuarlar > Ahşap / Metal Kesme > Tezgah Tipi Testere"
13003112,13003110,gonye kesme makineleri,https://www.hepsiburada.com/gonye-kesme-makineleri-c-13003112,5,"Oto, Bahce, Yapi Market > matkaplar > Elektrikli Aletler Aksesuarlar > Ahşap / Metal Kesme > gonye kesme makineleri"
13003114,13003110,metal kesme makineleri,https://www.hepsiburada.com/metal-kesme-makineleri-c-13003114,5,"Oto, Bahce, Yapi Market > matkaplar > Elektrikli Aletler Aksesuarlar > Ahşap / Metal Kesme > metal kesme makineleri"
13003103,13003102,Boya Tabancası,https://www.hepsiburada.com/boya-tabancalari-c-13003103,5,"Oto, Bahce, Yapi Market > matkaplar > Elektrikli Aletler Aksesuarlar > Boya Tabancası > Boya Tabancası"
13003104,13003102,elektrikli boya tabancalari,https://www.hepsiburada.com/elektrikli-boya-tabancalari-c-13003104,5,"Oto, Bahce, Yapi Market > matkaplar > Elektrikli Aletler Aksesuarlar > Boya Tabancası > elektrikli boya tabancalari"
13003094,13003092,Monofaze,https://www.hepsiburada.com/monofazeler-c-13003094,5,"Oto, Bahce, Yapi Market > matkaplar > Elektrikli Aletler Aksesuarlar > Hava Kompresörü > Monofaze"
13003093,13003092,Trifaze,https://www.hepsiburada.com/trifazeler-c-13003093,5,"Oto, Bahce, Yapi Market > matkaplar > Elektrikli Aletler Aksesuarlar > Hava Kompresörü > Trifaze"
13003115,13003111,Hobi Aksesuarları,https://www.hepsiburada.com/hobi-aksesuarlari-c-13003115,5,"Oto, Bahce, Yapi Market > matkaplar > Elektrikli Aletler Aksesuarlar > Hobi Ürünleri > Hobi Aksesuarları"
13003116,13003111,Hobi Makineleri,https://www.hepsiburada.com/hobi-makineleri-c-13003116,5,"Oto, Bahce, Yapi Market > matkaplar > Elektrikli Aletler Aksesuarlar > Hobi Ürünleri > Hobi Makineleri"
60005228,60005224,Aksesuarlar,https://www.hepsiburada.com/pafta-aksesuarlari-c-60005228,5,"Oto, Bahce, Yapi Market > matkaplar > Elektrikli Aletler Aksesuarlar > Pafta Makinesi > Aksesuarlar"
60005225,60005224,Mekanik,https://www.hepsiburada.com/pafta-mekanik-parcalari-c-60005225,5,"Oto, Bahce, Yapi Market > matkaplar > Elektrikli Aletler Aksesuarlar > Pafta Makinesi > Mekanik"
60005227,60005224,elektrikli pafta makinalari,https://www.hepsiburada.com/elektrikli-pafta-makinalari-c-60005227,5,"Oto, Bahce, Yapi Market > matkaplar > Elektrikli Aletler Aksesuarlar > Pafta Makinesi > elektrikli pafta makinalari"
60002247,13003149,Aksesuar Setleri,https://www.hepsiburada.com/alet-aksesuar-setleri-c-60002247,5,"Oto, Bahce, Yapi Market > matkaplar > Elektrikli Aletler Aksesuarlar > Uçlar & Aparatlar > Aksesuar Setleri"
60004889,13003149,Daire Testere Bıçakları,https://www.hepsiburada.com/daire-testere-bicaklari-c-60004889,5,"Oto, Bahce, Yapi Market > matkaplar > Elektrikli Aletler Aksesuarlar > Uçlar & Aparatlar > Daire Testere Bıçakları"
13003150,13003149,Dekupaj Testere Bıçakları,https://www.hepsiburada.com/dekupaj-testere-bicaklari-c-13003150,5,"Oto, Bahce, Yapi Market > matkaplar > Elektrikli Aletler Aksesuarlar > Uçlar & Aparatlar > Dekupaj Testere Bıçakları"
13003151,13003149,Elmas Testereler,https://www.hepsiburada.com/elmas-testereler-c-13003151,5,"Oto, Bahce, Yapi Market > matkaplar > Elektrikli Aletler Aksesuarlar > Uçlar & Aparatlar > Elmas Testereler"
80857062,13003149,Karot Ucu,https://www.hepsiburada.com/karot-ucu-c-80857062,5,"Oto, Bahce, Yapi Market > matkaplar > Elektrikli Aletler Aksesuarlar > Uçlar & Aparatlar > Karot Ucu"
60004888,13003149,Panter Testere Bıçakları,https://www.hepsiburada.com/panter-testere-bicaklari-c-60004888,5,"Oto, Bahce, Yapi Market > matkaplar > Elektrikli Aletler Aksesuarlar > Uçlar & Aparatlar > Panter Testere Bıçakları"
80857060,13003149,Polisaj Uçları,https://www.hepsiburada.com/polisaj-uclari-c-80857060,5,"Oto, Bahce, Yapi Market > matkaplar > Elektrikli Aletler Aksesuarlar > Uçlar & Aparatlar > Polisaj Uçları"
60001282,13003149,Vidalama Aksesuarlar,https://www.hepsiburada.com/vidalama-aksesuarlari-c-60001282,5,"Oto, Bahce, Yapi Market > matkaplar > Elektrikli Aletler Aksesuarlar > Uçlar & Aparatlar > Vidalama Aksesuarlar"
13003170,13003149,Yedek Akü / Şarj Cihazları,https://www.hepsiburada.com/yedek-aku-sarj-cihazlari-c-13003170,5,"Oto, Bahce, Yapi Market > matkaplar > Elektrikli Aletler Aksesuarlar > Uçlar & Aparatlar > Yedek Akü / Şarj Cihazları"
13003155,13003149,delik acma testereleri,https://www.hepsiburada.com/delik-acma-testereleri-c-13003155,5,"Oto, Bahce, Yapi Market > matkaplar > Elektrikli Aletler Aksesuarlar > Uçlar & Aparatlar > delik acma testereleri"
80814001,13003149,freze uclari,https://www.hepsiburada.com/freze-uclari-c-80814001,5,"Oto, Bahce, Yapi Market > matkaplar > Elektrikli Aletler Aksesuarlar > Uçlar & Aparatlar > freze uclari"
13003128,13003149,kaynak makinesi aksesuarlari,https://www.hepsiburada.com/kaynak-makinesi-aksesuarlari-c-13003128,5,"Oto, Bahce, Yapi Market > matkaplar > Elektrikli Aletler Aksesuarlar > Uçlar & Aparatlar > kaynak makinesi aksesuarlari"
80857063,13003149,kirici delici uclari,https://www.hepsiburada.com/kirici-delici-uclari-c-80857063,5,"Oto, Bahce, Yapi Market > matkaplar > Elektrikli Aletler Aksesuarlar > Uçlar & Aparatlar > kirici delici uclari"
60004887,13003136,elektrikli zimpara aksesuarlari,https://www.hepsiburada.com/elektrikli-zimpara-aksesuarlari-c-60004887,5,"Oto, Bahce, Yapi Market > matkaplar > Elektrikli Aletler Aksesuarlar > Zımpara > elektrikli zimpara aksesuarlari"
